"Algorithm","Run_ID","Repeat","Fold_ID","Grid_ID","eta","max_depth","min_child_weight","subsample","colsample_bytree","gamma","scale_pos_weight","Best_Iteration","Inner_CV_Logloss"
"XGBoost","Repeat_01_Fold_01",1,"Fold_01",1,0.03,2,1,0.8,0.8,0,25,233,0.193102101900597
"XGBoost","Repeat_01_Fold_01",1,"Fold_01",2,0.1,2,1,0.8,0.8,0,25,84,0.214898966700555
"XGBoost","Repeat_01_Fold_01",1,"Fold_01",3,0.03,4,1,0.8,0.8,0,25,107,0.216412351538356
"XGBoost","Repeat_01_Fold_01",1,"Fold_01",4,0.1,4,1,0.8,0.8,0,25,99,0.200897605176299
"XGBoost","Repeat_01_Fold_01",1,"Fold_01",5,0.03,2,3,0.8,0.8,0,25,130,0.240263979953642
"XGBoost","Repeat_01_Fold_01",1,"Fold_01",6,0.1,2,3,0.8,0.8,0,25,75,0.206724739476788
"XGBoost","Repeat_01_Fold_01",1,"Fold_01",7,0.03,4,3,0.8,0.8,0,25,162,0.199539564496193
"XGBoost","Repeat_01_Fold_01",1,"Fold_01",8,0.1,4,3,0.8,0.8,0,25,31,0.270836827434743
"XGBoost","Repeat_01_Fold_02",1,"Fold_02",1,0.03,2,1,0.8,0.8,0,25,187,0.179811166720286
"XGBoost","Repeat_01_Fold_02",1,"Fold_02",2,0.1,2,1,0.8,0.8,0,25,296,0.202711964890393
"XGBoost","Repeat_01_Fold_02",1,"Fold_02",3,0.03,4,1,0.8,0.8,0,25,146,0.150496165214393
"XGBoost","Repeat_01_Fold_02",1,"Fold_02",4,0.1,4,1,0.8,0.8,0,25,49,0.231053663435607
"XGBoost","Repeat_01_Fold_02",1,"Fold_02",5,0.03,2,3,0.8,0.8,0,25,240,0.240594424289436
"XGBoost","Repeat_01_Fold_02",1,"Fold_02",6,0.1,2,3,0.8,0.8,0,25,84,0.194921700776411
"XGBoost","Repeat_01_Fold_02",1,"Fold_02",7,0.03,4,3,0.8,0.8,0,25,115,0.239526991266757
"XGBoost","Repeat_01_Fold_02",1,"Fold_02",8,0.1,4,3,0.8,0.8,0,25,25,0.242133537773043
"XGBoost","Repeat_01_Fold_03",1,"Fold_03",1,0.03,2,1,0.8,0.8,0,25,215,0.208025241225886
"XGBoost","Repeat_01_Fold_03",1,"Fold_03",2,0.1,2,1,0.8,0.8,0,25,80,0.247966576309409
"XGBoost","Repeat_01_Fold_03",1,"Fold_03",3,0.03,4,1,0.8,0.8,0,25,223,0.166466715051613
"XGBoost","Repeat_01_Fold_03",1,"Fold_03",4,0.1,4,1,0.8,0.8,0,25,165,0.233001480892059
"XGBoost","Repeat_01_Fold_03",1,"Fold_03",5,0.03,2,3,0.8,0.8,0,25,137,0.210610704693513
"XGBoost","Repeat_01_Fold_03",1,"Fold_03",6,0.1,2,3,0.8,0.8,0,25,143,0.174036025777101
"XGBoost","Repeat_01_Fold_03",1,"Fold_03",7,0.03,4,3,0.8,0.8,0,25,109,0.242358745469783
"XGBoost","Repeat_01_Fold_03",1,"Fold_03",8,0.1,4,3,0.8,0.8,0,25,38,0.219248455698387
"XGBoost","Repeat_01_Fold_04",1,"Fold_04",1,0.03,2,1,0.8,0.8,0,25,127,0.2743241249118
"XGBoost","Repeat_01_Fold_04",1,"Fold_04",2,0.1,2,1,0.8,0.8,0,25,53,0.306466656985531
"XGBoost","Repeat_01_Fold_04",1,"Fold_04",3,0.03,4,1,0.8,0.8,0,25,112,0.246013311758781
"XGBoost","Repeat_01_Fold_04",1,"Fold_04",4,0.1,4,1,0.8,0.8,0,25,31,0.254305261330536
"XGBoost","Repeat_01_Fold_04",1,"Fold_04",5,0.03,2,3,0.8,0.8,0,25,177,0.258362423521108
"XGBoost","Repeat_01_Fold_04",1,"Fold_04",6,0.1,2,3,0.8,0.8,0,25,31,0.210083493497223
"XGBoost","Repeat_01_Fold_04",1,"Fold_04",7,0.03,4,3,0.8,0.8,0,25,116,0.267570332695658
"XGBoost","Repeat_01_Fold_04",1,"Fold_04",8,0.1,4,3,0.8,0.8,0,25,32,0.255182304312117
"XGBoost","Repeat_01_Fold_05",1,"Fold_05",1,0.03,2,1,0.8,0.8,0,25,186,0.208958717434703
"XGBoost","Repeat_01_Fold_05",1,"Fold_05",2,0.1,2,1,0.8,0.8,0,25,75,0.282637319799575
"XGBoost","Repeat_01_Fold_05",1,"Fold_05",3,0.03,4,1,0.8,0.8,0,25,183,0.186537501223099
"XGBoost","Repeat_01_Fold_05",1,"Fold_05",4,0.1,4,1,0.8,0.8,0,25,59,0.239168776230564
"XGBoost","Repeat_01_Fold_05",1,"Fold_05",5,0.03,2,3,0.8,0.8,0,25,121,0.269257185515016
"XGBoost","Repeat_01_Fold_05",1,"Fold_05",6,0.1,2,3,0.8,0.8,0,25,88,0.175219111798259
"XGBoost","Repeat_01_Fold_05",1,"Fold_05",7,0.03,4,3,0.8,0.8,0,25,259,0.248308837812286
"XGBoost","Repeat_01_Fold_05",1,"Fold_05",8,0.1,4,3,0.8,0.8,0,25,73,0.175555190537125
"XGBoost","Repeat_02_Fold_01",2,"Fold_01",1,0.03,2,1,0.8,0.8,0,25,111,0.260983157544755
"XGBoost","Repeat_02_Fold_01",2,"Fold_01",2,0.1,2,1,0.8,0.8,0,25,31,0.260200839632979
"XGBoost","Repeat_02_Fold_01",2,"Fold_01",3,0.03,4,1,0.8,0.8,0,25,400,0.206151309969405
"XGBoost","Repeat_02_Fold_01",2,"Fold_01",4,0.1,4,1,0.8,0.8,0,25,78,0.228981547572543
"XGBoost","Repeat_02_Fold_01",2,"Fold_01",5,0.03,2,3,0.8,0.8,0,25,104,0.211856583366171
"XGBoost","Repeat_02_Fold_01",2,"Fold_01",6,0.1,2,3,0.8,0.8,0,25,77,0.236147891013668
"XGBoost","Repeat_02_Fold_01",2,"Fold_01",7,0.03,4,3,0.8,0.8,0,25,117,0.201997201782293
"XGBoost","Repeat_02_Fold_01",2,"Fold_01",8,0.1,4,3,0.8,0.8,0,25,63,0.314454189098727
"XGBoost","Repeat_02_Fold_02",2,"Fold_02",1,0.03,2,1,0.8,0.8,0,25,137,0.178787817193482
"XGBoost","Repeat_02_Fold_02",2,"Fold_02",2,0.1,2,1,0.8,0.8,0,25,29,0.212567933047047
"XGBoost","Repeat_02_Fold_02",2,"Fold_02",3,0.03,4,1,0.8,0.8,0,25,189,0.275684632965399
"XGBoost","Repeat_02_Fold_02",2,"Fold_02",4,0.1,4,1,0.8,0.8,0,25,62,0.268170213864113
"XGBoost","Repeat_02_Fold_02",2,"Fold_02",5,0.03,2,3,0.8,0.8,0,25,110,0.187389266748841
"XGBoost","Repeat_02_Fold_02",2,"Fold_02",6,0.1,2,3,0.8,0.8,0,25,81,0.267331588117836
"XGBoost","Repeat_02_Fold_02",2,"Fold_02",7,0.03,4,3,0.8,0.8,0,25,110,0.189488841059546
"XGBoost","Repeat_02_Fold_02",2,"Fold_02",8,0.1,4,3,0.8,0.8,0,25,29,0.316877265102588
"XGBoost","Repeat_02_Fold_03",2,"Fold_03",1,0.03,2,1,0.8,0.8,0,25,173,0.144337392130043
"XGBoost","Repeat_02_Fold_03",2,"Fold_03",2,0.1,2,1,0.8,0.8,0,25,44,0.190781815308863
"XGBoost","Repeat_02_Fold_03",2,"Fold_03",3,0.03,4,1,0.8,0.8,0,25,221,0.2389825528998
"XGBoost","Repeat_02_Fold_03",2,"Fold_03",4,0.1,4,1,0.8,0.8,0,25,294,0.207822343298736
"XGBoost","Repeat_02_Fold_03",2,"Fold_03",5,0.03,2,3,0.8,0.8,0,25,108,0.193035914992484
"XGBoost","Repeat_02_Fold_03",2,"Fold_03",6,0.1,2,3,0.8,0.8,0,25,28,0.17539783850169
"XGBoost","Repeat_02_Fold_03",2,"Fold_03",7,0.03,4,3,0.8,0.8,0,25,157,0.165940778347879
"XGBoost","Repeat_02_Fold_03",2,"Fold_03",8,0.1,4,3,0.8,0.8,0,25,29,0.273283098967603
"XGBoost","Repeat_02_Fold_04",2,"Fold_04",1,0.03,2,1,0.8,0.8,0,25,291,0.151689267285222
"XGBoost","Repeat_02_Fold_04",2,"Fold_04",2,0.1,2,1,0.8,0.8,0,25,102,0.165461413492337
"XGBoost","Repeat_02_Fold_04",2,"Fold_04",3,0.03,4,1,0.8,0.8,0,25,488,0.197931905488636
"XGBoost","Repeat_02_Fold_04",2,"Fold_04",4,0.1,4,1,0.8,0.8,0,25,308,0.205921627390825
"XGBoost","Repeat_02_Fold_04",2,"Fold_04",5,0.03,2,3,0.8,0.8,0,25,150,0.213901422344721
"XGBoost","Repeat_02_Fold_04",2,"Fold_04",6,0.1,2,3,0.8,0.8,0,25,181,0.129808484397542
"XGBoost","Repeat_02_Fold_04",2,"Fold_04",7,0.03,4,3,0.8,0.8,0,25,130,0.169716874101701
"XGBoost","Repeat_02_Fold_04",2,"Fold_04",8,0.1,4,3,0.8,0.8,0,25,79,0.24502513367826
"XGBoost","Repeat_02_Fold_05",2,"Fold_05",1,0.03,2,1,0.8,0.8,0,25,120,0.193003011133092
"XGBoost","Repeat_02_Fold_05",2,"Fold_05",2,0.1,2,1,0.8,0.8,0,25,69,0.143059137797816
"XGBoost","Repeat_02_Fold_05",2,"Fold_05",3,0.03,4,1,0.8,0.8,0,25,191,0.23395649710885
"XGBoost","Repeat_02_Fold_05",2,"Fold_05",4,0.1,4,1,0.8,0.8,0,25,73,0.194038550870923
"XGBoost","Repeat_02_Fold_05",2,"Fold_05",5,0.03,2,3,0.8,0.8,0,25,186,0.199445443424898
"XGBoost","Repeat_02_Fold_05",2,"Fold_05",6,0.1,2,3,0.8,0.8,0,25,118,0.257623799181042
"XGBoost","Repeat_02_Fold_05",2,"Fold_05",7,0.03,4,3,0.8,0.8,0,25,118,0.143302283482626
"XGBoost","Repeat_02_Fold_05",2,"Fold_05",8,0.1,4,3,0.8,0.8,0,25,31,0.281129038462845
"XGBoost","Repeat_03_Fold_01",3,"Fold_01",1,0.03,2,1,0.8,0.8,0,25,87,0.264501064371031
"XGBoost","Repeat_03_Fold_01",3,"Fold_01",2,0.1,2,1,0.8,0.8,0,25,182,0.188964837865429
"XGBoost","Repeat_03_Fold_01",3,"Fold_01",3,0.03,4,1,0.8,0.8,0,25,95,0.29641764331609
"XGBoost","Repeat_03_Fold_01",3,"Fold_01",4,0.1,4,1,0.8,0.8,0,25,108,0.127894701960031
"XGBoost","Repeat_03_Fold_01",3,"Fold_01",5,0.03,2,3,0.8,0.8,0,25,120,0.26100959850905
"XGBoost","Repeat_03_Fold_01",3,"Fold_01",6,0.1,2,3,0.8,0.8,0,25,38,0.223634750474817
"XGBoost","Repeat_03_Fold_01",3,"Fold_01",7,0.03,4,3,0.8,0.8,0,25,166,0.223218323841978
"XGBoost","Repeat_03_Fold_01",3,"Fold_01",8,0.1,4,3,0.8,0.8,0,25,119,0.163378200077344
"XGBoost","Repeat_03_Fold_02",3,"Fold_02",1,0.03,2,1,0.8,0.8,0,25,143,0.226766219595447
"XGBoost","Repeat_03_Fold_02",3,"Fold_02",2,0.1,2,1,0.8,0.8,0,25,140,0.258083461760319
"XGBoost","Repeat_03_Fold_02",3,"Fold_02",3,0.03,4,1,0.8,0.8,0,25,88,0.291347022562359
"XGBoost","Repeat_03_Fold_02",3,"Fold_02",4,0.1,4,1,0.8,0.8,0,25,51,0.18944307799057
"XGBoost","Repeat_03_Fold_02",3,"Fold_02",5,0.03,2,3,0.8,0.8,0,25,129,0.216039767506747
"XGBoost","Repeat_03_Fold_02",3,"Fold_02",6,0.1,2,3,0.8,0.8,0,25,40,0.226791846279341
"XGBoost","Repeat_03_Fold_02",3,"Fold_02",7,0.03,4,3,0.8,0.8,0,25,131,0.202026481202875
"XGBoost","Repeat_03_Fold_02",3,"Fold_02",8,0.1,4,3,0.8,0.8,0,25,37,0.214176514920277
"XGBoost","Repeat_03_Fold_03",3,"Fold_03",1,0.03,2,1,0.8,0.8,0,25,141,0.205231724602457
"XGBoost","Repeat_03_Fold_03",3,"Fold_03",2,0.1,2,1,0.8,0.8,0,25,96,0.199877323477547
"XGBoost","Repeat_03_Fold_03",3,"Fold_03",3,0.03,4,1,0.8,0.8,0,25,99,0.288747358709001
"XGBoost","Repeat_03_Fold_03",3,"Fold_03",4,0.1,4,1,0.8,0.8,0,25,33,0.228824759009652
"XGBoost","Repeat_03_Fold_03",3,"Fold_03",5,0.03,2,3,0.8,0.8,0,25,116,0.223837768766456
"XGBoost","Repeat_03_Fold_03",3,"Fold_03",6,0.1,2,3,0.8,0.8,0,25,33,0.228466047833745
"XGBoost","Repeat_03_Fold_03",3,"Fold_03",7,0.03,4,3,0.8,0.8,0,25,175,0.200697991567162
"XGBoost","Repeat_03_Fold_03",3,"Fold_03",8,0.1,4,3,0.8,0.8,0,25,32,0.291413169730311
"XGBoost","Repeat_03_Fold_04",3,"Fold_04",1,0.03,2,1,0.8,0.8,0,25,212,0.175515333519658
"XGBoost","Repeat_03_Fold_04",3,"Fold_04",2,0.1,2,1,0.8,0.8,0,25,81,0.17855248531067
"XGBoost","Repeat_03_Fold_04",3,"Fold_04",3,0.03,4,1,0.8,0.8,0,25,104,0.298098791838409
"XGBoost","Repeat_03_Fold_04",3,"Fold_04",4,0.1,4,1,0.8,0.8,0,25,44,0.208367258292408
"XGBoost","Repeat_03_Fold_04",3,"Fold_04",5,0.03,2,3,0.8,0.8,0,25,244,0.217873294416887
"XGBoost","Repeat_03_Fold_04",3,"Fold_04",6,0.1,2,3,0.8,0.8,0,25,52,0.230739638836195
"XGBoost","Repeat_03_Fold_04",3,"Fold_04",7,0.03,4,3,0.8,0.8,0,25,203,0.234362827031873
"XGBoost","Repeat_03_Fold_04",3,"Fold_04",8,0.1,4,3,0.8,0.8,0,25,95,0.29631706726594
"XGBoost","Repeat_03_Fold_05",3,"Fold_05",1,0.03,2,1,0.8,0.8,0,25,93,0.260924819391221
"XGBoost","Repeat_03_Fold_05",3,"Fold_05",2,0.1,2,1,0.8,0.8,0,25,35,0.236857436776448
"XGBoost","Repeat_03_Fold_05",3,"Fold_05",3,0.03,4,1,0.8,0.8,0,25,73,0.324982233596249
"XGBoost","Repeat_03_Fold_05",3,"Fold_05",4,0.1,4,1,0.8,0.8,0,25,30,0.238964455632063
"XGBoost","Repeat_03_Fold_05",3,"Fold_05",5,0.03,2,3,0.8,0.8,0,25,153,0.210475804409585
"XGBoost","Repeat_03_Fold_05",3,"Fold_05",6,0.1,2,3,0.8,0.8,0,25,51,0.236453176314871
"XGBoost","Repeat_03_Fold_05",3,"Fold_05",7,0.03,4,3,0.8,0.8,0,25,194,0.188997221931529
"XGBoost","Repeat_03_Fold_05",3,"Fold_05",8,0.1,4,3,0.8,0.8,0,25,70,0.233720771457928
"XGBoost","Repeat_04_Fold_01",4,"Fold_01",1,0.03,2,1,0.8,0.8,0,25,136,0.200788990433256
"XGBoost","Repeat_04_Fold_01",4,"Fold_01",2,0.1,2,1,0.8,0.8,0,25,80,0.195177629366159
"XGBoost","Repeat_04_Fold_01",4,"Fold_01",3,0.03,4,1,0.8,0.8,0,25,130,0.217365723210745
"XGBoost","Repeat_04_Fold_01",4,"Fold_01",4,0.1,4,1,0.8,0.8,0,25,72,0.19865613633122
"XGBoost","Repeat_04_Fold_01",4,"Fold_01",5,0.03,2,3,0.8,0.8,0,25,334,0.18995621304762
"XGBoost","Repeat_04_Fold_01",4,"Fold_01",6,0.1,2,3,0.8,0.8,0,25,104,0.202686017786618
"XGBoost","Repeat_04_Fold_01",4,"Fold_01",7,0.03,4,3,0.8,0.8,0,25,236,0.200963335210243
"XGBoost","Repeat_04_Fold_01",4,"Fold_01",8,0.1,4,3,0.8,0.8,0,25,195,0.185110699636145
"XGBoost","Repeat_04_Fold_02",4,"Fold_02",1,0.03,2,1,0.8,0.8,0,25,133,0.211505226558074
"XGBoost","Repeat_04_Fold_02",4,"Fold_02",2,0.1,2,1,0.8,0.8,0,25,42,0.256760139080982
"XGBoost","Repeat_04_Fold_02",4,"Fold_02",3,0.03,4,1,0.8,0.8,0,25,101,0.216813932817716
"XGBoost","Repeat_04_Fold_02",4,"Fold_02",4,0.1,4,1,0.8,0.8,0,25,34,0.290162960443502
"XGBoost","Repeat_04_Fold_02",4,"Fold_02",5,0.03,2,3,0.8,0.8,0,25,158,0.231484848952207
"XGBoost","Repeat_04_Fold_02",4,"Fold_02",6,0.1,2,3,0.8,0.8,0,25,83,0.208292471119561
"XGBoost","Repeat_04_Fold_02",4,"Fold_02",7,0.03,4,3,0.8,0.8,0,25,145,0.285957794439477
"XGBoost","Repeat_04_Fold_02",4,"Fold_02",8,0.1,4,3,0.8,0.8,0,25,34,0.246693881049466
"XGBoost","Repeat_04_Fold_03",4,"Fold_03",1,0.03,2,1,0.8,0.8,0,25,87,0.265761255394094
"XGBoost","Repeat_04_Fold_03",4,"Fold_03",2,0.1,2,1,0.8,0.8,0,25,34,0.236042022812538
"XGBoost","Repeat_04_Fold_03",4,"Fold_03",3,0.03,4,1,0.8,0.8,0,25,102,0.196548149132958
"XGBoost","Repeat_04_Fold_03",4,"Fold_03",4,0.1,4,1,0.8,0.8,0,25,26,0.24649037918649
"XGBoost","Repeat_04_Fold_03",4,"Fold_03",5,0.03,2,3,0.8,0.8,0,25,144,0.202848896473789
"XGBoost","Repeat_04_Fold_03",4,"Fold_03",6,0.1,2,3,0.8,0.8,0,25,225,0.182789609848092
"XGBoost","Repeat_04_Fold_03",4,"Fold_03",7,0.03,4,3,0.8,0.8,0,25,134,0.235085180942686
"XGBoost","Repeat_04_Fold_03",4,"Fold_03",8,0.1,4,3,0.8,0.8,0,25,81,0.262038190437194
"XGBoost","Repeat_04_Fold_04",4,"Fold_04",1,0.03,2,1,0.8,0.8,0,25,264,0.168468519622156
"XGBoost","Repeat_04_Fold_04",4,"Fold_04",2,0.1,2,1,0.8,0.8,0,25,35,0.269148908143577
"XGBoost","Repeat_04_Fold_04",4,"Fold_04",3,0.03,4,1,0.8,0.8,0,25,264,0.154664161509852
"XGBoost","Repeat_04_Fold_04",4,"Fold_04",4,0.1,4,1,0.8,0.8,0,25,52,0.260951442823101
"XGBoost","Repeat_04_Fold_04",4,"Fold_04",5,0.03,2,3,0.8,0.8,0,25,343,0.195310472551053
"XGBoost","Repeat_04_Fold_04",4,"Fold_04",6,0.1,2,3,0.8,0.8,0,25,44,0.270273303684707
"XGBoost","Repeat_04_Fold_04",4,"Fold_04",7,0.03,4,3,0.8,0.8,0,25,147,0.216827052018534
"XGBoost","Repeat_04_Fold_04",4,"Fold_04",8,0.1,4,3,0.8,0.8,0,25,41,0.227021851845515
"XGBoost","Repeat_04_Fold_05",4,"Fold_05",1,0.03,2,1,0.8,0.8,0,25,116,0.254279118908856
"XGBoost","Repeat_04_Fold_05",4,"Fold_05",2,0.1,2,1,0.8,0.8,0,25,33,0.260656553499687
"XGBoost","Repeat_04_Fold_05",4,"Fold_05",3,0.03,4,1,0.8,0.8,0,25,138,0.149973099567712
"XGBoost","Repeat_04_Fold_05",4,"Fold_05",4,0.1,4,1,0.8,0.8,0,25,20,0.316206545210802
"XGBoost","Repeat_04_Fold_05",4,"Fold_05",5,0.03,2,3,0.8,0.8,0,25,173,0.275880352477543
"XGBoost","Repeat_04_Fold_05",4,"Fold_05",6,0.1,2,3,0.8,0.8,0,25,64,0.248234299056304
"XGBoost","Repeat_04_Fold_05",4,"Fold_05",7,0.03,4,3,0.8,0.8,0,25,94,0.247175172329522
"XGBoost","Repeat_04_Fold_05",4,"Fold_05",8,0.1,4,3,0.8,0.8,0,25,29,0.236818747362122
"XGBoost","Repeat_05_Fold_01",5,"Fold_01",1,0.03,2,1,0.8,0.8,0,25,165,0.193286020747529
"XGBoost","Repeat_05_Fold_01",5,"Fold_01",2,0.1,2,1,0.8,0.8,0,25,52,0.161930670594582
"XGBoost","Repeat_05_Fold_01",5,"Fold_01",3,0.03,4,1,0.8,0.8,0,25,118,0.203117714370959
"XGBoost","Repeat_05_Fold_01",5,"Fold_01",4,0.1,4,1,0.8,0.8,0,25,43,0.235000175155269
"XGBoost","Repeat_05_Fold_01",5,"Fold_01",5,0.03,2,3,0.8,0.8,0,25,121,0.233759485435887
"XGBoost","Repeat_05_Fold_01",5,"Fold_01",6,0.1,2,3,0.8,0.8,0,25,129,0.163433448939871
"XGBoost","Repeat_05_Fold_01",5,"Fold_01",7,0.03,4,3,0.8,0.8,0,25,117,0.213111416794933
"XGBoost","Repeat_05_Fold_01",5,"Fold_01",8,0.1,4,3,0.8,0.8,0,25,38,0.18705080034068
"XGBoost","Repeat_05_Fold_02",5,"Fold_02",1,0.03,2,1,0.8,0.8,0,25,211,0.145519205660094
"XGBoost","Repeat_05_Fold_02",5,"Fold_02",2,0.1,2,1,0.8,0.8,0,25,72,0.200792790804721
"XGBoost","Repeat_05_Fold_02",5,"Fold_02",3,0.03,4,1,0.8,0.8,0,25,132,0.177911873960581
"XGBoost","Repeat_05_Fold_02",5,"Fold_02",4,0.1,4,1,0.8,0.8,0,25,35,0.171838527831894
"XGBoost","Repeat_05_Fold_02",5,"Fold_02",5,0.03,2,3,0.8,0.8,0,25,136,0.196246799171114
"XGBoost","Repeat_05_Fold_02",5,"Fold_02",6,0.1,2,3,0.8,0.8,0,25,34,0.21409578445869
"XGBoost","Repeat_05_Fold_02",5,"Fold_02",7,0.03,4,3,0.8,0.8,0,25,169,0.165095234021115
"XGBoost","Repeat_05_Fold_02",5,"Fold_02",8,0.1,4,3,0.8,0.8,0,25,31,0.202628689656894
"XGBoost","Repeat_05_Fold_03",5,"Fold_03",1,0.03,2,1,0.8,0.8,0,25,227,0.169891749922849
"XGBoost","Repeat_05_Fold_03",5,"Fold_03",2,0.1,2,1,0.8,0.8,0,25,54,0.17052617032851
"XGBoost","Repeat_05_Fold_03",5,"Fold_03",3,0.03,4,1,0.8,0.8,0,25,130,0.223530035268945
"XGBoost","Repeat_05_Fold_03",5,"Fold_03",4,0.1,4,1,0.8,0.8,0,25,37,0.205098099343909
"XGBoost","Repeat_05_Fold_03",5,"Fold_03",5,0.03,2,3,0.8,0.8,0,25,123,0.194685043623814
"XGBoost","Repeat_05_Fold_03",5,"Fold_03",6,0.1,2,3,0.8,0.8,0,25,220,0.221651796492202
"XGBoost","Repeat_05_Fold_03",5,"Fold_03",7,0.03,4,3,0.8,0.8,0,25,214,0.205875011572901
"XGBoost","Repeat_05_Fold_03",5,"Fold_03",8,0.1,4,3,0.8,0.8,0,25,40,0.209639734248273
"XGBoost","Repeat_05_Fold_04",5,"Fold_04",1,0.03,2,1,0.8,0.8,0,25,195,0.206577388623443
"XGBoost","Repeat_05_Fold_04",5,"Fold_04",2,0.1,2,1,0.8,0.8,0,25,51,0.179805064806715
"XGBoost","Repeat_05_Fold_04",5,"Fold_04",3,0.03,4,1,0.8,0.8,0,25,245,0.131997558597225
"XGBoost","Repeat_05_Fold_04",5,"Fold_04",4,0.1,4,1,0.8,0.8,0,25,38,0.21023869389095
"XGBoost","Repeat_05_Fold_04",5,"Fold_04",5,0.03,2,3,0.8,0.8,0,25,137,0.189888288034126
"XGBoost","Repeat_05_Fold_04",5,"Fold_04",6,0.1,2,3,0.8,0.8,0,25,87,0.194176863099878
"XGBoost","Repeat_05_Fold_04",5,"Fold_04",7,0.03,4,3,0.8,0.8,0,25,146,0.153763345639723
"XGBoost","Repeat_05_Fold_04",5,"Fold_04",8,0.1,4,3,0.8,0.8,0,25,43,0.172639448016595
"XGBoost","Repeat_05_Fold_05",5,"Fold_05",1,0.03,2,1,0.8,0.8,0,25,130,0.193879142000626
"XGBoost","Repeat_05_Fold_05",5,"Fold_05",2,0.1,2,1,0.8,0.8,0,25,74,0.161471285926662
"XGBoost","Repeat_05_Fold_05",5,"Fold_05",3,0.03,4,1,0.8,0.8,0,25,187,0.183577050096714
"XGBoost","Repeat_05_Fold_05",5,"Fold_05",4,0.1,4,1,0.8,0.8,0,25,50,0.164349944751638
"XGBoost","Repeat_05_Fold_05",5,"Fold_05",5,0.03,2,3,0.8,0.8,0,25,211,0.172391400923236
"XGBoost","Repeat_05_Fold_05",5,"Fold_05",6,0.1,2,3,0.8,0.8,0,25,56,0.224575558095239
"XGBoost","Repeat_05_Fold_05",5,"Fold_05",7,0.03,4,3,0.8,0.8,0,25,130,0.168325561331585
"XGBoost","Repeat_05_Fold_05",5,"Fold_05",8,0.1,4,3,0.8,0.8,0,25,70,0.222023986799356
"XGBoost","Repeat_06_Fold_01",6,"Fold_01",1,0.03,2,1,0.8,0.8,0,25,174,0.188619835342531
"XGBoost","Repeat_06_Fold_01",6,"Fold_01",2,0.1,2,1,0.8,0.8,0,25,74,0.177920217180284
"XGBoost","Repeat_06_Fold_01",6,"Fold_01",3,0.03,4,1,0.8,0.8,0,25,433,0.136343615801217
"XGBoost","Repeat_06_Fold_01",6,"Fold_01",4,0.1,4,1,0.8,0.8,0,25,68,0.183200397336175
"XGBoost","Repeat_06_Fold_01",6,"Fold_01",5,0.03,2,3,0.8,0.8,0,25,213,0.206022067998464
"XGBoost","Repeat_06_Fold_01",6,"Fold_01",6,0.1,2,3,0.8,0.8,0,25,77,0.191908368706488
"XGBoost","Repeat_06_Fold_01",6,"Fold_01",7,0.03,4,3,0.8,0.8,0,25,441,0.188983070639481
"XGBoost","Repeat_06_Fold_01",6,"Fold_01",8,0.1,4,3,0.8,0.8,0,25,131,0.200945238808904
"XGBoost","Repeat_06_Fold_02",6,"Fold_02",1,0.03,2,1,0.8,0.8,0,25,149,0.224146510546024
"XGBoost","Repeat_06_Fold_02",6,"Fold_02",2,0.1,2,1,0.8,0.8,0,25,42,0.213122018156215
"XGBoost","Repeat_06_Fold_02",6,"Fold_02",3,0.03,4,1,0.8,0.8,0,25,131,0.199096128953478
"XGBoost","Repeat_06_Fold_02",6,"Fold_02",4,0.1,4,1,0.8,0.8,0,25,43,0.239566342072346
"XGBoost","Repeat_06_Fold_02",6,"Fold_02",5,0.03,2,3,0.8,0.8,0,25,222,0.273130200373439
"XGBoost","Repeat_06_Fold_02",6,"Fold_02",6,0.1,2,3,0.8,0.8,0,25,31,0.248808892264676
"XGBoost","Repeat_06_Fold_02",6,"Fold_02",7,0.03,4,3,0.8,0.8,0,25,110,0.240538877578309
"XGBoost","Repeat_06_Fold_02",6,"Fold_02",8,0.1,4,3,0.8,0.8,0,25,44,0.21274615247519
"XGBoost","Repeat_06_Fold_03",6,"Fold_03",1,0.03,2,1,0.8,0.8,0,25,161,0.168762284993696
"XGBoost","Repeat_06_Fold_03",6,"Fold_03",2,0.1,2,1,0.8,0.8,0,25,40,0.182414925155731
"XGBoost","Repeat_06_Fold_03",6,"Fold_03",3,0.03,4,1,0.8,0.8,0,25,124,0.197564910004775
"XGBoost","Repeat_06_Fold_03",6,"Fold_03",4,0.1,4,1,0.8,0.8,0,25,43,0.184141377390076
"XGBoost","Repeat_06_Fold_03",6,"Fold_03",5,0.03,2,3,0.8,0.8,0,25,124,0.275497915993373
"XGBoost","Repeat_06_Fold_03",6,"Fold_03",6,0.1,2,3,0.8,0.8,0,25,28,0.221903846849902
"XGBoost","Repeat_06_Fold_03",6,"Fold_03",7,0.03,4,3,0.8,0.8,0,25,247,0.262797070452227
"XGBoost","Repeat_06_Fold_03",6,"Fold_03",8,0.1,4,3,0.8,0.8,0,25,38,0.166825220579855
"XGBoost","Repeat_06_Fold_04",6,"Fold_04",1,0.03,2,1,0.8,0.8,0,25,259,0.170164323222707
"XGBoost","Repeat_06_Fold_04",6,"Fold_04",2,0.1,2,1,0.8,0.8,0,25,226,0.167253593541458
"XGBoost","Repeat_06_Fold_04",6,"Fold_04",3,0.03,4,1,0.8,0.8,0,25,101,0.224880160477299
"XGBoost","Repeat_06_Fold_04",6,"Fold_04",4,0.1,4,1,0.8,0.8,0,25,60,0.191977722368812
"XGBoost","Repeat_06_Fold_04",6,"Fold_04",5,0.03,2,3,0.8,0.8,0,25,172,0.200160807231441
"XGBoost","Repeat_06_Fold_04",6,"Fold_04",6,0.1,2,3,0.8,0.8,0,25,74,0.154411073299483
"XGBoost","Repeat_06_Fold_04",6,"Fold_04",7,0.03,4,3,0.8,0.8,0,25,232,0.196640487124499
"XGBoost","Repeat_06_Fold_04",6,"Fold_04",8,0.1,4,3,0.8,0.8,0,25,82,0.149253517156467
"XGBoost","Repeat_06_Fold_05",6,"Fold_05",1,0.03,2,1,0.8,0.8,0,25,386,0.117489032203314
"XGBoost","Repeat_06_Fold_05",6,"Fold_05",2,0.1,2,1,0.8,0.8,0,25,51,0.255407201296363
"XGBoost","Repeat_06_Fold_05",6,"Fold_05",3,0.03,4,1,0.8,0.8,0,25,129,0.229771930240811
"XGBoost","Repeat_06_Fold_05",6,"Fold_05",4,0.1,4,1,0.8,0.8,0,25,74,0.13946535380987
"XGBoost","Repeat_06_Fold_05",6,"Fold_05",5,0.03,2,3,0.8,0.8,0,25,175,0.135520379676913
"XGBoost","Repeat_06_Fold_05",6,"Fold_05",6,0.1,2,3,0.8,0.8,0,25,41,0.248018727225896
"XGBoost","Repeat_06_Fold_05",6,"Fold_05",7,0.03,4,3,0.8,0.8,0,25,119,0.226760071397831
"XGBoost","Repeat_06_Fold_05",6,"Fold_05",8,0.1,4,3,0.8,0.8,0,25,39,0.236536699006907
"XGBoost","Repeat_07_Fold_01",7,"Fold_01",1,0.03,2,1,0.8,0.8,0,25,223,0.236680285452167
"XGBoost","Repeat_07_Fold_01",7,"Fold_01",2,0.1,2,1,0.8,0.8,0,25,71,0.148734520596918
"XGBoost","Repeat_07_Fold_01",7,"Fold_01",3,0.03,4,1,0.8,0.8,0,25,133,0.186771477957686
"XGBoost","Repeat_07_Fold_01",7,"Fold_01",4,0.1,4,1,0.8,0.8,0,25,30,0.230912213034641
"XGBoost","Repeat_07_Fold_01",7,"Fold_01",5,0.03,2,3,0.8,0.8,0,25,286,0.183303248750655
"XGBoost","Repeat_07_Fold_01",7,"Fold_01",6,0.1,2,3,0.8,0.8,0,25,128,0.205796325641971
"XGBoost","Repeat_07_Fold_01",7,"Fold_01",7,0.03,4,3,0.8,0.8,0,25,243,0.212561198474409
"XGBoost","Repeat_07_Fold_01",7,"Fold_01",8,0.1,4,3,0.8,0.8,0,25,113,0.193674129944366
"XGBoost","Repeat_07_Fold_02",7,"Fold_02",1,0.03,2,1,0.8,0.8,0,25,209,0.249466642746344
"XGBoost","Repeat_07_Fold_02",7,"Fold_02",2,0.1,2,1,0.8,0.8,0,25,71,0.166733244492207
"XGBoost","Repeat_07_Fold_02",7,"Fold_02",3,0.03,4,1,0.8,0.8,0,25,199,0.179815431850819
"XGBoost","Repeat_07_Fold_02",7,"Fold_02",4,0.1,4,1,0.8,0.8,0,25,74,0.180591877782717
"XGBoost","Repeat_07_Fold_02",7,"Fold_02",5,0.03,2,3,0.8,0.8,0,25,224,0.210240306861054
"XGBoost","Repeat_07_Fold_02",7,"Fold_02",6,0.1,2,3,0.8,0.8,0,25,39,0.241146933197832
"XGBoost","Repeat_07_Fold_02",7,"Fold_02",7,0.03,4,3,0.8,0.8,0,25,199,0.190994351323193
"XGBoost","Repeat_07_Fold_02",7,"Fold_02",8,0.1,4,3,0.8,0.8,0,25,43,0.25200690010276
"XGBoost","Repeat_07_Fold_03",7,"Fold_03",1,0.03,2,1,0.8,0.8,0,25,235,0.254981977435259
"XGBoost","Repeat_07_Fold_03",7,"Fold_03",2,0.1,2,1,0.8,0.8,0,25,208,0.154362455866738
"XGBoost","Repeat_07_Fold_03",7,"Fold_03",3,0.03,4,1,0.8,0.8,0,25,165,0.162863664570838
"XGBoost","Repeat_07_Fold_03",7,"Fold_03",4,0.1,4,1,0.8,0.8,0,25,60,0.154493490659381
"XGBoost","Repeat_07_Fold_03",7,"Fold_03",5,0.03,2,3,0.8,0.8,0,25,216,0.213703771972527
"XGBoost","Repeat_07_Fold_03",7,"Fold_03",6,0.1,2,3,0.8,0.8,0,25,41,0.189642023062333
"XGBoost","Repeat_07_Fold_03",7,"Fold_03",7,0.03,4,3,0.8,0.8,0,25,278,0.173204377911483
"XGBoost","Repeat_07_Fold_03",7,"Fold_03",8,0.1,4,3,0.8,0.8,0,25,45,0.187791677764975
"XGBoost","Repeat_07_Fold_04",7,"Fold_04",1,0.03,2,1,0.8,0.8,0,25,224,0.242965703176406
"XGBoost","Repeat_07_Fold_04",7,"Fold_04",2,0.1,2,1,0.8,0.8,0,25,38,0.217727045053974
"XGBoost","Repeat_07_Fold_04",7,"Fold_04",3,0.03,4,1,0.8,0.8,0,25,442,0.13338735628797
"XGBoost","Repeat_07_Fold_04",7,"Fold_04",4,0.1,4,1,0.8,0.8,0,25,88,0.174292767539065
"XGBoost","Repeat_07_Fold_04",7,"Fold_04",5,0.03,2,3,0.8,0.8,0,25,430,0.166365969008229
"XGBoost","Repeat_07_Fold_04",7,"Fold_04",6,0.1,2,3,0.8,0.8,0,25,45,0.201707150975171
"XGBoost","Repeat_07_Fold_04",7,"Fold_04",7,0.03,4,3,0.8,0.8,0,25,428,0.160353585726205
"XGBoost","Repeat_07_Fold_04",7,"Fold_04",8,0.1,4,3,0.8,0.8,0,25,91,0.155502073730951
"XGBoost","Repeat_07_Fold_05",7,"Fold_05",1,0.03,2,1,0.8,0.8,0,25,303,0.23939515818403
"XGBoost","Repeat_07_Fold_05",7,"Fold_05",2,0.1,2,1,0.8,0.8,0,25,81,0.166799181227151
"XGBoost","Repeat_07_Fold_05",7,"Fold_05",3,0.03,4,1,0.8,0.8,0,25,144,0.162593547523452
"XGBoost","Repeat_07_Fold_05",7,"Fold_05",4,0.1,4,1,0.8,0.8,0,25,98,0.146969292993442
"XGBoost","Repeat_07_Fold_05",7,"Fold_05",5,0.03,2,3,0.8,0.8,0,25,140,0.185885215106492
"XGBoost","Repeat_07_Fold_05",7,"Fold_05",6,0.1,2,3,0.8,0.8,0,25,156,0.184907379627335
"XGBoost","Repeat_07_Fold_05",7,"Fold_05",7,0.03,4,3,0.8,0.8,0,25,154,0.190085020578968
"XGBoost","Repeat_07_Fold_05",7,"Fold_05",8,0.1,4,3,0.8,0.8,0,25,34,0.251242712534104
"XGBoost","Repeat_08_Fold_01",8,"Fold_01",1,0.03,2,1,0.8,0.8,0,25,241,0.142227041535079
"XGBoost","Repeat_08_Fold_01",8,"Fold_01",2,0.1,2,1,0.8,0.8,0,25,42,0.187698704459203
"XGBoost","Repeat_08_Fold_01",8,"Fold_01",3,0.03,4,1,0.8,0.8,0,25,114,0.223716753785713
"XGBoost","Repeat_08_Fold_01",8,"Fold_01",4,0.1,4,1,0.8,0.8,0,25,32,0.203339165936296
"XGBoost","Repeat_08_Fold_01",8,"Fold_01",5,0.03,2,3,0.8,0.8,0,25,121,0.21213464360111
"XGBoost","Repeat_08_Fold_01",8,"Fold_01",6,0.1,2,3,0.8,0.8,0,25,52,0.161187856270072
"XGBoost","Repeat_08_Fold_01",8,"Fold_01",7,0.03,4,3,0.8,0.8,0,25,129,0.225199518546176
"XGBoost","Repeat_08_Fold_01",8,"Fold_01",8,0.1,4,3,0.8,0.8,0,25,40,0.192098999861628
"XGBoost","Repeat_08_Fold_02",8,"Fold_02",1,0.03,2,1,0.8,0.8,0,25,119,0.217781467542339
"XGBoost","Repeat_08_Fold_02",8,"Fold_02",2,0.1,2,1,0.8,0.8,0,25,29,0.224485517372019
"XGBoost","Repeat_08_Fold_02",8,"Fold_02",3,0.03,4,1,0.8,0.8,0,25,144,0.196768751188826
"XGBoost","Repeat_08_Fold_02",8,"Fold_02",4,0.1,4,1,0.8,0.8,0,25,30,0.244158087799755
"XGBoost","Repeat_08_Fold_02",8,"Fold_02",5,0.03,2,3,0.8,0.8,0,25,128,0.234704431665775
"XGBoost","Repeat_08_Fold_02",8,"Fold_02",6,0.1,2,3,0.8,0.8,0,25,38,0.18436652321655
"XGBoost","Repeat_08_Fold_02",8,"Fold_02",7,0.03,4,3,0.8,0.8,0,25,191,0.184892745813928
"XGBoost","Repeat_08_Fold_02",8,"Fold_02",8,0.1,4,3,0.8,0.8,0,25,73,0.237062114586409
"XGBoost","Repeat_08_Fold_03",8,"Fold_03",1,0.03,2,1,0.8,0.8,0,25,161,0.197337052184873
"XGBoost","Repeat_08_Fold_03",8,"Fold_03",2,0.1,2,1,0.8,0.8,0,25,52,0.210428343302248
"XGBoost","Repeat_08_Fold_03",8,"Fold_03",3,0.03,4,1,0.8,0.8,0,25,148,0.167885332977256
"XGBoost","Repeat_08_Fold_03",8,"Fold_03",4,0.1,4,1,0.8,0.8,0,25,33,0.228118832814149
"XGBoost","Repeat_08_Fold_03",8,"Fold_03",5,0.03,2,3,0.8,0.8,0,25,107,0.179094969277055
"XGBoost","Repeat_08_Fold_03",8,"Fold_03",6,0.1,2,3,0.8,0.8,0,25,95,0.144843824225693
"XGBoost","Repeat_08_Fold_03",8,"Fold_03",7,0.03,4,3,0.8,0.8,0,25,131,0.173003468734141
"XGBoost","Repeat_08_Fold_03",8,"Fold_03",8,0.1,4,3,0.8,0.8,0,25,62,0.171026875515683
"XGBoost","Repeat_08_Fold_04",8,"Fold_04",1,0.03,2,1,0.8,0.8,0,25,192,0.162592617709799
"XGBoost","Repeat_08_Fold_04",8,"Fold_04",2,0.1,2,1,0.8,0.8,0,25,25,0.214595147945846
"XGBoost","Repeat_08_Fold_04",8,"Fold_04",3,0.03,4,1,0.8,0.8,0,25,169,0.166610585883833
"XGBoost","Repeat_08_Fold_04",8,"Fold_04",4,0.1,4,1,0.8,0.8,0,25,40,0.202087842859328
"XGBoost","Repeat_08_Fold_04",8,"Fold_04",5,0.03,2,3,0.8,0.8,0,25,259,0.140958778443746
"XGBoost","Repeat_08_Fold_04",8,"Fold_04",6,0.1,2,3,0.8,0.8,0,25,37,0.159930188083448
"XGBoost","Repeat_08_Fold_04",8,"Fold_04",7,0.03,4,3,0.8,0.8,0,25,144,0.179586419925237
"XGBoost","Repeat_08_Fold_04",8,"Fold_04",8,0.1,4,3,0.8,0.8,0,25,43,0.168761027332109
"XGBoost","Repeat_08_Fold_05",8,"Fold_05",1,0.03,2,1,0.8,0.8,0,25,231,0.160330801953723
"XGBoost","Repeat_08_Fold_05",8,"Fold_05",2,0.1,2,1,0.8,0.8,0,25,64,0.22636690021206
"XGBoost","Repeat_08_Fold_05",8,"Fold_05",3,0.03,4,1,0.8,0.8,0,25,103,0.223413015536677
"XGBoost","Repeat_08_Fold_05",8,"Fold_05",4,0.1,4,1,0.8,0.8,0,25,73,0.167133322916925
"XGBoost","Repeat_08_Fold_05",8,"Fold_05",5,0.03,2,3,0.8,0.8,0,25,117,0.240923435283968
"XGBoost","Repeat_08_Fold_05",8,"Fold_05",6,0.1,2,3,0.8,0.8,0,25,66,0.204892066262591
"XGBoost","Repeat_08_Fold_05",8,"Fold_05",7,0.03,4,3,0.8,0.8,0,25,409,0.200098266287778
"XGBoost","Repeat_08_Fold_05",8,"Fold_05",8,0.1,4,3,0.8,0.8,0,25,106,0.229270090447524
"XGBoost","Repeat_09_Fold_01",9,"Fold_01",1,0.03,2,1,0.8,0.8,0,25,212,0.158446209854446
"XGBoost","Repeat_09_Fold_01",9,"Fold_01",2,0.1,2,1,0.8,0.8,0,25,111,0.146215931622114
"XGBoost","Repeat_09_Fold_01",9,"Fold_01",3,0.03,4,1,0.8,0.8,0,25,123,0.211254815320269
"XGBoost","Repeat_09_Fold_01",9,"Fold_01",4,0.1,4,1,0.8,0.8,0,25,69,0.143958993726231
"XGBoost","Repeat_09_Fold_01",9,"Fold_01",5,0.03,2,3,0.8,0.8,0,25,172,0.186606562785948
"XGBoost","Repeat_09_Fold_01",9,"Fold_01",6,0.1,2,3,0.8,0.8,0,25,133,0.178493599604385
"XGBoost","Repeat_09_Fold_01",9,"Fold_01",7,0.03,4,3,0.8,0.8,0,25,250,0.146094026393257
"XGBoost","Repeat_09_Fold_01",9,"Fold_01",8,0.1,4,3,0.8,0.8,0,25,171,0.173965448316617
"XGBoost","Repeat_09_Fold_02",9,"Fold_02",1,0.03,2,1,0.8,0.8,0,25,148,0.167187957558781
"XGBoost","Repeat_09_Fold_02",9,"Fold_02",2,0.1,2,1,0.8,0.8,0,25,67,0.146832233281412
"XGBoost","Repeat_09_Fold_02",9,"Fold_02",3,0.03,4,1,0.8,0.8,0,25,131,0.211909396914192
"XGBoost","Repeat_09_Fold_02",9,"Fold_02",4,0.1,4,1,0.8,0.8,0,25,43,0.161002434342383
"XGBoost","Repeat_09_Fold_02",9,"Fold_02",5,0.03,2,3,0.8,0.8,0,25,110,0.228061413553615
"XGBoost","Repeat_09_Fold_02",9,"Fold_02",6,0.1,2,3,0.8,0.8,0,25,48,0.267391099057232
"XGBoost","Repeat_09_Fold_02",9,"Fold_02",7,0.03,4,3,0.8,0.8,0,25,117,0.222709253448277
"XGBoost","Repeat_09_Fold_02",9,"Fold_02",8,0.1,4,3,0.8,0.8,0,25,49,0.207186243066994
"XGBoost","Repeat_09_Fold_03",9,"Fold_03",1,0.03,2,1,0.8,0.8,0,25,143,0.186778250033967
"XGBoost","Repeat_09_Fold_03",9,"Fold_03",2,0.1,2,1,0.8,0.8,0,25,126,0.19375547146662
"XGBoost","Repeat_09_Fold_03",9,"Fold_03",3,0.03,4,1,0.8,0.8,0,25,279,0.135634586604563
"XGBoost","Repeat_09_Fold_03",9,"Fold_03",4,0.1,4,1,0.8,0.8,0,25,61,0.117597593890073
"XGBoost","Repeat_09_Fold_03",9,"Fold_03",5,0.03,2,3,0.8,0.8,0,25,113,0.222091972810001
"XGBoost","Repeat_09_Fold_03",9,"Fold_03",6,0.1,2,3,0.8,0.8,0,25,44,0.250450345669658
"XGBoost","Repeat_09_Fold_03",9,"Fold_03",7,0.03,4,3,0.8,0.8,0,25,134,0.168601217321478
"XGBoost","Repeat_09_Fold_03",9,"Fold_03",8,0.1,4,3,0.8,0.8,0,25,54,0.143227740674495
"XGBoost","Repeat_09_Fold_04",9,"Fold_04",1,0.03,2,1,0.8,0.8,0,25,240,0.124118921174578
"XGBoost","Repeat_09_Fold_04",9,"Fold_04",2,0.1,2,1,0.8,0.8,0,25,62,0.206401393775685
"XGBoost","Repeat_09_Fold_04",9,"Fold_04",3,0.03,4,1,0.8,0.8,0,25,119,0.152813368996319
"XGBoost","Repeat_09_Fold_04",9,"Fold_04",4,0.1,4,1,0.8,0.8,0,25,74,0.183948850527836
"XGBoost","Repeat_09_Fold_04",9,"Fold_04",5,0.03,2,3,0.8,0.8,0,25,131,0.183322558161588
"XGBoost","Repeat_09_Fold_04",9,"Fold_04",6,0.1,2,3,0.8,0.8,0,25,70,0.22718984927409
"XGBoost","Repeat_09_Fold_04",9,"Fold_04",7,0.03,4,3,0.8,0.8,0,25,152,0.168614256947946
"XGBoost","Repeat_09_Fold_04",9,"Fold_04",8,0.1,4,3,0.8,0.8,0,25,45,0.149388520414225
"XGBoost","Repeat_09_Fold_05",9,"Fold_05",1,0.03,2,1,0.8,0.8,0,25,499,0.105252185843151
"XGBoost","Repeat_09_Fold_05",9,"Fold_05",2,0.1,2,1,0.8,0.8,0,25,74,0.148494807595853
"XGBoost","Repeat_09_Fold_05",9,"Fold_05",3,0.03,4,1,0.8,0.8,0,25,163,0.133415088747055
"XGBoost","Repeat_09_Fold_05",9,"Fold_05",4,0.1,4,1,0.8,0.8,0,25,81,0.122717376111093
"XGBoost","Repeat_09_Fold_05",9,"Fold_05",5,0.03,2,3,0.8,0.8,0,25,212,0.134663909852791
"XGBoost","Repeat_09_Fold_05",9,"Fold_05",6,0.1,2,3,0.8,0.8,0,25,69,0.215943139753878
"XGBoost","Repeat_09_Fold_05",9,"Fold_05",7,0.03,4,3,0.8,0.8,0,25,473,0.107682950337991
"XGBoost","Repeat_09_Fold_05",9,"Fold_05",8,0.1,4,3,0.8,0.8,0,25,203,0.177069603993844
"XGBoost","Repeat_10_Fold_01",10,"Fold_01",1,0.03,2,1,0.8,0.8,0,25,498,0.173968217983761
"XGBoost","Repeat_10_Fold_01",10,"Fold_01",2,0.1,2,1,0.8,0.8,0,25,151,0.229522811278002
"XGBoost","Repeat_10_Fold_01",10,"Fold_01",3,0.03,4,1,0.8,0.8,0,25,148,0.193785885044445
"XGBoost","Repeat_10_Fold_01",10,"Fold_01",4,0.1,4,1,0.8,0.8,0,25,50,0.161208929126867
"XGBoost","Repeat_10_Fold_01",10,"Fold_01",5,0.03,2,3,0.8,0.8,0,25,79,0.284234236424359
"XGBoost","Repeat_10_Fold_01",10,"Fold_01",6,0.1,2,3,0.8,0.8,0,25,207,0.207137358565188
"XGBoost","Repeat_10_Fold_01",10,"Fold_01",7,0.03,4,3,0.8,0.8,0,25,173,0.226817034274483
"XGBoost","Repeat_10_Fold_01",10,"Fold_01",8,0.1,4,3,0.8,0.8,0,25,67,0.21045776655396
"XGBoost","Repeat_10_Fold_02",10,"Fold_02",1,0.03,2,1,0.8,0.8,0,25,290,0.156546229339885
"XGBoost","Repeat_10_Fold_02",10,"Fold_02",2,0.1,2,1,0.8,0.8,0,25,61,0.19392253204625
"XGBoost","Repeat_10_Fold_02",10,"Fold_02",3,0.03,4,1,0.8,0.8,0,25,172,0.168336123604184
"XGBoost","Repeat_10_Fold_02",10,"Fold_02",4,0.1,4,1,0.8,0.8,0,25,53,0.157259760003609
"XGBoost","Repeat_10_Fold_02",10,"Fold_02",5,0.03,2,3,0.8,0.8,0,25,109,0.215866710345906
"XGBoost","Repeat_10_Fold_02",10,"Fold_02",6,0.1,2,3,0.8,0.8,0,25,94,0.219487642618613
"XGBoost","Repeat_10_Fold_02",10,"Fold_02",7,0.03,4,3,0.8,0.8,0,25,178,0.203171125577333
"XGBoost","Repeat_10_Fold_02",10,"Fold_02",8,0.1,4,3,0.8,0.8,0,25,39,0.219749665335537
"XGBoost","Repeat_10_Fold_03",10,"Fold_03",1,0.03,2,1,0.8,0.8,0,25,225,0.204482190673634
"XGBoost","Repeat_10_Fold_03",10,"Fold_03",2,0.1,2,1,0.8,0.8,0,25,37,0.213551823802006
"XGBoost","Repeat_10_Fold_03",10,"Fold_03",3,0.03,4,1,0.8,0.8,0,25,140,0.182615263315921
"XGBoost","Repeat_10_Fold_03",10,"Fold_03",4,0.1,4,1,0.8,0.8,0,25,84,0.163663083508324
"XGBoost","Repeat_10_Fold_03",10,"Fold_03",5,0.03,2,3,0.8,0.8,0,25,104,0.226598377626103
"XGBoost","Repeat_10_Fold_03",10,"Fold_03",6,0.1,2,3,0.8,0.8,0,25,47,0.290491126137427
"XGBoost","Repeat_10_Fold_03",10,"Fold_03",7,0.03,4,3,0.8,0.8,0,25,160,0.201207116873075
"XGBoost","Repeat_10_Fold_03",10,"Fold_03",8,0.1,4,3,0.8,0.8,0,25,48,0.20556986810138
"XGBoost","Repeat_10_Fold_04",10,"Fold_04",1,0.03,2,1,0.8,0.8,0,25,136,0.259942213010688
"XGBoost","Repeat_10_Fold_04",10,"Fold_04",2,0.1,2,1,0.8,0.8,0,25,32,0.276160671250322
"XGBoost","Repeat_10_Fold_04",10,"Fold_04",3,0.03,4,1,0.8,0.8,0,25,95,0.228127852118073
"XGBoost","Repeat_10_Fold_04",10,"Fold_04",4,0.1,4,1,0.8,0.8,0,25,25,0.236770756291942
"XGBoost","Repeat_10_Fold_04",10,"Fold_04",5,0.03,2,3,0.8,0.8,0,25,80,0.324834195180581
"XGBoost","Repeat_10_Fold_04",10,"Fold_04",6,0.1,2,3,0.8,0.8,0,25,46,0.374101201206661
"XGBoost","Repeat_10_Fold_04",10,"Fold_04",7,0.03,4,3,0.8,0.8,0,25,167,0.244090221410331
"XGBoost","Repeat_10_Fold_04",10,"Fold_04",8,0.1,4,3,0.8,0.8,0,25,30,0.218257970642298
"XGBoost","Repeat_10_Fold_05",10,"Fold_05",1,0.03,2,1,0.8,0.8,0,25,216,0.214796454462115
"XGBoost","Repeat_10_Fold_05",10,"Fold_05",2,0.1,2,1,0.8,0.8,0,25,64,0.222427967505959
"XGBoost","Repeat_10_Fold_05",10,"Fold_05",3,0.03,4,1,0.8,0.8,0,25,139,0.19400020089681
"XGBoost","Repeat_10_Fold_05",10,"Fold_05",4,0.1,4,1,0.8,0.8,0,25,81,0.205838947765117
"XGBoost","Repeat_10_Fold_05",10,"Fold_05",5,0.03,2,3,0.8,0.8,0,25,118,0.254836649150373
"XGBoost","Repeat_10_Fold_05",10,"Fold_05",6,0.1,2,3,0.8,0.8,0,25,43,0.25591386632564
"XGBoost","Repeat_10_Fold_05",10,"Fold_05",7,0.03,4,3,0.8,0.8,0,25,184,0.196402275809445
"XGBoost","Repeat_10_Fold_05",10,"Fold_05",8,0.1,4,3,0.8,0.8,0,25,70,0.252478504401202
"XGBoost","Repeat_11_Fold_01",11,"Fold_01",1,0.03,2,1,0.8,0.8,0,25,190,0.201422259766752
"XGBoost","Repeat_11_Fold_01",11,"Fold_01",2,0.1,2,1,0.8,0.8,0,25,220,0.219832275338166
"XGBoost","Repeat_11_Fold_01",11,"Fold_01",3,0.03,4,1,0.8,0.8,0,25,193,0.171059695376943
"XGBoost","Repeat_11_Fold_01",11,"Fold_01",4,0.1,4,1,0.8,0.8,0,25,44,0.259057107345703
"XGBoost","Repeat_11_Fold_01",11,"Fold_01",5,0.03,2,3,0.8,0.8,0,25,238,0.264384019152763
"XGBoost","Repeat_11_Fold_01",11,"Fold_01",6,0.1,2,3,0.8,0.8,0,25,35,0.246550215390296
"XGBoost","Repeat_11_Fold_01",11,"Fold_01",7,0.03,4,3,0.8,0.8,0,25,113,0.251517162747824
"XGBoost","Repeat_11_Fold_01",11,"Fold_01",8,0.1,4,3,0.8,0.8,0,25,56,0.223081157435305
"XGBoost","Repeat_11_Fold_02",11,"Fold_02",1,0.03,2,1,0.8,0.8,0,25,180,0.152617607189593
"XGBoost","Repeat_11_Fold_02",11,"Fold_02",2,0.1,2,1,0.8,0.8,0,25,86,0.238310819523087
"XGBoost","Repeat_11_Fold_02",11,"Fold_02",3,0.03,4,1,0.8,0.8,0,25,132,0.14167195941823
"XGBoost","Repeat_11_Fold_02",11,"Fold_02",4,0.1,4,1,0.8,0.8,0,25,43,0.179218856993919
"XGBoost","Repeat_11_Fold_02",11,"Fold_02",5,0.03,2,3,0.8,0.8,0,25,148,0.308221079427033
"XGBoost","Repeat_11_Fold_02",11,"Fold_02",6,0.1,2,3,0.8,0.8,0,25,49,0.221949858044704
"XGBoost","Repeat_11_Fold_02",11,"Fold_02",7,0.03,4,3,0.8,0.8,0,25,130,0.222488160674962
"XGBoost","Repeat_11_Fold_02",11,"Fold_02",8,0.1,4,3,0.8,0.8,0,25,41,0.232235069691132
"XGBoost","Repeat_11_Fold_03",11,"Fold_03",1,0.03,2,1,0.8,0.8,0,25,268,0.16610651163053
"XGBoost","Repeat_11_Fold_03",11,"Fold_03",2,0.1,2,1,0.8,0.8,0,25,152,0.251664946736687
"XGBoost","Repeat_11_Fold_03",11,"Fold_03",3,0.03,4,1,0.8,0.8,0,25,308,0.126347251930453
"XGBoost","Repeat_11_Fold_03",11,"Fold_03",4,0.1,4,1,0.8,0.8,0,25,79,0.113339219116964
"XGBoost","Repeat_11_Fold_03",11,"Fold_03",5,0.03,2,3,0.8,0.8,0,25,119,0.254750742308366
"XGBoost","Repeat_11_Fold_03",11,"Fold_03",6,0.1,2,3,0.8,0.8,0,25,80,0.227428483740928
"XGBoost","Repeat_11_Fold_03",11,"Fold_03",7,0.03,4,3,0.8,0.8,0,25,152,0.164109259037874
"XGBoost","Repeat_11_Fold_03",11,"Fold_03",8,0.1,4,3,0.8,0.8,0,25,35,0.197674266044767
"XGBoost","Repeat_11_Fold_04",11,"Fold_04",1,0.03,2,1,0.8,0.8,0,25,201,0.19583984556196
"XGBoost","Repeat_11_Fold_04",11,"Fold_04",2,0.1,2,1,0.8,0.8,0,25,69,0.214949895652423
"XGBoost","Repeat_11_Fold_04",11,"Fold_04",3,0.03,4,1,0.8,0.8,0,25,267,0.214178812034124
"XGBoost","Repeat_11_Fold_04",11,"Fold_04",4,0.1,4,1,0.8,0.8,0,25,85,0.152625654537517
"XGBoost","Repeat_11_Fold_04",11,"Fold_04",5,0.03,2,3,0.8,0.8,0,25,152,0.270432558967374
"XGBoost","Repeat_11_Fold_04",11,"Fold_04",6,0.1,2,3,0.8,0.8,0,25,34,0.241267210821836
"XGBoost","Repeat_11_Fold_04",11,"Fold_04",7,0.03,4,3,0.8,0.8,0,25,146,0.198294137765725
"XGBoost","Repeat_11_Fold_04",11,"Fold_04",8,0.1,4,3,0.8,0.8,0,25,46,0.206682012308962
"XGBoost","Repeat_11_Fold_05",11,"Fold_05",1,0.03,2,1,0.8,0.8,0,25,157,0.176010516391566
"XGBoost","Repeat_11_Fold_05",11,"Fold_05",2,0.1,2,1,0.8,0.8,0,25,86,0.249229538706669
"XGBoost","Repeat_11_Fold_05",11,"Fold_05",3,0.03,4,1,0.8,0.8,0,25,177,0.177636857341545
"XGBoost","Repeat_11_Fold_05",11,"Fold_05",4,0.1,4,1,0.8,0.8,0,25,75,0.155100954459228
"XGBoost","Repeat_11_Fold_05",11,"Fold_05",5,0.03,2,3,0.8,0.8,0,25,248,0.251996354405912
"XGBoost","Repeat_11_Fold_05",11,"Fold_05",6,0.1,2,3,0.8,0.8,0,25,58,0.187928367916566
"XGBoost","Repeat_11_Fold_05",11,"Fold_05",7,0.03,4,3,0.8,0.8,0,25,230,0.195615775811558
"XGBoost","Repeat_11_Fold_05",11,"Fold_05",8,0.1,4,3,0.8,0.8,0,25,34,0.205274464437165
"XGBoost","Repeat_12_Fold_01",12,"Fold_01",1,0.03,2,1,0.8,0.8,0,25,192,0.204056787761286
"XGBoost","Repeat_12_Fold_01",12,"Fold_01",2,0.1,2,1,0.8,0.8,0,25,82,0.170703022191167
"XGBoost","Repeat_12_Fold_01",12,"Fold_01",3,0.03,4,1,0.8,0.8,0,25,111,0.228907324821473
"XGBoost","Repeat_12_Fold_01",12,"Fold_01",4,0.1,4,1,0.8,0.8,0,25,39,0.234050498755935
"XGBoost","Repeat_12_Fold_01",12,"Fold_01",5,0.03,2,3,0.8,0.8,0,25,124,0.235967200643455
"XGBoost","Repeat_12_Fold_01",12,"Fold_01",6,0.1,2,3,0.8,0.8,0,25,24,0.295400442806287
"XGBoost","Repeat_12_Fold_01",12,"Fold_01",7,0.03,4,3,0.8,0.8,0,25,227,0.180847157688382
"XGBoost","Repeat_12_Fold_01",12,"Fold_01",8,0.1,4,3,0.8,0.8,0,25,75,0.177039949169669
"XGBoost","Repeat_12_Fold_02",12,"Fold_02",1,0.03,2,1,0.8,0.8,0,25,390,0.125834098724926
"XGBoost","Repeat_12_Fold_02",12,"Fold_02",2,0.1,2,1,0.8,0.8,0,25,71,0.155600895834281
"XGBoost","Repeat_12_Fold_02",12,"Fold_02",3,0.03,4,1,0.8,0.8,0,25,113,0.226466714207513
"XGBoost","Repeat_12_Fold_02",12,"Fold_02",4,0.1,4,1,0.8,0.8,0,25,37,0.182778135568906
"XGBoost","Repeat_12_Fold_02",12,"Fold_02",5,0.03,2,3,0.8,0.8,0,25,185,0.202221720667484
"XGBoost","Repeat_12_Fold_02",12,"Fold_02",6,0.1,2,3,0.8,0.8,0,25,107,0.191539188726053
"XGBoost","Repeat_12_Fold_02",12,"Fold_02",7,0.03,4,3,0.8,0.8,0,25,137,0.233937243465334
"XGBoost","Repeat_12_Fold_02",12,"Fold_02",8,0.1,4,3,0.8,0.8,0,25,162,0.173322566274482
"XGBoost","Repeat_12_Fold_03",12,"Fold_03",1,0.03,2,1,0.8,0.8,0,25,197,0.213520836358209
"XGBoost","Repeat_12_Fold_03",12,"Fold_03",2,0.1,2,1,0.8,0.8,0,25,46,0.184341366810258
"XGBoost","Repeat_12_Fold_03",12,"Fold_03",3,0.03,4,1,0.8,0.8,0,25,138,0.16703540193311
"XGBoost","Repeat_12_Fold_03",12,"Fold_03",4,0.1,4,1,0.8,0.8,0,25,38,0.168982985841397
"XGBoost","Repeat_12_Fold_03",12,"Fold_03",5,0.03,2,3,0.8,0.8,0,25,133,0.242848123620766
"XGBoost","Repeat_12_Fold_03",12,"Fold_03",6,0.1,2,3,0.8,0.8,0,25,133,0.19974254617969
"XGBoost","Repeat_12_Fold_03",12,"Fold_03",7,0.03,4,3,0.8,0.8,0,25,125,0.207152696648756
"XGBoost","Repeat_12_Fold_03",12,"Fold_03",8,0.1,4,3,0.8,0.8,0,25,81,0.207056953768747
"XGBoost","Repeat_12_Fold_04",12,"Fold_04",1,0.03,2,1,0.8,0.8,0,25,239,0.234858098674942
"XGBoost","Repeat_12_Fold_04",12,"Fold_04",2,0.1,2,1,0.8,0.8,0,25,48,0.185783911384463
"XGBoost","Repeat_12_Fold_04",12,"Fold_04",3,0.03,4,1,0.8,0.8,0,25,125,0.244026754248457
"XGBoost","Repeat_12_Fold_04",12,"Fold_04",4,0.1,4,1,0.8,0.8,0,25,36,0.220714351574246
"XGBoost","Repeat_12_Fold_04",12,"Fold_04",5,0.03,2,3,0.8,0.8,0,25,205,0.214980535227089
"XGBoost","Repeat_12_Fold_04",12,"Fold_04",6,0.1,2,3,0.8,0.8,0,25,40,0.229271747288294
"XGBoost","Repeat_12_Fold_04",12,"Fold_04",7,0.03,4,3,0.8,0.8,0,25,124,0.206951518166954
"XGBoost","Repeat_12_Fold_04",12,"Fold_04",8,0.1,4,3,0.8,0.8,0,25,75,0.205463532188263
"XGBoost","Repeat_12_Fold_05",12,"Fold_05",1,0.03,2,1,0.8,0.8,0,25,114,0.249100733029011
"XGBoost","Repeat_12_Fold_05",12,"Fold_05",2,0.1,2,1,0.8,0.8,0,25,91,0.151965470878237
"XGBoost","Repeat_12_Fold_05",12,"Fold_05",3,0.03,4,1,0.8,0.8,0,25,165,0.203185548316329
"XGBoost","Repeat_12_Fold_05",12,"Fold_05",4,0.1,4,1,0.8,0.8,0,25,33,0.203363095266888
"XGBoost","Repeat_12_Fold_05",12,"Fold_05",5,0.03,2,3,0.8,0.8,0,25,218,0.166537750198936
"XGBoost","Repeat_12_Fold_05",12,"Fold_05",6,0.1,2,3,0.8,0.8,0,25,56,0.207504602990901
"XGBoost","Repeat_12_Fold_05",12,"Fold_05",7,0.03,4,3,0.8,0.8,0,25,148,0.19110365684789
"XGBoost","Repeat_12_Fold_05",12,"Fold_05",8,0.1,4,3,0.8,0.8,0,25,72,0.21803355944128
"XGBoost","Repeat_13_Fold_01",13,"Fold_01",1,0.03,2,1,0.8,0.8,0,25,142,0.15715066206534
"XGBoost","Repeat_13_Fold_01",13,"Fold_01",2,0.1,2,1,0.8,0.8,0,25,178,0.150201881696166
"XGBoost","Repeat_13_Fold_01",13,"Fold_01",3,0.03,4,1,0.8,0.8,0,25,103,0.186026665489548
"XGBoost","Repeat_13_Fold_01",13,"Fold_01",4,0.1,4,1,0.8,0.8,0,25,42,0.148431551588986
"XGBoost","Repeat_13_Fold_01",13,"Fold_01",5,0.03,2,3,0.8,0.8,0,25,111,0.2131023580889
"XGBoost","Repeat_13_Fold_01",13,"Fold_01",6,0.1,2,3,0.8,0.8,0,25,94,0.195919372808511
"XGBoost","Repeat_13_Fold_01",13,"Fold_01",7,0.03,4,3,0.8,0.8,0,25,197,0.180132399348972
"XGBoost","Repeat_13_Fold_01",13,"Fold_01",8,0.1,4,3,0.8,0.8,0,25,53,0.214941404168852
"XGBoost","Repeat_13_Fold_02",13,"Fold_02",1,0.03,2,1,0.8,0.8,0,25,201,0.199307888907452
"XGBoost","Repeat_13_Fold_02",13,"Fold_02",2,0.1,2,1,0.8,0.8,0,25,40,0.238321903466175
"XGBoost","Repeat_13_Fold_02",13,"Fold_02",3,0.03,4,1,0.8,0.8,0,25,127,0.196822554571554
"XGBoost","Repeat_13_Fold_02",13,"Fold_02",4,0.1,4,1,0.8,0.8,0,25,55,0.138496768557861
"XGBoost","Repeat_13_Fold_02",13,"Fold_02",5,0.03,2,3,0.8,0.8,0,25,122,0.180311958484638
"XGBoost","Repeat_13_Fold_02",13,"Fold_02",6,0.1,2,3,0.8,0.8,0,25,92,0.177540622588892
"XGBoost","Repeat_13_Fold_02",13,"Fold_02",7,0.03,4,3,0.8,0.8,0,25,118,0.21314354122688
"XGBoost","Repeat_13_Fold_02",13,"Fold_02",8,0.1,4,3,0.8,0.8,0,25,35,0.217402263311669
"XGBoost","Repeat_13_Fold_03",13,"Fold_03",1,0.03,2,1,0.8,0.8,0,25,302,0.164959361024487
"XGBoost","Repeat_13_Fold_03",13,"Fold_03",2,0.1,2,1,0.8,0.8,0,25,27,0.278575761351161
"XGBoost","Repeat_13_Fold_03",13,"Fold_03",3,0.03,4,1,0.8,0.8,0,25,151,0.162235350446561
"XGBoost","Repeat_13_Fold_03",13,"Fold_03",4,0.1,4,1,0.8,0.8,0,25,48,0.183860157885087
"XGBoost","Repeat_13_Fold_03",13,"Fold_03",5,0.03,2,3,0.8,0.8,0,25,333,0.16709346011675
"XGBoost","Repeat_13_Fold_03",13,"Fold_03",6,0.1,2,3,0.8,0.8,0,25,39,0.249221848180661
"XGBoost","Repeat_13_Fold_03",13,"Fold_03",7,0.03,4,3,0.8,0.8,0,25,120,0.228476347634569
"XGBoost","Repeat_13_Fold_03",13,"Fold_03",8,0.1,4,3,0.8,0.8,0,25,66,0.194635354242144
"XGBoost","Repeat_13_Fold_04",13,"Fold_04",1,0.03,2,1,0.8,0.8,0,25,191,0.187738962614766
"XGBoost","Repeat_13_Fold_04",13,"Fold_04",2,0.1,2,1,0.8,0.8,0,25,107,0.187592374034396
"XGBoost","Repeat_13_Fold_04",13,"Fold_04",3,0.03,4,1,0.8,0.8,0,25,277,0.132749397115101
"XGBoost","Repeat_13_Fold_04",13,"Fold_04",4,0.1,4,1,0.8,0.8,0,25,43,0.191404647068479
"XGBoost","Repeat_13_Fold_04",13,"Fold_04",5,0.03,2,3,0.8,0.8,0,25,114,0.197269325950541
"XGBoost","Repeat_13_Fold_04",13,"Fold_04",6,0.1,2,3,0.8,0.8,0,25,53,0.256047147164981
"XGBoost","Repeat_13_Fold_04",13,"Fold_04",7,0.03,4,3,0.8,0.8,0,25,169,0.215278032880563
"XGBoost","Repeat_13_Fold_04",13,"Fold_04",8,0.1,4,3,0.8,0.8,0,25,58,0.204561391522965
"XGBoost","Repeat_13_Fold_05",13,"Fold_05",1,0.03,2,1,0.8,0.8,0,25,162,0.166178539422197
"XGBoost","Repeat_13_Fold_05",13,"Fold_05",2,0.1,2,1,0.8,0.8,0,25,82,0.194178492408425
"XGBoost","Repeat_13_Fold_05",13,"Fold_05",3,0.03,4,1,0.8,0.8,0,25,98,0.273463625711604
"XGBoost","Repeat_13_Fold_05",13,"Fold_05",4,0.1,4,1,0.8,0.8,0,25,44,0.175804808234366
"XGBoost","Repeat_13_Fold_05",13,"Fold_05",5,0.03,2,3,0.8,0.8,0,25,125,0.178972331556277
"XGBoost","Repeat_13_Fold_05",13,"Fold_05",6,0.1,2,3,0.8,0.8,0,25,53,0.207240973258964
"XGBoost","Repeat_13_Fold_05",13,"Fold_05",7,0.03,4,3,0.8,0.8,0,25,152,0.210948324619004
"XGBoost","Repeat_13_Fold_05",13,"Fold_05",8,0.1,4,3,0.8,0.8,0,25,34,0.18876049746401
"XGBoost","Repeat_14_Fold_01",14,"Fold_01",1,0.03,2,1,0.8,0.8,0,25,498,0.217632000245011
"XGBoost","Repeat_14_Fold_01",14,"Fold_01",2,0.1,2,1,0.8,0.8,0,25,65,0.19115862151375
"XGBoost","Repeat_14_Fold_01",14,"Fold_01",3,0.03,4,1,0.8,0.8,0,25,192,0.186798182069861
"XGBoost","Repeat_14_Fold_01",14,"Fold_01",4,0.1,4,1,0.8,0.8,0,25,30,0.238152475185836
"XGBoost","Repeat_14_Fold_01",14,"Fold_01",5,0.03,2,3,0.8,0.8,0,25,335,0.200945857746634
"XGBoost","Repeat_14_Fold_01",14,"Fold_01",6,0.1,2,3,0.8,0.8,0,25,40,0.245537428633095
"XGBoost","Repeat_14_Fold_01",14,"Fold_01",7,0.03,4,3,0.8,0.8,0,25,182,0.251860290729942
"XGBoost","Repeat_14_Fold_01",14,"Fold_01",8,0.1,4,3,0.8,0.8,0,25,86,0.288187825192626
"XGBoost","Repeat_14_Fold_02",14,"Fold_02",1,0.03,2,1,0.8,0.8,0,25,241,0.241630165089961
"XGBoost","Repeat_14_Fold_02",14,"Fold_02",2,0.1,2,1,0.8,0.8,0,25,49,0.206022543474459
"XGBoost","Repeat_14_Fold_02",14,"Fold_02",3,0.03,4,1,0.8,0.8,0,25,264,0.1879642731331
"XGBoost","Repeat_14_Fold_02",14,"Fold_02",4,0.1,4,1,0.8,0.8,0,25,27,0.257627190842938
"XGBoost","Repeat_14_Fold_02",14,"Fold_02",5,0.03,2,3,0.8,0.8,0,25,129,0.234809699772785
"XGBoost","Repeat_14_Fold_02",14,"Fold_02",6,0.1,2,3,0.8,0.8,0,25,59,0.206403422545498
"XGBoost","Repeat_14_Fold_02",14,"Fold_02",7,0.03,4,3,0.8,0.8,0,25,133,0.190354322065384
"XGBoost","Repeat_14_Fold_02",14,"Fold_02",8,0.1,4,3,0.8,0.8,0,25,209,0.171517950514009
"XGBoost","Repeat_14_Fold_03",14,"Fold_03",1,0.03,2,1,0.8,0.8,0,25,103,0.343153914472518
"XGBoost","Repeat_14_Fold_03",14,"Fold_03",2,0.1,2,1,0.8,0.8,0,25,52,0.201977958517651
"XGBoost","Repeat_14_Fold_03",14,"Fold_03",3,0.03,4,1,0.8,0.8,0,25,92,0.276638382633861
"XGBoost","Repeat_14_Fold_03",14,"Fold_03",4,0.1,4,1,0.8,0.8,0,25,30,0.287324399347059
"XGBoost","Repeat_14_Fold_03",14,"Fold_03",5,0.03,2,3,0.8,0.8,0,25,135,0.268638135793691
"XGBoost","Repeat_14_Fold_03",14,"Fold_03",6,0.1,2,3,0.8,0.8,0,25,56,0.196346454268608
"XGBoost","Repeat_14_Fold_03",14,"Fold_03",7,0.03,4,3,0.8,0.8,0,25,107,0.214677017665683
"XGBoost","Repeat_14_Fold_03",14,"Fold_03",8,0.1,4,3,0.8,0.8,0,25,61,0.2663348931461
"XGBoost","Repeat_14_Fold_04",14,"Fold_04",1,0.03,2,1,0.8,0.8,0,25,293,0.232446058044353
"XGBoost","Repeat_14_Fold_04",14,"Fold_04",2,0.1,2,1,0.8,0.8,0,25,46,0.208859662673114
"XGBoost","Repeat_14_Fold_04",14,"Fold_04",3,0.03,4,1,0.8,0.8,0,25,249,0.183268839385934
"XGBoost","Repeat_14_Fold_04",14,"Fold_04",4,0.1,4,1,0.8,0.8,0,25,30,0.272546131486216
"XGBoost","Repeat_14_Fold_04",14,"Fold_04",5,0.03,2,3,0.8,0.8,0,25,235,0.169440125079396
"XGBoost","Repeat_14_Fold_04",14,"Fold_04",6,0.1,2,3,0.8,0.8,0,25,49,0.179552221993128
"XGBoost","Repeat_14_Fold_04",14,"Fold_04",7,0.03,4,3,0.8,0.8,0,25,126,0.171492488732418
"XGBoost","Repeat_14_Fold_04",14,"Fold_04",8,0.1,4,3,0.8,0.8,0,25,39,0.227316201574957
"XGBoost","Repeat_14_Fold_05",14,"Fold_05",1,0.03,2,1,0.8,0.8,0,25,289,0.269696859532045
"XGBoost","Repeat_14_Fold_05",14,"Fold_05",2,0.1,2,1,0.8,0.8,0,25,86,0.215738320472435
"XGBoost","Repeat_14_Fold_05",14,"Fold_05",3,0.03,4,1,0.8,0.8,0,25,139,0.239856294580162
"XGBoost","Repeat_14_Fold_05",14,"Fold_05",4,0.1,4,1,0.8,0.8,0,25,32,0.292197709097169
"XGBoost","Repeat_14_Fold_05",14,"Fold_05",5,0.03,2,3,0.8,0.8,0,25,387,0.164257020425374
"XGBoost","Repeat_14_Fold_05",14,"Fold_05",6,0.1,2,3,0.8,0.8,0,25,108,0.182101167487697
"XGBoost","Repeat_14_Fold_05",14,"Fold_05",7,0.03,4,3,0.8,0.8,0,25,123,0.265263656888587
"XGBoost","Repeat_14_Fold_05",14,"Fold_05",8,0.1,4,3,0.8,0.8,0,25,77,0.272861086727621
"XGBoost","Repeat_15_Fold_01",15,"Fold_01",1,0.03,2,1,0.8,0.8,0,25,152,0.153235077866926
"XGBoost","Repeat_15_Fold_01",15,"Fold_01",2,0.1,2,1,0.8,0.8,0,25,100,0.126293781750764
"XGBoost","Repeat_15_Fold_01",15,"Fold_01",3,0.03,4,1,0.8,0.8,0,25,187,0.21734120950658
"XGBoost","Repeat_15_Fold_01",15,"Fold_01",4,0.1,4,1,0.8,0.8,0,25,55,0.232332608796871
"XGBoost","Repeat_15_Fold_01",15,"Fold_01",5,0.03,2,3,0.8,0.8,0,25,148,0.211336899441309
"XGBoost","Repeat_15_Fold_01",15,"Fold_01",6,0.1,2,3,0.8,0.8,0,25,59,0.242089244178854
"XGBoost","Repeat_15_Fold_01",15,"Fold_01",7,0.03,4,3,0.8,0.8,0,25,132,0.278131270781159
"XGBoost","Repeat_15_Fold_01",15,"Fold_01",8,0.1,4,3,0.8,0.8,0,25,29,0.282807368892603
"XGBoost","Repeat_15_Fold_02",15,"Fold_02",1,0.03,2,1,0.8,0.8,0,25,176,0.139294660484526
"XGBoost","Repeat_15_Fold_02",15,"Fold_02",2,0.1,2,1,0.8,0.8,0,25,76,0.14208331539815
"XGBoost","Repeat_15_Fold_02",15,"Fold_02",3,0.03,4,1,0.8,0.8,0,25,345,0.110392409748434
"XGBoost","Repeat_15_Fold_02",15,"Fold_02",4,0.1,4,1,0.8,0.8,0,25,89,0.205641625563238
"XGBoost","Repeat_15_Fold_02",15,"Fold_02",5,0.03,2,3,0.8,0.8,0,25,192,0.161041034797493
"XGBoost","Repeat_15_Fold_02",15,"Fold_02",6,0.1,2,3,0.8,0.8,0,25,151,0.149426130989853
"XGBoost","Repeat_15_Fold_02",15,"Fold_02",7,0.03,4,3,0.8,0.8,0,25,179,0.233557631637758
"XGBoost","Repeat_15_Fold_02",15,"Fold_02",8,0.1,4,3,0.8,0.8,0,25,48,0.194455789205117
"XGBoost","Repeat_15_Fold_03",15,"Fold_03",1,0.03,2,1,0.8,0.8,0,25,199,0.18189415625798
"XGBoost","Repeat_15_Fold_03",15,"Fold_03",2,0.1,2,1,0.8,0.8,0,25,60,0.169297125593473
"XGBoost","Repeat_15_Fold_03",15,"Fold_03",3,0.03,4,1,0.8,0.8,0,25,122,0.204191407511154
"XGBoost","Repeat_15_Fold_03",15,"Fold_03",4,0.1,4,1,0.8,0.8,0,25,65,0.211579788521004
"XGBoost","Repeat_15_Fold_03",15,"Fold_03",5,0.03,2,3,0.8,0.8,0,25,118,0.178786673153249
"XGBoost","Repeat_15_Fold_03",15,"Fold_03",6,0.1,2,3,0.8,0.8,0,25,111,0.198604260508616
"XGBoost","Repeat_15_Fold_03",15,"Fold_03",7,0.03,4,3,0.8,0.8,0,25,133,0.217167168246725
"XGBoost","Repeat_15_Fold_03",15,"Fold_03",8,0.1,4,3,0.8,0.8,0,25,79,0.170527047388112
"XGBoost","Repeat_15_Fold_04",15,"Fold_04",1,0.03,2,1,0.8,0.8,0,25,201,0.114919340287228
"XGBoost","Repeat_15_Fold_04",15,"Fold_04",2,0.1,2,1,0.8,0.8,0,25,94,0.169203657327811
"XGBoost","Repeat_15_Fold_04",15,"Fold_04",3,0.03,4,1,0.8,0.8,0,25,260,0.112121380113352
"XGBoost","Repeat_15_Fold_04",15,"Fold_04",4,0.1,4,1,0.8,0.8,0,25,112,0.191921329602617
"XGBoost","Repeat_15_Fold_04",15,"Fold_04",5,0.03,2,3,0.8,0.8,0,25,129,0.145969190670607
"XGBoost","Repeat_15_Fold_04",15,"Fold_04",6,0.1,2,3,0.8,0.8,0,25,63,0.147337408405012
"XGBoost","Repeat_15_Fold_04",15,"Fold_04",7,0.03,4,3,0.8,0.8,0,25,159,0.18961437444131
"XGBoost","Repeat_15_Fold_04",15,"Fold_04",8,0.1,4,3,0.8,0.8,0,25,38,0.184279513222953
"XGBoost","Repeat_15_Fold_05",15,"Fold_05",1,0.03,2,1,0.8,0.8,0,25,115,0.237860654910597
"XGBoost","Repeat_15_Fold_05",15,"Fold_05",2,0.1,2,1,0.8,0.8,0,25,38,0.181611230005868
"XGBoost","Repeat_15_Fold_05",15,"Fold_05",3,0.03,4,1,0.8,0.8,0,25,174,0.231129846652038
"XGBoost","Repeat_15_Fold_05",15,"Fold_05",4,0.1,4,1,0.8,0.8,0,25,49,0.2116184728041
"XGBoost","Repeat_15_Fold_05",15,"Fold_05",5,0.03,2,3,0.8,0.8,0,25,137,0.181823327779197
"XGBoost","Repeat_15_Fold_05",15,"Fold_05",6,0.1,2,3,0.8,0.8,0,25,50,0.234763122969665
"XGBoost","Repeat_15_Fold_05",15,"Fold_05",7,0.03,4,3,0.8,0.8,0,25,200,0.252197262571337
"XGBoost","Repeat_15_Fold_05",15,"Fold_05",8,0.1,4,3,0.8,0.8,0,25,101,0.152077121391463
"XGBoost","Repeat_16_Fold_01",16,"Fold_01",1,0.03,2,1,0.8,0.8,0,25,219,0.216349496183774
"XGBoost","Repeat_16_Fold_01",16,"Fold_01",2,0.1,2,1,0.8,0.8,0,25,67,0.193741386597349
"XGBoost","Repeat_16_Fold_01",16,"Fold_01",3,0.03,4,1,0.8,0.8,0,25,217,0.18429185707534
"XGBoost","Repeat_16_Fold_01",16,"Fold_01",4,0.1,4,1,0.8,0.8,0,25,34,0.201907127647876
"XGBoost","Repeat_16_Fold_01",16,"Fold_01",5,0.03,2,3,0.8,0.8,0,25,137,0.196967413523593
"XGBoost","Repeat_16_Fold_01",16,"Fold_01",6,0.1,2,3,0.8,0.8,0,25,38,0.24561285168434
"XGBoost","Repeat_16_Fold_01",16,"Fold_01",7,0.03,4,3,0.8,0.8,0,25,97,0.219084257045044
"XGBoost","Repeat_16_Fold_01",16,"Fold_01",8,0.1,4,3,0.8,0.8,0,25,39,0.192476813162032
"XGBoost","Repeat_16_Fold_02",16,"Fold_02",1,0.03,2,1,0.8,0.8,0,25,260,0.133819037423774
"XGBoost","Repeat_16_Fold_02",16,"Fold_02",2,0.1,2,1,0.8,0.8,0,25,52,0.163836049739845
"XGBoost","Repeat_16_Fold_02",16,"Fold_02",3,0.03,4,1,0.8,0.8,0,25,191,0.161100258079107
"XGBoost","Repeat_16_Fold_02",16,"Fold_02",4,0.1,4,1,0.8,0.8,0,25,50,0.1680942966352
"XGBoost","Repeat_16_Fold_02",16,"Fold_02",5,0.03,2,3,0.8,0.8,0,25,136,0.188645533626326
"XGBoost","Repeat_16_Fold_02",16,"Fold_02",6,0.1,2,3,0.8,0.8,0,25,58,0.241405933781957
"XGBoost","Repeat_16_Fold_02",16,"Fold_02",7,0.03,4,3,0.8,0.8,0,25,106,0.212327464071747
"XGBoost","Repeat_16_Fold_02",16,"Fold_02",8,0.1,4,3,0.8,0.8,0,25,47,0.162955765182582
"XGBoost","Repeat_16_Fold_03",16,"Fold_03",1,0.03,2,1,0.8,0.8,0,25,268,0.120960299059964
"XGBoost","Repeat_16_Fold_03",16,"Fold_03",2,0.1,2,1,0.8,0.8,0,25,104,0.0924961357220757
"XGBoost","Repeat_16_Fold_03",16,"Fold_03",3,0.03,4,1,0.8,0.8,0,25,247,0.157426784056812
"XGBoost","Repeat_16_Fold_03",16,"Fold_03",4,0.1,4,1,0.8,0.8,0,25,64,0.0961328556340259
"XGBoost","Repeat_16_Fold_03",16,"Fold_03",5,0.03,2,3,0.8,0.8,0,25,218,0.14860048573106
"XGBoost","Repeat_16_Fold_03",16,"Fold_03",6,0.1,2,3,0.8,0.8,0,25,44,0.140432779569752
"XGBoost","Repeat_16_Fold_03",16,"Fold_03",7,0.03,4,3,0.8,0.8,0,25,241,0.12394363207456
"XGBoost","Repeat_16_Fold_03",16,"Fold_03",8,0.1,4,3,0.8,0.8,0,25,81,0.100117879516732
"XGBoost","Repeat_16_Fold_04",16,"Fold_04",1,0.03,2,1,0.8,0.8,0,25,122,0.237087225451922
"XGBoost","Repeat_16_Fold_04",16,"Fold_04",2,0.1,2,1,0.8,0.8,0,25,53,0.172564939631579
"XGBoost","Repeat_16_Fold_04",16,"Fold_04",3,0.03,4,1,0.8,0.8,0,25,115,0.229168944687654
"XGBoost","Repeat_16_Fold_04",16,"Fold_04",4,0.1,4,1,0.8,0.8,0,25,34,0.210081062118451
"XGBoost","Repeat_16_Fold_04",16,"Fold_04",5,0.03,2,3,0.8,0.8,0,25,143,0.168938356666611
"XGBoost","Repeat_16_Fold_04",16,"Fold_04",6,0.1,2,3,0.8,0.8,0,25,56,0.229683843244297
"XGBoost","Repeat_16_Fold_04",16,"Fold_04",7,0.03,4,3,0.8,0.8,0,25,164,0.187680153516479
"XGBoost","Repeat_16_Fold_04",16,"Fold_04",8,0.1,4,3,0.8,0.8,0,25,58,0.211755270415989
"XGBoost","Repeat_16_Fold_05",16,"Fold_05",1,0.03,2,1,0.8,0.8,0,25,298,0.102154206688283
"XGBoost","Repeat_16_Fold_05",16,"Fold_05",2,0.1,2,1,0.8,0.8,0,25,113,0.0669954132485705
"XGBoost","Repeat_16_Fold_05",16,"Fold_05",3,0.03,4,1,0.8,0.8,0,25,220,0.128195634971444
"XGBoost","Repeat_16_Fold_05",16,"Fold_05",4,0.1,4,1,0.8,0.8,0,25,187,0.100689998167442
"XGBoost","Repeat_16_Fold_05",16,"Fold_05",5,0.03,2,3,0.8,0.8,0,25,205,0.133573714769087
"XGBoost","Repeat_16_Fold_05",16,"Fold_05",6,0.1,2,3,0.8,0.8,0,25,41,0.166169939150747
"XGBoost","Repeat_16_Fold_05",16,"Fold_05",7,0.03,4,3,0.8,0.8,0,25,221,0.120563235214482
"XGBoost","Repeat_16_Fold_05",16,"Fold_05",8,0.1,4,3,0.8,0.8,0,25,42,0.135293540276157
"XGBoost","Repeat_17_Fold_01",17,"Fold_01",1,0.03,2,1,0.8,0.8,0,25,144,0.197429581482608
"XGBoost","Repeat_17_Fold_01",17,"Fold_01",2,0.1,2,1,0.8,0.8,0,25,58,0.226198304229631
"XGBoost","Repeat_17_Fold_01",17,"Fold_01",3,0.03,4,1,0.8,0.8,0,25,189,0.242333670361684
"XGBoost","Repeat_17_Fold_01",17,"Fold_01",4,0.1,4,1,0.8,0.8,0,25,100,0.265801611681057
"XGBoost","Repeat_17_Fold_01",17,"Fold_01",5,0.03,2,3,0.8,0.8,0,25,119,0.216772176235771
"XGBoost","Repeat_17_Fold_01",17,"Fold_01",6,0.1,2,3,0.8,0.8,0,25,71,0.242255928523194
"XGBoost","Repeat_17_Fold_01",17,"Fold_01",7,0.03,4,3,0.8,0.8,0,25,111,0.200968506047502
"XGBoost","Repeat_17_Fold_01",17,"Fold_01",8,0.1,4,3,0.8,0.8,0,25,76,0.198269719920623
"XGBoost","Repeat_17_Fold_02",17,"Fold_02",1,0.03,2,1,0.8,0.8,0,25,130,0.229830021038651
"XGBoost","Repeat_17_Fold_02",17,"Fold_02",2,0.1,2,1,0.8,0.8,0,25,73,0.141774757335392
"XGBoost","Repeat_17_Fold_02",17,"Fold_02",3,0.03,4,1,0.8,0.8,0,25,120,0.200039566225874
"XGBoost","Repeat_17_Fold_02",17,"Fold_02",4,0.1,4,1,0.8,0.8,0,25,35,0.208005869546189
"XGBoost","Repeat_17_Fold_02",17,"Fold_02",5,0.03,2,3,0.8,0.8,0,25,146,0.20496352803177
"XGBoost","Repeat_17_Fold_02",17,"Fold_02",6,0.1,2,3,0.8,0.8,0,25,41,0.208144801633003
"XGBoost","Repeat_17_Fold_02",17,"Fold_02",7,0.03,4,3,0.8,0.8,0,25,148,0.186560943060053
"XGBoost","Repeat_17_Fold_02",17,"Fold_02",8,0.1,4,3,0.8,0.8,0,25,87,0.174842384670718
"XGBoost","Repeat_17_Fold_03",17,"Fold_03",1,0.03,2,1,0.8,0.8,0,25,163,0.232555453970025
"XGBoost","Repeat_17_Fold_03",17,"Fold_03",2,0.1,2,1,0.8,0.8,0,25,101,0.164622923867473
"XGBoost","Repeat_17_Fold_03",17,"Fold_03",3,0.03,4,1,0.8,0.8,0,25,127,0.180352656170726
"XGBoost","Repeat_17_Fold_03",17,"Fold_03",4,0.1,4,1,0.8,0.8,0,25,36,0.200851583656353
"XGBoost","Repeat_17_Fold_03",17,"Fold_03",5,0.03,2,3,0.8,0.8,0,25,315,0.186311028745527
"XGBoost","Repeat_17_Fold_03",17,"Fold_03",6,0.1,2,3,0.8,0.8,0,25,51,0.184758595808839
"XGBoost","Repeat_17_Fold_03",17,"Fold_03",7,0.03,4,3,0.8,0.8,0,25,181,0.211632314800786
"XGBoost","Repeat_17_Fold_03",17,"Fold_03",8,0.1,4,3,0.8,0.8,0,25,134,0.181282867525274
"XGBoost","Repeat_17_Fold_04",17,"Fold_04",1,0.03,2,1,0.8,0.8,0,25,126,0.228535186150111
"XGBoost","Repeat_17_Fold_04",17,"Fold_04",2,0.1,2,1,0.8,0.8,0,25,65,0.182140972937654
"XGBoost","Repeat_17_Fold_04",17,"Fold_04",3,0.03,4,1,0.8,0.8,0,25,202,0.196408901556144
"XGBoost","Repeat_17_Fold_04",17,"Fold_04",4,0.1,4,1,0.8,0.8,0,25,125,0.209064976831612
"XGBoost","Repeat_17_Fold_04",17,"Fold_04",5,0.03,2,3,0.8,0.8,0,25,166,0.245530653628521
"XGBoost","Repeat_17_Fold_04",17,"Fold_04",6,0.1,2,3,0.8,0.8,0,25,54,0.193291528831021
"XGBoost","Repeat_17_Fold_04",17,"Fold_04",7,0.03,4,3,0.8,0.8,0,25,244,0.199980762867758
"XGBoost","Repeat_17_Fold_04",17,"Fold_04",8,0.1,4,3,0.8,0.8,0,25,36,0.16855429386935
"XGBoost","Repeat_17_Fold_05",17,"Fold_05",1,0.03,2,1,0.8,0.8,0,25,210,0.151755056999928
"XGBoost","Repeat_17_Fold_05",17,"Fold_05",2,0.1,2,1,0.8,0.8,0,25,56,0.239641389299112
"XGBoost","Repeat_17_Fold_05",17,"Fold_05",3,0.03,4,1,0.8,0.8,0,25,98,0.248810028191656
"XGBoost","Repeat_17_Fold_05",17,"Fold_05",4,0.1,4,1,0.8,0.8,0,25,178,0.168766378041115
"XGBoost","Repeat_17_Fold_05",17,"Fold_05",5,0.03,2,3,0.8,0.8,0,25,359,0.184239921728686
"XGBoost","Repeat_17_Fold_05",17,"Fold_05",6,0.1,2,3,0.8,0.8,0,25,70,0.150936671219265
"XGBoost","Repeat_17_Fold_05",17,"Fold_05",7,0.03,4,3,0.8,0.8,0,25,262,0.194233611772338
"XGBoost","Repeat_17_Fold_05",17,"Fold_05",8,0.1,4,3,0.8,0.8,0,25,85,0.177500171971937
"XGBoost","Repeat_18_Fold_01",18,"Fold_01",1,0.03,2,1,0.8,0.8,0,25,104,0.284934112766328
"XGBoost","Repeat_18_Fold_01",18,"Fold_01",2,0.1,2,1,0.8,0.8,0,25,45,0.215087179157238
"XGBoost","Repeat_18_Fold_01",18,"Fold_01",3,0.03,4,1,0.8,0.8,0,25,219,0.23184520518855
"XGBoost","Repeat_18_Fold_01",18,"Fold_01",4,0.1,4,1,0.8,0.8,0,25,31,0.257754938497853
"XGBoost","Repeat_18_Fold_01",18,"Fold_01",5,0.03,2,3,0.8,0.8,0,25,134,0.284969001417406
"XGBoost","Repeat_18_Fold_01",18,"Fold_01",6,0.1,2,3,0.8,0.8,0,25,49,0.20499645313248
"XGBoost","Repeat_18_Fold_01",18,"Fold_01",7,0.03,4,3,0.8,0.8,0,25,99,0.242227050583236
"XGBoost","Repeat_18_Fold_01",18,"Fold_01",8,0.1,4,3,0.8,0.8,0,25,47,0.213174975244328
"XGBoost","Repeat_18_Fold_02",18,"Fold_02",1,0.03,2,1,0.8,0.8,0,25,323,0.254988757299053
"XGBoost","Repeat_18_Fold_02",18,"Fold_02",2,0.1,2,1,0.8,0.8,0,25,124,0.265632575628563
"XGBoost","Repeat_18_Fold_02",18,"Fold_02",3,0.03,4,1,0.8,0.8,0,25,117,0.206820119691726
"XGBoost","Repeat_18_Fold_02",18,"Fold_02",4,0.1,4,1,0.8,0.8,0,25,34,0.25317924690003
"XGBoost","Repeat_18_Fold_02",18,"Fold_02",5,0.03,2,3,0.8,0.8,0,25,146,0.244326654338063
"XGBoost","Repeat_18_Fold_02",18,"Fold_02",6,0.1,2,3,0.8,0.8,0,25,56,0.230748911397173
"XGBoost","Repeat_18_Fold_02",18,"Fold_02",7,0.03,4,3,0.8,0.8,0,25,124,0.223478039816165
"XGBoost","Repeat_18_Fold_02",18,"Fold_02",8,0.1,4,3,0.8,0.8,0,25,36,0.202367126816311
"XGBoost","Repeat_18_Fold_03",18,"Fold_03",1,0.03,2,1,0.8,0.8,0,25,277,0.152223059021008
"XGBoost","Repeat_18_Fold_03",18,"Fold_03",2,0.1,2,1,0.8,0.8,0,25,80,0.227269284467464
"XGBoost","Repeat_18_Fold_03",18,"Fold_03",3,0.03,4,1,0.8,0.8,0,25,133,0.197045685795064
"XGBoost","Repeat_18_Fold_03",18,"Fold_03",4,0.1,4,1,0.8,0.8,0,25,137,0.180675549815463
"XGBoost","Repeat_18_Fold_03",18,"Fold_03",5,0.03,2,3,0.8,0.8,0,25,495,0.163123969575211
"XGBoost","Repeat_18_Fold_03",18,"Fold_03",6,0.1,2,3,0.8,0.8,0,25,139,0.191505851255407
"XGBoost","Repeat_18_Fold_03",18,"Fold_03",7,0.03,4,3,0.8,0.8,0,25,201,0.16623012531692
"XGBoost","Repeat_18_Fold_03",18,"Fold_03",8,0.1,4,3,0.8,0.8,0,25,167,0.175119430623734
"XGBoost","Repeat_18_Fold_04",18,"Fold_04",1,0.03,2,1,0.8,0.8,0,25,222,0.289699564752832
"XGBoost","Repeat_18_Fold_04",18,"Fold_04",2,0.1,2,1,0.8,0.8,0,25,89,0.251239394586054
"XGBoost","Repeat_18_Fold_04",18,"Fold_04",3,0.03,4,1,0.8,0.8,0,25,105,0.244698799000337
"XGBoost","Repeat_18_Fold_04",18,"Fold_04",4,0.1,4,1,0.8,0.8,0,25,55,0.235254812085679
"XGBoost","Repeat_18_Fold_04",18,"Fold_04",5,0.03,2,3,0.8,0.8,0,25,372,0.229691652251999
"XGBoost","Repeat_18_Fold_04",18,"Fold_04",6,0.1,2,3,0.8,0.8,0,25,38,0.278550190474981
"XGBoost","Repeat_18_Fold_04",18,"Fold_04",7,0.03,4,3,0.8,0.8,0,25,145,0.213946676759336
"XGBoost","Repeat_18_Fold_04",18,"Fold_04",8,0.1,4,3,0.8,0.8,0,25,69,0.222040120888358
"XGBoost","Repeat_18_Fold_05",18,"Fold_05",1,0.03,2,1,0.8,0.8,0,25,266,0.254046178223619
"XGBoost","Repeat_18_Fold_05",18,"Fold_05",2,0.1,2,1,0.8,0.8,0,25,72,0.179651569584026
"XGBoost","Repeat_18_Fold_05",18,"Fold_05",3,0.03,4,1,0.8,0.8,0,25,110,0.219813898080387
"XGBoost","Repeat_18_Fold_05",18,"Fold_05",4,0.1,4,1,0.8,0.8,0,25,44,0.172153396881185
"XGBoost","Repeat_18_Fold_05",18,"Fold_05",5,0.03,2,3,0.8,0.8,0,25,138,0.197875272178163
"XGBoost","Repeat_18_Fold_05",18,"Fold_05",6,0.1,2,3,0.8,0.8,0,25,34,0.200287432875484
"XGBoost","Repeat_18_Fold_05",18,"Fold_05",7,0.03,4,3,0.8,0.8,0,25,226,0.138892167167237
"XGBoost","Repeat_18_Fold_05",18,"Fold_05",8,0.1,4,3,0.8,0.8,0,25,52,0.179367381900262
"XGBoost","Repeat_19_Fold_01",19,"Fold_01",1,0.03,2,1,0.8,0.8,0,25,158,0.267087411498114
"XGBoost","Repeat_19_Fold_01",19,"Fold_01",2,0.1,2,1,0.8,0.8,0,25,62,0.213308305443766
"XGBoost","Repeat_19_Fold_01",19,"Fold_01",3,0.03,4,1,0.8,0.8,0,25,317,0.183462484314357
"XGBoost","Repeat_19_Fold_01",19,"Fold_01",4,0.1,4,1,0.8,0.8,0,25,64,0.248989176649887
"XGBoost","Repeat_19_Fold_01",19,"Fold_01",5,0.03,2,3,0.8,0.8,0,25,306,0.181526945491966
"XGBoost","Repeat_19_Fold_01",19,"Fold_01",6,0.1,2,3,0.8,0.8,0,25,214,0.17393409111537
"XGBoost","Repeat_19_Fold_01",19,"Fold_01",7,0.03,4,3,0.8,0.8,0,25,240,0.192035212951641
"XGBoost","Repeat_19_Fold_01",19,"Fold_01",8,0.1,4,3,0.8,0.8,0,25,38,0.276446534177432
"XGBoost","Repeat_19_Fold_02",19,"Fold_02",1,0.03,2,1,0.8,0.8,0,25,111,0.329067573202058
"XGBoost","Repeat_19_Fold_02",19,"Fold_02",2,0.1,2,1,0.8,0.8,0,25,44,0.1310086656326
"XGBoost","Repeat_19_Fold_02",19,"Fold_02",3,0.03,4,1,0.8,0.8,0,25,117,0.220488266392539
"XGBoost","Repeat_19_Fold_02",19,"Fold_02",4,0.1,4,1,0.8,0.8,0,25,36,0.234280695422338
"XGBoost","Repeat_19_Fold_02",19,"Fold_02",5,0.03,2,3,0.8,0.8,0,25,106,0.329272375603278
"XGBoost","Repeat_19_Fold_02",19,"Fold_02",6,0.1,2,3,0.8,0.8,0,25,44,0.236062713209181
"XGBoost","Repeat_19_Fold_02",19,"Fold_02",7,0.03,4,3,0.8,0.8,0,25,116,0.247179289312603
"XGBoost","Repeat_19_Fold_02",19,"Fold_02",8,0.1,4,3,0.8,0.8,0,25,25,0.266419725277676
"XGBoost","Repeat_19_Fold_03",19,"Fold_03",1,0.03,2,1,0.8,0.8,0,25,144,0.241446197561275
"XGBoost","Repeat_19_Fold_03",19,"Fold_03",2,0.1,2,1,0.8,0.8,0,25,51,0.202232053749657
"XGBoost","Repeat_19_Fold_03",19,"Fold_03",3,0.03,4,1,0.8,0.8,0,25,148,0.201515156471242
"XGBoost","Repeat_19_Fold_03",19,"Fold_03",4,0.1,4,1,0.8,0.8,0,25,60,0.248169345275248
"XGBoost","Repeat_19_Fold_03",19,"Fold_03",5,0.03,2,3,0.8,0.8,0,25,113,0.285626262730847
"XGBoost","Repeat_19_Fold_03",19,"Fold_03",6,0.1,2,3,0.8,0.8,0,25,55,0.216714706674863
"XGBoost","Repeat_19_Fold_03",19,"Fold_03",7,0.03,4,3,0.8,0.8,0,25,103,0.214744594592888
"XGBoost","Repeat_19_Fold_03",19,"Fold_03",8,0.1,4,3,0.8,0.8,0,25,45,0.23660084261344
"XGBoost","Repeat_19_Fold_04",19,"Fold_04",1,0.03,2,1,0.8,0.8,0,25,180,0.16809453978651
"XGBoost","Repeat_19_Fold_04",19,"Fold_04",2,0.1,2,1,0.8,0.8,0,25,54,0.195711922849743
"XGBoost","Repeat_19_Fold_04",19,"Fold_04",3,0.03,4,1,0.8,0.8,0,25,245,0.163930464912063
"XGBoost","Repeat_19_Fold_04",19,"Fold_04",4,0.1,4,1,0.8,0.8,0,25,66,0.141412001909115
"XGBoost","Repeat_19_Fold_04",19,"Fold_04",5,0.03,2,3,0.8,0.8,0,25,169,0.233890756078136
"XGBoost","Repeat_19_Fold_04",19,"Fold_04",6,0.1,2,3,0.8,0.8,0,25,47,0.247879388939159
"XGBoost","Repeat_19_Fold_04",19,"Fold_04",7,0.03,4,3,0.8,0.8,0,25,149,0.206613459893001
"XGBoost","Repeat_19_Fold_04",19,"Fold_04",8,0.1,4,3,0.8,0.8,0,25,46,0.210669384337962
"XGBoost","Repeat_19_Fold_05",19,"Fold_05",1,0.03,2,1,0.8,0.8,0,25,214,0.213431025550772
"XGBoost","Repeat_19_Fold_05",19,"Fold_05",2,0.1,2,1,0.8,0.8,0,25,44,0.237531350773329
"XGBoost","Repeat_19_Fold_05",19,"Fold_05",3,0.03,4,1,0.8,0.8,0,25,155,0.183929396524596
"XGBoost","Repeat_19_Fold_05",19,"Fold_05",4,0.1,4,1,0.8,0.8,0,25,26,0.304962986399635
"XGBoost","Repeat_19_Fold_05",19,"Fold_05",5,0.03,2,3,0.8,0.8,0,25,66,0.314279055151229
"XGBoost","Repeat_19_Fold_05",19,"Fold_05",6,0.1,2,3,0.8,0.8,0,25,92,0.239644325897993
"XGBoost","Repeat_19_Fold_05",19,"Fold_05",7,0.03,4,3,0.8,0.8,0,25,120,0.221073435906034
"XGBoost","Repeat_19_Fold_05",19,"Fold_05",8,0.1,4,3,0.8,0.8,0,25,33,0.233706230476785
"XGBoost","Repeat_20_Fold_01",20,"Fold_01",1,0.03,2,1,0.8,0.8,0,25,190,0.151230191574611
"XGBoost","Repeat_20_Fold_01",20,"Fold_01",2,0.1,2,1,0.8,0.8,0,25,29,0.204475647537038
"XGBoost","Repeat_20_Fold_01",20,"Fold_01",3,0.03,4,1,0.8,0.8,0,25,101,0.247666090834313
"XGBoost","Repeat_20_Fold_01",20,"Fold_01",4,0.1,4,1,0.8,0.8,0,25,35,0.215001635934011
"XGBoost","Repeat_20_Fold_01",20,"Fold_01",5,0.03,2,3,0.8,0.8,0,25,279,0.211702626028385
"XGBoost","Repeat_20_Fold_01",20,"Fold_01",6,0.1,2,3,0.8,0.8,0,25,41,0.208083691935127
"XGBoost","Repeat_20_Fold_01",20,"Fold_01",7,0.03,4,3,0.8,0.8,0,25,159,0.235751713966378
"XGBoost","Repeat_20_Fold_01",20,"Fold_01",8,0.1,4,3,0.8,0.8,0,25,30,0.202174460748211
"XGBoost","Repeat_20_Fold_02",20,"Fold_02",1,0.03,2,1,0.8,0.8,0,25,261,0.137693686066016
"XGBoost","Repeat_20_Fold_02",20,"Fold_02",2,0.1,2,1,0.8,0.8,0,25,57,0.160645569544823
"XGBoost","Repeat_20_Fold_02",20,"Fold_02",3,0.03,4,1,0.8,0.8,0,25,106,0.239084256024888
"XGBoost","Repeat_20_Fold_02",20,"Fold_02",4,0.1,4,1,0.8,0.8,0,25,36,0.177577688000523
"XGBoost","Repeat_20_Fold_02",20,"Fold_02",5,0.03,2,3,0.8,0.8,0,25,116,0.231474392384721
"XGBoost","Repeat_20_Fold_02",20,"Fold_02",6,0.1,2,3,0.8,0.8,0,25,47,0.179880915997693
"XGBoost","Repeat_20_Fold_02",20,"Fold_02",7,0.03,4,3,0.8,0.8,0,25,124,0.208935062705468
"XGBoost","Repeat_20_Fold_02",20,"Fold_02",8,0.1,4,3,0.8,0.8,0,25,41,0.178408751317945
"XGBoost","Repeat_20_Fold_03",20,"Fold_03",1,0.03,2,1,0.8,0.8,0,25,401,0.177122526363326
"XGBoost","Repeat_20_Fold_03",20,"Fold_03",2,0.1,2,1,0.8,0.8,0,25,64,0.161258150151787
"XGBoost","Repeat_20_Fold_03",20,"Fold_03",3,0.03,4,1,0.8,0.8,0,25,124,0.249344535673467
"XGBoost","Repeat_20_Fold_03",20,"Fold_03",4,0.1,4,1,0.8,0.8,0,25,42,0.220529699769731
"XGBoost","Repeat_20_Fold_03",20,"Fold_03",5,0.03,2,3,0.8,0.8,0,25,149,0.237264651590242
"XGBoost","Repeat_20_Fold_03",20,"Fold_03",6,0.1,2,3,0.8,0.8,0,25,45,0.169694007840008
"XGBoost","Repeat_20_Fold_03",20,"Fold_03",7,0.03,4,3,0.8,0.8,0,25,129,0.216595558270525
"XGBoost","Repeat_20_Fold_03",20,"Fold_03",8,0.1,4,3,0.8,0.8,0,25,38,0.188876906266579
"XGBoost","Repeat_20_Fold_04",20,"Fold_04",1,0.03,2,1,0.8,0.8,0,25,136,0.198826913999465
"XGBoost","Repeat_20_Fold_04",20,"Fold_04",2,0.1,2,1,0.8,0.8,0,25,91,0.0962217733411727
"XGBoost","Repeat_20_Fold_04",20,"Fold_04",3,0.03,4,1,0.8,0.8,0,25,268,0.194274351448537
"XGBoost","Repeat_20_Fold_04",20,"Fold_04",4,0.1,4,1,0.8,0.8,0,25,83,0.141719585311456
"XGBoost","Repeat_20_Fold_04",20,"Fold_04",5,0.03,2,3,0.8,0.8,0,25,191,0.183040013859192
"XGBoost","Repeat_20_Fold_04",20,"Fold_04",6,0.1,2,3,0.8,0.8,0,25,134,0.167997649360376
"XGBoost","Repeat_20_Fold_04",20,"Fold_04",7,0.03,4,3,0.8,0.8,0,25,195,0.18502882321795
"XGBoost","Repeat_20_Fold_04",20,"Fold_04",8,0.1,4,3,0.8,0.8,0,25,66,0.188633133325941
"XGBoost","Repeat_20_Fold_05",20,"Fold_05",1,0.03,2,1,0.8,0.8,0,25,362,0.199293145832668
"XGBoost","Repeat_20_Fold_05",20,"Fold_05",2,0.1,2,1,0.8,0.8,0,25,38,0.219325298550897
"XGBoost","Repeat_20_Fold_05",20,"Fold_05",3,0.03,4,1,0.8,0.8,0,25,94,0.257880218147945
"XGBoost","Repeat_20_Fold_05",20,"Fold_05",4,0.1,4,1,0.8,0.8,0,25,46,0.180452428955155
"XGBoost","Repeat_20_Fold_05",20,"Fold_05",5,0.03,2,3,0.8,0.8,0,25,136,0.208316634910611
"XGBoost","Repeat_20_Fold_05",20,"Fold_05",6,0.1,2,3,0.8,0.8,0,25,38,0.191260660926883
"XGBoost","Repeat_20_Fold_05",20,"Fold_05",7,0.03,4,3,0.8,0.8,0,25,303,0.184207532796651
"XGBoost","Repeat_20_Fold_05",20,"Fold_05",8,0.1,4,3,0.8,0.8,0,25,78,0.184938835418926
"XGBoost","Repeat_21_Fold_01",21,"Fold_01",1,0.03,2,1,0.8,0.8,0,25,147,0.225783852600636
"XGBoost","Repeat_21_Fold_01",21,"Fold_01",2,0.1,2,1,0.8,0.8,0,25,82,0.173612050700915
"XGBoost","Repeat_21_Fold_01",21,"Fold_01",3,0.03,4,1,0.8,0.8,0,25,71,0.294284476218029
"XGBoost","Repeat_21_Fold_01",21,"Fold_01",4,0.1,4,1,0.8,0.8,0,25,43,0.171660777709733
"XGBoost","Repeat_21_Fold_01",21,"Fold_01",5,0.03,2,3,0.8,0.8,0,25,130,0.274709650566085
"XGBoost","Repeat_21_Fold_01",21,"Fold_01",6,0.1,2,3,0.8,0.8,0,25,104,0.174399473417837
"XGBoost","Repeat_21_Fold_01",21,"Fold_01",7,0.03,4,3,0.8,0.8,0,25,199,0.231983649499643
"XGBoost","Repeat_21_Fold_01",21,"Fold_01",8,0.1,4,3,0.8,0.8,0,25,35,0.286937201700102
"XGBoost","Repeat_21_Fold_02",21,"Fold_02",1,0.03,2,1,0.8,0.8,0,25,174,0.182665832712351
"XGBoost","Repeat_21_Fold_02",21,"Fold_02",2,0.1,2,1,0.8,0.8,0,25,109,0.191527016449702
"XGBoost","Repeat_21_Fold_02",21,"Fold_02",3,0.03,4,1,0.8,0.8,0,25,79,0.339696078919447
"XGBoost","Repeat_21_Fold_02",21,"Fold_02",4,0.1,4,1,0.8,0.8,0,25,33,0.229429914902609
"XGBoost","Repeat_21_Fold_02",21,"Fold_02",5,0.03,2,3,0.8,0.8,0,25,328,0.177828913415746
"XGBoost","Repeat_21_Fold_02",21,"Fold_02",6,0.1,2,3,0.8,0.8,0,25,53,0.219157834080621
"XGBoost","Repeat_21_Fold_02",21,"Fold_02",7,0.03,4,3,0.8,0.8,0,25,128,0.280704304880391
"XGBoost","Repeat_21_Fold_02",21,"Fold_02",8,0.1,4,3,0.8,0.8,0,25,33,0.282392776320473
"XGBoost","Repeat_21_Fold_03",21,"Fold_03",1,0.03,2,1,0.8,0.8,0,25,256,0.160820701416994
"XGBoost","Repeat_21_Fold_03",21,"Fold_03",2,0.1,2,1,0.8,0.8,0,25,140,0.162988910963087
"XGBoost","Repeat_21_Fold_03",21,"Fold_03",3,0.03,4,1,0.8,0.8,0,25,126,0.298603931235938
"XGBoost","Repeat_21_Fold_03",21,"Fold_03",4,0.1,4,1,0.8,0.8,0,25,32,0.2290768603651
"XGBoost","Repeat_21_Fold_03",21,"Fold_03",5,0.03,2,3,0.8,0.8,0,25,492,0.136777311536627
"XGBoost","Repeat_21_Fold_03",21,"Fold_03",6,0.1,2,3,0.8,0.8,0,25,146,0.20415089299562
"XGBoost","Repeat_21_Fold_03",21,"Fold_03",7,0.03,4,3,0.8,0.8,0,25,191,0.2472746102408
"XGBoost","Repeat_21_Fold_03",21,"Fold_03",8,0.1,4,3,0.8,0.8,0,25,32,0.237326255408474
"XGBoost","Repeat_21_Fold_04",21,"Fold_04",1,0.03,2,1,0.8,0.8,0,25,148,0.20313198522378
"XGBoost","Repeat_21_Fold_04",21,"Fold_04",2,0.1,2,1,0.8,0.8,0,25,47,0.195641643000552
"XGBoost","Repeat_21_Fold_04",21,"Fold_04",3,0.03,4,1,0.8,0.8,0,25,109,0.288256619985287
"XGBoost","Repeat_21_Fold_04",21,"Fold_04",4,0.1,4,1,0.8,0.8,0,25,29,0.239390404357647
"XGBoost","Repeat_21_Fold_04",21,"Fold_04",5,0.03,2,3,0.8,0.8,0,25,106,0.254201792520829
"XGBoost","Repeat_21_Fold_04",21,"Fold_04",6,0.1,2,3,0.8,0.8,0,25,76,0.211008825433405
"XGBoost","Repeat_21_Fold_04",21,"Fold_04",7,0.03,4,3,0.8,0.8,0,25,189,0.231536422256165
"XGBoost","Repeat_21_Fold_04",21,"Fold_04",8,0.1,4,3,0.8,0.8,0,25,42,0.237016473090849
"XGBoost","Repeat_21_Fold_05",21,"Fold_05",1,0.03,2,1,0.8,0.8,0,25,190,0.184308341610281
"XGBoost","Repeat_21_Fold_05",21,"Fold_05",2,0.1,2,1,0.8,0.8,0,25,62,0.209380493528442
"XGBoost","Repeat_21_Fold_05",21,"Fold_05",3,0.03,4,1,0.8,0.8,0,25,70,0.323948756648371
"XGBoost","Repeat_21_Fold_05",21,"Fold_05",4,0.1,4,1,0.8,0.8,0,25,26,0.25275816478265
"XGBoost","Repeat_21_Fold_05",21,"Fold_05",5,0.03,2,3,0.8,0.8,0,25,260,0.182897917129314
"XGBoost","Repeat_21_Fold_05",21,"Fold_05",6,0.1,2,3,0.8,0.8,0,25,89,0.213291938698743
"XGBoost","Repeat_21_Fold_05",21,"Fold_05",7,0.03,4,3,0.8,0.8,0,25,343,0.2450697298896
"XGBoost","Repeat_21_Fold_05",21,"Fold_05",8,0.1,4,3,0.8,0.8,0,25,47,0.273098484613001
"XGBoost","Repeat_22_Fold_01",22,"Fold_01",1,0.03,2,1,0.8,0.8,0,25,292,0.183536115485297
"XGBoost","Repeat_22_Fold_01",22,"Fold_01",2,0.1,2,1,0.8,0.8,0,25,37,0.220164658501744
"XGBoost","Repeat_22_Fold_01",22,"Fold_01",3,0.03,4,1,0.8,0.8,0,25,141,0.196351944674881
"XGBoost","Repeat_22_Fold_01",22,"Fold_01",4,0.1,4,1,0.8,0.8,0,25,48,0.171938792757618
"XGBoost","Repeat_22_Fold_01",22,"Fold_01",5,0.03,2,3,0.8,0.8,0,25,146,0.2592768085619
"XGBoost","Repeat_22_Fold_01",22,"Fold_01",6,0.1,2,3,0.8,0.8,0,25,47,0.289613612139454
"XGBoost","Repeat_22_Fold_01",22,"Fold_01",7,0.03,4,3,0.8,0.8,0,25,110,0.220949671410311
"XGBoost","Repeat_22_Fold_01",22,"Fold_01",8,0.1,4,3,0.8,0.8,0,25,29,0.253501470773839
"XGBoost","Repeat_22_Fold_02",22,"Fold_02",1,0.03,2,1,0.8,0.8,0,25,144,0.209708811437639
"XGBoost","Repeat_22_Fold_02",22,"Fold_02",2,0.1,2,1,0.8,0.8,0,25,30,0.262882611302372
"XGBoost","Repeat_22_Fold_02",22,"Fold_02",3,0.03,4,1,0.8,0.8,0,25,114,0.200599871826573
"XGBoost","Repeat_22_Fold_02",22,"Fold_02",4,0.1,4,1,0.8,0.8,0,25,41,0.244518027900575
"XGBoost","Repeat_22_Fold_02",22,"Fold_02",5,0.03,2,3,0.8,0.8,0,25,343,0.230267987729838
"XGBoost","Repeat_22_Fold_02",22,"Fold_02",6,0.1,2,3,0.8,0.8,0,25,59,0.257725761236193
"XGBoost","Repeat_22_Fold_02",22,"Fold_02",7,0.03,4,3,0.8,0.8,0,25,152,0.252884644173229
"XGBoost","Repeat_22_Fold_02",22,"Fold_02",8,0.1,4,3,0.8,0.8,0,25,68,0.264089400799444
"XGBoost","Repeat_22_Fold_03",22,"Fold_03",1,0.03,2,1,0.8,0.8,0,25,105,0.229288701326228
"XGBoost","Repeat_22_Fold_03",22,"Fold_03",2,0.1,2,1,0.8,0.8,0,25,32,0.256611596864577
"XGBoost","Repeat_22_Fold_03",22,"Fold_03",3,0.03,4,1,0.8,0.8,0,25,145,0.225597482846262
"XGBoost","Repeat_22_Fold_03",22,"Fold_03",4,0.1,4,1,0.8,0.8,0,25,97,0.214759961726556
"XGBoost","Repeat_22_Fold_03",22,"Fold_03",5,0.03,2,3,0.8,0.8,0,25,172,0.281535188533151
"XGBoost","Repeat_22_Fold_03",22,"Fold_03",6,0.1,2,3,0.8,0.8,0,25,42,0.277851520016646
"XGBoost","Repeat_22_Fold_03",22,"Fold_03",7,0.03,4,3,0.8,0.8,0,25,141,0.246109851062871
"XGBoost","Repeat_22_Fold_03",22,"Fold_03",8,0.1,4,3,0.8,0.8,0,25,33,0.241834724518972
"XGBoost","Repeat_22_Fold_04",22,"Fold_04",1,0.03,2,1,0.8,0.8,0,25,138,0.23930904642643
"XGBoost","Repeat_22_Fold_04",22,"Fold_04",2,0.1,2,1,0.8,0.8,0,25,102,0.169272287100634
"XGBoost","Repeat_22_Fold_04",22,"Fold_04",3,0.03,4,1,0.8,0.8,0,25,228,0.187573649687693
"XGBoost","Repeat_22_Fold_04",22,"Fold_04",4,0.1,4,1,0.8,0.8,0,25,38,0.163178792706906
"XGBoost","Repeat_22_Fold_04",22,"Fold_04",5,0.03,2,3,0.8,0.8,0,25,375,0.210133704455354
"XGBoost","Repeat_22_Fold_04",22,"Fold_04",6,0.1,2,3,0.8,0.8,0,25,181,0.211693504153608
"XGBoost","Repeat_22_Fold_04",22,"Fold_04",7,0.03,4,3,0.8,0.8,0,25,244,0.208928976002006
"XGBoost","Repeat_22_Fold_04",22,"Fold_04",8,0.1,4,3,0.8,0.8,0,25,124,0.196986964218712
"XGBoost","Repeat_22_Fold_05",22,"Fold_05",1,0.03,2,1,0.8,0.8,0,25,87,0.258608132063483
"XGBoost","Repeat_22_Fold_05",22,"Fold_05",2,0.1,2,1,0.8,0.8,0,25,36,0.214445766760036
"XGBoost","Repeat_22_Fold_05",22,"Fold_05",3,0.03,4,1,0.8,0.8,0,25,154,0.168849880753372
"XGBoost","Repeat_22_Fold_05",22,"Fold_05",4,0.1,4,1,0.8,0.8,0,25,39,0.177475204619651
"XGBoost","Repeat_22_Fold_05",22,"Fold_05",5,0.03,2,3,0.8,0.8,0,25,167,0.288873509521811
"XGBoost","Repeat_22_Fold_05",22,"Fold_05",6,0.1,2,3,0.8,0.8,0,25,51,0.24826181836677
"XGBoost","Repeat_22_Fold_05",22,"Fold_05",7,0.03,4,3,0.8,0.8,0,25,131,0.266276033344464
"XGBoost","Repeat_22_Fold_05",22,"Fold_05",8,0.1,4,3,0.8,0.8,0,25,43,0.204324434618824
"XGBoost","Repeat_23_Fold_01",23,"Fold_01",1,0.03,2,1,0.8,0.8,0,25,144,0.185654931397249
"XGBoost","Repeat_23_Fold_01",23,"Fold_01",2,0.1,2,1,0.8,0.8,0,25,93,0.190118772765765
"XGBoost","Repeat_23_Fold_01",23,"Fold_01",3,0.03,4,1,0.8,0.8,0,25,246,0.127197339976332
"XGBoost","Repeat_23_Fold_01",23,"Fold_01",4,0.1,4,1,0.8,0.8,0,25,141,0.110533565110437
"XGBoost","Repeat_23_Fold_01",23,"Fold_01",5,0.03,2,3,0.8,0.8,0,25,168,0.142890540578474
"XGBoost","Repeat_23_Fold_01",23,"Fold_01",6,0.1,2,3,0.8,0.8,0,25,54,0.151583114370274
"XGBoost","Repeat_23_Fold_01",23,"Fold_01",7,0.03,4,3,0.8,0.8,0,25,120,0.160942768248228
"XGBoost","Repeat_23_Fold_01",23,"Fold_01",8,0.1,4,3,0.8,0.8,0,25,113,0.123412831596887
"XGBoost","Repeat_23_Fold_02",23,"Fold_02",1,0.03,2,1,0.8,0.8,0,25,124,0.241428085943111
"XGBoost","Repeat_23_Fold_02",23,"Fold_02",2,0.1,2,1,0.8,0.8,0,25,57,0.124236969599644
"XGBoost","Repeat_23_Fold_02",23,"Fold_02",3,0.03,4,1,0.8,0.8,0,25,263,0.111693938329923
"XGBoost","Repeat_23_Fold_02",23,"Fold_02",4,0.1,4,1,0.8,0.8,0,25,36,0.150471623342198
"XGBoost","Repeat_23_Fold_02",23,"Fold_02",5,0.03,2,3,0.8,0.8,0,25,135,0.209404735342385
"XGBoost","Repeat_23_Fold_02",23,"Fold_02",6,0.1,2,3,0.8,0.8,0,25,34,0.165541522204876
"XGBoost","Repeat_23_Fold_02",23,"Fold_02",7,0.03,4,3,0.8,0.8,0,25,265,0.130706524377904
"XGBoost","Repeat_23_Fold_02",23,"Fold_02",8,0.1,4,3,0.8,0.8,0,25,33,0.192976961843669
"XGBoost","Repeat_23_Fold_03",23,"Fold_03",1,0.03,2,1,0.8,0.8,0,25,337,0.200057786394609
"XGBoost","Repeat_23_Fold_03",23,"Fold_03",2,0.1,2,1,0.8,0.8,0,25,88,0.182232904404653
"XGBoost","Repeat_23_Fold_03",23,"Fold_03",3,0.03,4,1,0.8,0.8,0,25,500,0.11948371744858
"XGBoost","Repeat_23_Fold_03",23,"Fold_03",4,0.1,4,1,0.8,0.8,0,25,41,0.174687717889006
"XGBoost","Repeat_23_Fold_03",23,"Fold_03",5,0.03,2,3,0.8,0.8,0,25,175,0.186412456140925
"XGBoost","Repeat_23_Fold_03",23,"Fold_03",6,0.1,2,3,0.8,0.8,0,25,32,0.167206591281753
"XGBoost","Repeat_23_Fold_03",23,"Fold_03",7,0.03,4,3,0.8,0.8,0,25,104,0.159121402342302
"XGBoost","Repeat_23_Fold_03",23,"Fold_03",8,0.1,4,3,0.8,0.8,0,25,35,0.164797900602795
"XGBoost","Repeat_23_Fold_04",23,"Fold_04",1,0.03,2,1,0.8,0.8,0,25,269,0.140212852404847
"XGBoost","Repeat_23_Fold_04",23,"Fold_04",2,0.1,2,1,0.8,0.8,0,25,87,0.166087700443593
"XGBoost","Repeat_23_Fold_04",23,"Fold_04",3,0.03,4,1,0.8,0.8,0,25,237,0.156387740334209
"XGBoost","Repeat_23_Fold_04",23,"Fold_04",4,0.1,4,1,0.8,0.8,0,25,81,0.118965010713929
"XGBoost","Repeat_23_Fold_04",23,"Fold_04",5,0.03,2,3,0.8,0.8,0,25,140,0.14300343960237
"XGBoost","Repeat_23_Fold_04",23,"Fold_04",6,0.1,2,3,0.8,0.8,0,25,46,0.130409785492632
"XGBoost","Repeat_23_Fold_04",23,"Fold_04",7,0.03,4,3,0.8,0.8,0,25,111,0.180637842044234
"XGBoost","Repeat_23_Fold_04",23,"Fold_04",8,0.1,4,3,0.8,0.8,0,25,217,0.127938195122764
"XGBoost","Repeat_23_Fold_05",23,"Fold_05",1,0.03,2,1,0.8,0.8,0,25,215,0.165962270830418
"XGBoost","Repeat_23_Fold_05",23,"Fold_05",2,0.1,2,1,0.8,0.8,0,25,67,0.142829317409241
"XGBoost","Repeat_23_Fold_05",23,"Fold_05",3,0.03,4,1,0.8,0.8,0,25,229,0.138147634995851
"XGBoost","Repeat_23_Fold_05",23,"Fold_05",4,0.1,4,1,0.8,0.8,0,25,36,0.205557945506791
"XGBoost","Repeat_23_Fold_05",23,"Fold_05",5,0.03,2,3,0.8,0.8,0,25,182,0.188977665706681
"XGBoost","Repeat_23_Fold_05",23,"Fold_05",6,0.1,2,3,0.8,0.8,0,25,30,0.233451406901272
"XGBoost","Repeat_23_Fold_05",23,"Fold_05",7,0.03,4,3,0.8,0.8,0,25,107,0.210241129997974
"XGBoost","Repeat_23_Fold_05",23,"Fold_05",8,0.1,4,3,0.8,0.8,0,25,35,0.192299537468128
"XGBoost","Repeat_24_Fold_01",24,"Fold_01",1,0.03,2,1,0.8,0.8,0,25,336,0.20279624386995
"XGBoost","Repeat_24_Fold_01",24,"Fold_01",2,0.1,2,1,0.8,0.8,0,25,94,0.186425801075529
"XGBoost","Repeat_24_Fold_01",24,"Fold_01",3,0.03,4,1,0.8,0.8,0,25,194,0.189825840173468
"XGBoost","Repeat_24_Fold_01",24,"Fold_01",4,0.1,4,1,0.8,0.8,0,25,105,0.217401870247648
"XGBoost","Repeat_24_Fold_01",24,"Fold_01",5,0.03,2,3,0.8,0.8,0,25,175,0.193442111897569
"XGBoost","Repeat_24_Fold_01",24,"Fold_01",6,0.1,2,3,0.8,0.8,0,25,132,0.295053768282882
"XGBoost","Repeat_24_Fold_01",24,"Fold_01",7,0.03,4,3,0.8,0.8,0,25,348,0.200801250753172
"XGBoost","Repeat_24_Fold_01",24,"Fold_01",8,0.1,4,3,0.8,0.8,0,25,157,0.177425795843681
"XGBoost","Repeat_24_Fold_02",24,"Fold_02",1,0.03,2,1,0.8,0.8,0,25,118,0.274014270810697
"XGBoost","Repeat_24_Fold_02",24,"Fold_02",2,0.1,2,1,0.8,0.8,0,25,39,0.226591312622007
"XGBoost","Repeat_24_Fold_02",24,"Fold_02",3,0.03,4,1,0.8,0.8,0,25,141,0.200622528675012
"XGBoost","Repeat_24_Fold_02",24,"Fold_02",4,0.1,4,1,0.8,0.8,0,25,35,0.272892521497292
"XGBoost","Repeat_24_Fold_02",24,"Fold_02",5,0.03,2,3,0.8,0.8,0,25,143,0.250523221401426
"XGBoost","Repeat_24_Fold_02",24,"Fold_02",6,0.1,2,3,0.8,0.8,0,25,34,0.3180361559722
"XGBoost","Repeat_24_Fold_02",24,"Fold_02",7,0.03,4,3,0.8,0.8,0,25,112,0.26252414071216
"XGBoost","Repeat_24_Fold_02",24,"Fold_02",8,0.1,4,3,0.8,0.8,0,25,88,0.180016884181756
"XGBoost","Repeat_24_Fold_03",24,"Fold_03",1,0.03,2,1,0.8,0.8,0,25,166,0.261788879404776
"XGBoost","Repeat_24_Fold_03",24,"Fold_03",2,0.1,2,1,0.8,0.8,0,25,39,0.229755338451539
"XGBoost","Repeat_24_Fold_03",24,"Fold_03",3,0.03,4,1,0.8,0.8,0,25,116,0.211781741137831
"XGBoost","Repeat_24_Fold_03",24,"Fold_03",4,0.1,4,1,0.8,0.8,0,25,37,0.293297347415668
"XGBoost","Repeat_24_Fold_03",24,"Fold_03",5,0.03,2,3,0.8,0.8,0,25,113,0.265612860693811
"XGBoost","Repeat_24_Fold_03",24,"Fold_03",6,0.1,2,3,0.8,0.8,0,25,72,0.231343656939526
"XGBoost","Repeat_24_Fold_03",24,"Fold_03",7,0.03,4,3,0.8,0.8,0,25,188,0.278625291288615
"XGBoost","Repeat_24_Fold_03",24,"Fold_03",8,0.1,4,3,0.8,0.8,0,25,256,0.219082707476516
"XGBoost","Repeat_24_Fold_04",24,"Fold_04",1,0.03,2,1,0.8,0.8,0,25,257,0.198284674970917
"XGBoost","Repeat_24_Fold_04",24,"Fold_04",2,0.1,2,1,0.8,0.8,0,25,49,0.191401738306293
"XGBoost","Repeat_24_Fold_04",24,"Fold_04",3,0.03,4,1,0.8,0.8,0,25,139,0.220529568874134
"XGBoost","Repeat_24_Fold_04",24,"Fold_04",4,0.1,4,1,0.8,0.8,0,25,45,0.245077258137126
"XGBoost","Repeat_24_Fold_04",24,"Fold_04",5,0.03,2,3,0.8,0.8,0,25,144,0.239470521382128
"XGBoost","Repeat_24_Fold_04",24,"Fold_04",6,0.1,2,3,0.8,0.8,0,25,43,0.317062790801104
"XGBoost","Repeat_24_Fold_04",24,"Fold_04",7,0.03,4,3,0.8,0.8,0,25,142,0.280330396454351
"XGBoost","Repeat_24_Fold_04",24,"Fold_04",8,0.1,4,3,0.8,0.8,0,25,38,0.210318826891195
"XGBoost","Repeat_24_Fold_05",24,"Fold_05",1,0.03,2,1,0.8,0.8,0,25,163,0.250326972956268
"XGBoost","Repeat_24_Fold_05",24,"Fold_05",2,0.1,2,1,0.8,0.8,0,25,68,0.158908583140986
"XGBoost","Repeat_24_Fold_05",24,"Fold_05",3,0.03,4,1,0.8,0.8,0,25,110,0.227832269227992
"XGBoost","Repeat_24_Fold_05",24,"Fold_05",4,0.1,4,1,0.8,0.8,0,25,27,0.287788552948489
"XGBoost","Repeat_24_Fold_05",24,"Fold_05",5,0.03,2,3,0.8,0.8,0,25,94,0.285598693451343
"XGBoost","Repeat_24_Fold_05",24,"Fold_05",6,0.1,2,3,0.8,0.8,0,25,42,0.234860036772891
"XGBoost","Repeat_24_Fold_05",24,"Fold_05",7,0.03,4,3,0.8,0.8,0,25,138,0.251393177725661
"XGBoost","Repeat_24_Fold_05",24,"Fold_05",8,0.1,4,3,0.8,0.8,0,25,86,0.176111037059365
"XGBoost","Repeat_25_Fold_01",25,"Fold_01",1,0.03,2,1,0.8,0.8,0,25,202,0.188284275059302
"XGBoost","Repeat_25_Fold_01",25,"Fold_01",2,0.1,2,1,0.8,0.8,0,25,324,0.167408883972362
"XGBoost","Repeat_25_Fold_01",25,"Fold_01",3,0.03,4,1,0.8,0.8,0,25,168,0.171155705000274
"XGBoost","Repeat_25_Fold_01",25,"Fold_01",4,0.1,4,1,0.8,0.8,0,25,40,0.177864759229124
"XGBoost","Repeat_25_Fold_01",25,"Fold_01",5,0.03,2,3,0.8,0.8,0,25,166,0.291245021687176
"XGBoost","Repeat_25_Fold_01",25,"Fold_01",6,0.1,2,3,0.8,0.8,0,25,34,0.213570372774624
"XGBoost","Repeat_25_Fold_01",25,"Fold_01",7,0.03,4,3,0.8,0.8,0,25,109,0.213180791210526
"XGBoost","Repeat_25_Fold_01",25,"Fold_01",8,0.1,4,3,0.8,0.8,0,25,30,0.226135892327875
"XGBoost","Repeat_25_Fold_02",25,"Fold_02",1,0.03,2,1,0.8,0.8,0,25,155,0.214977660368627
"XGBoost","Repeat_25_Fold_02",25,"Fold_02",2,0.1,2,1,0.8,0.8,0,25,58,0.20556060319247
"XGBoost","Repeat_25_Fold_02",25,"Fold_02",3,0.03,4,1,0.8,0.8,0,25,158,0.205448323010037
"XGBoost","Repeat_25_Fold_02",25,"Fold_02",4,0.1,4,1,0.8,0.8,0,25,28,0.238158697835528
"XGBoost","Repeat_25_Fold_02",25,"Fold_02",5,0.03,2,3,0.8,0.8,0,25,138,0.225682929355221
"XGBoost","Repeat_25_Fold_02",25,"Fold_02",6,0.1,2,3,0.8,0.8,0,25,34,0.208404743864846
"XGBoost","Repeat_25_Fold_02",25,"Fold_02",7,0.03,4,3,0.8,0.8,0,25,146,0.203601796332245
"XGBoost","Repeat_25_Fold_02",25,"Fold_02",8,0.1,4,3,0.8,0.8,0,25,39,0.213917956418859
"XGBoost","Repeat_25_Fold_03",25,"Fold_03",1,0.03,2,1,0.8,0.8,0,25,164,0.183778503752994
"XGBoost","Repeat_25_Fold_03",25,"Fold_03",2,0.1,2,1,0.8,0.8,0,25,59,0.217437270236237
"XGBoost","Repeat_25_Fold_03",25,"Fold_03",3,0.03,4,1,0.8,0.8,0,25,128,0.221243376718261
"XGBoost","Repeat_25_Fold_03",25,"Fold_03",4,0.1,4,1,0.8,0.8,0,25,41,0.246382129441302
"XGBoost","Repeat_25_Fold_03",25,"Fold_03",5,0.03,2,3,0.8,0.8,0,25,212,0.23202492566242
"XGBoost","Repeat_25_Fold_03",25,"Fold_03",6,0.1,2,3,0.8,0.8,0,25,31,0.235651609702752
"XGBoost","Repeat_25_Fold_03",25,"Fold_03",7,0.03,4,3,0.8,0.8,0,25,154,0.213254113520424
"XGBoost","Repeat_25_Fold_03",25,"Fold_03",8,0.1,4,3,0.8,0.8,0,25,59,0.195633460803387
"XGBoost","Repeat_25_Fold_04",25,"Fold_04",1,0.03,2,1,0.8,0.8,0,25,165,0.16663524494596
"XGBoost","Repeat_25_Fold_04",25,"Fold_04",2,0.1,2,1,0.8,0.8,0,25,55,0.200924561363466
"XGBoost","Repeat_25_Fold_04",25,"Fold_04",3,0.03,4,1,0.8,0.8,0,25,195,0.191238452456533
"XGBoost","Repeat_25_Fold_04",25,"Fold_04",4,0.1,4,1,0.8,0.8,0,25,83,0.239129552966915
"XGBoost","Repeat_25_Fold_04",25,"Fold_04",5,0.03,2,3,0.8,0.8,0,25,125,0.207827778998762
"XGBoost","Repeat_25_Fold_04",25,"Fold_04",6,0.1,2,3,0.8,0.8,0,25,40,0.225508176524622
"XGBoost","Repeat_25_Fold_04",25,"Fold_04",7,0.03,4,3,0.8,0.8,0,25,105,0.239239541742091
"XGBoost","Repeat_25_Fold_04",25,"Fold_04",8,0.1,4,3,0.8,0.8,0,25,37,0.199662396361908
"XGBoost","Repeat_25_Fold_05",25,"Fold_05",1,0.03,2,1,0.8,0.8,0,25,218,0.2006779785868
"XGBoost","Repeat_25_Fold_05",25,"Fold_05",2,0.1,2,1,0.8,0.8,0,25,75,0.209085298153626
"XGBoost","Repeat_25_Fold_05",25,"Fold_05",3,0.03,4,1,0.8,0.8,0,25,259,0.244574460635284
"XGBoost","Repeat_25_Fold_05",25,"Fold_05",4,0.1,4,1,0.8,0.8,0,25,33,0.226984600643986
"XGBoost","Repeat_25_Fold_05",25,"Fold_05",5,0.03,2,3,0.8,0.8,0,25,159,0.202708441226815
"XGBoost","Repeat_25_Fold_05",25,"Fold_05",6,0.1,2,3,0.8,0.8,0,25,37,0.205822872678534
"XGBoost","Repeat_25_Fold_05",25,"Fold_05",7,0.03,4,3,0.8,0.8,0,25,151,0.190706570167094
"XGBoost","Repeat_25_Fold_05",25,"Fold_05",8,0.1,4,3,0.8,0.8,0,25,49,0.210024696237479
"XGBoost","Repeat_26_Fold_01",26,"Fold_01",1,0.03,2,1,0.8,0.8,0,25,202,0.141630971029652
"XGBoost","Repeat_26_Fold_01",26,"Fold_01",2,0.1,2,1,0.8,0.8,0,25,70,0.25259745981804
"XGBoost","Repeat_26_Fold_01",26,"Fold_01",3,0.03,4,1,0.8,0.8,0,25,269,0.152043304748636
"XGBoost","Repeat_26_Fold_01",26,"Fold_01",4,0.1,4,1,0.8,0.8,0,25,46,0.212354676762166
"XGBoost","Repeat_26_Fold_01",26,"Fold_01",5,0.03,2,3,0.8,0.8,0,25,131,0.182787388760167
"XGBoost","Repeat_26_Fold_01",26,"Fold_01",6,0.1,2,3,0.8,0.8,0,25,38,0.172632234869525
"XGBoost","Repeat_26_Fold_01",26,"Fold_01",7,0.03,4,3,0.8,0.8,0,25,184,0.184342902341786
"XGBoost","Repeat_26_Fold_01",26,"Fold_01",8,0.1,4,3,0.8,0.8,0,25,36,0.221612149813714
"XGBoost","Repeat_26_Fold_02",26,"Fold_02",1,0.03,2,1,0.8,0.8,0,25,190,0.12773832908939
"XGBoost","Repeat_26_Fold_02",26,"Fold_02",2,0.1,2,1,0.8,0.8,0,25,79,0.260747476494334
"XGBoost","Repeat_26_Fold_02",26,"Fold_02",3,0.03,4,1,0.8,0.8,0,25,153,0.132148957148624
"XGBoost","Repeat_26_Fold_02",26,"Fold_02",4,0.1,4,1,0.8,0.8,0,25,38,0.212349455239466
"XGBoost","Repeat_26_Fold_02",26,"Fold_02",5,0.03,2,3,0.8,0.8,0,25,106,0.245203993641413
"XGBoost","Repeat_26_Fold_02",26,"Fold_02",6,0.1,2,3,0.8,0.8,0,25,32,0.215466544282838
"XGBoost","Repeat_26_Fold_02",26,"Fold_02",7,0.03,4,3,0.8,0.8,0,25,109,0.216130844156186
"XGBoost","Repeat_26_Fold_02",26,"Fold_02",8,0.1,4,3,0.8,0.8,0,25,32,0.186342635765099
"XGBoost","Repeat_26_Fold_03",26,"Fold_03",1,0.03,2,1,0.8,0.8,0,25,268,0.129199511335733
"XGBoost","Repeat_26_Fold_03",26,"Fold_03",2,0.1,2,1,0.8,0.8,0,25,180,0.240176130831689
"XGBoost","Repeat_26_Fold_03",26,"Fold_03",3,0.03,4,1,0.8,0.8,0,25,153,0.119616498507989
"XGBoost","Repeat_26_Fold_03",26,"Fold_03",4,0.1,4,1,0.8,0.8,0,25,28,0.209302586109306
"XGBoost","Repeat_26_Fold_03",26,"Fold_03",5,0.03,2,3,0.8,0.8,0,25,99,0.21452882191023
"XGBoost","Repeat_26_Fold_03",26,"Fold_03",6,0.1,2,3,0.8,0.8,0,25,30,0.20028153133507
"XGBoost","Repeat_26_Fold_03",26,"Fold_03",7,0.03,4,3,0.8,0.8,0,25,187,0.172639668363935
"XGBoost","Repeat_26_Fold_03",26,"Fold_03",8,0.1,4,3,0.8,0.8,0,25,35,0.177689141755064
"XGBoost","Repeat_26_Fold_04",26,"Fold_04",1,0.03,2,1,0.8,0.8,0,25,102,0.193128496336822
"XGBoost","Repeat_26_Fold_04",26,"Fold_04",2,0.1,2,1,0.8,0.8,0,25,77,0.252495230656887
"XGBoost","Repeat_26_Fold_04",26,"Fold_04",3,0.03,4,1,0.8,0.8,0,25,190,0.163788500577749
"XGBoost","Repeat_26_Fold_04",26,"Fold_04",4,0.1,4,1,0.8,0.8,0,25,60,0.197296879661735
"XGBoost","Repeat_26_Fold_04",26,"Fold_04",5,0.03,2,3,0.8,0.8,0,25,111,0.185520031829723
"XGBoost","Repeat_26_Fold_04",26,"Fold_04",6,0.1,2,3,0.8,0.8,0,25,51,0.156571943366614
"XGBoost","Repeat_26_Fold_04",26,"Fold_04",7,0.03,4,3,0.8,0.8,0,25,137,0.172120479956413
"XGBoost","Repeat_26_Fold_04",26,"Fold_04",8,0.1,4,3,0.8,0.8,0,25,35,0.247579249732483
"XGBoost","Repeat_26_Fold_05",26,"Fold_05",1,0.03,2,1,0.8,0.8,0,25,242,0.152865045110677
"XGBoost","Repeat_26_Fold_05",26,"Fold_05",2,0.1,2,1,0.8,0.8,0,25,101,0.298685254117187
"XGBoost","Repeat_26_Fold_05",26,"Fold_05",3,0.03,4,1,0.8,0.8,0,25,195,0.154059007351931
"XGBoost","Repeat_26_Fold_05",26,"Fold_05",4,0.1,4,1,0.8,0.8,0,25,96,0.190873413104922
"XGBoost","Repeat_26_Fold_05",26,"Fold_05",5,0.03,2,3,0.8,0.8,0,25,110,0.204033116559283
"XGBoost","Repeat_26_Fold_05",26,"Fold_05",6,0.1,2,3,0.8,0.8,0,25,43,0.159691789223311
"XGBoost","Repeat_26_Fold_05",26,"Fold_05",7,0.03,4,3,0.8,0.8,0,25,158,0.171036145237919
"XGBoost","Repeat_26_Fold_05",26,"Fold_05",8,0.1,4,3,0.8,0.8,0,25,41,0.186391046270728
"XGBoost","Repeat_27_Fold_01",27,"Fold_01",1,0.03,2,1,0.8,0.8,0,25,94,0.23834096117375
"XGBoost","Repeat_27_Fold_01",27,"Fold_01",2,0.1,2,1,0.8,0.8,0,25,77,0.17101566187921
"XGBoost","Repeat_27_Fold_01",27,"Fold_01",3,0.03,4,1,0.8,0.8,0,25,123,0.194513233969561
"XGBoost","Repeat_27_Fold_01",27,"Fold_01",4,0.1,4,1,0.8,0.8,0,25,41,0.20847966186165
"XGBoost","Repeat_27_Fold_01",27,"Fold_01",5,0.03,2,3,0.8,0.8,0,25,282,0.198538899139609
"XGBoost","Repeat_27_Fold_01",27,"Fold_01",6,0.1,2,3,0.8,0.8,0,25,57,0.186785011194073
"XGBoost","Repeat_27_Fold_01",27,"Fold_01",7,0.03,4,3,0.8,0.8,0,25,152,0.199550980128921
"XGBoost","Repeat_27_Fold_01",27,"Fold_01",8,0.1,4,3,0.8,0.8,0,25,35,0.18248058640613
"XGBoost","Repeat_27_Fold_02",27,"Fold_02",1,0.03,2,1,0.8,0.8,0,25,131,0.230015194894244
"XGBoost","Repeat_27_Fold_02",27,"Fold_02",2,0.1,2,1,0.8,0.8,0,25,45,0.179345725157943
"XGBoost","Repeat_27_Fold_02",27,"Fold_02",3,0.03,4,1,0.8,0.8,0,25,107,0.24050550796808
"XGBoost","Repeat_27_Fold_02",27,"Fold_02",4,0.1,4,1,0.8,0.8,0,25,31,0.165650320561746
"XGBoost","Repeat_27_Fold_02",27,"Fold_02",5,0.03,2,3,0.8,0.8,0,25,119,0.27580829611263
"XGBoost","Repeat_27_Fold_02",27,"Fold_02",6,0.1,2,3,0.8,0.8,0,25,35,0.208151307476398
"XGBoost","Repeat_27_Fold_02",27,"Fold_02",7,0.03,4,3,0.8,0.8,0,25,151,0.199834518331605
"XGBoost","Repeat_27_Fold_02",27,"Fold_02",8,0.1,4,3,0.8,0.8,0,25,218,0.174610817724337
"XGBoost","Repeat_27_Fold_03",27,"Fold_03",1,0.03,2,1,0.8,0.8,0,25,94,0.270661336208622
"XGBoost","Repeat_27_Fold_03",27,"Fold_03",2,0.1,2,1,0.8,0.8,0,25,347,0.182033130910265
"XGBoost","Repeat_27_Fold_03",27,"Fold_03",3,0.03,4,1,0.8,0.8,0,25,114,0.263180617726623
"XGBoost","Repeat_27_Fold_03",27,"Fold_03",4,0.1,4,1,0.8,0.8,0,25,40,0.187038297532126
"XGBoost","Repeat_27_Fold_03",27,"Fold_03",5,0.03,2,3,0.8,0.8,0,25,141,0.268086332093494
"XGBoost","Repeat_27_Fold_03",27,"Fold_03",6,0.1,2,3,0.8,0.8,0,25,36,0.241580004356085
"XGBoost","Repeat_27_Fold_03",27,"Fold_03",7,0.03,4,3,0.8,0.8,0,25,143,0.256788594666152
"XGBoost","Repeat_27_Fold_03",27,"Fold_03",8,0.1,4,3,0.8,0.8,0,25,149,0.220260936811638
"XGBoost","Repeat_27_Fold_04",27,"Fold_04",1,0.03,2,1,0.8,0.8,0,25,143,0.233189987394815
"XGBoost","Repeat_27_Fold_04",27,"Fold_04",2,0.1,2,1,0.8,0.8,0,25,64,0.155210803943471
"XGBoost","Repeat_27_Fold_04",27,"Fold_04",3,0.03,4,1,0.8,0.8,0,25,213,0.195959952539012
"XGBoost","Repeat_27_Fold_04",27,"Fold_04",4,0.1,4,1,0.8,0.8,0,25,109,0.152434526544172
"XGBoost","Repeat_27_Fold_04",27,"Fold_04",5,0.03,2,3,0.8,0.8,0,25,227,0.222373518877878
"XGBoost","Repeat_27_Fold_04",27,"Fold_04",6,0.1,2,3,0.8,0.8,0,25,58,0.175389606756373
"XGBoost","Repeat_27_Fold_04",27,"Fold_04",7,0.03,4,3,0.8,0.8,0,25,171,0.187050613270213
"XGBoost","Repeat_27_Fold_04",27,"Fold_04",8,0.1,4,3,0.8,0.8,0,25,43,0.197414914074426
"XGBoost","Repeat_27_Fold_05",27,"Fold_05",1,0.03,2,1,0.8,0.8,0,25,230,0.216568648076365
"XGBoost","Repeat_27_Fold_05",27,"Fold_05",2,0.1,2,1,0.8,0.8,0,25,36,0.218430815640694
"XGBoost","Repeat_27_Fold_05",27,"Fold_05",3,0.03,4,1,0.8,0.8,0,25,113,0.243973788912766
"XGBoost","Repeat_27_Fold_05",27,"Fold_05",4,0.1,4,1,0.8,0.8,0,25,30,0.170612524908323
"XGBoost","Repeat_27_Fold_05",27,"Fold_05",5,0.03,2,3,0.8,0.8,0,25,113,0.282889240797466
"XGBoost","Repeat_27_Fold_05",27,"Fold_05",6,0.1,2,3,0.8,0.8,0,25,42,0.195808358526287
"XGBoost","Repeat_27_Fold_05",27,"Fold_05",7,0.03,4,3,0.8,0.8,0,25,128,0.212488916989129
"XGBoost","Repeat_27_Fold_05",27,"Fold_05",8,0.1,4,3,0.8,0.8,0,25,33,0.188519912986801
"XGBoost","Repeat_28_Fold_01",28,"Fold_01",1,0.03,2,1,0.8,0.8,0,25,399,0.208565337735658
"XGBoost","Repeat_28_Fold_01",28,"Fold_01",2,0.1,2,1,0.8,0.8,0,25,32,0.250935750637347
"XGBoost","Repeat_28_Fold_01",28,"Fold_01",3,0.03,4,1,0.8,0.8,0,25,193,0.197621332897912
"XGBoost","Repeat_28_Fold_01",28,"Fold_01",4,0.1,4,1,0.8,0.8,0,25,36,0.238962498081561
"XGBoost","Repeat_28_Fold_01",28,"Fold_01",5,0.03,2,3,0.8,0.8,0,25,148,0.196638063957485
"XGBoost","Repeat_28_Fold_01",28,"Fold_01",6,0.1,2,3,0.8,0.8,0,25,32,0.236100312662669
"XGBoost","Repeat_28_Fold_01",28,"Fold_01",7,0.03,4,3,0.8,0.8,0,25,226,0.180747452030818
"XGBoost","Repeat_28_Fold_01",28,"Fold_01",8,0.1,4,3,0.8,0.8,0,25,78,0.261091567441606
"XGBoost","Repeat_28_Fold_02",28,"Fold_02",1,0.03,2,1,0.8,0.8,0,25,120,0.264559437968553
"XGBoost","Repeat_28_Fold_02",28,"Fold_02",2,0.1,2,1,0.8,0.8,0,25,25,0.26385312133397
"XGBoost","Repeat_28_Fold_02",28,"Fold_02",3,0.03,4,1,0.8,0.8,0,25,113,0.23170161105764
"XGBoost","Repeat_28_Fold_02",28,"Fold_02",4,0.1,4,1,0.8,0.8,0,25,32,0.265402626496955
"XGBoost","Repeat_28_Fold_02",28,"Fold_02",5,0.03,2,3,0.8,0.8,0,25,127,0.20987645835759
"XGBoost","Repeat_28_Fold_02",28,"Fold_02",6,0.1,2,3,0.8,0.8,0,25,43,0.242589771317748
"XGBoost","Repeat_28_Fold_02",28,"Fold_02",7,0.03,4,3,0.8,0.8,0,25,114,0.267216264431436
"XGBoost","Repeat_28_Fold_02",28,"Fold_02",8,0.1,4,3,0.8,0.8,0,25,123,0.246176554915459
"XGBoost","Repeat_28_Fold_03",28,"Fold_03",1,0.03,2,1,0.8,0.8,0,25,151,0.25068393881576
"XGBoost","Repeat_28_Fold_03",28,"Fold_03",2,0.1,2,1,0.8,0.8,0,25,31,0.263420648711662
"XGBoost","Repeat_28_Fold_03",28,"Fold_03",3,0.03,4,1,0.8,0.8,0,25,120,0.249468621242648
"XGBoost","Repeat_28_Fold_03",28,"Fold_03",4,0.1,4,1,0.8,0.8,0,25,31,0.230318666435778
"XGBoost","Repeat_28_Fold_03",28,"Fold_03",5,0.03,2,3,0.8,0.8,0,25,259,0.168349636199239
"XGBoost","Repeat_28_Fold_03",28,"Fold_03",6,0.1,2,3,0.8,0.8,0,25,36,0.217475589454317
"XGBoost","Repeat_28_Fold_03",28,"Fold_03",7,0.03,4,3,0.8,0.8,0,25,493,0.224964811448724
"XGBoost","Repeat_28_Fold_03",28,"Fold_03",8,0.1,4,3,0.8,0.8,0,25,83,0.19137819388953
"XGBoost","Repeat_28_Fold_04",28,"Fold_04",1,0.03,2,1,0.8,0.8,0,25,111,0.278866577750215
"XGBoost","Repeat_28_Fold_04",28,"Fold_04",2,0.1,2,1,0.8,0.8,0,25,28,0.321524924741915
"XGBoost","Repeat_28_Fold_04",28,"Fold_04",3,0.03,4,1,0.8,0.8,0,25,110,0.283552965668675
"XGBoost","Repeat_28_Fold_04",28,"Fold_04",4,0.1,4,1,0.8,0.8,0,25,119,0.230982621304485
"XGBoost","Repeat_28_Fold_04",28,"Fold_04",5,0.03,2,3,0.8,0.8,0,25,110,0.20776471710549
"XGBoost","Repeat_28_Fold_04",28,"Fold_04",6,0.1,2,3,0.8,0.8,0,25,41,0.254286274878093
"XGBoost","Repeat_28_Fold_04",28,"Fold_04",7,0.03,4,3,0.8,0.8,0,25,121,0.224331849774059
"XGBoost","Repeat_28_Fold_04",28,"Fold_04",8,0.1,4,3,0.8,0.8,0,25,109,0.232439002711684
"XGBoost","Repeat_28_Fold_05",28,"Fold_05",1,0.03,2,1,0.8,0.8,0,25,131,0.274633164974288
"XGBoost","Repeat_28_Fold_05",28,"Fold_05",2,0.1,2,1,0.8,0.8,0,25,29,0.221671004493076
"XGBoost","Repeat_28_Fold_05",28,"Fold_05",3,0.03,4,1,0.8,0.8,0,25,95,0.276207241659554
"XGBoost","Repeat_28_Fold_05",28,"Fold_05",4,0.1,4,1,0.8,0.8,0,25,39,0.189648848241911
"XGBoost","Repeat_28_Fold_05",28,"Fold_05",5,0.03,2,3,0.8,0.8,0,25,173,0.181322893047204
"XGBoost","Repeat_28_Fold_05",28,"Fold_05",6,0.1,2,3,0.8,0.8,0,25,43,0.189954866914867
"XGBoost","Repeat_28_Fold_05",28,"Fold_05",7,0.03,4,3,0.8,0.8,0,25,220,0.244814231230591
"XGBoost","Repeat_28_Fold_05",28,"Fold_05",8,0.1,4,3,0.8,0.8,0,25,32,0.212447243438174
"XGBoost","Repeat_29_Fold_01",29,"Fold_01",1,0.03,2,1,0.8,0.8,0,25,306,0.184799378309085
"XGBoost","Repeat_29_Fold_01",29,"Fold_01",2,0.1,2,1,0.8,0.8,0,25,45,0.137489644479221
"XGBoost","Repeat_29_Fold_01",29,"Fold_01",3,0.03,4,1,0.8,0.8,0,25,224,0.206771493889391
"XGBoost","Repeat_29_Fold_01",29,"Fold_01",4,0.1,4,1,0.8,0.8,0,25,137,0.149602806193378
"XGBoost","Repeat_29_Fold_01",29,"Fold_01",5,0.03,2,3,0.8,0.8,0,25,126,0.250854307051318
"XGBoost","Repeat_29_Fold_01",29,"Fold_01",6,0.1,2,3,0.8,0.8,0,25,41,0.221629319031938
"XGBoost","Repeat_29_Fold_01",29,"Fold_01",7,0.03,4,3,0.8,0.8,0,25,88,0.235107138502197
"XGBoost","Repeat_29_Fold_01",29,"Fold_01",8,0.1,4,3,0.8,0.8,0,25,63,0.220352046388703
"XGBoost","Repeat_29_Fold_02",29,"Fold_02",1,0.03,2,1,0.8,0.8,0,25,120,0.225873787403823
"XGBoost","Repeat_29_Fold_02",29,"Fold_02",2,0.1,2,1,0.8,0.8,0,25,88,0.132281522485965
"XGBoost","Repeat_29_Fold_02",29,"Fold_02",3,0.03,4,1,0.8,0.8,0,25,200,0.22510158381192
"XGBoost","Repeat_29_Fold_02",29,"Fold_02",4,0.1,4,1,0.8,0.8,0,25,30,0.228161052299234
"XGBoost","Repeat_29_Fold_02",29,"Fold_02",5,0.03,2,3,0.8,0.8,0,25,115,0.265710062150342
"XGBoost","Repeat_29_Fold_02",29,"Fold_02",6,0.1,2,3,0.8,0.8,0,25,34,0.252925325382071
"XGBoost","Repeat_29_Fold_02",29,"Fold_02",7,0.03,4,3,0.8,0.8,0,25,137,0.202697824686766
"XGBoost","Repeat_29_Fold_02",29,"Fold_02",8,0.1,4,3,0.8,0.8,0,25,129,0.17558977848295
"XGBoost","Repeat_29_Fold_03",29,"Fold_03",1,0.03,2,1,0.8,0.8,0,25,173,0.230153578951453
"XGBoost","Repeat_29_Fold_03",29,"Fold_03",2,0.1,2,1,0.8,0.8,0,25,57,0.169170315681885
"XGBoost","Repeat_29_Fold_03",29,"Fold_03",3,0.03,4,1,0.8,0.8,0,25,267,0.215658981729156
"XGBoost","Repeat_29_Fold_03",29,"Fold_03",4,0.1,4,1,0.8,0.8,0,25,40,0.221731600718788
"XGBoost","Repeat_29_Fold_03",29,"Fold_03",5,0.03,2,3,0.8,0.8,0,25,135,0.259141362433393
"XGBoost","Repeat_29_Fold_03",29,"Fold_03",6,0.1,2,3,0.8,0.8,0,25,41,0.176983335324062
"XGBoost","Repeat_29_Fold_03",29,"Fold_03",7,0.03,4,3,0.8,0.8,0,25,125,0.228131546119515
"XGBoost","Repeat_29_Fold_03",29,"Fold_03",8,0.1,4,3,0.8,0.8,0,25,37,0.226926484897446
"XGBoost","Repeat_29_Fold_04",29,"Fold_04",1,0.03,2,1,0.8,0.8,0,25,221,0.145377617942778
"XGBoost","Repeat_29_Fold_04",29,"Fold_04",2,0.1,2,1,0.8,0.8,0,25,82,0.139513591633519
"XGBoost","Repeat_29_Fold_04",29,"Fold_04",3,0.03,4,1,0.8,0.8,0,25,110,0.211919018550991
"XGBoost","Repeat_29_Fold_04",29,"Fold_04",4,0.1,4,1,0.8,0.8,0,25,43,0.151223727492974
"XGBoost","Repeat_29_Fold_04",29,"Fold_04",5,0.03,2,3,0.8,0.8,0,25,205,0.194603009713599
"XGBoost","Repeat_29_Fold_04",29,"Fold_04",6,0.1,2,3,0.8,0.8,0,25,67,0.135679123770947
"XGBoost","Repeat_29_Fold_04",29,"Fold_04",7,0.03,4,3,0.8,0.8,0,25,136,0.177178209665446
"XGBoost","Repeat_29_Fold_04",29,"Fold_04",8,0.1,4,3,0.8,0.8,0,25,55,0.179073547613091
"XGBoost","Repeat_29_Fold_05",29,"Fold_05",1,0.03,2,1,0.8,0.8,0,25,150,0.214988043406405
"XGBoost","Repeat_29_Fold_05",29,"Fold_05",2,0.1,2,1,0.8,0.8,0,25,42,0.245880859250274
"XGBoost","Repeat_29_Fold_05",29,"Fold_05",3,0.03,4,1,0.8,0.8,0,25,268,0.202264763392472
"XGBoost","Repeat_29_Fold_05",29,"Fold_05",4,0.1,4,1,0.8,0.8,0,25,42,0.214199416285667
"XGBoost","Repeat_29_Fold_05",29,"Fold_05",5,0.03,2,3,0.8,0.8,0,25,118,0.26996646499118
"XGBoost","Repeat_29_Fold_05",29,"Fold_05",6,0.1,2,3,0.8,0.8,0,25,60,0.181140519803963
"XGBoost","Repeat_29_Fold_05",29,"Fold_05",7,0.03,4,3,0.8,0.8,0,25,137,0.256610063800158
"XGBoost","Repeat_29_Fold_05",29,"Fold_05",8,0.1,4,3,0.8,0.8,0,25,42,0.244575325319042
"XGBoost","Repeat_30_Fold_01",30,"Fold_01",1,0.03,2,1,0.8,0.8,0,25,119,0.250132987186169
"XGBoost","Repeat_30_Fold_01",30,"Fold_01",2,0.1,2,1,0.8,0.8,0,25,125,0.268713777297167
"XGBoost","Repeat_30_Fold_01",30,"Fold_01",3,0.03,4,1,0.8,0.8,0,25,105,0.2458163298165
"XGBoost","Repeat_30_Fold_01",30,"Fold_01",4,0.1,4,1,0.8,0.8,0,25,39,0.188979872036725
"XGBoost","Repeat_30_Fold_01",30,"Fold_01",5,0.03,2,3,0.8,0.8,0,25,113,0.218527710244346
"XGBoost","Repeat_30_Fold_01",30,"Fold_01",6,0.1,2,3,0.8,0.8,0,25,51,0.240399038741508
"XGBoost","Repeat_30_Fold_01",30,"Fold_01",7,0.03,4,3,0.8,0.8,0,25,112,0.234154014346691
"XGBoost","Repeat_30_Fold_01",30,"Fold_01",8,0.1,4,3,0.8,0.8,0,25,32,0.237234520439345
"XGBoost","Repeat_30_Fold_02",30,"Fold_02",1,0.03,2,1,0.8,0.8,0,25,111,0.228264533448964
"XGBoost","Repeat_30_Fold_02",30,"Fold_02",2,0.1,2,1,0.8,0.8,0,25,94,0.198662987961702
"XGBoost","Repeat_30_Fold_02",30,"Fold_02",3,0.03,4,1,0.8,0.8,0,25,129,0.183645892798757
"XGBoost","Repeat_30_Fold_02",30,"Fold_02",4,0.1,4,1,0.8,0.8,0,25,37,0.170122999572553
"XGBoost","Repeat_30_Fold_02",30,"Fold_02",5,0.03,2,3,0.8,0.8,0,25,126,0.215636686386111
"XGBoost","Repeat_30_Fold_02",30,"Fold_02",6,0.1,2,3,0.8,0.8,0,25,43,0.240456434665248
"XGBoost","Repeat_30_Fold_02",30,"Fold_02",7,0.03,4,3,0.8,0.8,0,25,113,0.283086293950104
"XGBoost","Repeat_30_Fold_02",30,"Fold_02",8,0.1,4,3,0.8,0.8,0,25,36,0.204529339178967
"XGBoost","Repeat_30_Fold_03",30,"Fold_03",1,0.03,2,1,0.8,0.8,0,25,223,0.216384494968224
"XGBoost","Repeat_30_Fold_03",30,"Fold_03",2,0.1,2,1,0.8,0.8,0,25,36,0.233250228929907
"XGBoost","Repeat_30_Fold_03",30,"Fold_03",3,0.03,4,1,0.8,0.8,0,25,182,0.202754727143866
"XGBoost","Repeat_30_Fold_03",30,"Fold_03",4,0.1,4,1,0.8,0.8,0,25,39,0.164936786347355
"XGBoost","Repeat_30_Fold_03",30,"Fold_03",5,0.03,2,3,0.8,0.8,0,25,148,0.188311484230396
"XGBoost","Repeat_30_Fold_03",30,"Fold_03",6,0.1,2,3,0.8,0.8,0,25,131,0.21855685473957
"XGBoost","Repeat_30_Fold_03",30,"Fold_03",7,0.03,4,3,0.8,0.8,0,25,113,0.263577784465339
"XGBoost","Repeat_30_Fold_03",30,"Fold_03",8,0.1,4,3,0.8,0.8,0,25,32,0.22838853747369
"XGBoost","Repeat_30_Fold_04",30,"Fold_04",1,0.03,2,1,0.8,0.8,0,25,110,0.268583900062367
"XGBoost","Repeat_30_Fold_04",30,"Fold_04",2,0.1,2,1,0.8,0.8,0,25,114,0.197029468223403
"XGBoost","Repeat_30_Fold_04",30,"Fold_04",3,0.03,4,1,0.8,0.8,0,25,148,0.199610911936571
"XGBoost","Repeat_30_Fold_04",30,"Fold_04",4,0.1,4,1,0.8,0.8,0,25,36,0.177261101655089
"XGBoost","Repeat_30_Fold_04",30,"Fold_04",5,0.03,2,3,0.8,0.8,0,25,177,0.218614666328694
"XGBoost","Repeat_30_Fold_04",30,"Fold_04",6,0.1,2,3,0.8,0.8,0,25,154,0.239567383201435
"XGBoost","Repeat_30_Fold_04",30,"Fold_04",7,0.03,4,3,0.8,0.8,0,25,193,0.205382730140207
"XGBoost","Repeat_30_Fold_04",30,"Fold_04",8,0.1,4,3,0.8,0.8,0,25,44,0.186075170309498
"XGBoost","Repeat_30_Fold_05",30,"Fold_05",1,0.03,2,1,0.8,0.8,0,25,160,0.239299648893603
"XGBoost","Repeat_30_Fold_05",30,"Fold_05",2,0.1,2,1,0.8,0.8,0,25,30,0.263994443445252
"XGBoost","Repeat_30_Fold_05",30,"Fold_05",3,0.03,4,1,0.8,0.8,0,25,110,0.214970083763966
"XGBoost","Repeat_30_Fold_05",30,"Fold_05",4,0.1,4,1,0.8,0.8,0,25,64,0.170715485000983
"XGBoost","Repeat_30_Fold_05",30,"Fold_05",5,0.03,2,3,0.8,0.8,0,25,290,0.147535809512752
"XGBoost","Repeat_30_Fold_05",30,"Fold_05",6,0.1,2,3,0.8,0.8,0,25,129,0.239370969433087
"XGBoost","Repeat_30_Fold_05",30,"Fold_05",7,0.03,4,3,0.8,0.8,0,25,474,0.150856261446069
"XGBoost","Repeat_30_Fold_05",30,"Fold_05",8,0.1,4,3,0.8,0.8,0,25,70,0.176302058711791
