"CellID","X","Y","Occurrence","Is_Occurrence_Cell","Min_Dist_to_Occurrence_m","Inside_50m_Buffer","Background_Eligible"
1,531013.5791,4419989.11,,FALSE,1716.95127888296,FALSE,TRUE
2,531038.5791,4419989.11,,FALSE,1703.44522925095,FALSE,TRUE
3,531063.5791,4419989.11,,FALSE,1690.20105432988,FALSE,TRUE
4,531088.5791,4419989.11,,FALSE,1677.2249577972,FALSE,TRUE
5,531113.5791,4419989.11,,FALSE,1664.52320922774,FALSE,TRUE
6,531138.5791,4419989.11,,FALSE,1652.10213638801,FALSE,TRUE
7,531163.5791,4419989.11,,FALSE,1639.96811678088,FALSE,TRUE
8,531188.5791,4419989.11,,FALSE,1628.12756842264,FALSE,TRUE
9,531213.5791,4419989.11,,FALSE,1616.58693983894,FALSE,TRUE
10,531238.5791,4419989.11,,FALSE,1605.35269927135,FALSE,TRUE
11,531263.5791,4419989.11,,FALSE,1594.43132309228,FALSE,TRUE
12,531288.5791,4419989.11,,FALSE,1583.82928343234,FALSE,TRUE
13,531313.5791,4419989.11,,FALSE,1573.55303503181,FALSE,TRUE
14,531338.5791,4419989.11,,FALSE,1563.60900133563,FALSE,TRUE
15,531363.5791,4419989.11,,FALSE,1554.00355986008,FALSE,TRUE
16,531388.5791,4419989.11,,FALSE,1544.74302686816,FALSE,TRUE
17,531413.5791,4419989.11,,FALSE,1535.83364140059,FALSE,TRUE
18,531438.5791,4419989.11,,FALSE,1527.2815487191,FALSE,TRUE
19,531463.5791,4419989.11,,FALSE,1519.09278322879,FALSE,TRUE
20,531488.5791,4419989.11,,FALSE,1511.27325095689,FALSE,TRUE
21,531513.5791,4419989.11,,FALSE,1503.8287116749,FALSE,TRUE
22,531538.5791,4419989.11,,FALSE,1496.76476076162,FALSE,TRUE
23,531563.5791,4419989.11,,FALSE,1490.08681091331,FALSE,TRUE
24,531588.5791,4419989.11,,FALSE,1483.80007381648,FALSE,TRUE
25,531613.5791,4419989.11,,FALSE,1477.90954190633,FALSE,TRUE
26,531638.5791,4419989.11,,FALSE,1472.41997034059,FALSE,TRUE
27,531663.5791,4419989.11,,FALSE,1467.33585932389,FALSE,TRUE
28,531688.5791,4419989.11,,FALSE,1462.66143692168,FALSE,TRUE
29,531713.5791,4419989.11,,FALSE,1458.40064250459,FALSE,TRUE
30,531738.5791,4419989.11,,FALSE,1454.55711096464,FALSE,TRUE
31,531763.5791,4419989.11,,FALSE,1451.13415784268,FALSE,TRUE
32,531788.5791,4419989.11,,FALSE,1448.13476550278,FALSE,TRUE
33,531813.5791,4419989.11,,FALSE,1445.56157048317,FALSE,TRUE
34,531838.5791,4419989.11,,FALSE,1443.41685214555,FALSE,TRUE
35,531863.5791,4419989.11,,FALSE,1441.70252273407,FALSE,TRUE
36,531888.5791,4419989.11,,FALSE,1440.4201189437,FALSE,TRUE
37,531913.5791,4419989.11,,FALSE,1439.57079508365,FALSE,TRUE
38,531938.5791,4419989.11,,FALSE,1439.15531790623,FALSE,TRUE
39,531963.5791,4419989.11,,FALSE,1439.1740631549,FALSE,TRUE
40,531988.5791,4419989.11,,FALSE,1439.62701386775,FALSE,TRUE
41,532013.5791,4419989.11,,FALSE,1440.51376045416,FALSE,TRUE
42,532038.5791,4419989.11,,FALSE,1441.83350254382,FALSE,TRUE
43,532063.5791,4419989.11,,FALSE,1443.58505258879,FALSE,TRUE
44,532088.5791,4419989.11,,FALSE,1445.76684118075,FALSE,TRUE
45,532113.5791,4419989.11,,FALSE,1448.37692402833,FALSE,TRUE
46,532138.5791,4419989.11,,FALSE,1451.4129905226,FALSE,TRUE
47,532163.5791,4419989.11,,FALSE,1454.87237380389,FALSE,TRUE
48,532188.5791,4419989.11,,FALSE,1458.75206222914,FALSE,TRUE
49,532213.5791,4419989.11,,FALSE,1463.04871212744,FALSE,TRUE
50,532238.5791,4419989.11,,FALSE,1467.75866172125,FALSE,TRUE
51,532263.5791,4419989.11,,FALSE,1472.87794608303,FALSE,TRUE
52,532288.5791,4419989.11,,FALSE,1478.40231299121,FALSE,TRUE
53,532313.5791,4419989.11,,FALSE,1484.32723954583,FALSE,TRUE
54,532338.5791,4419989.11,,FALSE,1490.64794940246,FALSE,TRUE
55,532363.5791,4419989.11,,FALSE,1497.35943048346,FALSE,TRUE
56,532388.5791,4419989.11,,FALSE,1504.45645302805,FALSE,TRUE
57,532413.5791,4419989.11,,FALSE,1511.93358784629,FALSE,TRUE
58,532438.5791,4419989.11,,FALSE,1519.7852246478,FALSE,TRUE
59,532463.5791,4419989.11,,FALSE,1528.00559032281,FALSE,TRUE
60,532488.5791,4419989.11,,FALSE,1536.5887670609,FALSE,TRUE
61,532513.5791,4419989.11,,FALSE,1545.5287102017,FALSE,TRUE
62,532538.5791,4419989.11,,FALSE,1554.81926572118,FALSE,TRUE
63,532563.5791,4419989.11,,FALSE,1564.45418726716,FALSE,TRUE
64,532588.5791,4419989.11,,FALSE,1574.42715266783,FALSE,TRUE
65,532613.5791,4419989.11,,FALSE,1584.73177984722,FALSE,TRUE
66,532638.5791,4419989.11,,FALSE,1595.36164209177,FALSE,TRUE
67,532663.5791,4419989.11,,FALSE,1606.31028262218,FALSE,TRUE
68,532688.5791,4419989.11,,FALSE,1617.57122843408,FALSE,TRUE
69,532713.5791,4419989.11,,FALSE,1629.13800338023,FALSE,TRUE
70,532738.5791,4419989.11,,FALSE,1641.0041404755,FALSE,TRUE
71,532763.5791,4419989.11,,FALSE,1653.16319341368,FALSE,TRUE
72,532788.5791,4419989.11,,FALSE,1665.60874729263,FALSE,TRUE
73,532813.5791,4419989.11,,FALSE,1678.33442855044,FALSE,TRUE
74,532838.5791,4419989.11,,FALSE,1691.33391412155,FALSE,TRUE
75,532863.5791,4419989.11,,FALSE,1704.6009398266,FALSE,TRUE
76,532888.5791,4419989.11,,FALSE,1718.12930801431,FALSE,TRUE
77,532913.5791,4419989.11,,FALSE,1731.91289447758,FALSE,TRUE
78,532938.5791,4419989.11,,FALSE,1745.94565466905,FALSE,TRUE
79,532963.5791,4419989.11,,FALSE,1760.22162924381,FALSE,TRUE
80,532988.5791,4419989.11,,FALSE,1774.73494895934,FALSE,TRUE
81,531013.5791,4419964.11,,FALSE,1696.05164840514,FALSE,TRUE
82,531038.5791,4419964.11,,FALSE,1682.3778258934,FALSE,TRUE
83,531063.5791,4419964.11,,FALSE,1668.96647781128,FALSE,TRUE
84,531088.5791,4419964.11,,FALSE,1655.82398190683,FALSE,TRUE
85,531113.5791,4419964.11,,FALSE,1642.95679007629,FALSE,TRUE
86,531138.5791,4419964.11,,FALSE,1630.37142058422,FALSE,TRUE
87,531163.5791,4419964.11,,FALSE,1618.07444947932,FALSE,TRUE
88,531188.5791,4419964.11,,FALSE,1606.07250118349,FALSE,TRUE
89,531213.5791,4419964.11,,FALSE,1594.37223823604,FALSE,TRUE
90,531238.5791,4419964.11,,FALSE,1582.98035018057,FALSE,TRUE
91,531263.5791,4419964.11,,FALSE,1571.90354158829,FALSE,TRUE
92,531288.5791,4419964.11,,FALSE,1561.1485192184,FALSE,TRUE
93,531313.5791,4419964.11,,FALSE,1550.72197832422,FALSE,TRUE
94,531338.5791,4419964.11,,FALSE,1540.63058812221,FALSE,TRUE
95,531363.5791,4419964.11,,FALSE,1530.88097645042,FALSE,TRUE
96,531388.5791,4419964.11,,FALSE,1521.47971365306,FALSE,TRUE
97,531413.5791,4419964.11,,FALSE,1512.43329573829,FALSE,TRUE
98,531438.5791,4419964.11,,FALSE,1503.74812686759,FALSE,TRUE
99,531463.5791,4419964.11,,FALSE,1495.43050124631,FALSE,TRUE
100,531488.5791,4419964.11,,FALSE,1487.48658449674,FALSE,TRUE
101,531513.5791,4419964.11,,FALSE,1479.92239460648,FALSE,TRUE
102,531538.5791,4419964.11,,FALSE,1472.74378255614,FALSE,TRUE
103,531563.5791,4419964.11,,FALSE,1465.95641274145,FALSE,TRUE
104,531588.5791,4419964.11,,FALSE,1459.56574331469,FALSE,TRUE
105,531613.5791,4419964.11,,FALSE,1453.5770065799,FALSE,TRUE
106,531638.5791,4419964.11,,FALSE,1447.99518958378,FALSE,TRUE
107,531663.5791,4419964.11,,FALSE,1442.8250150513,FALSE,TRUE
108,531688.5791,4419964.11,,FALSE,1438.0709228191,FALSE,TRUE
109,531713.5791,4419964.11,,FALSE,1433.73705192332,FALSE,TRUE
110,531738.5791,4419964.11,,FALSE,1429.82722349862,FALSE,TRUE
111,531763.5791,4419964.11,,FALSE,1426.34492464402,FALSE,TRUE
112,531788.5791,4419964.11,,FALSE,1423.29329340715,FALSE,TRUE
113,531813.5791,4419964.11,,FALSE,1420.67510503203,FALSE,TRUE
114,531838.5791,4419964.11,,FALSE,1418.4927596071,FALSE,TRUE
115,531863.5791,4419964.11,,FALSE,1416.74827123867,FALSE,TRUE
116,531888.5791,4419964.11,,FALSE,1415.44325886196,FALSE,TRUE
117,531913.5791,4419964.11,,FALSE,1414.57893878629,FALSE,TRUE
118,531938.5791,4419964.11,,FALSE,1414.15611905396,FALSE,TRUE
119,531963.5791,4419964.11,,FALSE,1414.17519567335,FALSE,TRUE
120,531988.5791,4419964.11,,FALSE,1414.63615076731,FALSE,TRUE
121,532013.5791,4419964.11,,FALSE,1415.53855265682,FALSE,TRUE
122,532038.5791,4419964.11,,FALSE,1416.88155787905,FALSE,TRUE
123,532063.5791,4419964.11,,FALSE,1418.66391511794,FALSE,TRUE
124,532088.5791,4419964.11,,FALSE,1420.88397100458,FALSE,TRUE
125,532113.5791,4419964.11,,FALSE,1423.53967772512,FALSE,TRUE
126,532138.5791,4419964.11,,FALSE,1426.62860235513,FALSE,TRUE
127,532163.5791,4419964.11,,FALSE,1430.14793782243,FALSE,TRUE
128,532188.5791,4419964.11,,FALSE,1434.09451538514,FALSE,TRUE
129,532213.5791,4419964.11,,FALSE,1438.46481849844,FALSE,TRUE
130,532238.5791,4419964.11,,FALSE,1443.25499793271,FALSE,TRUE
131,532263.5791,4419964.11,,FALSE,1448.46088799724,FALSE,TRUE
132,532288.5791,4419964.11,,FALSE,1454.07802371735,FALSE,TRUE
133,532313.5791,4419964.11,,FALSE,1460.10165880932,FALSE,TRUE
134,532338.5791,4419964.11,,FALSE,1466.52678429606,FALSE,TRUE
135,532363.5791,4419964.11,,FALSE,1473.34814760726,FALSE,TRUE
136,532388.5791,4419964.11,,FALSE,1480.56027201115,FALSE,TRUE
137,532413.5791,4419964.11,,FALSE,1488.15747622949,FALSE,TRUE
138,532438.5791,4419964.11,,FALSE,1496.13389409429,FALSE,TRUE
139,532463.5791,4419964.11,,FALSE,1504.48349411276,FALSE,TRUE
140,532488.5791,4419964.11,,FALSE,1513.20009881632,FALSE,TRUE
141,532513.5791,4419964.11,,FALSE,1522.27740377952,FALSE,TRUE
142,532538.5791,4419964.11,,FALSE,1531.70899620578,FALSE,TRUE
143,532563.5791,4419964.11,,FALSE,1541.48837298817,FALSE,TRUE
144,532588.5791,4419964.11,,FALSE,1551.60895816495,FALSE,TRUE
145,532613.5791,4419964.11,,FALSE,1562.06411970115,FALSE,TRUE
146,532638.5791,4419964.11,,FALSE,1572.84718553893,FALSE,TRUE
147,532663.5791,4419964.11,,FALSE,1583.95145887042,FALSE,TRUE
148,532688.5791,4419964.11,,FALSE,1595.37023259735,FALSE,TRUE
149,532713.5791,4419964.11,,FALSE,1607.09680295174,FALSE,TRUE
150,532738.5791,4419964.11,,FALSE,1619.12448226124,FALSE,TRUE
151,532763.5791,4419964.11,,FALSE,1631.44661085115,FALSE,TRUE
152,532788.5791,4419964.11,,FALSE,1644.05656808326,FALSE,TRUE
153,532813.5791,4419964.11,,FALSE,1656.94778253804,FALSE,TRUE
154,532838.5791,4419964.11,,FALSE,1670.11374135348,FALSE,TRUE
155,532863.5791,4419964.11,,FALSE,1683.54799873889,FALSE,TRUE
156,532888.5791,4419964.11,,FALSE,1697.24418368652,FALSE,TRUE
157,532913.5791,4419964.11,,FALSE,1711.19600690795,FALSE,TRUE
158,532938.5791,4419964.11,,FALSE,1725.39726702511,FALSE,TRUE
159,532963.5791,4419964.11,,FALSE,1739.84185604833,FALSE,TRUE
160,532988.5791,4419964.11,,FALSE,1754.52376417582,FALSE,TRUE
161,531013.5791,4419939.11,,FALSE,1675.2643654235,FALSE,TRUE
162,531038.5791,4419939.11,,FALSE,1661.4194681229,FALSE,TRUE
163,531063.5791,4419939.11,,FALSE,1647.83755390445,FALSE,TRUE
164,531088.5791,4419939.11,,FALSE,1634.52517847165,FALSE,TRUE
165,531113.5791,4419939.11,,FALSE,1621.48898055392,FALSE,TRUE
166,531138.5791,4419939.11,,FALSE,1608.73567408005,FALSE,TRUE
167,531163.5791,4419939.11,,FALSE,1596.27203949007,FALSE,TRUE
168,531188.5791,4419939.11,,FALSE,1584.10491415745,FALSE,TRUE
169,531213.5791,4419939.11,,FALSE,1572.24118189856,FALSE,TRUE
170,531238.5791,4419939.11,,FALSE,1560.68776155187,FALSE,TRUE
171,531263.5791,4419939.11,,FALSE,1549.45159461591,FALSE,TRUE
172,531288.5791,4419939.11,,FALSE,1538.5396319425,FALSE,TRUE
173,531313.5791,4419939.11,,FALSE,1527.95881949016,FALSE,TRUE
174,531338.5791,4419939.11,,FALSE,1517.71608315184,FALSE,TRUE
175,531363.5791,4419939.11,,FALSE,1507.81831268153,FALSE,TRUE
176,531388.5791,4419939.11,,FALSE,1498.27234475504,FALSE,TRUE
177,531413.5791,4419939.11,,FALSE,1489.08494521225,FALSE,TRUE
178,531438.5791,4419939.11,,FALSE,1480.26279054017,FALSE,TRUE
179,531463.5791,4419939.11,,FALSE,1471.81244866925,FALSE,TRUE
180,531488.5791,4419939.11,,FALSE,1463.74035916817,FALSE,TRUE
181,531513.5791,4419939.11,,FALSE,1456.05281293563,FALSE,TRUE
182,531538.5791,4419939.11,,FALSE,1448.75593150046,FALSE,TRUE
183,531563.5791,4419939.11,,FALSE,1441.85564605399,FALSE,TRUE
184,531588.5791,4419939.11,,FALSE,1435.35767635031,FALSE,TRUE
185,531613.5791,4419939.11,,FALSE,1429.26750962084,FALSE,TRUE
186,531638.5791,4419939.11,,FALSE,1423.59037965904,FALSE,TRUE
187,531663.5791,4419939.11,,FALSE,1418.33124623896,FALSE,TRUE
188,531688.5791,4419939.11,,FALSE,1413.4947750373,FALSE,TRUE
189,531713.5791,4419939.11,,FALSE,1409.08531823228,FALSE,TRUE
190,531738.5791,4419939.11,,FALSE,1405.1068959541,FALSE,TRUE
191,531763.5791,4419939.11,,FALSE,1401.56317876068,FALSE,TRUE
192,531788.5791,4419939.11,,FALSE,1398.45747130821,FALSE,TRUE
193,531813.5791,4419939.11,,FALSE,1395.79269737943,FALSE,TRUE
194,531838.5791,4419939.11,,FALSE,1393.5713864233,FALSE,TRUE
195,531863.5791,4419939.11,,FALSE,1391.79566174699,FALSE,TRUE
196,531888.5791,4419939.11,,FALSE,1390.46723048684,FALSE,TRUE
197,531913.5791,4419939.11,,FALSE,1389.58737546717,FALSE,TRUE
198,531938.5791,4419939.11,,FALSE,1389.15694903698,FALSE,TRUE
199,531963.5791,4419939.11,,FALSE,1389.17636895311,FALSE,TRUE
200,531988.5791,4419939.11,,FALSE,1389.64561635611,FALSE,TRUE
201,532013.5791,4419939.11,,FALSE,1390.56423586174,FALSE,TRUE
202,532038.5791,4419939.11,,FALSE,1391.93133776697,FALSE,TRUE
203,532063.5791,4419939.11,,FALSE,1393.74560234561,FALSE,TRUE
204,532088.5791,4419939.11,,FALSE,1396.00528618545,FALSE,TRUE
205,532113.5791,4419939.11,,FALSE,1398.70823049617,FALSE,TRUE
206,532138.5791,4419939.11,,FALSE,1401.85187129658,FALSE,TRUE
207,532163.5791,4419939.11,,FALSE,1405.43325137046,FALSE,TRUE
208,532188.5791,4419939.11,,FALSE,1409.44903386314,FALSE,TRUE
209,532213.5791,4419939.11,,FALSE,1413.89551737663,FALSE,TRUE
210,532238.5791,4419939.11,,FALSE,1418.76865240875,FALSE,TRUE
211,532263.5791,4419939.11,,FALSE,1424.06405897267,FALSE,TRUE
212,532288.5791,4419939.11,,FALSE,1429.77704522689,FALSE,TRUE
213,532313.5791,4419939.11,,FALSE,1435.90262694158,FALSE,TRUE
214,532338.5791,4419939.11,,FALSE,1442.4355476269,FALSE,TRUE
215,532363.5791,4419939.11,,FALSE,1449.37029914985,FALSE,TRUE
216,532388.5791,4419939.11,,FALSE,1456.70114267056,FALSE,TRUE
217,532413.5791,4419939.11,,FALSE,1464.42212973504,FALSE,TRUE
218,532438.5791,4419939.11,,FALSE,1472.52712336911,FALSE,TRUE
219,532463.5791,4419939.11,,FALSE,1481.00981902812,FALSE,TRUE
220,532488.5791,4419939.11,,FALSE,1489.86376526772,FALSE,TRUE
221,532513.5791,4419939.11,,FALSE,1499.08238401287,FALSE,TRUE
222,532538.5791,4419939.11,,FALSE,1508.65899031481,FALSE,TRUE
223,532563.5791,4419939.11,,FALSE,1518.58681149867,FALSE,TRUE
224,532588.5791,4419939.11,,FALSE,1528.85900561749,FALSE,TRUE
225,532613.5791,4419939.11,,FALSE,1539.46867914151,FALSE,TRUE
226,532638.5791,4419939.11,,FALSE,1550.40890382431,FALSE,TRUE
227,532663.5791,4419939.11,,FALSE,1561.67273269969,FALSE,TRUE
228,532688.5791,4419939.11,,FALSE,1573.25321517475,FALSE,TRUE
229,532713.5791,4419939.11,,FALSE,1585.14341119588,FALSE,TRUE
230,532738.5791,4419939.11,,FALSE,1597.33640447393,FALSE,TRUE
231,532763.5791,4419939.11,,FALSE,1609.82531476483,FALSE,TRUE
232,532788.5791,4419939.11,,FALSE,1622.60330920952,FALSE,TRUE
233,532813.5791,4419939.11,,FALSE,1635.6636127449,FALSE,TRUE
234,532838.5791,4419939.11,,FALSE,1648.99951760384,FALSE,TRUE
235,532863.5791,4419939.11,,FALSE,1662.60439192783,FALSE,TRUE
236,532888.5791,4419939.11,,FALSE,1676.47168752046,FALSE,TRUE
237,532913.5791,4419939.11,,FALSE,1690.59494677397,FALSE,TRUE
238,532938.5791,4419939.11,,FALSE,1704.96780880393,FALSE,TRUE
239,532963.5791,4419939.11,,FALSE,1719.58401482966,FALSE,TRUE
240,532988.5791,4419939.11,,FALSE,1734.43741283959,FALSE,TRUE
241,531013.5791,4419914.11,,FALSE,1654.59366433508,FALSE,TRUE
242,531038.5791,4419914.11,,FALSE,1640.57433512102,FALSE,TRUE
243,531063.5791,4419914.11,,FALSE,1626.81839922524,FALSE,TRUE
244,531088.5791,4419914.11,,FALSE,1613.33259406043,FALSE,TRUE
245,531113.5791,4419914.11,,FALSE,1600.12374960744,FALSE,TRUE
246,531138.5791,4419914.11,,FALSE,1587.19878057469,FALSE,TRUE
247,531163.5791,4419914.11,,FALSE,1574.56467763562,FALSE,TRUE
248,531188.5791,4419914.11,,FALSE,1562.22849771017,FALSE,TRUE
249,531213.5791,4419914.11,,FALSE,1550.19735326111,FALSE,TRUE
250,531238.5791,4419914.11,,FALSE,1538.47840058213,FALSE,TRUE
251,531263.5791,4419914.11,,FALSE,1527.07882706092,FALSE,TRUE
252,531288.5791,4419914.11,,FALSE,1516.00583740887,FALSE,TRUE
253,531313.5791,4419914.11,,FALSE,1505.26663885763,FALSE,TRUE
254,531338.5791,4419914.11,,FALSE,1494.86842533306,FALSE,TRUE
255,531363.5791,4419914.11,,FALSE,1484.81836062791,FALSE,TRUE
256,531388.5791,4419914.11,,FALSE,1475.12356060696,FALSE,TRUE
257,531413.5791,4419914.11,,FALSE,1465.79107449109,FALSE,TRUE
258,531438.5791,4419914.11,,FALSE,1456.8278652805,FALSE,TRUE
259,531463.5791,4419914.11,,FALSE,1448.24078939165,FALSE,TRUE
260,531488.5791,4419914.11,,FALSE,1440.03657559721,FALSE,TRUE
261,531513.5791,4419914.11,,FALSE,1432.22180337326,FALSE,TRUE
262,531538.5791,4419914.11,,FALSE,1424.80288077255,FALSE,TRUE
263,531563.5791,4419914.11,,FALSE,1417.78602195738,FALSE,TRUE
264,531588.5791,4419914.11,,FALSE,1411.17722453905,FALSE,TRUE
265,531613.5791,4419914.11,,FALSE,1404.98224688348,FALSE,TRUE
266,531638.5791,4419914.11,,FALSE,1399.20658555402,FALSE,TRUE
267,531663.5791,4419914.11,,FALSE,1393.85545307171,FALSE,TRUE
268,531688.5791,4419914.11,,FALSE,1388.93375618052,FALSE,TRUE
269,531713.5791,4419914.11,,FALSE,1384.44607481033,FALSE,TRUE
270,531738.5791,4419914.11,,FALSE,1380.39664193222,FALSE,TRUE
271,531763.5791,4419914.11,,FALSE,1376.78932450021,FALSE,TRUE
272,531788.5791,4419914.11,,FALSE,1373.62760566965,FALSE,TRUE
273,531813.5791,4419914.11,,FALSE,1370.91456847527,FALSE,TRUE
274,531838.5791,4419914.11,,FALSE,1368.65288114179,FALSE,TRUE
275,531863.5791,4419914.11,,FALSE,1366.84478418646,FALSE,TRUE
276,531888.5791,4419914.11,,FALSE,1365.49207945624,FALSE,TRUE
277,531913.5791,4419914.11,,FALSE,1364.59612122332,FALSE,TRUE
278,531938.5791,4419914.11,,FALSE,1364.15780944058,FALSE,TRUE
279,531963.5791,4419914.11,,FALSE,1364.17758523505,FALSE,TRUE
280,531988.5791,4419914.11,,FALSE,1364.6554286917,FALSE,TRUE
281,532013.5791,4419914.11,,FALSE,1365.59085895363,FALSE,TRUE
282,532038.5791,4419914.11,,FALSE,1366.98293663737,FALSE,TRUE
283,532063.5791,4419914.11,,FALSE,1368.83026853504,FALSE,TRUE
284,532088.5791,4419914.11,,FALSE,1371.13101454883,FALSE,TRUE
285,532113.5791,4419914.11,,FALSE,1373.88289677749,FALSE,TRUE
286,532138.5791,4419914.11,,FALSE,1377.08321065131,FALSE,TRUE
287,532163.5791,4419914.11,,FALSE,1380.72883799018,FALSE,TRUE
288,532188.5791,4419914.11,,FALSE,1384.81626184043,FALSE,TRUE
289,532213.5791,4419914.11,,FALSE,1389.34158292974,FALSE,TRUE
290,532238.5791,4419914.11,,FALSE,1394.30053756631,FALSE,TRUE
291,532263.5791,4419914.11,,FALSE,1399.68851679854,FALSE,TRUE
292,532288.5791,4419914.11,,FALSE,1405.50058664438,FALSE,TRUE
293,532313.5791,4419914.11,,FALSE,1411.73150919632,FALSE,TRUE
294,532338.5791,4419914.11,,FALSE,1418.3757644072,FALSE,TRUE
295,532363.5791,4419914.11,,FALSE,1425.42757236476,FALSE,TRUE
296,532388.5791,4419914.11,,FALSE,1432.88091586765,FALSE,TRUE
297,532413.5791,4419914.11,,FALSE,1440.72956312339,FALSE,TRUE
298,532438.5791,4419914.11,,FALSE,1448.96709039843,FALSE,TRUE
299,532463.5791,4419914.11,,FALSE,1457.58690446151,FALSE,TRUE
300,532488.5791,4419914.11,,FALSE,1466.58226467447,FALSE,TRUE
301,532513.5791,4419914.11,,FALSE,1475.94630459841,FALSE,TRUE
302,532538.5791,4419914.11,,FALSE,1485.67205299746,FALSE,TRUE
303,532563.5791,4419914.11,,FALSE,1495.75245413728,FALSE,TRUE
304,532588.5791,4419914.11,,FALSE,1506.18038729021,FALSE,TRUE
305,532613.5791,4419914.11,,FALSE,1516.94868537393,FALSE,TRUE
306,532638.5791,4419914.11,,FALSE,1528.0501526644,FALSE,TRUE
307,532663.5791,4419914.11,,FALSE,1539.47758153787,FALSE,TRUE
308,532688.5791,4419914.11,,FALSE,1551.22376820937,FALSE,TRUE
309,532713.5791,4419914.11,,FALSE,1563.28152744721,FALSE,TRUE
310,532738.5791,4419914.11,,FALSE,1575.64370625395,FALSE,TRUE
311,532763.5791,4419914.11,,FALSE,1588.30319651434,FALSE,TRUE
312,532788.5791,4419914.11,,FALSE,1601.25294661952,FALSE,TRUE
313,532813.5791,4419914.11,,FALSE,1614.48597208451,FALSE,TRUE
314,532838.5791,4419914.11,,FALSE,1627.99536518311,FALSE,TRUE
315,532863.5791,4419914.11,,FALSE,1641.77430362936,FALSE,TRUE
316,532888.5791,4419914.11,,FALSE,1655.81605834032,FALSE,TRUE
317,532913.5791,4419914.11,,FALSE,1670.11400031784,FALSE,TRUE
318,532938.5791,4419914.11,,FALSE,1684.66160669069,FALSE,TRUE
319,532963.5791,4419914.11,,FALSE,1699.45246596004,FALSE,TRUE
320,532988.5791,4419914.11,,FALSE,1714.48028249311,FALSE,TRUE
321,531013.5791,4419889.11,,FALSE,1634.04396943832,FALSE,TRUE
322,531038.5791,4419889.11,,FALSE,1619.84679802065,FALSE,TRUE
323,531063.5791,4419889.11,,FALSE,1605.91332395549,FALSE,TRUE
324,531088.5791,4419889.11,,FALSE,1592.25046995055,FALSE,TRUE
325,531113.5791,4419889.11,,FALSE,1578.86526152733,FALSE,TRUE
326,531138.5791,4419889.11,,FALSE,1565.76481920426,FALSE,TRUE
327,531163.5791,4419889.11,,FALSE,1552.95634969491,FALSE,TRUE
328,531188.5791,4419889.11,,FALSE,1540.44713608022,FALSE,TRUE
329,531213.5791,4419889.11,,FALSE,1528.24452691896,FALSE,TRUE
330,531238.5791,4419889.11,,FALSE,1516.35592426638,FALSE,TRUE
331,531263.5791,4419889.11,,FALSE,1504.78877057803,FALSE,TRUE
332,531288.5791,4419889.11,,FALSE,1493.5505344841,FALSE,TRUE
333,531313.5791,4419889.11,,FALSE,1482.64869542914,FALSE,TRUE
334,531338.5791,4419889.11,,FALSE,1472.09072718285,FALSE,TRUE
335,531363.5791,4419889.11,,FALSE,1461.88408023952,FALSE,TRUE
336,531388.5791,4419889.11,,FALSE,1452.03616313704,FALSE,TRUE
337,531413.5791,4419889.11,,FALSE,1442.55432274065,FALSE,TRUE
338,531438.5791,4419889.11,,FALSE,1433.44582355167,FALSE,TRUE
339,531463.5791,4419889.11,,FALSE,1424.71782611777,FALSE,TRUE
340,531488.5791,4419889.11,,FALSE,1416.37736463759,FALSE,TRUE
341,531513.5791,4419889.11,,FALSE,1408.43132386983,FALSE,TRUE
342,531538.5791,4419889.11,,FALSE,1400.88641547334,FALSE,TRUE
343,531563.5791,4419889.11,,FALSE,1393.7491539218,FALSE,TRUE
344,531588.5791,4419889.11,,FALSE,1387.02583215228,FALSE,TRUE
345,531613.5791,4419889.11,,FALSE,1380.72249712161,FALSE,TRUE
346,531638.5791,4419889.11,,FALSE,1374.84492545804,FALSE,TRUE
347,531663.5791,4419889.11,,FALSE,1369.39859940695,FALSE,TRUE
348,531688.5791,4419889.11,,FALSE,1364.38868327824,FALSE,TRUE
349,531713.5791,4419889.11,,FALSE,1359.82000060954,FALSE,TRUE
350,531738.5791,4419889.11,,FALSE,1355.69701226259,FALSE,TRUE
351,531763.5791,4419889.11,,FALSE,1352.02379566993,FALSE,TRUE
352,531788.5791,4419889.11,,FALSE,1348.8040254454,FALSE,TRUE
353,531813.5791,4419889.11,,FALSE,1346.04095556477,FALSE,TRUE
354,531838.5791,4419889.11,,FALSE,1343.73740331127,FALSE,TRUE
355,531863.5791,4419889.11,,FALSE,1341.89573516638,FALSE,TRUE
356,531888.5791,4419889.11,,FALSE,1340.5178548075,FALSE,TRUE
357,531913.5791,4419889.11,,FALSE,1339.60519335277,FALSE,TRUE
358,531938.5791,4419889.11,,FALSE,1339.15870196841,FALSE,TRUE
359,531963.5791,4419889.11,,FALSE,1339.17884692737,FALSE,TRUE
360,531988.5791,4419889.11,,FALSE,1339.66560717879,FALSE,TRUE
361,532013.5791,4419889.11,,FALSE,1340.61847445785,FALSE,TRUE
362,532038.5791,4419889.11,,FALSE,1342.03645593468,FALSE,TRUE
363,532063.5791,4419889.11,,FALSE,1343.91807937006,FALSE,TRUE
364,532088.5791,4419889.11,,FALSE,1346.26140071596,FALSE,TRUE
365,532113.5791,4419889.11,,FALSE,1349.06401406964,FALSE,TRUE
366,532138.5791,4419889.11,,FALSE,1352.3230638637,FALSE,TRUE
367,532163.5791,4419889.11,,FALSE,1356.03525914989,FALSE,TRUE
368,532188.5791,4419889.11,,FALSE,1360.19688981327,FALSE,TRUE
369,532213.5791,4419889.11,,FALSE,1364.80384453507,FALSE,TRUE
370,532238.5791,4419889.11,,FALSE,1369.85163030808,FALSE,TRUE
371,532263.5791,4419889.11,,FALSE,1375.33539329783,FALSE,TRUE
372,532288.5791,4419889.11,,FALSE,1381.24994083536,FALSE,TRUE
373,532313.5791,4419889.11,,FALSE,1387.58976432434,FALSE,TRUE
374,532338.5791,4419889.11,,FALSE,1394.34906284534,FALSE,TRUE
375,532363.5791,4419889.11,,FALSE,1401.52176724362,FALSE,TRUE
376,532388.5791,4419889.11,,FALSE,1409.10156449338,FALSE,TRUE
377,532413.5791,4419889.11,,FALSE,1417.08192214059,FALSE,TRUE
378,532438.5791,4419889.11,,FALSE,1425.45611263823,FALSE,TRUE
379,532463.5791,4419889.11,,FALSE,1434.21723740083,FALSE,TRUE
380,532488.5791,4419889.11,,FALSE,1443.35825042076,FALSE,TRUE
381,532513.5791,4419889.11,,FALSE,1452.87198130382,FALSE,TRUE
382,532538.5791,4419889.11,,FALSE,1462.75115759916,FALSE,TRUE
383,532563.5791,4419889.11,,FALSE,1472.98842631491,FALSE,TRUE
384,532588.5791,4419889.11,,FALSE,1483.57637452801,FALSE,TRUE
385,532613.5791,4419889.11,,FALSE,1494.50754901328,FALSE,TRUE
386,532638.5791,4419889.11,,FALSE,1505.77447483269,FALSE,TRUE
387,532663.5791,4419889.11,,FALSE,1517.36967284102,FALSE,TRUE
388,532688.5791,4419889.11,,FALSE,1529.28567607811,FALSE,TRUE
389,532713.5791,4419889.11,,FALSE,1541.51504503124,FALSE,TRUE
390,532738.5791,4419889.11,,FALSE,1554.05038176298,FALSE,TRUE
391,532763.5791,4419889.11,,FALSE,1566.88434291037,FALSE,TRUE
392,532788.5791,4419889.11,,FALSE,1580.00965157105,FALSE,TRUE
393,532813.5791,4419889.11,,FALSE,1593.41910809983,FALSE,TRUE
394,532838.5791,4419889.11,,FALSE,1607.1055998464,FALSE,TRUE
395,532863.5791,4419889.11,,FALSE,1621.06210987046,FALSE,TRUE
396,532888.5791,4419889.11,,FALSE,1635.28172467549,FALSE,TRUE
397,532913.5791,4419889.11,,FALSE,1649.75764100599,FALSE,TRUE
398,532938.5791,4419889.11,,FALSE,1664.48317175562,FALSE,TRUE
399,532963.5791,4419889.11,,FALSE,1679.45175103593,FALSE,TRUE
400,532988.5791,4419889.11,,FALSE,1694.65693845617,FALSE,TRUE
401,531013.5791,4419864.11,,FALSE,1613.61990383663,FALSE,TRUE
402,531038.5791,4419864.11,,FALSE,1599.2414292588,FALSE,TRUE
403,531063.5791,4419864.11,,FALSE,1585.12684163058,FALSE,TRUE
404,531088.5791,4419864.11,,FALSE,1571.28325233159,FALSE,TRUE
405,531113.5791,4419864.11,,FALSE,1557.71788654356,FALSE,TRUE
406,531138.5791,4419864.11,,FALSE,1544.43807550116,FALSE,TRUE
407,531163.5791,4419864.11,,FALSE,1531.45124769211,FALSE,TRUE
408,531188.5791,4419864.11,,FALSE,1518.76491895808,FALSE,TRUE
409,531213.5791,4419864.11,,FALSE,1506.38668145258,FALSE,TRUE
410,531238.5791,4419864.11,,FALSE,1494.32419141822,FALSE,TRUE
411,531263.5791,4419864.11,,FALSE,1482.58515575252,FALSE,TRUE
412,531288.5791,4419864.11,,FALSE,1471.17731734068,FALSE,TRUE
413,531313.5791,4419864.11,,FALSE,1460.10843914338,FALSE,TRUE
414,531338.5791,4419864.11,,FALSE,1449.38628703935,FALSE,TRUE
415,531363.5791,4419864.11,,FALSE,1439.01861143549,FALSE,TRUE
416,531388.5791,4419864.11,,FALSE,1429.01312767158,FALSE,TRUE
417,531413.5791,4419864.11,,FALSE,1419.37749526253,FALSE,TRUE
418,531438.5791,4419864.11,,FALSE,1410.11929603765,FALSE,TRUE
419,531463.5791,4419864.11,,FALSE,1401.24601125488,FALSE,TRUE
420,531488.5791,4419864.11,,FALSE,1392.76499778596,FALSE,TRUE
421,531513.5791,4419864.11,,FALSE,1384.68346348821,FALSE,TRUE
422,531538.5791,4419864.11,,FALSE,1377.00844189777,FALSE,TRUE
423,531563.5791,4419864.11,,FALSE,1369.74676639798,FALSE,TRUE
424,531588.5791,4419864.11,,FALSE,1362.90504403561,FALSE,TRUE
425,531613.5791,4419864.11,,FALSE,1356.4896291744,FALSE,TRUE
426,531638.5791,4419864.11,,FALSE,1350.50659719148,FALSE,TRUE
427,531663.5791,4419864.11,,FALSE,1344.96171843577,FALSE,TRUE
428,531688.5791,4419864.11,,FALSE,1339.86043267861,FALSE,TRUE
429,531713.5791,4419864.11,,FALSE,1335.20782429467,FALSE,TRUE
430,531738.5791,4419864.11,,FALSE,1331.00859841614,FALSE,TRUE
431,531763.5791,4419864.11,,FALSE,1327.26705830353,FALSE,TRUE
432,531788.5791,4419864.11,,FALSE,1323.98708417329,FALSE,TRUE
433,531813.5791,4419864.11,,FALSE,1321.17211371482,FALSE,TRUE
434,531838.5791,4419864.11,,FALSE,1318.82512451716,FALSE,TRUE
435,531863.5791,4419864.11,,FALSE,1316.94861860959,FALSE,TRUE
436,531888.5791,4419864.11,,FALSE,1315.54460929977,FALSE,TRUE
437,531913.5791,4419864.11,,FALSE,1314.61461046867,FALSE,TRUE
438,531938.5791,4419864.11,,FALSE,1314.15962845375,FALSE,TRUE
439,531963.5791,4419864.11,,FALSE,1314.18015662149,FALSE,TRUE
440,531988.5791,4419864.11,,FALSE,1314.67617269717,FALSE,TRUE
441,532013.5791,4419864.11,,FALSE,1315.64713888553,FALSE,TRUE
442,532038.5791,4419864.11,,FALSE,1317.09200478087,FALSE,TRUE
443,532063.5791,4419864.11,,FALSE,1319.00921302987,FALSE,TRUE
444,532088.5791,4419864.11,,FALSE,1321.39670767627,FALSE,TRUE
445,532113.5791,4419864.11,,FALSE,1324.25194508359,FALSE,TRUE
446,532138.5791,4419864.11,,FALSE,1327.57190730208,FALSE,TRUE
447,532163.5791,4419864.11,,FALSE,1331.35311771809,FALSE,TRUE
448,532188.5791,4419864.11,,FALSE,1335.59165880058,FALSE,TRUE
449,532213.5791,4419864.11,,FALSE,1340.28319173885,FALSE,TRUE
450,532238.5791,4419864.11,,FALSE,1345.42297775,FALSE,TRUE
451,532263.5791,4419864.11,,FALSE,1351.00590082267,FALSE,TRUE
452,532288.5791,4419864.11,,FALSE,1357.02649165655,FALSE,TRUE
453,532313.5791,4419864.11,,FALSE,1363.47895255397,FALSE,TRUE
454,532338.5791,4419864.11,,FALSE,1370.35718302115,FALSE,TRUE
455,532363.5791,4419864.11,,FALSE,1377.65480584131,FALSE,TRUE
456,532388.5791,4419864.11,,FALSE,1385.36519339042,FALSE,TRUE
457,532413.5791,4419864.11,,FALSE,1393.48149397746,FALSE,TRUE
458,532438.5791,4419864.11,,FALSE,1401.99665800517,FALSE,TRUE
459,532463.5791,4419864.11,,FALSE,1410.90346376273,FALSE,TRUE
460,532488.5791,4419864.11,,FALSE,1420.19454267986,FALSE,TRUE
461,532513.5791,4419864.11,,FALSE,1429.86240388985,FALSE,TRUE
462,532538.5791,4419864.11,,FALSE,1439.89945796839,FALSE,TRUE
463,532563.5791,4419864.11,,FALSE,1450.29803973447,FALSE,TRUE
464,532588.5791,4419864.11,,FALSE,1461.05043001864,FALSE,TRUE
465,532613.5791,4419864.11,,FALSE,1472.14887632252,FALSE,TRUE
466,532638.5791,4419864.11,,FALSE,1483.58561231149,FALSE,TRUE
467,532663.5791,4419864.11,,FALSE,1495.35287609903,FALSE,TRUE
468,532688.5791,4419864.11,,FALSE,1507.44292729697,FALSE,TRUE
469,532713.5791,4419864.11,,FALSE,1519.84806281998,FALSE,TRUE
470,532738.5791,4419864.11,,FALSE,1532.56063144583,FALSE,TRUE
471,532763.5791,4419864.11,,FALSE,1545.57304714389,FALSE,TRUE
472,532788.5791,4419864.11,,FALSE,1558.87780119471,FALSE,TRUE
473,532813.5791,4419864.11,,FALSE,1572.46747313184,FALSE,TRUE
474,532838.5791,4419864.11,,FALSE,1586.33474054427,FALSE,TRUE
475,532863.5791,4419864.11,,FALSE,1600.47238778357,FALSE,TRUE
476,532888.5791,4419864.11,,FALSE,1614.87331362483,FALSE,TRUE
477,532913.5791,4419864.11,,FALSE,1629.53053793344,FALSE,TRUE
478,532938.5791,4419864.11,,FALSE,1644.43720739274,FALSE,TRUE
479,532963.5791,4419864.11,,FALSE,1659.58660034891,FALSE,TRUE
480,532988.5791,4419864.11,,FALSE,1674.97213083013,FALSE,TRUE
481,531013.5791,4419839.11,,FALSE,1593.32629867762,FALSE,TRUE
482,531038.5791,4419839.11,,FALSE,1578.7630123162,FALSE,TRUE
483,531063.5791,4419839.11,,FALSE,1564.46367936674,FALSE,TRUE
484,531088.5791,4419839.11,,FALSE,1550.4356030025,FALSE,TRUE
485,531113.5791,4419839.11,,FALSE,1536.68621196968,FALSE,TRUE
486,531138.5791,4419839.11,,FALSE,1523.22305295637,FALSE,TRUE
487,531163.5791,4419839.11,,FALSE,1510.05378184279,FALSE,TRUE
488,531188.5791,4419839.11,,FALSE,1497.18615377571,FALSE,TRUE
489,531213.5791,4419839.11,,FALSE,1484.62801201436,FALSE,TRUE
490,531238.5791,4419839.11,,FALSE,1472.38727550115,FALSE,TRUE
491,531263.5791,4419839.11,,FALSE,1460.47192511794,FALSE,TRUE
492,531288.5791,4419839.11,,FALSE,1448.88998859738,FALSE,TRUE
493,531313.5791,4419839.11,,FALSE,1437.64952406966,FALSE,TRUE
494,531338.5791,4419839.11,,FALSE,1426.75860223715,FALSE,TRUE
495,531363.5791,4419839.11,,FALSE,1416.2252871834,FALSE,TRUE
496,531388.5791,4419839.11,,FALSE,1406.05761583859,FALSE,TRUE
497,531413.5791,4419839.11,,FALSE,1396.26357614087,FALSE,TRUE
498,531438.5791,4419839.11,,FALSE,1386.85108395159,FALSE,TRUE
499,531463.5791,4419839.11,,FALSE,1377.82795880244,FALSE,TRUE
500,531488.5791,4419839.11,,FALSE,1369.20189857365,FALSE,TRUE
501,531513.5791,4419839.11,,FALSE,1360.98045322396,FALSE,TRUE
502,531538.5791,4419839.11,,FALSE,1353.17099771525,FALSE,TRUE
503,531563.5791,4419839.11,,FALSE,1345.78070429684,FALSE,TRUE
504,531588.5791,4419839.11,,FALSE,1338.81651433559,FALSE,TRUE
505,531613.5791,4419839.11,,FALSE,1332.28510989866,FALSE,TRUE
506,531638.5791,4419839.11,,FALSE,1326.19288531408,FALSE,TRUE
507,531663.5791,4419839.11,,FALSE,1320.54591895083,FALSE,TRUE
508,531688.5791,4419839.11,,FALSE,1315.34994547371,FALSE,TRUE
509,531713.5791,4419839.11,,FALSE,1310.61032883832,FALSE,TRUE
510,531738.5791,4419839.11,,FALSE,1306.3320362977,FALSE,TRUE
511,531763.5791,4419839.11,,FALSE,1302.51961369405,FALSE,TRUE
512,531788.5791,4419839.11,,FALSE,1299.17716230608,FALSE,TRUE
513,531813.5791,4419839.11,,FALSE,1296.30831751466,FALSE,TRUE
514,531838.5791,4419839.11,,FALSE,1293.91622953639,FALSE,TRUE
515,531863.5791,4419839.11,,FALSE,1292.00354645708,FALSE,TRUE
516,531888.5791,4419839.11,,FALSE,1290.57239977371,FALSE,TRUE
517,531913.5791,4419839.11,,FALSE,1289.62439262666,FALSE,TRUE
518,531938.5791,4419839.11,,FALSE,1289.16059087209,FALSE,TRUE
519,531963.5791,4419839.11,,FALSE,1289.18151710986,FALSE,TRUE
520,531988.5791,4419839.11,,FALSE,1289.68714774463,FALSE,TRUE
521,532013.5791,4419839.11,,FALSE,1290.67691311872,FALSE,TRUE
522,532038.5791,4419839.11,,FALSE,1292.14970071492,FALSE,TRUE
523,532063.5791,4419839.11,,FALSE,1294.10386138736,FALSE,TRUE
524,532088.5791,4419839.11,,FALSE,1296.53721853932,FALSE,TRUE
525,532113.5791,4419839.11,,FALSE,1299.44708012972,FALSE,TRUE
526,532138.5791,4419839.11,,FALSE,1302.83025335523,FALSE,TRUE
527,532163.5791,4419839.11,,FALSE,1306.68306182397,FALSE,TRUE
528,532188.5791,4419839.11,,FALSE,1311.00136500984,FALSE,TRUE
529,532213.5791,4419839.11,,FALSE,1315.78057975396,FALSE,TRUE
530,532238.5791,4419839.11,,FALSE,1321.0157035621,FALSE,TRUE
531,532263.5791,4419839.11,,FALSE,1326.70133943464,FALSE,TRUE
532,532288.5791,4419839.11,,FALSE,1332.83172195805,FALSE,TRUE
533,532313.5791,4419839.11,,FALSE,1339.40074438446,FALSE,TRUE
534,532338.5791,4419839.11,,FALSE,1346.40198642814,FALSE,TRUE
535,532363.5791,4419839.11,,FALSE,1353.82874251423,FALSE,TRUE
536,532388.5791,4419839.11,,FALSE,1361.67405022555,FALSE,TRUE
537,532413.5791,4419839.11,,FALSE,1369.93071870721,FALSE,TRUE
538,532438.5791,4419839.11,,FALSE,1378.59135680507,FALSE,TRUE
539,532463.5791,4419839.11,,FALSE,1387.64840073329,FALSE,TRUE
540,532488.5791,4419839.11,,FALSE,1397.09414108629,FALSE,TRUE
541,532513.5791,4419839.11,,FALSE,1406.92074903231,FALSE,TRUE
542,532538.5791,4419839.11,,FALSE,1417.12030154735,FALSE,TRUE
543,532563.5791,4419839.11,,FALSE,1427.68480557077,FALSE,TRUE
544,532588.5791,4419839.11,,FALSE,1438.60622098531,FALSE,TRUE
545,532613.5791,4419839.11,,FALSE,1449.87648234518,FALSE,TRUE
546,532638.5791,4419839.11,,FALSE,1461.48751929588,FALSE,TRUE
547,532663.5791,4419839.11,,FALSE,1473.43127564798,FALSE,TRUE
548,532688.5791,4419839.11,,FALSE,1485.69972708405,FALSE,TRUE
549,532713.5791,4419839.11,,FALSE,1498.28489749368,FALSE,TRUE
550,532738.5791,4419839.11,,FALSE,1511.17887394498,FALSE,TRUE
551,532763.5791,4419839.11,,FALSE,1524.37382031365,FALSE,TRUE
552,532788.5791,4419839.11,,FALSE,1537.86198960038,FALSE,TRUE
553,532813.5791,4419839.11,,FALSE,1551.635734977,FALSE,TRUE
554,532838.5791,4419839.11,,FALSE,1565.68751960844,FALSE,TRUE
555,532863.5791,4419839.11,,FALSE,1580.00992530352,FALSE,TRUE
556,532888.5791,4419839.11,,FALSE,1594.5956600523,FALSE,TRUE
557,532913.5791,4419839.11,,FALSE,1609.43756451054,FALSE,TRUE
558,532938.5791,4419839.11,,FALSE,1624.5286174942,FALSE,TRUE
559,532963.5791,4419839.11,,FALSE,1639.86194054793,FALSE,TRUE
560,532988.5791,4419839.11,,FALSE,1655.43080165183,FALSE,TRUE
561,531013.5791,4419814.11,,FALSE,1573.16820272268,FALSE,TRUE
562,531038.5791,4419814.11,,FALSE,1558.41655184283,FALSE,TRUE
563,531063.5791,4419814.11,,FALSE,1543.92878853194,FALSE,TRUE
564,531088.5791,4419814.11,,FALSE,1529.7124105719,FALSE,TRUE
565,531113.5791,4419814.11,,FALSE,1515.77505391061,FALSE,TRUE
566,531138.5791,4419814.11,,FALSE,1502.12448520677,FALSE,TRUE
567,531163.5791,4419814.11,,FALSE,1488.76859318623,FALSE,TRUE
568,531188.5791,4419814.11,,FALSE,1475.7153787427,FALSE,TRUE
569,531213.5791,4419814.11,,FALSE,1462.97294372032,FALSE,TRUE
570,531238.5791,4419814.11,,FALSE,1450.54947832113,FALSE,TRUE
571,531263.5791,4419814.11,,FALSE,1438.45324708789,FALSE,TRUE
572,531288.5791,4419814.11,,FALSE,1426.69257342207,FALSE,TRUE
573,531313.5791,4419814.11,,FALSE,1415.27582260763,FALSE,TRUE
574,531338.5791,4419814.11,,FALSE,1404.21138332435,FALSE,TRUE
575,531363.5791,4419814.11,,FALSE,1393.50764764952,FALSE,TRUE
576,531388.5791,4419814.11,,FALSE,1383.17298956338,FALSE,TRUE
577,531413.5791,4419814.11,,FALSE,1373.21574199311,FALSE,TRUE
578,531438.5791,4419814.11,,FALSE,1363.64417245031,FALSE,TRUE
579,531463.5791,4419814.11,,FALSE,1354.46645733945,FALSE,TRUE
580,531488.5791,4419814.11,,FALSE,1345.6906550384,FALSE,TRUE
581,531513.5791,4419814.11,,FALSE,1337.32467787657,FALSE,TRUE
582,531538.5791,4419814.11,,FALSE,1329.37626316167,FALSE,TRUE
583,531563.5791,4419814.11,,FALSE,1321.85294343118,FALSE,TRUE
584,531588.5791,4419814.11,,FALSE,1314.76201612979,FALSE,TRUE
585,531613.5791,4419814.11,,FALSE,1308.11051293753,FALSE,TRUE
586,531638.5791,4419814.11,,FALSE,1301.90516899568,FALSE,TRUE
587,531663.5791,4419814.11,,FALSE,1296.15239229717,FALSE,TRUE
588,531688.5791,4419814.11,,FALSE,1290.85823352438,FALSE,TRUE
589,531713.5791,4419814.11,,FALSE,1286.02835663047,FALSE,TRUE
590,531738.5791,4419814.11,,FALSE,1281.66801046826,FALSE,TRUE
591,531763.5791,4419814.11,,FALSE,1277.78200177404,FALSE,TRUE
592,531788.5791,4419814.11,,FALSE,1274.37466981169,FALSE,TRUE
593,531813.5791,4419814.11,,FALSE,1271.44986297442,FALSE,TRUE
594,531838.5791,4419814.11,,FALSE,1269.01091762745,FALSE,TRUE
595,531863.5791,4419814.11,,FALSE,1267.06063945561,FALSE,TRUE
596,531888.5791,4419814.11,,FALSE,1265.60128755373,FALSE,TRUE
597,531913.5791,4419814.11,,FALSE,1264.63456146733,FALSE,TRUE
598,531938.5791,4419814.11,,FALSE,1264.16159135518,FALSE,TRUE
599,531963.5791,4419814.11,,FALSE,1264.18293140576,FALSE,TRUE
600,531988.5791,4419814.11,,FALSE,1264.69855659665,FALSE,TRUE
601,532013.5791,4419814.11,,FALSE,1265.70786284105,FALSE,TRUE
602,532038.5791,4419814.11,,FALSE,1267.20967051931,FALSE,TRUE
603,532063.5791,4419814.11,,FALSE,1269.20223134757,FALSE,TRUE
604,532088.5791,4419814.11,,FALSE,1271.68323849049,FALSE,TRUE
605,532113.5791,4419814.11,,FALSE,1274.64983978254,FALSE,TRUE
606,532138.5791,4419814.11,,FALSE,1278.09865388304,FALSE,TRUE
607,532163.5791,4419814.11,,FALSE,1282.02578915467,FALSE,TRUE
608,532188.5791,4419814.11,,FALSE,1286.42686502484,FALSE,TRUE
609,532213.5791,4419814.11,,FALSE,1291.29703556449,FALSE,TRUE
610,532238.5791,4419814.11,,FALSE,1296.63101499912,FALSE,TRUE
611,532263.5791,4419814.11,,FALSE,1302.42310485404,FALSE,TRUE
612,532288.5791,4419814.11,,FALSE,1308.66722242809,FALSE,TRUE
613,532313.5791,4419814.11,,FALSE,1315.35693028837,FALSE,TRUE
614,532338.5791,4419814.11,,FALSE,1322.48546648258,FALSE,TRUE
615,532363.5791,4419814.11,,FALSE,1330.04577517379,FALSE,TRUE
616,532388.5791,4419814.11,,FALSE,1338.03053741596,FALSE,TRUE
617,532413.5791,4419814.11,,FALSE,1346.43220180506,FALSE,TRUE
618,532438.5791,4419814.11,,FALSE,1355.24301476069,FALSE,TRUE
619,532463.5791,4419814.11,,FALSE,1364.45505021515,FALSE,TRUE
620,532488.5791,4419814.11,,FALSE,1374.06023851126,FALSE,TRUE
621,532513.5791,4419814.11,,FALSE,1384.05039433455,FALSE,TRUE
622,532538.5791,4419814.11,,FALSE,1394.41724353137,FALSE,TRUE
623,532563.5791,4419814.11,,FALSE,1405.15244868933,FALSE,TRUE
624,532588.5791,4419814.11,,FALSE,1416.24763338112,FALSE,TRUE
625,532613.5791,4419814.11,,FALSE,1427.69440499626,FALSE,TRUE
626,532638.5791,4419814.11,,FALSE,1439.48437610751,FALSE,TRUE
627,532663.5791,4419814.11,,FALSE,1451.6091843391,FALSE,TRUE
628,532688.5791,4419814.11,,FALSE,1464.0605107227,FALSE,TRUE
629,532713.5791,4419814.11,,FALSE,1476.83009654382,FALSE,TRUE
630,532738.5791,4419814.11,,FALSE,1489.90975869601,FALSE,TRUE
631,532763.5791,4419814.11,,FALSE,1503.29140357338,FALSE,TRUE
632,532788.5791,4419814.11,,FALSE,1516.96703954226,FALSE,TRUE
633,532813.5791,4419814.11,,FALSE,1530.92878804261,FALSE,TRUE
634,532838.5791,4419814.11,,FALSE,1545.16889337626,FALSE,TRUE
635,532863.5791,4419814.11,,FALSE,1559.67973124536,FALSE,TRUE
636,532888.5791,4419814.11,,FALSE,1574.45381610818,FALSE,TRUE
637,532913.5791,4419814.11,,FALSE,1589.48380742227,FALSE,TRUE
638,532938.5791,4419814.11,,FALSE,1604.76251484686,FALSE,TRUE
639,532963.5791,4419814.11,,FALSE,1620.28290247648,FALSE,TRUE
640,532988.5791,4419814.11,,FALSE,1636.03809217805,FALSE,TRUE
641,531013.5791,4419789.11,,FALSE,1553.15089223735,FALSE,TRUE
642,531038.5791,4419789.11,,FALSE,1538.20728416481,FALSE,TRUE
643,531063.5791,4419789.11,,FALSE,1523.52735586129,FALSE,TRUE
644,531088.5791,4419789.11,,FALSE,1509.11880216823,FALSE,TRUE
645,531113.5791,4419789.11,,FALSE,1494.98946954742,FALSE,TRUE
646,531138.5791,4419789.11,,FALSE,1481.14734886766,FALSE,TRUE
647,531163.5791,4419789.11,,FALSE,1467.60056693151,FALSE,TRUE
648,531188.5791,4419789.11,,FALSE,1454.35737666424,FALSE,TRUE
649,531213.5791,4419789.11,,FALSE,1441.42614589083,FALSE,TRUE
650,531238.5791,4419789.11,,FALSE,1428.81534463264,FALSE,TRUE
651,531263.5791,4419789.11,,FALSE,1416.53353086246,FALSE,TRUE
652,531288.5791,4419789.11,,FALSE,1404.58933466607,FALSE,TRUE
653,531313.5791,4419789.11,,FALSE,1392.99144076971,FALSE,TRUE
654,531338.5791,4419789.11,,FALSE,1381.74856940678,FALSE,TRUE
655,531363.5791,4419789.11,,FALSE,1370.86945551269,FALSE,TRUE
656,531388.5791,4419789.11,,FALSE,1360.36282625543,FALSE,TRUE
657,531413.5791,4419789.11,,FALSE,1350.23737692958,FALSE,TRUE
658,531438.5791,4419789.11,,FALSE,1340.50174526469,FALSE,TRUE
659,531463.5791,4419789.11,,FALSE,1331.16448422337,FALSE,TRUE
660,531488.5791,4419789.11,,FALSE,1322.23403339109,FALSE,TRUE
661,531513.5791,4419789.11,,FALSE,1313.71868908746,FALSE,TRUE
662,531538.5791,4419789.11,,FALSE,1305.62657335766,FALSE,TRUE
663,531563.5791,4419789.11,,FALSE,1297.96560203176,FALSE,TRUE
664,531588.5791,4419789.11,,FALSE,1290.74345206848,FALSE,TRUE
665,531613.5791,4419789.11,,FALSE,1283.96752842806,FALSE,TRUE
666,531638.5791,4419789.11,,FALSE,1277.64493074471,FALSE,TRUE
667,531663.5791,4419789.11,,FALSE,1271.78242009302,FALSE,TRUE
668,531688.5791,4419789.11,,FALSE,1266.38638616248,FALSE,TRUE
669,531713.5791,4419789.11,,FALSE,1261.46281517041,FALSE,TRUE
670,531738.5791,4419789.11,,FALSE,1257.01725885433,FALSE,TRUE
671,531763.5791,4419789.11,,FALSE,1253.05480488989,FALSE,TRUE
672,531788.5791,4419789.11,,FALSE,1249.58004907955,FALSE,TRUE
673,531813.5791,4419789.11,,FALSE,1246.59706964907,FALSE,TRUE
674,531838.5791,4419789.11,,FALSE,1244.10940397444,FALSE,TRUE
675,531863.5791,4419789.11,,FALSE,1242.12002803982,FALSE,TRUE
676,531888.5791,4419789.11,,FALSE,1240.63133889873,FALSE,TRUE
677,531913.5791,4419789.11,,FALSE,1239.64514037592,FALSE,TRUE
678,531938.5791,4419789.11,,FALSE,1239.16263220678,FALSE,TRUE
679,531963.5791,4419789.11,,FALSE,1239.18440276564,FALSE,TRUE
680,531988.5791,4419789.11,,FALSE,1239.71042548558,FALSE,TRUE
681,532013.5791,4419789.11,,FALSE,1240.74005902028,FALSE,TRUE
682,532038.5791,4419789.11,,FALSE,1242.27205114566,FALSE,TRUE
683,532063.5791,4419789.11,,FALSE,1244.30454634612,FALSE,TRUE
684,532088.5791,4419789.11,,FALSE,1246.8350969786,FALSE,TRUE
685,532113.5791,4419789.11,,FALSE,1249.86067785879,FALSE,TRUE
686,532138.5791,4419789.11,,FALSE,1253.37770406914,FALSE,TRUE
687,532163.5791,4419789.11,,FALSE,1257.38205174785,FALSE,TRUE
688,532188.5791,4419789.11,,FALSE,1261.86908158399,FALSE,TRUE
689,532213.5791,4419789.11,,FALSE,1266.83366471594,FALSE,TRUE
690,532238.5791,4419789.11,,FALSE,1272.27021070904,FALSE,TRUE
691,532263.5791,4419789.11,,FALSE,1278.17269727436,FALSE,TRUE
692,532288.5791,4419789.11,,FALSE,1284.5347013832,FALSE,TRUE
693,532313.5791,4419789.11,,FALSE,1291.34943143118,FALSE,TRUE
694,532338.5791,4419789.11,,FALSE,1298.6097601118,FALSE,TRUE
695,532363.5791,4419789.11,,FALSE,1306.3082576703,FALSE,TRUE
696,532388.5791,4419789.11,,FALSE,1314.43722522516,FALSE,TRUE
697,532413.5791,4419789.11,,FALSE,1322.98872786491,FALSE,TRUE
698,532438.5791,4419789.11,,FALSE,1331.95462725185,FALSE,TRUE
699,532463.5791,4419789.11,,FALSE,1341.3266134904,FALSE,TRUE
700,532488.5791,4419789.11,,FALSE,1351.09623604598,FALSE,TRUE
701,532513.5791,4419789.11,,FALSE,1361.25493352921,FALSE,TRUE
702,532538.5791,4419789.11,,FALSE,1371.79406218922,FALSE,TRUE
703,532563.5791,4419789.11,,FALSE,1382.70492298885,FALSE,TRUE
704,532588.5791,4419789.11,,FALSE,1393.97878716199,FALSE,TRUE
705,532613.5791,4419789.11,,FALSE,1405.60692017989,FALSE,TRUE
706,532638.5791,4419789.11,,FALSE,1417.58060407781,FALSE,TRUE
707,532663.5791,4419789.11,,FALSE,1429.89115811575,FALSE,TRUE
708,532688.5791,4419789.11,,FALSE,1442.52995776781,FALSE,TRUE
709,532713.5791,4419789.11,,FALSE,1455.4884520523,FALSE,TRUE
710,532738.5791,4419789.11,,FALSE,1468.75817923088,FALSE,TRUE
711,532763.5791,4419789.11,,FALSE,1482.33078091821,FALSE,TRUE
712,532788.5791,4419789.11,,FALSE,1496.19801465501,FALSE,TRUE
713,532813.5791,4419789.11,,FALSE,1510.35176500628,FALSE,TRUE
714,532838.5791,4419789.11,,FALSE,1524.78405325397,FALSE,TRUE
715,532863.5791,4419789.11,,FALSE,1539.48704575829,FALSE,TRUE
716,532888.5791,4419789.11,,FALSE,1554.45306106604,FALSE,TRUE
717,532913.5791,4419789.11,,FALSE,1569.67457584609,FALSE,TRUE
718,532938.5791,4419789.11,,FALSE,1585.14422973356,FALSE,TRUE
719,532963.5791,4419789.11,,FALSE,1600.85482916396,FALSE,TRUE
720,532988.5791,4419789.11,,FALSE,1616.79935027745,FALSE,TRUE
721,531013.5791,4419764.11,,FALSE,1533.27988118858,FALSE,TRUE
722,531038.5791,4419764.11,,FALSE,1518.14068816354,FALSE,TRUE
723,531063.5791,4419764.11,,FALSE,1503.26481501353,FALSE,TRUE
724,531088.5791,4419764.11,,FALSE,1488.66015566269,FALSE,TRUE
725,531113.5791,4419764.11,,FALSE,1474.33477000906,FALSE,TRUE
726,531138.5791,4419764.11,,FALSE,1460.29687702798,FALSE,TRUE
727,531163.5791,4419764.11,,FALSE,1446.55484654322,FALSE,TRUE
728,531188.5791,4419764.11,,FALSE,1433.11718957581,FALSE,TRUE
729,531213.5791,4419764.11,,FALSE,1419.99254718384,FALSE,TRUE
730,531238.5791,4419764.11,,FALSE,1407.18967771145,FALSE,TRUE
731,531263.5791,4419764.11,,FALSE,1394.71744237235,FALSE,TRUE
732,531288.5791,4419764.11,,FALSE,1382.58478910252,FALSE,TRUE
733,531313.5791,4419764.11,,FALSE,1370.80073462836,FALSE,TRUE
734,531338.5791,4419764.11,,FALSE,1359.3743447107,FALSE,TRUE
735,531363.5791,4419764.11,,FALSE,1348.31471254216,FALSE,TRUE
736,531388.5791,4419764.11,,FALSE,1337.6309352948,FALSE,TRUE
737,531413.5791,4419764.11,,FALSE,1327.33208883747,FALSE,TRUE
738,531438.5791,4419764.11,,FALSE,1317.42720066714,FALSE,TRUE
739,531463.5791,4419764.11,,FALSE,1307.92522112606,FALSE,TRUE
740,531488.5791,4419764.11,,FALSE,1298.83499300629,FALSE,TRUE
741,531513.5791,4419764.11,,FALSE,1290.16521967446,FALSE,TRUE
742,531538.5791,4419764.11,,FALSE,1281.92443188265,FALSE,TRUE
743,531563.5791,4419764.11,,FALSE,1274.12095346464,FALSE,TRUE
744,531588.5791,4419764.11,,FALSE,1266.76286615043,FALSE,TRUE
745,531613.5791,4419764.11,,FALSE,1259.85797376436,FALSE,TRUE
746,531638.5791,4419764.11,,FALSE,1253.41376610345,FALSE,TRUE
747,531663.5791,4419764.11,,FALSE,1247.43738282033,FALSE,TRUE
748,531688.5791,4419764.11,,FALSE,1241.93557765998,FALSE,TRUE
749,531713.5791,4419764.11,,FALSE,1236.91468341905,FALSE,TRUE
750,531738.5791,4419764.11,,FALSE,1232.38057801056,FALSE,TRUE
751,531763.5791,4419764.11,,FALSE,1228.33865202461,FALSE,TRUE
752,531788.5791,4419764.11,,FALSE,1224.79377817559,FALSE,TRUE
753,531813.5791,4419764.11,,FALSE,1221.75028301926,FALSE,TRUE
754,531838.5791,4419764.11,,FALSE,1219.21192130721,FALSE,TRUE
755,531863.5791,4419764.11,,FALSE,1217.18185332251,FALSE,TRUE
756,531888.5791,4419764.11,,FALSE,1215.66262550826,FALSE,TRUE
757,531913.5791,4419764.11,,FALSE,1214.65615466173,FALSE,TRUE
758,531938.5791,4419764.11,,FALSE,1214.1637159204,FALSE,TRUE
759,531963.5791,4419764.11,,FALSE,1214.18593471413,FALSE,TRUE
760,531988.5791,4419764.11,,FALSE,1214.72278280175,FALSE,TRUE
761,532013.5791,4419764.11,,FALSE,1215.77357845021,FALSE,TRUE
762,532038.5791,4419764.11,,FALSE,1217.33699075384,FALSE,TRUE
763,532063.5791,4419764.11,,FALSE,1219.41104803,FALSE,TRUE
764,532088.5791,4419764.11,,FALSE,1221.99315016804,FALSE,TRUE
765,532113.5791,4419764.11,,FALSE,1225.08008475267,FALSE,TRUE
766,532138.5791,4419764.11,,FALSE,1228.66804673094,FALSE,TRUE
767,532163.5791,4419764.11,,FALSE,1232.7526613468,FALSE,TRUE
768,532188.5791,4419764.11,,FALSE,1237.3290100283,FALSE,TRUE
769,532213.5791,4419764.11,,FALSE,1242.39165888121,FALSE,TRUE
770,532238.5791,4419764.11,,FALSE,1247.93468941993,FALSE,TRUE
771,532263.5791,4419764.11,,FALSE,1253.95173115141,FALSE,TRUE
772,532288.5791,4419764.11,,FALSE,1260.4359956212,FALSE,TRUE
773,532313.5791,4419764.11,,FALSE,1267.38031153147,FALSE,TRUE
774,532338.5791,4419764.11,,FALSE,1274.77716054909,FALSE,TRUE
775,532363.5791,4419764.11,,FALSE,1282.61871343654,FALSE,TRUE
776,532388.5791,4419764.11,,FALSE,1290.89686615841,FALSE,TRUE
777,532413.5791,4419764.11,,FALSE,1299.6032756413,FALSE,TRUE
778,532438.5791,4419764.11,,FALSE,1308.72939489323,FALSE,TRUE
779,532463.5791,4419764.11,,FALSE,1318.26650721984,FALSE,TRUE
780,532488.5791,4419764.11,,FALSE,1328.20575930749,FALSE,TRUE
781,532513.5791,4419764.11,,FALSE,1338.5381929768,FALSE,TRUE
782,532538.5791,4419764.11,,FALSE,1349.25477544369,FALSE,TRUE
783,532563.5791,4419764.11,,FALSE,1360.34642795782,FALSE,TRUE
784,532588.5791,4419764.11,,FALSE,1371.80405271948,FALSE,TRUE
785,532613.5791,4419764.11,,FALSE,1383.61855800563,FALSE,TRUE
786,532638.5791,4419764.11,,FALSE,1395.78088146299,FALSE,TRUE
787,532663.5791,4419764.11,,FALSE,1408.28201155081,FALSE,TRUE
788,532688.5791,4419764.11,,FALSE,1421.11300713827,FALSE,TRUE
789,532713.5791,4419764.11,,FALSE,1434.2650152805,FALSE,TRUE
790,532738.5791,4419764.11,,FALSE,1447.72928721415,FALSE,TRUE
791,532763.5791,4419764.11,,FALSE,1461.49719262733,FALSE,TRUE
792,532788.5791,4419764.11,,FALSE,1475.5602322703,FALSE,TRUE
793,532813.5791,4419764.11,,FALSE,1489.91004898201,FALSE,TRUE
794,532838.5791,4419764.11,,FALSE,1504.53843721507,FALSE,TRUE
795,532863.5791,4419764.11,,FALSE,1519.437351146,FALSE,TRUE
796,532888.5791,4419764.11,,FALSE,1534.59891146109,FALSE,TRUE
797,532913.5791,4419764.11,,FALSE,1550.0154109097,FALSE,TRUE
798,532938.5791,4419764.11,,FALSE,1565.67931871682,FALSE,TRUE
799,532963.5791,4419764.11,,FALSE,1581.58328394605,FALSE,TRUE
800,532988.5791,4419764.11,,FALSE,1597.72013790199,FALSE,TRUE
801,531013.5791,4419739.11,,FALSE,1513.56093172943,FALSE,TRUE
802,531038.5791,4419739.11,,FALSE,1498.222496513,FALSE,TRUE
803,531063.5791,4419739.11,,FALSE,1483.14685856042,FALSE,TRUE
804,531088.5791,4419739.11,,FALSE,1468.34211240353,FALSE,TRUE
805,531113.5791,4419739.11,,FALSE,1453.81653383694,FALSE,TRUE
806,531138.5791,4419739.11,,FALSE,1439.57857342267,FALSE,TRUE
807,531163.5791,4419739.11,,FALSE,1425.63684859001,FALSE,TRUE
808,531188.5791,4419739.11,,FALSE,1412.00013422721,FALSE,TRUE
809,531213.5791,4419739.11,,FALSE,1398.67735166394,FALSE,TRUE
810,531238.5791,4419739.11,,FALSE,1385.67755594786,FALSE,TRUE
811,531263.5791,4419739.11,,FALSE,1373.00992132528,FALSE,TRUE
812,531288.5791,4419739.11,,FALSE,1360.68372484485,FALSE,TRUE
813,531313.5791,4419739.11,,FALSE,1348.70832801523,FALSE,TRUE
814,531338.5791,4419739.11,,FALSE,1337.09315646205,FALSE,TRUE
815,531363.5791,4419739.11,,FALSE,1325.84767754733,FALSE,TRUE
816,531388.5791,4419739.11,,FALSE,1314.98137593566,FALSE,TRUE
817,531413.5791,4419739.11,,FALSE,1304.50372711527,FALSE,TRUE
818,531438.5791,4419739.11,,FALSE,1294.42416890973,FALSE,TRUE
819,531463.5791,4419739.11,,FALSE,1284.75207104625,FALSE,TRUE
820,531488.5791,4419739.11,,FALSE,1275.49670287995,FALSE,TRUE
821,531513.5791,4419739.11,,FALSE,1266.6671994086,FALSE,TRUE
822,531538.5791,4419739.11,,FALSE,1258.27252575014,FALSE,TRUE
823,531563.5791,4419739.11,,FALSE,1250.32144029351,FALSE,TRUE
824,531588.5791,4419739.11,,FALSE,1242.82245677234,FALSE,TRUE
825,531613.5791,4419739.11,,FALSE,1235.78380554918,FALSE,TRUE
826,531638.5791,4419739.11,,FALSE,1229.21339443468,FALSE,TRUE
827,531663.5791,4419739.11,,FALSE,1223.11876939961,FALSE,TRUE
828,531688.5791,4419739.11,,FALSE,1217.50707556779,FALSE,TRUE
829,531713.5791,4419739.11,,FALSE,1212.38501890184,FALSE,TRUE
830,531738.5791,4419739.11,,FALSE,1207.75882901249,FALSE,TRUE
831,531763.5791,4419739.11,,FALSE,1203.63422353206,FALSE,TRUE
832,531788.5791,4419739.11,,FALSE,1200.01637449562,FALSE,TRUE
833,531813.5791,4419739.11,,FALSE,1196.90987716604,FALSE,TRUE
834,531838.5791,4419739.11,,FALSE,1194.31872172281,FALSE,TRUE
835,531863.5791,4419739.11,,FALSE,1192.24626820872,FALSE,TRUE
836,531888.5791,4419739.11,,FALSE,1190.6952250923,FALSE,TRUE
837,531913.5791,4419739.11,,FALSE,1189.66763176007,FALSE,TRUE
838,531938.5791,4419739.11,,FALSE,1189.16484519919,FALSE,TRUE
839,531963.5791,4419739.11,,FALSE,1189.18753107221,FALSE,TRUE
840,531988.5791,4419739.11,,FALSE,1189.73565932,FALSE,TRUE
841,532013.5791,4419739.11,,FALSE,1190.80850436063,FALSE,TRUE
842,532038.5791,4419739.11,,FALSE,1192.4046498809,FALSE,TRUE
843,532063.5791,4419739.11,,FALSE,1194.52199814721,FALSE,TRUE
844,532088.5791,4419739.11,,FALSE,1197.15778369336,FALSE,TRUE
845,532113.5791,4419739.11,,FALSE,1200.30859117878,FALSE,TRUE
846,532138.5791,4419739.11,,FALSE,1203.9703771512,FALSE,TRUE
847,532163.5791,4419739.11,,FALSE,1208.13849539595,FALSE,TRUE
848,532188.5791,4419739.11,,FALSE,1212.80772551035,FALSE,TRUE
849,532213.5791,4419739.11,,FALSE,1217.97230430646,FALSE,TRUE
850,532238.5791,4419739.11,,FALSE,1223.62595962066,FALSE,TRUE
851,532263.5791,4419739.11,,FALSE,1229.76194609265,FALSE,TRUE
852,532288.5791,4419739.11,,FALSE,1236.37308247049,FALSE,TRUE
853,532313.5791,4419739.11,,FALSE,1243.45179000136,FALSE,TRUE
854,532338.5791,4419739.11,,FALSE,1250.9901314789,FALSE,TRUE
855,532363.5791,4419739.11,,FALSE,1258.97985053677,FALSE,TRUE
856,532388.5791,4419739.11,,FALSE,1267.41241080304,FALSE,TRUE
857,532413.5791,4419739.11,,FALSE,1276.27903456007,FALSE,TRUE
858,532438.5791,4419739.11,,FALSE,1285.57074058862,FALSE,TRUE
859,532463.5791,4419739.11,,FALSE,1295.27838091183,FALSE,TRUE
860,532488.5791,4419739.11,,FALSE,1305.39267619272,FALSE,TRUE
861,532513.5791,4419739.11,,FALSE,1315.90424957805,FALSE,TRUE
862,532538.5791,4419739.11,,FALSE,1326.80365881979,FALSE,TRUE
863,532563.5791,4419739.11,,FALSE,1338.08142654234,FALSE,TRUE
864,532588.5791,4419739.11,,FALSE,1349.72806855958,FALSE,TRUE
865,532613.5791,4419739.11,,FALSE,1361.73412017823,FALSE,TRUE
866,532638.5791,4419739.11,,FALSE,1374.09016045439,FALSE,TRUE
867,532663.5791,4419739.11,,FALSE,1386.78683439726,FALSE,TRUE
868,532688.5791,4419739.11,,FALSE,1399.81487313772,FALSE,TRUE
869,532713.5791,4419739.11,,FALSE,1413.16511210034,FALSE,TRUE
870,532738.5791,4419739.11,,FALSE,1426.82850723469,FALSE,TRUE
871,532763.5791,4419739.11,,FALSE,1440.7961493763,FALSE,TRUE
872,532788.5791,4419739.11,,FALSE,1455.05927681918,FALSE,TRUE
873,532813.5791,4419739.11,,FALSE,1469.60928619057,FALSE,TRUE
874,532838.5791,4419739.11,,FALSE,1484.43774172498,FALSE,TRUE
875,532863.5791,4419739.11,,FALSE,1499.53638303896,FALSE,TRUE
876,532888.5791,4419739.11,,FALSE,1514.89713151011,FALSE,TRUE
877,532913.5791,4419739.11,,FALSE,1530.51209536467,FALSE,TRUE
878,532938.5791,4419739.11,,FALSE,1546.37357357708,FALSE,TRUE
879,532963.5791,4419739.11,,FALSE,1562.47405868307,FALSE,TRUE
880,532988.5791,4419739.11,,FALSE,1578.80623860484,FALSE,TRUE
881,531013.5791,4419714.11,,FALSE,1494.00006494566,FALSE,TRUE
882,531038.5791,4419714.11,,FALSE,1478.45870725484,FALSE,TRUE
883,531063.5791,4419714.11,,FALSE,1463.1794503948,FALSE,TRUE
884,531088.5791,4419714.11,,FALSE,1448.1705904546,FALSE,TRUE
885,531113.5791,4419714.11,,FALSE,1433.44062104352,FALSE,TRUE
886,531138.5791,4419714.11,,FALSE,1418.99822729193,FALSE,TRUE
887,531163.5791,4419714.11,,FALSE,1404.85227837578,FALSE,TRUE
888,531188.5791,4419714.11,,FALSE,1391.01181844643,FALSE,TRUE
889,531213.5791,4419714.11,,FALSE,1377.48605584871,FALSE,TRUE
890,531238.5791,4419714.11,,FALSE,1364.28435051408,FALSE,TRUE
891,531263.5791,4419714.11,,FALSE,1351.41619942105,FALSE,TRUE
892,531288.5791,4419714.11,,FALSE,1338.8912200241,FALSE,TRUE
893,531313.5791,4419714.11,,FALSE,1326.71913156388,FALSE,TRUE
894,531338.5791,4419714.11,,FALSE,1314.9097341862,FALSE,TRUE
895,531363.5791,4419714.11,,FALSE,1303.47288581605,FALSE,TRUE
896,531388.5791,4419714.11,,FALSE,1292.41847675496,FALSE,TRUE
897,531413.5791,4419714.11,,FALSE,1281.75640199596,FALSE,TRUE
898,531438.5791,4419714.11,,FALSE,1271.49653128021,FALSE,TRUE
899,531463.5791,4419714.11,,FALSE,1261.64867695314,FALSE,TRUE
900,531488.5791,4419714.11,,FALSE,1252.22255971437,FALSE,TRUE
901,531513.5791,4419714.11,,FALSE,1243.22777239636,FALSE,TRUE
902,531538.5791,4419714.11,,FALSE,1234.6737419487,FALSE,TRUE
903,531563.5791,4419714.11,,FALSE,1226.56968984955,FALSE,TRUE
904,531588.5791,4419714.11,,FALSE,1218.92459121047,FALSE,TRUE
905,531613.5791,4419714.11,,FALSE,1211.74713288607,FALSE,TRUE
906,531638.5791,4419714.11,,FALSE,1205.04567094264,FALSE,TRUE
907,531663.5791,4419714.11,,FALSE,1198.82818788082,FALSE,TRUE
908,531688.5791,4419714.11,,FALSE,1193.10225004297,FALSE,TRUE
909,531713.5791,4419714.11,,FALSE,1187.87496566667,FALSE,TRUE
910,531738.5791,4419714.11,,FALSE,1183.15294406835,FALSE,TRUE
911,531763.5791,4419714.11,,FALSE,1178.94225645602,FALSE,TRUE
912,531788.5791,4419714.11,,FALSE,1175.24839887472,FALSE,TRUE
913,531813.5791,4419714.11,,FALSE,1172.07625778257,FALSE,TRUE
914,531838.5791,4419714.11,,FALSE,1169.43007873818,FALSE,TRUE
915,531863.5791,4419714.11,,FALSE,1167.31343865202,FALSE,TRUE
916,531888.5791,4419714.11,,FALSE,1165.7292220141,FALSE,TRUE
917,531913.5791,4419714.11,,FALSE,1164.67960146024,FALSE,TRUE
918,531938.5791,4419714.11,,FALSE,1164.16602297851,FALSE,TRUE
919,531963.5791,4419714.11,,FALSE,1164.18919598903,FALSE,TRUE
920,531988.5791,4419714.11,,FALSE,1164.74908845536,FALSE,TRUE
921,532013.5791,4419714.11,,FALSE,1165.84492710548,FALSE,TRUE
922,532038.5791,4419714.11,,FALSE,1167.47520275918,FALSE,TRUE
923,532063.5791,4419714.11,,FALSE,1169.63768067619,FALSE,TRUE
924,532088.5791,4419714.11,,FALSE,1172.3294157606,FALSE,TRUE
925,532113.5791,4419714.11,,FALSE,1175.54677238193,FALSE,TRUE
926,532138.5791,4419714.11,,FALSE,1179.28544850582,FALSE,TRUE
927,532163.5791,4419714.11,,FALSE,1183.54050376723,FALSE,TRUE
928,532188.5791,4419714.11,,FALSE,1188.3063910699,FALSE,TRUE
929,532213.5791,4419714.11,,FALSE,1193.57699125678,FALSE,TRUE
930,532238.5791,4419714.11,,FALSE,1199.34565036839,FALSE,TRUE
931,532263.5791,4419714.11,,FALSE,1205.60521899068,FALSE,TRUE
932,532288.5791,4419714.11,,FALSE,1212.34809318841,FALSE,TRUE
933,532313.5791,4419714.11,,FALSE,1219.5662565263,FALSE,TRUE
934,532338.5791,4419714.11,,FALSE,1227.25132269538,FALSE,TRUE
935,532363.5791,4419714.11,,FALSE,1235.39457828565,FALSE,TRUE
936,532388.5791,4419714.11,,FALSE,1243.98702527702,FALSE,TRUE
937,532413.5791,4419714.11,,FALSE,1253.01942285727,FALSE,TRUE
938,532438.5791,4419714.11,,FALSE,1262.48232821595,FALSE,TRUE
939,532463.5791,4419714.11,,FALSE,1272.36613600707,FALSE,TRUE
940,532488.5791,4419714.11,,FALSE,1282.66111621798,FALSE,TRUE
941,532513.5791,4419714.11,,FALSE,1293.35745022695,FALSE,TRUE
942,532538.5791,4419714.11,,FALSE,1304.44526487605,FALSE,TRUE
943,532563.5791,4419714.11,,FALSE,1315.91466442834,FALSE,TRUE
944,532588.5791,4419714.11,,FALSE,1327.75576031797,FALSE,TRUE
945,532613.5791,4419714.11,,FALSE,1339.95869863871,FALSE,TRUE
946,532638.5791,4419714.11,,FALSE,1352.51368534945,FALSE,TRUE
947,532663.5791,4419714.11,,FALSE,1365.41100920476,FALSE,TRUE
948,532688.5791,4419714.11,,FALSE,1378.6410624443,FALSE,TRUE
949,532713.5791,4419714.11,,FALSE,1392.1943592967,FALSE,TRUE
950,532738.5791,4419714.11,,FALSE,1406.06155237157,FALSE,TRUE
951,532763.5791,4419714.11,,FALSE,1420.23344702818,FALSE,TRUE
952,532788.5791,4419714.11,,FALSE,1434.70101382049,FALSE,TRUE
953,532813.5791,4419714.11,,FALSE,1449.4553991267,FALSE,TRUE
954,532838.5791,4419714.11,,FALSE,1464.48793407714,FALSE,TRUE
955,532863.5791,4419714.11,,FALSE,1479.79014189768,FALSE,TRUE
956,532888.5791,4419714.11,,FALSE,1495.35374378691,FALSE,TRUE
957,532913.5791,4419714.11,,FALSE,1511.17066344524,FALSE,TRUE
958,532938.5791,4419714.11,,FALSE,1527.23303037144,FALSE,TRUE
959,532963.5791,4419714.11,,FALSE,1543.53318203968,FALSE,TRUE
960,532988.5791,4419714.11,,FALSE,1560.06366506548,FALSE,TRUE
961,531013.5791,4419689.11,,FALSE,1474.6035718313,FALSE,TRUE
962,531038.5791,4419689.11,,FALSE,1458.85559568369,FALSE,TRUE
963,531063.5791,4419689.11,,FALSE,1443.3688385363,FALSE,TRUE
964,531088.5791,4419689.11,,FALSE,1428.15179832454,FALSE,TRUE
965,531113.5791,4419689.11,,FALSE,1413.21318775959,FALSE,TRUE
966,531138.5791,4419689.11,,FALSE,1398.56192893186,FALSE,TRUE
967,531163.5791,4419689.11,,FALSE,1384.2071463685,FALSE,TRUE
968,531188.5791,4419689.11,,FALSE,1370.15815841005,FALSE,TRUE
969,531213.5791,4419689.11,,FALSE,1356.42446677197,FALSE,TRUE
970,531238.5791,4419689.11,,FALSE,1343.0157441585,FALSE,TRUE
971,531263.5791,4419689.11,,FALSE,1329.94181980176,FALSE,TRUE
972,531288.5791,4419689.11,,FALSE,1317.21266280643,FALSE,TRUE
973,531313.5791,4419689.11,,FALSE,1304.83836319201,FALSE,TRUE
974,531338.5791,4419689.11,,FALSE,1292.82911053921,FALSE,TRUE
975,531363.5791,4419689.11,,FALSE,1281.19517016636,FALSE,TRUE
976,531388.5791,4419689.11,,FALSE,1269.9468567848,FALSE,TRUE
977,531413.5791,4419689.11,,FALSE,1259.09450561012,FALSE,TRUE
978,531438.5791,4419689.11,,FALSE,1248.64844093828,FALSE,TRUE
979,531463.5791,4419689.11,,FALSE,1238.61894223268,FALSE,TRUE
980,531488.5791,4419689.11,,FALSE,1229.01620780916,FALSE,TRUE
981,531513.5791,4419689.11,,FALSE,1219.85031625097,FALSE,TRUE
982,531538.5791,4419689.11,,FALSE,1211.13118573406,FALSE,TRUE
983,531563.5791,4419689.11,,FALSE,1202.86853149361,FALSE,TRUE
984,531588.5791,4419689.11,,FALSE,1195.07182171516,FALSE,TRUE
985,531613.5791,4419689.11,,FALSE,1187.75023218587,FALSE,TRUE
986,531638.5791,4419689.11,,FALSE,1180.91260009265,FALSE,TRUE
987,531663.5791,4419689.11,,FALSE,1174.56737740225,FALSE,TRUE
988,531688.5791,4419689.11,,FALSE,1168.72258430202,FALSE,TRUE
989,531713.5791,4419689.11,,FALSE,1163.38576321768,FALSE,TRUE
990,531738.5791,4419689.11,,FALSE,1158.5639339534,FALSE,TRUE
991,531763.5791,4419689.11,,FALSE,1154.26355051937,FALSE,TRUE
992,531788.5791,4419689.11,,FALSE,1150.49046022015,FALSE,TRUE
993,531813.5791,4419689.11,,FALSE,1147.24986557314,FALSE,TRUE
994,531838.5791,4419689.11,,FALSE,1144.54628960893,FALSE,TRUE
995,531863.5791,4419689.11,,FALSE,1142.38354507476,FALSE,TRUE
996,531888.5791,4419689.11,,FALSE,1140.7647080172,FALSE,TRUE
997,531913.5791,4419689.11,,FALSE,1139.69209616351,FALSE,TRUE
998,531938.5791,4419689.11,,FALSE,1139.16725245136,FALSE,TRUE
999,531963.5791,4419689.11,,FALSE,1139.19093397796,FALSE,TRUE
1000,531988.5791,4419689.11,,FALSE,1139.76310655222,FALSE,TRUE
1001,532013.5791,4419689.11,,FALSE,1140.88294494114,FALSE,TRUE
1002,532038.5791,4419689.11,,FALSE,1142.54883880628,FALSE,TRUE
1003,532063.5791,4419689.11,,FALSE,1144.75840423103,FALSE,TRUE
1004,532088.5791,4419689.11,,FALSE,1147.50850064719,FALSE,TRUE
1005,532113.5791,4419689.11,,FALSE,1150.79525288279,FALSE,TRUE
1006,532138.5791,4419689.11,,FALSE,1154.61407797479,FALSE,TRUE
1007,532163.5791,4419689.11,,FALSE,1158.95971632217,FALSE,TRUE
1008,532188.5791,4419689.11,,FALSE,1163.82626669858,FALSE,TRUE
1009,532213.5791,4419689.11,,FALSE,1169.20722460031,FALSE,TRUE
1010,532238.5791,4419689.11,,FALSE,1175.09552337568,FALSE,TRUE
1011,532263.5791,4419689.11,,FALSE,1181.48357756575,FALSE,TRUE
1012,532288.5791,4419689.11,,FALSE,1188.36332788317,FALSE,TRUE
1013,532313.5791,4419689.11,,FALSE,1195.72628726542,FALSE,TRUE
1014,532338.5791,4419689.11,,FALSE,1203.56358745916,FALSE,TRUE
1015,532363.5791,4419689.11,,FALSE,1211.86602562228,FALSE,TRUE
1016,532388.5791,4419689.11,,FALSE,1220.62411046872,FALSE,TRUE
1017,532413.5791,4419689.11,,FALSE,1229.8281075246,FALSE,TRUE
1018,532438.5791,4419689.11,,FALSE,1239.4680831137,FALSE,TRUE
1019,532463.5791,4419689.11,,FALSE,1249.53394674076,FALSE,TRUE
1020,532488.5791,4419689.11,,FALSE,1260.01549159427,FALSE,TRUE
1021,532513.5791,4419689.11,,FALSE,1270.90243294186,FALSE,TRUE
1022,532538.5791,4419689.11,,FALSE,1282.18444424254,FALSE,TRUE
1023,532563.5791,4419689.11,,FALSE,1293.85119084752,FALSE,TRUE
1024,532588.5791,4419689.11,,FALSE,1305.89236120652,FALSE,TRUE
1025,532613.5791,4419689.11,,FALSE,1318.29769553676,FALSE,TRUE
1026,532638.5791,4419689.11,,FALSE,1331.0570119486,FALSE,TRUE
1027,532663.5791,4419689.11,,FALSE,1344.16023005352,FALSE,TRUE
1028,532688.5791,4419689.11,,FALSE,1357.59739210767,FALSE,TRUE
1029,532713.5791,4419689.11,,FALSE,1371.35868176693,FALSE,TRUE
1030,532738.5791,4419689.11,,FALSE,1385.43444054835,FALSE,TRUE
1031,532763.5791,4419689.11,,FALSE,1399.8151821071,FALSE,TRUE
1032,532788.5791,4419689.11,,FALSE,1414.49160444929,FALSE,TRUE
1033,532813.5791,4419689.11,,FALSE,1429.4546002086,FALSE,TRUE
1034,532838.5791,4419689.11,,FALSE,1444.69526511909,FALSE,TRUE
1035,532863.5791,4419689.11,,FALSE,1460.20490481902,FALSE,TRUE
1036,532888.5791,4419689.11,,FALSE,1475.9750401201,FALSE,TRUE
1037,532913.5791,4419689.11,,FALSE,1491.99741087494,FALSE,TRUE
1038,532938.5791,4419689.11,,FALSE,1508.26397857189,FALSE,TRUE
1039,532963.5791,4419689.11,,FALSE,1524.76692778192,FALSE,TRUE
1040,532988.5791,4419689.11,,FALSE,1541.49866657663,FALSE,TRUE
1041,531013.5791,4419664.11,,FALSE,1455.37802445193,FALSE,TRUE
1042,531038.5791,4419664.11,,FALSE,1439.41972650704,FALSE,TRUE
1043,531063.5791,4419664.11,,FALSE,1423.72156830527,FALSE,TRUE
1044,531088.5791,4419664.11,,FALSE,1408.29224916478,FALSE,TRUE
1045,531113.5791,4419664.11,,FALSE,1393.14070145754,FALSE,TRUE
1046,531138.5791,4419664.11,,FALSE,1378.27608593402,FALSE,TRUE
1047,531163.5791,4419664.11,,FALSE,1363.70778543557,FALSE,TRUE
1048,531188.5791,4419664.11,,FALSE,1349.44539684183,FALSE,TRUE
1049,531213.5791,4419664.11,,FALSE,1335.4987210992,FALSE,TRUE
1050,531238.5791,4419664.11,,FALSE,1321.87775117731,FALSE,TRUE
1051,531263.5791,4419664.11,,FALSE,1308.59265780364,FALSE,TRUE
1052,531288.5791,4419664.11,,FALSE,1295.65377283346,FALSE,TRUE
1053,531313.5791,4419664.11,,FALSE,1283.07157012288,FALSE,TRUE
1054,531338.5791,4419664.11,,FALSE,1270.85664378701,FALSE,TRUE
1055,531363.5791,4419664.11,,FALSE,1259.01968374509,FALSE,TRUE
1056,531388.5791,4419664.11,,FALSE,1247.57144847804,FALSE,TRUE
1057,531413.5791,4419664.11,,FALSE,1236.52273495378,FALSE,TRUE
1058,531438.5791,4419664.11,,FALSE,1225.88434571031,FALSE,TRUE
1059,531463.5791,4419664.11,,FALSE,1215.66705312663,FALSE,TRUE
1060,531488.5791,4419664.11,,FALSE,1205.88156095762,FALSE,TRUE
1061,531513.5791,4419664.11,,FALSE,1196.53846325874,FALSE,TRUE
1062,531538.5791,4419664.11,,FALSE,1187.64820088172,FALSE,TRUE
1063,531563.5791,4419664.11,,FALSE,1179.22101578015,FALSE,TRUE
1064,531588.5791,4419664.11,,FALSE,1171.26690342448,FALSE,TRUE
1065,531613.5791,4419664.11,,FALSE,1163.79556368701,FALSE,TRUE
1066,531638.5791,4419664.11,,FALSE,1156.81635061818,FALSE,TRUE
1067,531663.5791,4419664.11,,FALSE,1150.33822159292,FALSE,TRUE
1068,531688.5791,4419664.11,,FALSE,1144.36968635908,FALSE,TRUE
1069,531713.5791,4419664.11,,FALSE,1138.91875656588,FALSE,TRUE
1070,531738.5791,4419664.11,,FALSE,1133.99289638761,FALSE,TRUE
1071,531763.5791,4419664.11,,FALSE,1129.59897488337,FALSE,TRUE
1072,531788.5791,4419664.11,,FALSE,1125.74322074688,FALSE,TRUE
1073,531813.5791,4419664.11,,FALSE,1122.43118009861,FALSE,TRUE
1074,531838.5791,4419664.11,,FALSE,1119.66767795519,FALSE,TRUE
1075,531863.5791,4419664.11,,FALSE,1117.4567839776,FALSE,TRUE
1076,531888.5791,4419664.11,,FALSE,1115.80178305,FALSE,TRUE
1077,531913.5791,4419664.11,,FALSE,1114.70515117566,FALSE,TRUE
1078,531938.5791,4419664.11,,FALSE,1114.16853709731,FALSE,TRUE
1079,531963.5791,4419664.11,,FALSE,1114.19274995737,FALSE,TRUE
1080,531988.5791,4419664.11,,FALSE,1114.77775321252,FALSE,TRUE
1081,532013.5791,4419664.11,,FALSE,1115.92266490898,FALSE,TRUE
1082,532038.5791,4419664.11,,FALSE,1117.6257643136,FALSE,TRUE
1083,532063.5791,4419664.11,,FALSE,1119.884504785,FALSE,TRUE
1084,532088.5791,4419664.11,,FALSE,1122.69553266126,FALSE,TRUE
1085,532113.5791,4419664.11,,FALSE,1126.05471184021,FALSE,TRUE
1086,532138.5791,4419664.11,,FALSE,1129.95715363794,FALSE,TRUE
1087,532163.5791,4419664.11,,FALSE,1134.39725143247,FALSE,TRUE
1088,532188.5791,4419664.11,,FALSE,1139.36871953619,FALSE,TRUE
1089,532213.5791,4419664.11,,FALSE,1144.86463569172,FALSE,TRUE
1090,532238.5791,4419664.11,,FALSE,1150.8774865543,FALSE,TRUE
1091,532263.5791,4419664.11,,FALSE,1157.39921550757,FALSE,TRUE
1092,532288.5791,4419664.11,,FALSE,1164.4212721595,FALSE,TRUE
1093,532313.5791,4419664.11,,FALSE,1171.93466287909,FALSE,TRUE
1094,532338.5791,4419664.11,,FALSE,1179.93000176177,FALSE,TRUE
1095,532363.5791,4419664.11,,FALSE,1188.39756144883,FALSE,TRUE
1096,532388.5791,4419664.11,,FALSE,1197.3273232736,FALSE,TRUE
1097,532413.5791,4419664.11,,FALSE,1206.70902626007,FALSE,TRUE
1098,532438.5791,4419664.11,,FALSE,1216.53221455806,FALSE,TRUE
1099,532463.5791,4419664.11,,FALSE,1226.78628295948,FALSE,TRUE
1100,532488.5791,4419664.11,,FALSE,1237.46052020157,FALSE,TRUE
1101,532513.5791,4419664.11,,FALSE,1248.54414982312,FALSE,TRUE
1102,532538.5791,4419664.11,,FALSE,1260.02636839771,FALSE,TRUE
1103,532563.5791,4419664.11,,FALSE,1271.89638102226,FALSE,TRUE
1104,532588.5791,4419664.11,,FALSE,1284.14343398918,FALSE,TRUE
1105,532613.5791,4419664.11,,FALSE,1296.75684461564,FALSE,TRUE
1106,532638.5791,4419664.11,,FALSE,1309.72602824313,FALSE,TRUE
1107,532663.5791,4419664.11,,FALSE,1323.04052245482,FALSE,TRUE
1108,532688.5791,4419664.11,,FALSE,1336.69000858745,FALSE,TRUE
1109,532713.5791,4419664.11,,FALSE,1350.6643306379,FALSE,TRUE
1110,532738.5791,4419664.11,,FALSE,1364.95351168365,FALSE,TRUE
1111,532763.5791,4419664.11,,FALSE,1379.54776795061,FALSE,TRUE
1112,532788.5791,4419664.11,,FALSE,1394.43752067187,FALSE,TRUE
1113,532813.5791,4419664.11,,FALSE,1409.61340588741,FALSE,TRUE
1114,532838.5791,4419664.11,,FALSE,1425.0662823383,FALSE,TRUE
1115,532863.5791,4419664.11,,FALSE,1440.78723760919,FALSE,TRUE
1116,532888.5791,4419664.11,,FALSE,1456.76759267136,FALSE,TRUE
1117,532913.5791,4419664.11,,FALSE,1472.99890497499,FALSE,TRUE
1118,532938.5791,4419664.11,,FALSE,1489.47297023394,FALSE,TRUE
1119,532963.5791,4419664.11,,FALSE,1506.18182304047,FALSE,TRUE
1120,532988.5791,4419664.11,,FALSE,1523.1177364398,FALSE,TRUE
1121,531013.5791,4419639.11,,FALSE,1436.3302872451,FALSE,TRUE
1122,531038.5791,4419639.11,,FALSE,1420.15796623389,FALSE,TRUE
1123,531063.5791,4419639.11,,FALSE,1404.24449582599,FALSE,TRUE
1124,531088.5791,4419639.11,,FALSE,1388.59877540548,FALSE,TRUE
1125,531113.5791,4419639.11,,FALSE,1373.22995672887,FALSE,TRUE
1126,531138.5791,4419639.11,,FALSE,1358.14744010272,FALSE,TRUE
1127,531163.5791,4419639.11,,FALSE,1343.36086888728,FALSE,TRUE
1128,531188.5791,4419639.11,,FALSE,1328.88012215458,FALSE,TRUE
1129,531213.5791,4419639.11,,FALSE,1314.71530532567,FALSE,TRUE
1130,531238.5791,4419639.11,,FALSE,1300.87673861038,FALSE,TRUE
1131,531263.5791,4419639.11,,FALSE,1287.37494307508,FALSE,TRUE
1132,531288.5791,4419639.11,,FALSE,1274.22062416898,FALSE,TRUE
1133,531313.5791,4419639.11,,FALSE,1261.42465254869,FALSE,TRUE
1134,531338.5791,4419639.11,,FALSE,1248.99804205514,FALSE,TRUE
1135,531363.5791,4419639.11,,FALSE,1236.95192471558,FALSE,TRUE
1136,531388.5791,4419639.11,,FALSE,1225.2975226685,FALSE,TRUE
1137,531413.5791,4419639.11,,FALSE,1214.0461169402,FALSE,TRUE
1138,531438.5791,4419639.11,,FALSE,1203.2090130387,FALSE,TRUE
1139,531463.5791,4419639.11,,FALSE,1192.79750337497,FALSE,TRUE
1140,531488.5791,4419639.11,,FALSE,1182.82282657107,FALSE,TRUE
1141,531513.5791,4419639.11,,FALSE,1173.29612377164,FALSE,TRUE
1142,531538.5791,4419639.11,,FALSE,1164.22839213685,FALSE,TRUE
1143,531563.5791,4419639.11,,FALSE,1155.63043576117,FALSE,TRUE
1144,531588.5791,4419639.11,,FALSE,1147.51281433262,FALSE,TRUE
1145,531613.5791,4419639.11,,FALSE,1139.88578991825,FALSE,TRUE
1146,531638.5791,4419639.11,,FALSE,1132.75927233352,FALSE,TRUE
1147,531663.5791,4419639.11,,FALSE,1126.14276362172,FALSE,TRUE
1148,531688.5791,4419639.11,,FALSE,1120.04530223449,FALSE,TRUE
1149,531713.5791,4419639.11,,FALSE,1114.47540756068,FALSE,TRUE
1150,531738.5791,4419639.11,,FALSE,1109.44102549777,FALSE,TRUE
1151,531763.5791,4419639.11,,FALSE,1104.94947579405,FALSE,TRUE
1152,531788.5791,4419639.11,,FALSE,1101.00740190861,FALSE,TRUE
1153,531813.5791,4419639.11,,FALSE,1097.62072413815,FALSE,TRUE
1154,531838.5791,4419639.11,,FALSE,1094.79459674294,FALSE,TRUE
1155,531863.5791,4419639.11,,FALSE,1092.53336976842,FALSE,TRUE
1156,531888.5791,4419639.11,,FALSE,1090.84055620313,FALSE,TRUE
1157,531913.5791,4419639.11,,FALSE,1089.71880503988,FALSE,TRUE
1158,531938.5791,4419639.11,,FALSE,1089.16988071537,FALSE,TRUE
1159,531963.5791,4419639.11,,FALSE,1089.19464929715,FALSE,TRUE
1160,531988.5791,4419639.11,,FALSE,1089.7930716689,FALSE,TRUE
1161,532013.5791,4419639.11,,FALSE,1090.96420383876,FALSE,TRUE
1162,532038.5791,4419639.11,,FALSE,1092.7062043649,FALSE,TRUE
1163,532063.5791,4419639.11,,FALSE,1095.01634876267,FALSE,TRUE
1164,532088.5791,4419639.11,,FALSE,1097.89105063186,FALSE,TRUE
1165,532113.5791,4419639.11,,FALSE,1101.32588912525,FALSE,TRUE
1166,532138.5791,4419639.11,,FALSE,1105.31564227488,FALSE,TRUE
1167,532163.5791,4419639.11,,FALSE,1109.85432560203,FALSE,TRUE
1168,532188.5791,4419639.11,,FALSE,1114.93523536461,FALSE,TRUE
1169,532213.5791,4419639.11,,FALSE,1120.55099574162,FALSE,TRUE
1170,532238.5791,4419639.11,,FALSE,1126.69360922015,FALSE,TRUE
1171,532263.5791,4419639.11,,FALSE,1133.35450943539,FALSE,TRUE
1172,532288.5791,4419639.11,,FALSE,1140.52461571749,FALSE,TRUE
1173,532313.5791,4419639.11,,FALSE,1148.19438861959,FALSE,TRUE
1174,532338.5791,4419639.11,,FALSE,1156.35388573633,FALSE,TRUE
1175,532363.5791,4419639.11,,FALSE,1164.99281716993,FALSE,TRUE
1176,532388.5791,4419639.11,,FALSE,1174.10060005841,FALSE,TRUE
1177,532413.5791,4419639.11,,FALSE,1183.66641164541,FALSE,TRUE
1178,532438.5791,4419639.11,,FALSE,1193.67924044004,FALSE,TRUE
1179,532463.5791,4419639.11,,FALSE,1204.12793508726,FALSE,TRUE
1180,532488.5791,4419639.11,,FALSE,1215.00125064031,FALSE,TRUE
1181,532513.5791,4419639.11,,FALSE,1226.28789199662,FALSE,TRUE
1182,532538.5791,4419639.11,,FALSE,1237.97655432464,FALSE,TRUE
1183,532563.5791,4419639.11,,FALSE,1250.05596037038,FALSE,TRUE
1184,532588.5791,4419639.11,,FALSE,1262.51489458838,FALSE,TRUE
1185,532613.5791,4419639.11,,FALSE,1275.3422340915,FALSE,TRUE
1186,532638.5791,4419639.11,,FALSE,1288.52697645703,FALSE,TRUE
1187,532663.5791,4419639.11,,FALSE,1302.05826446342,FALSE,TRUE
1188,532688.5791,4419639.11,,FALSE,1315.92540786228,FALSE,TRUE
1189,532713.5791,4419639.11,,FALSE,1330.11790231449,FALSE,TRUE
1190,532738.5791,4419639.11,,FALSE,1344.62544563811,FALSE,TRUE
1191,532763.5791,4419639.11,,FALSE,1359.43795152905,FALSE,TRUE
1192,532788.5791,4419639.11,,FALSE,1374.54556092459,FALSE,TRUE
1193,532813.5791,4419639.11,,FALSE,1389.93865118483,FALSE,TRUE
1194,532838.5791,4419639.11,,FALSE,1405.60784326835,FALSE,TRUE
1195,532863.5791,4419639.11,,FALSE,1421.54400707734,FALSE,TRUE
1196,532888.5791,4419639.11,,FALSE,1437.73826514338,FALSE,TRUE
1197,532913.5791,4419639.11,,FALSE,1454.18199481959,FALSE,TRUE
1198,532938.5791,4419639.11,,FALSE,1470.86682913766,FALSE,TRUE
1199,532963.5791,4419639.11,,FALSE,1487.78465648006,FALSE,TRUE
1200,532988.5791,4419639.11,,FALSE,1504.92761920881,FALSE,TRUE
1201,531013.5791,4419614.11,,FALSE,1417.46752839618,FALSE,TRUE
1202,531038.5791,4419614.11,,FALSE,1401.0774957359,FALSE,TRUE
1203,531063.5791,4419614.11,,FALSE,1384.94480180893,FALSE,TRUE
1204,531088.5791,4419614.11,,FALSE,1369.07854378687,FALSE,TRUE
1205,531113.5791,4419614.11,,FALSE,1353.48809158321,FALSE,TRUE
1206,531138.5791,4419614.11,,FALSE,1338.18308502894,FALSE,TRUE
1207,531163.5791,4419614.11,,FALSE,1323.17342931967,FALSE,TRUE
1208,531188.5791,4419614.11,,FALSE,1308.46928854198,FALSE,TRUE
1209,531213.5791,4419614.11,,FALSE,1294.0810770804,FALSE,TRUE
1210,531238.5791,4419614.11,,FALSE,1280.01944870286,FALSE,TRUE
1211,531263.5791,4419614.11,,FALSE,1266.29528312221,FALSE,TRUE
1212,531288.5791,4419614.11,,FALSE,1252.91966983425,FALSE,TRUE
1213,531313.5791,4419614.11,,FALSE,1239.90388904042,FALSE,TRUE
1214,531338.5791,4419614.11,,FALSE,1227.25938947622,FALSE,TRUE
1215,531363.5791,4419614.11,,FALSE,1214.99776298459,FALSE,TRUE
1216,531388.5791,4419614.11,,FALSE,1203.13071569865,FALSE,TRUE
1217,531413.5791,4419614.11,,FALSE,1191.67003573034,FALSE,TRUE
1218,531438.5791,4419614.11,,FALSE,1180.62755730059,FALSE,TRUE
1219,531463.5791,4419614.11,,FALSE,1170.0151212944,FALSE,TRUE
1220,531488.5791,4419614.11,,FALSE,1159.84453227902,FALSE,TRUE
1221,531513.5791,4419614.11,,FALSE,1150.12751208618,FALSE,TRUE
1222,531538.5791,4419614.11,,FALSE,1140.87565012912,FALSE,TRUE
1223,531563.5791,4419614.11,,FALSE,1132.1003507011,FALSE,TRUE
1224,531588.5791,4419614.11,,FALSE,1123.81277758243,FALSE,TRUE
1225,531613.5791,4419614.11,,FALSE,1116.02379636706,FALSE,TRUE
1226,531638.5791,4419614.11,,FALSE,1108.74391500361,FALSE,TRUE
1227,531663.5791,4419614.11,,FALSE,1101.98322312889,FALSE,TRUE
1228,531688.5791,4419614.11,,FALSE,1095.75133084908,FALSE,TRUE
1229,531713.5791,4419614.11,,FALSE,1090.0573076942,FALSE,TRUE
1230,531738.5791,4419614.11,,FALSE,1084.9096225297,FALSE,TRUE
1231,531763.5791,4419614.11,,FALSE,1080.31608525354,FALSE,TRUE
1232,531788.5791,4419614.11,,FALSE,1076.28379113389,FALSE,TRUE
1233,531813.5791,4419614.11,,FALSE,1072.81906864929,FALSE,TRUE
1234,531838.5791,4419614.11,,FALSE,1069.92743167821,FALSE,TRUE
1235,531863.5791,4419614.11,,FALSE,1067.61353684633,FALSE,TRUE
1236,531888.5791,4419614.11,,FALSE,1065.88114677835,FALSE,TRUE
1237,531913.5791,4419614.11,,FALSE,1064.73309991637,FALSE,TRUE
1238,531938.5791,4419614.11,,FALSE,1064.17128746153,FALSE,TRUE
1239,531963.5791,4419614.11,,FALSE,1064.19663787174,FALSE,TRUE
1240,531988.5791,4419614.11,,FALSE,1064.80910921044,FALSE,TRUE
1241,532013.5791,4419614.11,,FALSE,1066.00768949268,FALSE,TRUE
1242,532038.5791,4419614.11,,FALSE,1067.79040502222,FALSE,TRUE
1243,532063.5791,4419614.11,,FALSE,1070.15433655969,FALSE,TRUE
1244,532088.5791,4419614.11,,FALSE,1073.09564301488,FALSE,TRUE
1245,532113.5791,4419614.11,,FALSE,1076.60959221879,FALSE,TRUE
1246,532138.5791,4419614.11,,FALSE,1080.69059820909,FALSE,TRUE
1247,532163.5791,4419614.11,,FALSE,1085.33226435848,FALSE,TRUE
1248,532188.5791,4419614.11,,FALSE,1090.52743159331,FALSE,TRUE
1249,532213.5791,4419614.11,,FALSE,1096.26823088946,FALSE,TRUE
1250,532238.5791,4419614.11,,FALSE,1102.54613919668,FALSE,TRUE
1251,532263.5791,4419614.11,,FALSE,1109.35203792913,FALSE,TRUE
1252,532288.5791,4419614.11,,FALSE,1116.67627316851,FALSE,TRUE
1253,532313.5791,4419614.11,,FALSE,1124.50871675479,FALSE,TRUE
1254,532338.5791,4419614.11,,FALSE,1132.83882748496,FALSE,TRUE
1255,532363.5791,4419614.11,,FALSE,1141.65571170012,FALSE,TRUE
1256,532388.5791,4419614.11,,FALSE,1150.94818261184,FALSE,TRUE
1257,532413.5791,4419614.11,,FALSE,1160.70481779714,FALSE,TRUE
1258,532438.5791,4419614.11,,FALSE,1170.91401437403,FALSE,TRUE
1259,532463.5791,4419614.11,,FALSE,1181.56404145416,FALSE,TRUE
1260,532488.5791,4419614.11,,FALSE,1192.64308955257,FALSE,TRUE
1261,532513.5791,4419614.11,,FALSE,1204.13931671443,FALSE,TRUE
1262,532538.5791,4419614.11,,FALSE,1216.04089119466,FALSE,TRUE
1263,532563.5791,4419614.11,,FALSE,1228.33603059484,FALSE,TRUE
1264,532588.5791,4419614.11,,FALSE,1241.01303742446,FALSE,TRUE
1265,532613.5791,4419614.11,,FALSE,1254.06033110751,FALSE,TRUE
1266,532638.5791,4419614.11,,FALSE,1267.46647650243,FALSE,TRUE
1267,532663.5791,4419614.11,,FALSE,1281.22020904195,FALSE,TRUE
1268,532688.5791,4419614.11,,FALSE,1295.31045663095,FALSE,TRUE
1269,532713.5791,4419614.11,,FALSE,1309.72635846481,FALSE,TRUE
1270,532738.5791,4419614.11,,FALSE,1324.4572809485,FALSE,TRUE
1271,532763.5791,4419614.11,,FALSE,1339.49283090933,FALSE,TRUE
1272,532788.5791,4419614.11,,FALSE,1354.822866303,FALSE,TRUE
1273,532813.5791,4419614.11,,FALSE,1370.43750461576,FALSE,TRUE
1274,532838.5791,4419614.11,,FALSE,1386.3271291645,FALSE,TRUE
1275,532863.5791,4419614.11,,FALSE,1402.48239349286,FALSE,TRUE
1276,532888.5791,4419614.11,,FALSE,1418.89422405529,FALSE,TRUE
1277,532913.5791,4419614.11,,FALSE,1435.5538213726,FALSE,TRUE
1278,532938.5791,4419614.11,,FALSE,1452.45265983352,FALSE,TRUE
1279,532963.5791,4419614.11,,FALSE,1469.58248630605,FALSE,TRUE
1280,532988.5791,4419614.11,,FALSE,1486.93531771139,FALSE,TRUE
1281,531013.5791,4419589.11,,FALSE,1398.797231216,FALSE,TRUE
1282,531038.5791,4419589.11,,FALSE,1382.18582291151,FALSE,TRUE
1283,531063.5791,4419589.11,,FALSE,1365.83000554884,FALSE,TRUE
1284,531088.5791,4419589.11,,FALSE,1349.73907073091,FALSE,TRUE
1285,531113.5791,4419589.11,,FALSE,1333.92260422318,FALSE,TRUE
1286,531138.5791,4419589.11,,FALSE,1318.39048428664,FALSE,TRUE
1287,531163.5791,4419589.11,,FALSE,1303.15287823707,FALSE,TRUE
1288,531188.5791,4419589.11,,FALSE,1288.220237016,FALSE,TRUE
1289,531213.5791,4419589.11,,FALSE,1273.60328754976,FALSE,TRUE
1290,531238.5791,4419589.11,,FALSE,1259.31302266654,FALSE,TRUE
1291,531263.5791,4419589.11,,FALSE,1245.36068833794,FALSE,TRUE
1292,531288.5791,4419589.11,,FALSE,1231.75776801185,FALSE,TRUE
1293,531313.5791,4419589.11,,FALSE,1218.51596380907,FALSE,TRUE
1294,531338.5791,4419589.11,,FALSE,1205.64717436634,FALSE,TRUE
1295,531363.5791,4419589.11,,FALSE,1193.16346912631,FALSE,TRUE
1296,531388.5791,4419589.11,,FALSE,1181.07705889901,FALSE,TRUE
1297,531413.5791,4419589.11,,FALSE,1169.40026255236,FALSE,TRUE
1298,531438.5791,4419589.11,,FALSE,1158.14546973061,FALSE,TRUE
1299,531463.5791,4419589.11,,FALSE,1147.32509955005,FALSE,TRUE
1300,531488.5791,4419589.11,,FALSE,1136.95155528172,FALSE,TRUE
1301,531513.5791,4419589.11,,FALSE,1127.03717510006,FALSE,TRUE
1302,531538.5791,4419589.11,,FALSE,1117.59417905496,FALSE,TRUE
1303,531563.5791,4419589.11,,FALSE,1108.63461251105,FALSE,TRUE
1304,531588.5791,4419589.11,,FALSE,1100.17028639094,FALSE,TRUE
1305,531613.5791,4419589.11,,FALSE,1092.21271465659,FALSE,TRUE
1306,531638.5791,4419589.11,,FALSE,1084.77304956268,FALSE,TRUE
1307,531663.5791,4419589.11,,FALSE,1077.86201531435,FALSE,TRUE
1308,531688.5791,4419589.11,,FALSE,1071.48984085596,FALSE,TRUE
1309,531713.5791,4419589.11,,FALSE,1065.66619260326,FALSE,TRUE
1310,531738.5791,4419589.11,,FALSE,1060.40010800524,FALSE,TRUE
1311,531763.5791,4419589.11,,FALSE,1055.69993087881,FALSE,TRUE
1312,531788.5791,4419589.11,,FALSE,1051.57324949692,FALSE,TRUE
1313,531813.5791,4419589.11,,FALSE,1048.02683842424,FALSE,TRUE
1314,531838.5791,4419589.11,,FALSE,1045.06660508195,FALSE,TRUE
1315,531863.5791,4419589.11,,FALSE,1042.69754198306,FALSE,TRUE
1316,531888.5791,4419589.11,,FALSE,1040.92368551086,FALSE,TRUE
1317,531913.5791,4419589.11,,FALSE,1039.74808201675,FALSE,TRUE
1318,531938.5791,4419589.11,,FALSE,1039.17276189164,FALSE,TRUE
1319,531963.5791,4419589.11,,FALSE,1039.1987221208,FALSE,TRUE
1320,531988.5791,4419589.11,,FALSE,1039.82591766964,FALSE,TRUE
1321,532013.5791,4419589.11,,FALSE,1041.05326187352,FALSE,TRUE
1322,532038.5791,4419589.11,,FALSE,1042.8786358237,FALSE,TRUE
1323,532063.5791,4419589.11,,FALSE,1045.29890656094,FALSE,TRUE
1324,532088.5791,4419589.11,,FALSE,1048.30995371479,FALSE,TRUE
1325,532113.5791,4419589.11,,FALSE,1051.90670406529,FALSE,TRUE
1326,532138.5791,4419589.11,,FALSE,1056.0831733616,FALSE,TRUE
1327,532163.5791,4419589.11,,FALSE,1060.83251461175,FALSE,TRUE
1328,532188.5791,4419589.11,,FALSE,1066.14707196404,FALSE,TRUE
1329,532213.5791,4419589.11,,FALSE,1072.0184392339,FALSE,TRUE
1330,532238.5791,4419589.11,,FALSE,1078.43752209272,FALSE,TRUE
1331,532263.5791,4419589.11,,FALSE,1085.39460292443,FALSE,TRUE
1332,532288.5791,4419589.11,,FALSE,1092.87940737187,FALSE,TRUE
1333,532313.5791,4419589.11,,FALSE,1100.88117163365,FALSE,TRUE
1334,532338.5791,4419589.11,,FALSE,1109.38870963134,FALSE,TRUE
1335,532363.5791,4419589.11,,FALSE,1118.39047924126,FALSE,TRUE
1336,532388.5791,4419589.11,,FALSE,1127.87464687237,FALSE,TRUE
1337,532413.5791,4419589.11,,FALSE,1137.82914976612,FALSE,TRUE
1338,532438.5791,4419589.11,,FALSE,1148.24175549293,FALSE,TRUE
1339,532463.5791,4419589.11,,FALSE,1159.10011821994,FALSE,TRUE
1340,532488.5791,4419589.11,,FALSE,1170.3918314212,FALSE,TRUE
1341,532513.5791,4419589.11,,FALSE,1182.10447679445,FALSE,TRUE
1342,532538.5791,4419589.11,,FALSE,1194.22566923403,FALSE,TRUE
1343,532563.5791,4419589.11,,FALSE,1206.74309778738,FALSE,TRUE
1344,532588.5791,4419589.11,,FALSE,1219.64456259087,FALSE,TRUE
1345,532613.5791,4419589.11,,FALSE,1232.91800784053,FALSE,TRUE
1346,532638.5791,4419589.11,,FALSE,1246.55155090252,FALSE,TRUE
1347,532663.5791,4419589.11,,FALSE,1260.53350770912,FALSE,TRUE
1348,532688.5791,4419589.11,,FALSE,1274.85241461805,FALSE,TRUE
1349,532713.5791,4419589.11,,FALSE,1289.49704693631,FALSE,TRUE
1350,532738.5791,4419589.11,,FALSE,1304.45643432714,FALSE,TRUE
1351,532763.5791,4419589.11,,FALSE,1319.71987332822,FALSE,TRUE
1352,532788.5791,4419589.11,,FALSE,1335.2769372147,FALSE,TRUE
1353,532813.5791,4419589.11,,FALSE,1351.11748344008,FALSE,TRUE
1354,532838.5791,4419589.11,,FALSE,1367.23165888501,FALSE,TRUE
1355,532863.5791,4419589.11,,FALSE,1383.60990313652,FALSE,TRUE
1356,532888.5791,4419589.11,,FALSE,1400.2429500117,FALSE,TRUE
1357,532913.5791,4419589.11,,FALSE,1417.12182752841,FALSE,TRUE
1358,532938.5791,4419589.11,,FALSE,1434.23785651385,FALSE,TRUE
1359,532963.5791,4419589.11,,FALSE,1451.58264802851,FALSE,TRUE
1360,532988.5791,4419589.11,,FALSE,1469.14809976988,FALSE,TRUE
1361,531013.5791,4419564.11,,FALSE,1380.32720543266,FALSE,TRUE
1362,531038.5791,4419564.11,,FALSE,1363.49079536957,FALSE,TRUE
1363,531063.5791,4419564.11,,FALSE,1346.90797906076,FALSE,TRUE
1364,531088.5791,4419564.11,,FALSE,1330.58823798256,FALSE,TRUE
1365,531113.5791,4419564.11,,FALSE,1314.54137023432,FALSE,TRUE
1366,531138.5791,4419564.11,,FALSE,1298.77749020282,FALSE,TRUE
1367,531163.5791,4419564.11,,FALSE,1283.30702641945,FALSE,TRUE
1368,531188.5791,4419564.11,,FALSE,1268.1407173723,FALSE,TRUE
1369,531213.5791,4419564.11,,FALSE,1253.28960502253,FALSE,TRUE
1370,531238.5791,4419564.11,,FALSE,1238.76502576458,FALSE,TRUE
1371,531263.5791,4419564.11,,FALSE,1224.57859856259,FALSE,TRUE
1372,531288.5791,4419564.11,,FALSE,1210.7422099925,FALSE,TRUE
1373,531313.5791,4419564.11,,FALSE,1197.26799592135,FALSE,TRUE
1374,531338.5791,4419564.11,,FALSE,1184.16831956336,FALSE,TRUE
1375,531363.5791,4419564.11,,FALSE,1171.45574566755,FALSE,TRUE
1376,531388.5791,4419564.11,,FALSE,1159.14301061496,FALSE,TRUE
1377,531413.5791,4419564.11,,FALSE,1147.24298823637,FALSE,TRUE
1378,531438.5791,4419564.11,,FALSE,1135.7686512039,FALSE,TRUE
1379,531463.5791,4419564.11,,FALSE,1124.73302790374,FALSE,TRUE
1380,531488.5791,4419564.11,,FALSE,1114.14915476229,FALSE,TRUE
1381,531513.5791,4419564.11,,FALSE,1104.03002407431,FALSE,TRUE
1382,531538.5791,4419564.11,,FALSE,1094.3885274698,FALSE,TRUE
1383,531563.5791,4419564.11,,FALSE,1085.23739525392,FALSE,TRUE
1384,531588.5791,4419564.11,,FALSE,1076.58913196145,FALSE,TRUE
1385,531613.5791,4419564.11,,FALSE,1068.45594858071,FALSE,TRUE
1386,531638.5791,4419564.11,,FALSE,1060.84969201933,FALSE,TRUE
1387,531663.5791,4419564.11,,FALSE,1053.78177250202,FALSE,TRUE
1388,531688.5791,4419564.11,,FALSE,1047.26308970454,FALSE,TRUE
1389,531713.5791,4419564.11,,FALSE,1041.30395853348,FALSE,TRUE
1390,531738.5791,4419564.11,,FALSE,1035.91403555387,FALSE,TRUE
1391,531763.5791,4419564.11,,FALSE,1031.10224714017,FALSE,TRUE
1392,531788.5791,4419564.11,,FALSE,1026.87672047695,FALSE,TRUE
1393,531813.5791,4419564.11,,FALSE,1023.24471855832,FALSE,TRUE
1394,531838.5791,4419564.11,,FALSE,1020.21258032701,FALSE,TRUE
1395,531863.5791,4419564.11,,FALSE,1017.7856670525,FALSE,TRUE
1396,531888.5791,4419564.11,,FALSE,1015.96831597127,FALSE,TRUE
1397,531913.5791,4419564.11,,FALSE,1014.76380210249,FALSE,TRUE
1398,531938.5791,4419564.11,,FALSE,1014.17430901078,FALSE,TRUE
1399,531963.5791,4419564.11,,FALSE,1014.20090911884,FALSE,TRUE
1400,531988.5791,4419564.11,,FALSE,1014.84355398135,FALSE,TRUE
1401,532013.5791,4419564.11,,FALSE,1016.10107472509,FALSE,TRUE
1402,532038.5791,4419564.11,,FALSE,1017.97119264618,FALSE,TRUE
1403,532063.5791,4419564.11,,FALSE,1020.4505397409,FALSE,TRUE
1404,532088.5791,4419564.11,,FALSE,1023.53468874166,FALSE,TRUE
1405,532113.5791,4419564.11,,FALSE,1027.21819203978,FALSE,TRUE
1406,532138.5791,4419564.11,,FALSE,1031.49462870995,FALSE,TRUE
1407,532163.5791,4419564.11,,FALSE,1036.35665871238,FALSE,TRUE
1408,532188.5791,4419564.11,,FALSE,1041.79608324157,FALSE,TRUE
1409,532213.5791,4419564.11,,FALSE,1047.80391011748,FALSE,TRUE
1410,532238.5791,4419564.11,,FALSE,1054.37042307601,FALSE,TRUE
1411,532263.5791,4419564.11,,FALSE,1061.48525381066,FALSE,TRUE
1412,532288.5791,4419564.11,,FALSE,1069.13745564238,FALSE,TRUE
1413,532313.5791,4419564.11,,FALSE,1077.31557774752,FALSE,TRUE
1414,532338.5791,4419564.11,,FALSE,1086.00773894916,FALSE,TRUE
1415,532363.5791,4419564.11,,FALSE,1095.20170017101,FALSE,TRUE
1416,532388.5791,4419564.11,,FALSE,1104.88493475903,FALSE,TRUE
1417,532413.5791,4419564.11,,FALSE,1115.04469599091,FALSE,TRUE
1418,532438.5791,4419564.11,,FALSE,1125.66808121109,FALSE,TRUE
1419,532463.5791,4419564.11,,FALSE,1136.74209214644,FALSE,TRUE
1420,532488.5791,4419564.11,,FALSE,1148.25369107069,FALSE,TRUE
1421,532513.5791,4419564.11,,FALSE,1160.18985259201,FALSE,TRUE
1422,532538.5791,4419564.11,,FALSE,1172.53761093513,FALSE,TRUE
1423,532563.5791,4419564.11,,FALSE,1185.28410267642,FALSE,TRUE
1424,532588.5791,4419564.11,,FALSE,1198.41660496568,FALSE,TRUE
1425,532613.5791,4419564.11,,FALSE,1211.92256933249,FALSE,TRUE
1426,532638.5791,4419564.11,,FALSE,1225.78965122792,FALSE,TRUE
1427,532663.5791,4419564.11,,FALSE,1240.00573549377,FALSE,TRUE
1428,532688.5791,4419564.11,,FALSE,1254.55895798382,FALSE,TRUE
1429,532713.5791,4419564.11,,FALSE,1269.43772358373,FALSE,TRUE
1430,532738.5791,4419564.11,,FALSE,1284.6307208912,FALSE,TRUE
1431,532763.5791,4419564.11,,FALSE,1300.1269338251,FALSE,TRUE
1432,532788.5791,4419564.11,,FALSE,1315.91565043412,FALSE,TRUE
1433,532813.5791,4419564.11,,FALSE,1331.98646917206,FALSE,TRUE
1434,532838.5791,4419564.11,,FALSE,1348.3293028995,FALSE,TRUE
1435,532863.5791,4419564.11,,FALSE,1364.93438086138,FALSE,TRUE
1436,532888.5791,4419564.11,,FALSE,1381.79224887732,FALSE,TRUE
1437,532913.5791,4419564.11,,FALSE,1398.89376796719,FALSE,TRUE
1438,532938.5791,4419564.11,,FALSE,1416.23011161938,FALSE,TRUE
1439,532963.5791,4419564.11,,FALSE,1433.79276189324,FALSE,TRUE
1440,532988.5791,4419564.11,,FALSE,1451.57350453135,FALSE,TRUE
1441,531013.5791,4419539.11,,FALSE,1362.06559829456,FALSE,TRUE
1442,531038.5791,4419539.11,,FALSE,1345.0006130324,FALSE,TRUE
1443,531063.5791,4419539.11,,FALSE,1328.18696125866,FALSE,TRUE
1444,531088.5791,4419539.11,,FALSE,1311.63430843262,FALSE,TRUE
1445,531113.5791,4419539.11,,FALSE,1295.35266011134,FALSE,TRUE
1446,531138.5791,4419539.11,,FALSE,1279.35236313438,FALSE,TRUE
1447,531163.5791,4419539.11,,FALSE,1263.64410498269,FALSE,TRUE
1448,531188.5791,4419539.11,,FALSE,1248.23891104929,FALSE,TRUE
1449,531213.5791,4419539.11,,FALSE,1233.14813954266,FALSE,TRUE
1450,531238.5791,4419539.11,,FALSE,1218.38347372964,FALSE,TRUE
1451,531263.5791,4419539.11,,FALSE,1203.95691121298,FALSE,TRUE
1452,531288.5791,4419539.11,,FALSE,1189.88074993148,FALSE,TRUE
1453,531313.5791,4419539.11,,FALSE,1176.16757056871,FALSE,TRUE
1454,531338.5791,4419539.11,,FALSE,1162.83021506044,FALSE,TRUE
1455,531363.5791,4419539.11,,FALSE,1149.88176090305,FALSE,TRUE
1456,531388.5791,4419539.11,,FALSE,1137.3354909865,FALSE,TRUE
1457,531413.5791,4419539.11,,FALSE,1125.20485870685,FALSE,TRUE
1458,531438.5791,4419539.11,,FALSE,1113.50344815699,FALSE,TRUE
1459,531463.5791,4419539.11,,FALSE,1102.24492925007,FALSE,TRUE
1460,531488.5791,4419539.11,,FALSE,1091.44300770013,FALSE,TRUE
1461,531513.5791,4419539.11,,FALSE,1081.11136986783,FALSE,TRUE
1462,531538.5791,4419539.11,,FALSE,1071.26362257733,FALSE,TRUE
1463,531563.5791,4419539.11,,FALSE,1061.91322812059,FALSE,TRUE
1464,531588.5791,4419539.11,,FALSE,1053.07343478862,FALSE,TRUE
1465,531613.5791,4419539.11,,FALSE,1044.75720340062,FALSE,TRUE
1466,531638.5791,4419539.11,,FALSE,1036.97713044092,FALSE,TRUE
1467,531663.5791,4419539.11,,FALSE,1029.74536855355,FALSE,TRUE
1468,531688.5791,4419539.11,,FALSE,1023.07354528279,FALSE,TRUE
1469,531713.5791,4419539.11,,FALSE,1016.97268107727,FALSE,TRUE
1470,531738.5791,4419539.11,,FALSE,1011.45310769085,FALSE,TRUE
1471,531763.5791,4419539.11,,FALSE,1006.524388208,FALSE,TRUE
1472,531788.5791,4419539.11,,FALSE,1002.19523998944,FALSE,TRUE
1473,531813.5791,4419539.11,,FALSE,998.473461869408,FALSE,TRUE
1474,531838.5791,4419539.11,,FALSE,995.365866934103,FALSE,TRUE
1475,531863.5791,4419539.11,,FALSE,992.878222169002,FALSE,TRUE
1476,531888.5791,4419539.11,,FALSE,991.015196178886,FALSE,TRUE
1477,531913.5791,4419539.11,,FALSE,989.780316058809,FALSE,TRUE
1478,531938.5791,4419539.11,,FALSE,989.175934329922,FALSE,TRUE
1479,531963.5791,4419539.11,,FALSE,989.203206655474,FALSE,TRUE
1480,531988.5791,4419539.11,,FALSE,989.862080826148,FALSE,TRUE
1481,532013.5791,4419539.11,,FALSE,991.151297258632,FALSE,TRUE
1482,532038.5791,4419539.11,,FALSE,993.068400996361,FALSE,TRUE
1483,532063.5791,4419539.11,,FALSE,995.609764946823,FALSE,TRUE
1484,532088.5791,4419539.11,,FALSE,998.770623845869,FALSE,TRUE
1485,532113.5791,4419539.11,,FALSE,1002.54511821537,FALSE,TRUE
1486,532138.5791,4419539.11,,FALSE,1006.92634738468,FALSE,TRUE
1487,532163.5791,4419539.11,,FALSE,1011.90643048528,FALSE,TRUE
1488,532188.5791,4419539.11,,FALSE,1017.47657420575,FALSE,TRUE
1489,532213.5791,4419539.11,,FALSE,1023.62714601434,FALSE,TRUE
1490,532238.5791,4419539.11,,FALSE,1030.34775151764,FALSE,TRUE
1491,532263.5791,4419539.11,,FALSE,1037.62731462576,FALSE,TRUE
1492,532288.5791,4419539.11,,FALSE,1045.45415923294,FALSE,TRUE
1493,532313.5791,4419539.11,,FALSE,1053.81609119308,FALSE,TRUE
1494,532338.5791,4419539.11,,FALSE,1062.70047946609,FALSE,TRUE
1495,532363.5791,4419539.11,,FALSE,1072.0943354283,FALSE,TRUE
1496,532388.5791,4419539.11,,FALSE,1081.98438947031,FALSE,TRUE
1497,532413.5791,4419539.11,,FALSE,1092.35716414433,FALSE,TRUE
1498,532438.5791,4419539.11,,FALSE,1103.19904326348,FALSE,TRUE
1499,532463.5791,4419539.11,,FALSE,1114.49633649351,FALSE,TRUE
1500,532488.5791,4419539.11,,FALSE,1126.23533910877,FALSE,TRUE
1501,532513.5791,4419539.11,,FALSE,1138.40238670579,FALSE,TRUE
1502,532538.5791,4419539.11,,FALSE,1150.98390477775,FALSE,TRUE
1503,532563.5791,4419539.11,,FALSE,1163.96645314951,FALSE,TRUE
1504,532588.5791,4419539.11,,FALSE,1177.33676535537,FALSE,TRUE
1505,532613.5791,4419539.11,,FALSE,1191.0817831104,FALSE,TRUE
1506,532638.5791,4419539.11,,FALSE,1205.18868608091,FALSE,TRUE
1507,532663.5791,4419539.11,,FALSE,1219.64491720231,FALSE,TRUE
1508,532688.5791,4419539.11,,FALSE,1234.43820382287,FALSE,TRUE
1509,532713.5791,4419539.11,,FALSE,1249.55657497267,FALSE,TRUE
1510,532738.5791,4419539.11,,FALSE,1264.9883750681,FALSE,TRUE
1511,532763.5791,4419539.11,,FALSE,1280.72227436608,FALSE,TRUE
1512,532788.5791,4419539.11,,FALSE,1296.74727647967,FALSE,TRUE
1513,532813.5791,4419539.11,,FALSE,1313.05272325883,FALSE,TRUE
1514,532838.5791,4419539.11,,FALSE,1329.62829732878,FALSE,TRUE
1515,532863.5791,4419539.11,,FALSE,1346.46402256333,FALSE,TRUE
1516,532888.5791,4419539.11,,FALSE,1363.55026275434,FALSE,TRUE
1517,532913.5791,4419539.11,,FALSE,1380.87771872003,FALSE,TRUE
1518,532938.5791,4419539.11,,FALSE,1398.43742407639,FALSE,TRUE
1519,532963.5791,4419539.11,,FALSE,1416.22073987688,FALSE,TRUE
1520,532988.5791,4419539.11,,FALSE,1434.21934830674,FALSE,TRUE
1521,531013.5791,4419514.11,,FALSE,1344.02090536476,FALSE,TRUE
1522,531038.5791,4419514.11,,FALSE,1326.72384054011,FALSE,TRUE
1523,531063.5791,4419514.11,,FALSE,1309.6755720626,FALSE,TRUE
1524,531088.5791,4419514.11,,FALSE,1292.88594201403,FALSE,TRUE
1525,531113.5791,4419514.11,,FALSE,1276.3651570211,FALSE,TRUE
1526,531138.5791,4419514.11,,FALSE,1260.12379116399,FALSE,TRUE
1527,531163.5791,4419514.11,,FALSE,1244.17278705873,FALSE,TRUE
1528,531188.5791,4419514.11,,FALSE,1228.52345482595,FALSE,TRUE
1529,531213.5791,4419514.11,,FALSE,1213.18746863685,FALSE,TRUE
1530,531238.5791,4419514.11,,FALSE,1198.17686050829,FALSE,TRUE
1531,531263.5791,4419514.11,,FALSE,1183.50401100186,FALSE,TRUE
1532,531288.5791,4419514.11,,FALSE,1169.1816364695,FALSE,TRUE
1533,531313.5791,4419514.11,,FALSE,1155.22277248048,FALSE,TRUE
1534,531338.5791,4419514.11,,FALSE,1141.64075306442,FALSE,TRUE
1535,531363.5791,4419514.11,,FALSE,1128.44918541221,FALSE,TRUE
1536,531388.5791,4419514.11,,FALSE,1115.66191969498,FALSE,TRUE
1537,531413.5791,4419514.11,,FALSE,1103.29301369015,FALSE,TRUE
1538,531438.5791,4419514.11,,FALSE,1091.35669194699,FALSE,TRUE
1539,531463.5791,4419514.11,,FALSE,1079.86729928148,FALSE,TRUE
1540,531488.5791,4419514.11,,FALSE,1068.83924846418,FALSE,TRUE
1541,531513.5791,4419514.11,,FALSE,1058.28696205589,FALSE,TRUE
1542,531538.5791,4419514.11,,FALSE,1048.22480845355,FALSE,TRUE
1543,531563.5791,4419514.11,,FALSE,1038.66703233398,FALSE,TRUE
1544,531588.5791,4419514.11,,FALSE,1029.62767982289,FALSE,TRUE
1545,531613.5791,4419514.11,,FALSE,1021.12051887007,FALSE,TRUE
1546,531638.5791,4419514.11,,FALSE,1013.15895547415,FALSE,TRUE
1547,531663.5791,4419514.11,,FALSE,1005.75594656829,FALSE,TRUE
1548,531688.5791,4419514.11,,FALSE,998.923910544477,FALSE,TRUE
1549,531713.5791,4419514.11,,FALSE,992.674636553926,FALSE,TRUE
1550,531738.5791,4419514.11,,FALSE,987.019193864774,FALSE,TRUE
1551,531763.5791,4419514.11,,FALSE,981.967842679925,FALSE,TRUE
1552,531788.5791,4419514.11,,FALSE,977.529947908229,FALSE,TRUE
1553,531813.5791,4419514.11,,FALSE,973.713897434695,FALSE,TRUE
1554,531838.5791,4419514.11,,FALSE,970.527026443603,FALSE,TRUE
1555,531863.5791,4419514.11,,FALSE,967.975549307657,FALSE,TRUE
1556,531888.5791,4419514.11,,FALSE,966.064500464363,FALSE,TRUE
1557,531913.5791,4419514.11,,FALSE,964.797685557681,FALSE,TRUE
1558,531938.5791,4419514.11,,FALSE,964.177643931582,FALSE,TRUE
1559,531963.5791,4419514.11,,FALSE,964.205623328062,FALSE,TRUE
1560,531988.5791,4419514.11,,FALSE,964.881567373662,FALSE,TRUE
1561,532013.5791,4419514.11,,FALSE,966.20411614599,FALSE,TRUE
1562,532038.5791,4419514.11,,FALSE,968.17061980699,FALSE,TRUE
1563,532063.5791,4419514.11,,FALSE,970.777164985585,FALSE,TRUE
1564,532088.5791,4419514.11,,FALSE,974.018613301332,FALSE,TRUE
1565,532113.5791,4419514.11,,FALSE,977.888651154848,FALSE,TRUE
1566,532138.5791,4419514.11,,FALSE,982.379849680075,FALSE,TRUE
1567,532163.5791,4419514.11,,FALSE,987.483733565999,FALSE,TRUE
1568,532188.5791,4419514.11,,FALSE,993.190857316681,FALSE,TRUE
1569,532213.5791,4419514.11,,FALSE,999.490887430917,FALSE,TRUE
1570,532238.5791,4419514.11,,FALSE,1006.37268894652,FALSE,TRUE
1571,532263.5791,4419514.11,,FALSE,1013.82441480635,FALSE,TRUE
1572,532288.5791,4419514.11,,FALSE,1021.83359655936,FALSE,TRUE
1573,532313.5791,4419514.11,,FALSE,1030.38723500315,FALSE,TRUE
1574,532338.5791,4419514.11,,FALSE,1039.47188949843,FALSE,TRUE
1575,532363.5791,4419514.11,,FALSE,1049.07376483136,FALSE,TRUE
1576,532388.5791,4419514.11,,FALSE,1059.17879466001,FALSE,TRUE
1577,532413.5791,4419514.11,,FALSE,1069.7727207484,FALSE,TRUE
1578,532438.5791,4419514.11,,FALSE,1080.84116735875,FALSE,TRUE
1579,532463.5791,4419514.11,,FALSE,1092.36971033503,FALSE,TRUE
1580,532488.5791,4419514.11,,FALSE,1104.34394056264,FALSE,TRUE
1581,532513.5791,4419514.11,,FALSE,1116.74952162847,FALSE,TRUE
1582,532538.5791,4419514.11,,FALSE,1129.57224162841,FALSE,TRUE
1583,532563.5791,4419514.11,,FALSE,1142.79805917643,FALSE,TRUE
1584,532588.5791,4419514.11,,FALSE,1156.4131437585,FALSE,TRUE
1585,532613.5791,4419514.11,,FALSE,1170.40391064684,FALSE,TRUE
1586,532638.5791,4419514.11,,FALSE,1184.75705064685,FALSE,TRUE
1587,532663.5791,4419514.11,,FALSE,1199.45955499025,FALSE,TRUE
1588,532688.5791,4419514.11,,FALSE,1214.49873571668,FALSE,TRUE
1589,532713.5791,4419514.11,,FALSE,1229.86224190249,FALSE,TRUE
1590,532738.5791,4419514.11,,FALSE,1245.53807210274,FALSE,TRUE
1591,532763.5791,4419514.11,,FALSE,1261.51458337088,FALSE,TRUE
1592,532788.5791,4419514.11,,FALSE,1277.78049721281,FALSE,TRUE
1593,532813.5791,4419514.11,,FALSE,1294.324902819,FALSE,TRUE
1594,532838.5791,4419514.11,,FALSE,1311.13725790148,FALSE,TRUE
1595,532863.5791,4419514.11,,FALSE,1328.20738744272,FALSE,TRUE
1596,532888.5791,4419514.11,,FALSE,1345.52548064219,FALSE,TRUE
1597,532913.5791,4419514.11,,FALSE,1363.08208632401,FALSE,TRUE
1598,532938.5791,4419514.11,,FALSE,1380.86810704622,FALSE,TRUE
1599,532963.5791,4419514.11,,FALSE,1398.87479213023,FALSE,TRUE
1600,532988.5791,4419514.11,,FALSE,1417.09372980668,FALSE,TRUE
1601,531013.5791,4419489.11,,FALSE,1326.20198086773,FALSE,TRUE
1602,531038.5791,4419489.11,,FALSE,1308.66941931776,FALSE,TRUE
1603,531063.5791,4419489.11,,FALSE,1291.38282629803,FALSE,TRUE
1604,531088.5791,4419489.11,,FALSE,1274.35221154023,FALSE,TRUE
1605,531113.5791,4419489.11,,FALSE,1257.5879746791,FALSE,TRUE
1606,531138.5791,4419489.11,,FALSE,1241.10091010259,FALSE,TRUE
1607,531163.5791,4419489.11,,FALSE,1224.90220999779,FALSE,TRUE
1608,531188.5791,4419489.11,,FALSE,1209.00346527935,FALSE,TRUE
1609,531213.5791,4419489.11,,FALSE,1193.41666406058,FALSE,TRUE
1610,531238.5791,4419489.11,,FALSE,1178.1541873021,FALSE,TRUE
1611,531263.5791,4419489.11,,FALSE,1163.22880124998,FALSE,TRUE
1612,531288.5791,4419489.11,,FALSE,1148.65364625612,FALSE,TRUE
1613,531313.5791,4419489.11,,FALSE,1134.44222155977,FALSE,TRUE
1614,531338.5791,4419489.11,,FALSE,1120.60836560213,FALSE,TRUE
1615,531363.5791,4419489.11,,FALSE,1107.16623144741,FALSE,TRUE
1616,531388.5791,4419489.11,,FALSE,1094.13025689699,FALSE,TRUE
1617,531413.5791,4419489.11,,FALSE,1081.51512890827,FALSE,TRUE
1618,531438.5791,4419489.11,,FALSE,1069.33574197137,FALSE,TRUE
1619,531463.5791,4419489.11,,FALSE,1057.60715015428,FALSE,TRUE
1620,531488.5791,4419489.11,,FALSE,1046.34451260446,FALSE,TRUE
1621,531513.5791,4419489.11,,FALSE,1035.56303239226,FALSE,TRUE
1622,531538.5791,4419489.11,,FALSE,1025.27788870016,FALSE,TRUE
1623,531563.5791,4419489.11,,FALSE,1015.5041625013,FALSE,TRUE
1624,531588.5791,4419489.11,,FALSE,1006.25675603072,FALSE,TRUE
1625,531613.5791,4419489.11,,FALSE,997.550306529679,FALSE,TRUE
1626,531638.5791,4419489.11,,FALSE,989.399094934626,FALSE,TRUE
1627,531663.5791,4419489.11,,FALSE,981.816950382023,FALSE,TRUE
1628,531688.5791,4419489.11,,FALSE,974.817151602009,FALSE,TRUE
1629,531713.5791,4419489.11,,FALSE,968.412326469181,FALSE,TRUE
1630,531738.5791,4419489.11,,FALSE,962.614351159098,FALSE,TRUE
1631,531763.5791,4419489.11,,FALSE,957.434250514076,FALSE,TRUE
1632,531788.5791,4419489.11,,FALSE,952.882101341739,FALSE,TRUE
1633,531813.5791,4419489.11,,FALSE,948.966940444949,FALSE,TRUE
1634,531838.5791,4419489.11,,FALSE,945.696679203985,FALSE,TRUE
1635,531863.5791,4419489.11,,FALSE,943.078026494862,FALSE,TRUE
1636,531888.5791,4419489.11,,FALSE,941.116421627762,FALSE,TRUE
1637,531913.5791,4419489.11,,FALSE,939.815978826409,FALSE,TRUE
1638,531938.5791,4419489.11,,FALSE,939.179444545844,FALSE,TRUE
1639,531963.5791,4419489.11,,FALSE,939.208168649229,FALSE,TRUE
1640,531988.5791,4419489.11,,FALSE,939.902090144201,FALSE,TRUE
1641,532013.5791,4419489.11,,FALSE,941.259737828744,FALSE,TRUE
1642,532038.5791,4419489.11,,FALSE,943.278245830696,FALSE,TRUE
1643,532063.5791,4419489.11,,FALSE,945.953383659805,FALSE,TRUE
1644,532088.5791,4419489.11,,FALSE,949.279600042807,FALSE,TRUE
1645,532113.5791,4419489.11,,FALSE,953.250079495109,FALSE,TRUE
1646,532138.5791,4419489.11,,FALSE,957.856810310095,FALSE,TRUE
1647,532163.5791,4419489.11,,FALSE,963.09066242874,FALSE,TRUE
1648,532188.5791,4419489.11,,FALSE,968.941473494363,FALSE,TRUE
1649,532213.5791,4419489.11,,FALSE,975.39814130304,FALSE,TRUE
1650,532238.5791,4419489.11,,FALSE,982.448720828433,FALSE,TRUE
1651,532263.5791,4419489.11,,FALSE,990.080524026921,FALSE,TRUE
1652,532288.5791,4419489.11,,FALSE,998.280220708305,FALSE,TRUE
1653,532313.5791,4419489.11,,FALSE,1007.03393888062,FALSE,TRUE
1654,532338.5791,4419489.11,,FALSE,1016.32736313523,FALSE,TRUE
1655,532363.5791,4419489.11,,FALSE,1026.14582982022,FALSE,TRUE
1656,532388.5791,4419489.11,,FALSE,1036.47441794644,FALSE,TRUE
1657,532413.5791,4419489.11,,FALSE,1047.29803497257,FALSE,TRUE
1658,532438.5791,4419489.11,,FALSE,1058.60149681427,FALSE,TRUE
1659,532463.5791,4419489.11,,FALSE,1070.36960161311,FALSE,TRUE
1660,532488.5791,4419489.11,,FALSE,1082.58719697649,FALSE,TRUE
1661,532513.5791,4419489.11,,FALSE,1095.2392405577,FALSE,TRUE
1662,532538.5791,4419489.11,,FALSE,1108.3108539834,FALSE,TRUE
1663,532563.5791,4419489.11,,FALSE,1121.78737025223,FALSE,TRUE
1664,532588.5791,4419489.11,,FALSE,1135.65437482423,FALSE,TRUE
1665,532613.5791,4419489.11,,FALSE,1149.89774069584,FALSE,TRUE
1666,532638.5791,4419489.11,,FALSE,1164.50365781195,FALSE,TRUE
1667,532663.5791,4419489.11,,FALSE,1179.45865720567,FALSE,TRUE
1668,532688.5791,4419489.11,,FALSE,1194.74963028134,FALSE,TRUE
1669,532713.5791,4419489.11,,FALSE,1210.36384366743,FALSE,TRUE
1670,532738.5791,4419489.11,,FALSE,1226.2889500674,FALSE,TRUE
1671,532763.5791,4419489.11,,FALSE,1242.51299552858,FALSE,TRUE
1672,532788.5791,4419489.11,,FALSE,1259.0244235349,FALSE,TRUE
1673,532813.5791,4419489.11,,FALSE,1275.81207630959,FALSE,TRUE
1674,532838.5791,4419489.11,,FALSE,1292.86519369089,FALSE,TRUE
1675,532863.5791,4419489.11,,FALSE,1310.17340991847,FALSE,TRUE
1676,532888.5791,4419489.11,,FALSE,1327.72674864122,FALSE,TRUE
1677,532913.5791,4419489.11,,FALSE,1345.51561643014,FALSE,TRUE
1678,532938.5791,4419489.11,,FALSE,1363.53079505282,FALSE,TRUE
1679,532963.5791,4419489.11,,FALSE,1381.76343273998,FALSE,TRUE
1680,532988.5791,4419489.11,,FALSE,1400.20503464935,FALSE,TRUE
1681,531013.5791,4419464.11,,FALSE,1308.61804742922,FALSE,TRUE
1682,531038.5791,4419464.11,,FALSE,1290.84667914415,FALSE,TRUE
1683,531063.5791,4419464.11,,FALSE,1273.31814722695,FALSE,TRUE
1684,531088.5791,4419464.11,,FALSE,1256.04261832848,FALSE,TRUE
1685,531113.5791,4419464.11,,FALSE,1239.03067518826,FALSE,TRUE
1686,531138.5791,4419464.11,,FALSE,1222.2933236574,FALSE,TRUE
1687,531163.5791,4419464.11,,FALSE,1205.84199796551,FALSE,TRUE
1688,531188.5791,4419464.11,,FALSE,1189.68856389286,FALSE,TRUE
1689,531213.5791,4419464.11,,FALSE,1173.84531947675,FALSE,TRUE
1690,531238.5791,4419464.11,,FALSE,1158.32499284849,FALSE,TRUE
1691,531263.5791,4419464.11,,FALSE,1143.14073676755,FALSE,TRUE
1692,531288.5791,4419464.11,,FALSE,1128.30611939201,FALSE,TRUE
1693,531313.5791,4419464.11,,FALSE,1113.83511080297,FALSE,TRUE
1694,531338.5791,4419464.11,,FALSE,1099.74206478495,FALSE,TRUE
1695,531363.5791,4419464.11,,FALSE,1086.04169535863,FALSE,TRUE
1696,531388.5791,4419464.11,,FALSE,1072.74904756772,FALSE,TRUE
1697,531413.5791,4419464.11,,FALSE,1059.87946204153,FALSE,TRUE
1698,531438.5791,4419464.11,,FALSE,1047.44853289193,FALSE,TRUE
1699,531463.5791,4419464.11,,FALSE,1035.4720585595,FALSE,TRUE
1700,531488.5791,4419464.11,,FALSE,1023.96598530295,FALSE,TRUE
1701,531513.5791,4419464.11,,FALSE,1012.94634312852,FALSE,TRUE
1702,531538.5791,4419464.11,,FALSE,1002.42917408535,FALSE,TRUE
1703,531563.5791,4419464.11,,FALSE,992.430453007889,FALSE,TRUE
1704,531588.5791,4419464.11,,FALSE,982.966000967196,FALSE,TRUE
1705,531613.5791,4419464.11,,FALSE,974.051391897492,FALSE,TRUE
1706,531638.5791,4419464.11,,FALSE,965.701853087918,FALSE,TRUE
1707,531663.5791,4419464.11,,FALSE,957.932160467242,FALSE,TRUE
1708,531688.5791,4419464.11,,FALSE,950.756529852642,FALSE,TRUE
1709,531713.5791,4419464.11,,FALSE,944.188505573667,FALSE,TRUE
1710,531738.5791,4419464.11,,FALSE,938.240848107475,FALSE,TRUE
1711,531763.5791,4419464.11,,FALSE,932.925422559292,FALSE,TRUE
1712,531788.5791,4419464.11,,FALSE,928.253089980007,FALSE,TRUE
1713,531813.5791,4419464.11,,FALSE,924.233603618387,FALSE,TRUE
1714,531838.5791,4419464.11,,FALSE,920.875512247681,FALSE,TRUE
1715,531863.5791,4419464.11,,FALSE,918.186072676681,FALSE,TRUE
1716,531888.5791,4419464.11,,FALSE,916.171173448186,FALSE,TRUE
1717,531913.5791,4419464.11,,FALSE,914.835271542055,FALSE,TRUE
1718,531938.5791,4419464.11,,FALSE,914.181343638899,FALSE,TRUE
1719,531963.5791,4419464.11,,FALSE,914.21085317197,FALSE,TRUE
1720,531988.5791,4419464.11,,FALSE,914.923734011432,FALSE,TRUE
1721,532013.5791,4419464.11,,FALSE,916.318391203309,FALSE,TRUE
1722,532038.5791,4419464.11,,FALSE,918.391718743924,FALSE,TRUE
1723,532063.5791,4419464.11,,FALSE,921.139133930058,FALSE,TRUE
1724,532088.5791,4419464.11,,FALSE,924.554627405766,FALSE,TRUE
1725,532113.5791,4419464.11,,FALSE,928.630827647572,FALSE,TRUE
1726,532138.5791,4419464.11,,FALSE,933.359078306636,FALSE,TRUE
1727,532163.5791,4419464.11,,FALSE,938.729526571638,FALSE,TRUE
1728,532188.5791,4419464.11,,FALSE,944.731220537043,FALSE,TRUE
1729,532213.5791,4419464.11,,FALSE,951.352213461139,FALSE,TRUE
1730,532238.5791,4419464.11,,FALSE,958.57967277499,FALSE,TRUE
1731,532263.5791,4419464.11,,FALSE,966.399991751555,FALSE,TRUE
1732,532288.5791,4419464.11,,FALSE,974.798901854842,FALSE,TRUE
1733,532313.5791,4419464.11,,FALSE,983.761583950809,FALSE,TRUE
1734,532338.5791,4419464.11,,FALSE,993.272776762457,FALSE,TRUE
1735,532363.5791,4419464.11,,FALSE,1003.31688117832,FALSE,TRUE
1736,532388.5791,4419464.11,,FALSE,1013.87805926423,FALSE,TRUE
1737,532413.5791,4419464.11,,FALSE,1024.94032707148,FALSE,TRUE
1738,532438.5791,4419464.11,,FALSE,1036.48764057146,FALSE,TRUE
1739,532463.5791,4419464.11,,FALSE,1048.50397426877,FALSE,TRUE
1740,532488.5791,4419464.11,,FALSE,1060.97339224761,FALSE,TRUE
1741,532513.5791,4419464.11,,FALSE,1073.88011158481,FALSE,TRUE
1742,532538.5791,4419464.11,,FALSE,1087.20855821567,FALSE,TRUE
1743,532563.5791,4419464.11,,FALSE,1100.94341546575,FALSE,TRUE
1744,532588.5791,4419464.11,,FALSE,1115.06966556238,FALSE,TRUE
1745,532613.5791,4419464.11,,FALSE,1129.57262451663,FALSE,TRUE
1746,532638.5791,4419464.11,,FALSE,1144.43797082122,FALSE,TRUE
1747,532663.5791,4419464.11,,FALSE,1159.6517684449,FALSE,TRUE
1748,532688.5791,4419464.11,,FALSE,1175.20048462268,FALSE,TRUE
1749,532713.5791,4419464.11,,FALSE,1191.07100294541,FALSE,TRUE
1750,532738.5791,4419464.11,,FALSE,1207.25063224559,FALSE,TRUE
1751,532763.5791,4419464.11,,FALSE,1223.72711176037,FALSE,TRUE
1752,532788.5791,4419464.11,,FALSE,1240.48861303012,FALSE,TRUE
1753,532813.5791,4419464.11,,FALSE,1257.52373896375,FALSE,TRUE
1754,532838.5791,4419464.11,,FALSE,1274.82152047154,FALSE,TRUE
1755,532863.5791,4419464.11,,FALSE,1292.37141103375,FALSE,TRUE
1756,532888.5791,4419464.11,,FALSE,1310.1632795409,FALSE,TRUE
1757,532913.5791,4419464.11,,FALSE,1328.18740170857,FALSE,TRUE
1758,532938.5791,4419464.11,,FALSE,1346.43445033814,FALSE,TRUE
1759,532963.5791,4419464.11,,FALSE,1364.89548466444,FALSE,TRUE
1760,532988.5791,4419464.11,,FALSE,1383.56193900287,FALSE,TRUE
1761,531013.5791,4419439.11,,FALSE,1291.27870502748,FALSE,TRUE
1762,531038.5791,4419439.11,,FALSE,1273.26534903666,FALSE,TRUE
1763,531063.5791,4419439.11,,FALSE,1255.49137952335,FALSE,TRUE
1764,531088.5791,4419439.11,,FALSE,1237.96710742146,FALSE,TRUE
1765,531113.5791,4419439.11,,FALSE,1220.70328665792,FALSE,TRUE
1766,531138.5791,4419439.11,,FALSE,1203.71112359131,FALSE,TRUE
1767,531163.5791,4419439.11,,FALSE,1187.00228477347,FALSE,TRUE
1768,531188.5791,4419439.11,,FALSE,1170.58890267141,FALSE,TRUE
1769,531213.5791,4419439.11,,FALSE,1154.48357894664,FALSE,TRUE
1770,531238.5791,4419439.11,,FALSE,1138.69938484986,FALSE,TRUE
1771,531263.5791,4419439.11,,FALSE,1123.24985824946,FALSE,TRUE
1772,531288.5791,4419439.11,,FALSE,1108.14899677681,FALSE,TRUE
1773,531313.5791,4419439.11,,FALSE,1093.41124653876,FALSE,TRUE
1774,531338.5791,4419439.11,,FALSE,1079.05148582328,FALSE,TRUE
1775,531363.5791,4419439.11,,FALSE,1065.08500320746,FALSE,TRUE
1776,531388.5791,4419439.11,,FALSE,1051.52746947354,FALSE,TRUE
1777,531413.5791,4419439.11,,FALSE,1038.39490275012,FALSE,TRUE
1778,531438.5791,4419439.11,,FALSE,1025.70362632557,FALSE,TRUE
1779,531463.5791,4419439.11,,FALSE,1013.4702186337,FALSE,TRUE
1780,531488.5791,4419439.11,,FALSE,1001.71145498962,FALSE,TRUE
1781,531513.5791,4419439.11,,FALSE,990.444240761402,FALSE,TRUE
1782,531538.5791,4419439.11,,FALSE,979.685535800865,FALSE,TRUE
1783,531563.5791,4419439.11,,FALSE,969.452270128564,FALSE,TRUE
1784,531588.5791,4419439.11,,FALSE,959.761251071028,FALSE,TRUE
1785,531613.5791,4419439.11,,FALSE,950.629062283194,FALSE,TRUE
1786,531638.5791,4419439.11,,FALSE,942.071955350239,FALSE,TRUE
1787,531663.5791,4419439.11,,FALSE,934.105734945151,FALSE,TRUE
1788,531688.5791,4419439.11,,FALSE,926.745638812193,FALSE,TRUE
1789,531713.5791,4419439.11,,FALSE,920.006214140654,FALSE,TRUE
1790,531738.5791,4419439.11,,FALSE,913.901192174196,FALSE,TRUE
1791,531763.5791,4419439.11,,FALSE,908.443363153376,FALSE,TRUE
1792,531788.5791,4419439.11,,FALSE,903.644453896229,FALSE,TRUE
1793,531813.5791,4419439.11,,FALSE,899.515010468093,FALSE,TRUE
1794,531838.5791,4419439.11,,FALSE,896.06428846228,FALSE,TRUE
1795,531863.5791,4419439.11,,FALSE,893.300153396052,FALSE,TRUE
1796,531888.5791,4419439.11,,FALSE,891.228993613543,FALSE,TRUE
1797,531913.5791,4419439.11,,FALSE,889.855647876333,FALSE,TRUE
1798,531938.5791,4419439.11,,FALSE,889.183349516514,FALSE,TRUE
1799,531963.5791,4419439.11,,FALSE,889.213688635867,FALSE,TRUE
1800,531988.5791,4419439.11,,FALSE,889.946593373672,FALSE,TRUE
1801,532013.5791,4419439.11,,FALSE,891.380330755286,FALSE,TRUE
1802,532038.5791,4419439.11,,FALSE,893.511527098225,FALSE,TRUE
1803,532063.5791,4419439.11,,FALSE,896.335207418185,FALSE,TRUE
1804,532088.5791,4419439.11,,FALSE,899.844852770409,FALSE,TRUE
1805,532113.5791,4419439.11,,FALSE,904.032474005994,FALSE,TRUE
1806,532138.5791,4419439.11,,FALSE,908.888700038347,FALSE,TRUE
1807,532163.5791,4419439.11,,FALSE,914.402878417055,FALSE,TRUE
1808,532188.5791,4419439.11,,FALSE,920.563185803883,FALSE,TRUE
1809,532213.5791,4419439.11,,FALSE,927.356745841314,FALSE,TRUE
1810,532238.5791,4419439.11,,FALSE,934.76975189476,FALSE,TRUE
1811,532263.5791,4419439.11,,FALSE,942.787592227109,FALSE,TRUE
1812,532288.5791,4419439.11,,FALSE,951.39497531645,FALSE,TRUE
1813,532313.5791,4419439.11,,FALSE,960.57605323961,FALSE,TRUE
1814,532338.5791,4419439.11,,FALSE,970.314541299565,FALSE,TRUE
1815,532363.5791,4419439.11,,FALSE,980.593832357406,FALSE,TRUE
1816,532388.5791,4419439.11,,FALSE,991.397104624269,FALSE,TRUE
1817,532413.5791,4419439.11,,FALSE,1002.70742196185,FALSE,TRUE
1818,532438.5791,4419439.11,,FALSE,1014.50782602077,FALSE,TRUE
1819,532463.5791,4419439.11,,FALSE,1026.7814198053,FALSE,TRUE
1820,532488.5791,4419439.11,,FALSE,1039.51144248506,FALSE,TRUE
1821,532513.5791,4419439.11,,FALSE,1052.68133547497,FALSE,TRUE
1822,532538.5791,4419439.11,,FALSE,1066.27479997296,FALSE,TRUE
1823,532563.5791,4419439.11,,FALSE,1080.27584628065,FALSE,TRUE
1824,532588.5791,4419439.11,,FALSE,1094.66883533668,FALSE,TRUE
1825,532613.5791,4419439.11,,FALSE,1109.43851296833,FALSE,TRUE
1826,532638.5791,4419439.11,,FALSE,1124.57003741758,FALSE,TRUE
1827,532663.5791,4419439.11,,FALSE,1140.04900072645,FALSE,TRUE
1828,532688.5791,4419439.11,,FALSE,1155.86144457602,FALSE,TRUE
1829,532713.5791,4419439.11,,FALSE,1171.99387116886,FALSE,TRUE
1830,532738.5791,4419439.11,,FALSE,1188.43324972729,FALSE,TRUE
1831,532763.5791,4419439.11,,FALSE,1205.16701915434,FALSE,TRUE
1832,532788.5791,4419439.11,,FALSE,1222.18308737168,FALSE,TRUE
1833,532813.5791,4419439.11,,FALSE,1239.46982781242,FALSE,TRUE
1834,532838.5791,4419439.11,,FALSE,1257.01607350796,FALSE,TRUE
1835,532863.5791,4419439.11,,FALSE,1274.81110916769,FALSE,TRUE
1836,532888.5791,4419439.11,,FALSE,1292.8446616115,FALSE,TRUE
1837,532913.5791,4419439.11,,FALSE,1311.10688887571,FALSE,TRUE
1838,532938.5791,4419439.11,,FALSE,1329.58836827695,FALSE,TRUE
1839,532963.5791,4419439.11,,FALSE,1348.28008368341,FALSE,TRUE
1840,532988.5791,4419439.11,,FALSE,1367.17341221125,FALSE,TRUE
1841,531013.5791,4419414.11,,FALSE,1274.19393895021,FALSE,TRUE
1842,531038.5791,4419414.11,,FALSE,1255.93556723959,FALSE,TRUE
1843,531063.5791,4419414.11,,FALSE,1237.91280147571,FALSE,TRUE
1844,531088.5791,4419414.11,,FALSE,1220.13608218814,FALSE,TRUE
1845,531113.5791,4419414.11,,FALSE,1202.61632038545,FALSE,TRUE
1846,531138.5791,4419414.11,,FALSE,1185.36490966176,FALSE,TRUE
1847,531163.5791,4419414.11,,FALSE,1168.39373674178,FALSE,TRUE
1848,531188.5791,4419414.11,,FALSE,1151.71519007845,FALSE,TRUE
1849,531213.5791,4419414.11,,FALSE,1135.3421660704,FALSE,TRUE
1850,531238.5791,4419414.11,,FALSE,1119.2880724181,FALSE,TRUE
1851,531263.5791,4419414.11,,FALSE,1103.56682808855,FALSE,TRUE
1852,531288.5791,4419414.11,,FALSE,1088.19285931191,FALSE,TRUE
1853,531313.5791,4419414.11,,FALSE,1073.1810909895,FALSE,TRUE
1854,531338.5791,4419414.11,,FALSE,1058.54693285533,FALSE,TRUE
1855,531363.5791,4419414.11,,FALSE,1044.30625970422,FALSE,TRUE
1856,531388.5791,4419414.11,,FALSE,1030.47538498376,FALSE,TRUE
1857,531413.5791,4419414.11,,FALSE,1017.0710270465,FALSE,TRUE
1858,531438.5791,4419414.11,,FALSE,1004.11026737974,FALSE,TRUE
1859,531463.5791,4419414.11,,FALSE,991.610500175051,FALSE,TRUE
1860,531488.5791,4419414.11,,FALSE,979.589372674803,FALSE,TRUE
1861,531513.5791,4419414.11,,FALSE,968.064715841566,FALSE,TRUE
1862,531538.5791,4419414.11,,FALSE,957.054465042304,FALSE,TRUE
1863,531563.5791,4419414.11,,FALSE,946.576570625647,FALSE,TRUE
1864,531588.5791,4419414.11,,FALSE,936.648898497942,FALSE,TRUE
1865,531613.5791,4419414.11,,FALSE,927.28912107142,FALSE,TRUE
1866,531638.5791,4419414.11,,FALSE,918.514599261986,FALSE,TRUE
1867,531663.5791,4419414.11,,FALSE,910.342256548275,FALSE,TRUE
1868,531688.5791,4419414.11,,FALSE,902.788446457642,FALSE,TRUE
1869,531713.5791,4419414.11,,FALSE,895.86881520533,FALSE,TRUE
1870,531738.5791,4419414.11,,FALSE,889.598161563636,FALSE,TRUE
1871,531763.5791,4419414.11,,FALSE,883.990296359298,FALSE,TRUE
1872,531788.5791,4419414.11,,FALSE,879.057904268768,FALSE,TRUE
1873,531813.5791,4419414.11,,FALSE,874.812410781532,FALSE,TRUE
1874,531838.5791,4419414.11,,FALSE,871.263857311547,FALSE,TRUE
1875,531863.5791,4419414.11,,FALSE,868.420787439703,FALSE,TRUE
1876,531888.5791,4419414.11,,FALSE,866.290147154747,FALSE,TRUE
1877,531913.5791,4419414.11,,FALSE,864.877201721372,FALSE,TRUE
1878,531938.5791,4419414.11,,FALSE,864.185471445447,FALSE,TRUE
1879,531963.5791,4419414.11,,FALSE,864.21668813868,FALSE,TRUE
1880,531988.5791,4419414.11,,FALSE,864.970773527862,FALSE,TRUE
1881,532013.5791,4419414.11,,FALSE,866.445840233183,FALSE,TRUE
1882,532038.5791,4419414.11,,FALSE,868.63821528723,FALSE,TRUE
1883,532063.5791,4419414.11,,FALSE,871.542485514839,FALSE,TRUE
1884,532088.5791,4419414.11,,FALSE,875.151563477654,FALSE,TRUE
1885,532113.5791,4419414.11,,FALSE,879.456772136858,FALSE,TRUE
1886,532138.5791,4419414.11,,FALSE,884.447945928634,FALSE,TRUE
1887,532163.5791,4419414.11,,FALSE,890.113545598188,FALSE,TRUE
1888,532188.5791,4419414.11,,FALSE,896.440783910112,FALSE,TRUE
1889,532213.5791,4419414.11,,FALSE,903.415759247853,FALSE,TRUE
1890,532238.5791,4419414.11,,FALSE,911.023594127712,FALSE,TRUE
1891,532263.5791,4419414.11,,FALSE,919.248575771196,FALSE,TRUE
1892,532288.5791,4419414.11,,FALSE,928.074296086995,FALSE,TRUE
1893,532313.5791,4419414.11,,FALSE,937.483788690434,FALSE,TRUE
1894,532338.5791,4419414.11,,FALSE,947.459660912996,FALSE,TRUE
1895,532363.5791,4419414.11,,FALSE,957.984219106645,FALSE,TRUE
1896,532388.5791,4419414.11,,FALSE,969.039585908319,FALSE,TRUE
1897,532413.5791,4419414.11,,FALSE,980.607808482762,FALSE,TRUE
1898,532438.5791,4419414.11,,FALSE,992.670957093721,FALSE,TRUE
1899,532463.5791,4419414.11,,FALSE,1005.2112136548,FALSE,TRUE
1900,532488.5791,4419414.11,,FALSE,1018.21095017553,FALSE,TRUE
1901,532513.5791,4419414.11,,FALSE,1031.65279724206,FALSE,TRUE
1902,532538.5791,4419414.11,,FALSE,1045.51970285469,FALSE,TRUE
1903,532563.5791,4419414.11,,FALSE,1059.79498208727,FALSE,TRUE
1904,532588.5791,4419414.11,,FALSE,1074.46235813888,FALSE,TRUE
1905,532613.5791,4419414.11,,FALSE,1089.50599542056,FALSE,TRUE
1906,532638.5791,4419414.11,,FALSE,1104.91052536273,FALSE,TRUE
1907,532663.5791,4419414.11,,FALSE,1120.66106564713,FALSE,TRUE
1908,532688.5791,4419414.11,,FALSE,1136.74323356568,FALSE,TRUE
1909,532713.5791,4419414.11,,FALSE,1153.1431541909,FALSE,TRUE
1910,532738.5791,4419414.11,,FALSE,1169.84746401287,FALSE,TRUE
1911,532763.5791,4419414.11,,FALSE,1186.84331065956,FALSE,TRUE
1912,532788.5791,4419414.11,,FALSE,1204.11834927359,FALSE,TRUE
1913,532813.5791,4419414.11,,FALSE,1221.66073607092,FALSE,TRUE
1914,532838.5791,4419414.11,,FALSE,1239.45911955875,FALSE,TRUE
1915,532863.5791,4419414.11,,FALSE,1257.50262984112,FALSE,TRUE
1916,532888.5791,4419414.11,,FALSE,1275.78086639412,FALSE,TRUE
1917,532913.5791,4419414.11,,FALSE,1294.28388464716,FALSE,TRUE
1918,532938.5791,4419414.11,,FALSE,1313.00218166511,FALSE,TRUE
1919,532963.5791,4419414.11,,FALSE,1331.92668118682,FALSE,TRUE
1920,532988.5791,4419414.11,,FALSE,1351.04871823977,FALSE,TRUE
1921,531013.5791,4419389.11,,FALSE,1257.37412652616,FALSE,TRUE
1922,531038.5791,4419389.11,,FALSE,1238.86789007441,FALSE,TRUE
1923,531063.5791,4419389.11,,FALSE,1220.59313616677,FALSE,TRUE
1924,531088.5791,4419389.11,,FALSE,1202.56041804868,FALSE,TRUE
1925,531113.5791,4419389.11,,FALSE,1184.78078734313,FALSE,TRUE
1926,531138.5791,4419389.11,,FALSE,1167.26580908438,FALSE,TRUE
1927,531163.5791,4419389.11,,FALSE,1150.02757534653,FALSE,TRUE
1928,531188.5791,4419389.11,,FALSE,1133.07871706136,FALSE,TRUE
1929,531213.5791,4419389.11,,FALSE,1116.43241356448,FALSE,TRUE
1930,531238.5791,4419389.11,,FALSE,1100.10239935081,FALSE,TRUE
1931,531263.5791,4419389.11,,FALSE,1084.10296746084,FALSE,TRUE
1932,531288.5791,4419389.11,,FALSE,1068.44896885972,FALSE,TRUE
1933,531313.5791,4419389.11,,FALSE,1053.15580711375,FALSE,TRUE
1934,531338.5791,4419389.11,,FALSE,1038.23942761648,FALSE,TRUE
1935,531363.5791,4419389.11,,FALSE,1023.71630057228,FALSE,TRUE
1936,531388.5791,4419389.11,,FALSE,1009.60339691257,FALSE,TRUE
1937,531413.5791,4419389.11,,FALSE,995.918156304724,FALSE,TRUE
1938,531438.5791,4419389.11,,FALSE,982.678446419478,FALSE,TRUE
1939,531463.5791,4419389.11,,FALSE,969.902512656503,FALSE,TRUE
1940,531488.5791,4419389.11,,FALSE,957.608917594963,FALSE,TRUE
1941,531513.5791,4419389.11,,FALSE,945.816469542266,FALSE,TRUE
1942,531538.5791,4419389.11,,FALSE,934.544139705233,FALSE,TRUE
1943,531563.5791,4419389.11,,FALSE,923.810967707893,FALSE,TRUE
1944,531588.5791,4419389.11,,FALSE,913.635955431589,FALSE,TRUE
1945,531613.5791,4419389.11,,FALSE,904.037949456432,FALSE,TRUE
1946,531638.5791,4419389.11,,FALSE,895.035512735327,FALSE,TRUE
1947,531663.5791,4419389.11,,FALSE,886.646786526285,FALSE,TRUE
1948,531688.5791,4419389.11,,FALSE,878.889344034496,FALSE,TRUE
1949,531713.5791,4419389.11,,FALSE,871.780037657083,FALSE,TRUE
1950,531738.5791,4419389.11,,FALSE,865.334842160758,FALSE,TRUE
1951,531763.5791,4419389.11,,FALSE,859.568696531803,FALSE,TRUE
1952,531788.5791,4419389.11,,FALSE,854.49534759259,FALSE,TRUE
1953,531813.5791,4419389.11,,FALSE,850.127198751681,FALSE,TRUE
1954,531838.5791,4419389.11,,FALSE,846.475167419209,FALSE,TRUE
1955,531863.5791,4419389.11,,FALSE,843.548554653126,FALSE,TRUE
1956,531888.5791,4419389.11,,FALSE,841.35493048854,FALSE,TRUE
1957,531913.5791,4419389.11,,FALSE,839.900038133929,FALSE,TRUE
1958,531938.5791,4419389.11,,FALSE,839.187719796574,FALSE,TRUE
1959,531963.5791,4419389.11,,FALSE,839.219866338597,FALSE,TRUE
1960,531988.5791,4419389.11,,FALSE,839.996392288307,FALSE,TRUE
1961,532013.5791,4419389.11,,FALSE,841.515236972789,FALSE,TRUE
1962,532038.5791,4419389.11,,FALSE,843.772391736876,FALSE,TRUE
1963,532063.5791,4419389.11,,FALSE,846.761952414825,FALSE,TRUE
1964,532088.5791,4419389.11,,FALSE,850.476195467789,FALSE,TRUE
1965,532113.5791,4419389.11,,FALSE,854.905675532315,FALSE,TRUE
1966,532138.5791,4419389.11,,FALSE,860.039341575351,FALSE,TRUE
1967,532163.5791,4419389.11,,FALSE,865.864668442685,FALSE,TRUE
1968,532188.5791,4419389.11,,FALSE,872.367800332727,FALSE,TRUE
1969,532213.5791,4419389.11,,FALSE,879.53370262734,FALSE,TRUE
1970,532238.5791,4419389.11,,FALSE,887.346318557392,FALSE,TRUE
1971,532263.5791,4419389.11,,FALSE,895.788727355595,FALSE,TRUE
1972,532288.5791,4419389.11,,FALSE,904.843300830235,FALSE,TRUE
1973,532313.5791,4419389.11,,FALSE,914.491855653922,FALSE,TRUE
1974,532338.5791,4419389.11,,FALSE,924.715799074155,FALSE,TRUE
1975,532363.5791,4419389.11,,FALSE,935.496266191026,FALSE,TRUE
1976,532388.5791,4419389.11,,FALSE,946.814247388235,FALSE,TRUE
1977,532413.5791,4419389.11,,FALSE,958.650704927164,FALSE,TRUE
1978,532438.5791,4419389.11,,FALSE,970.986678104981,FALSE,TRUE
1979,532463.5791,4419389.11,,FALSE,983.803376725932,FALSE,TRUE
1980,532488.5791,4419389.11,,FALSE,997.082262933879,FALSE,TRUE
1981,532513.5791,4419389.11,,FALSE,1010.80512170118,FALSE,TRUE
1982,532538.5791,4419389.11,,FALSE,1024.95412046459,FALSE,TRUE
1983,532563.5791,4419389.11,,FALSE,1039.5118585458,FALSE,TRUE
1984,532588.5791,4419389.11,,FALSE,1054.46140709717,FALSE,TRUE
1985,532613.5791,4419389.11,,FALSE,1069.78634037706,FALSE,TRUE
1986,532638.5791,4419389.11,,FALSE,1085.47075919038,FALSE,TRUE
1987,532663.5791,4419389.11,,FALSE,1101.49930733402,FALSE,TRUE
1988,532688.5791,4419389.11,,FALSE,1117.85718186955,FALSE,TRUE
1989,532713.5791,4419389.11,,FALSE,1134.53013801191,FALSE,TRUE
1990,532738.5791,4419389.11,,FALSE,1151.50448937784,FALSE,TRUE
1991,532763.5791,4419389.11,,FALSE,1168.76710428439,FALSE,TRUE
1992,532788.5791,4419389.11,,FALSE,1186.30539873058,FALSE,TRUE
1993,532813.5791,4419389.11,,FALSE,1204.10732663552,FALSE,TRUE
1994,532838.5791,4419389.11,,FALSE,1222.16136784687,FALSE,TRUE
1995,532863.5791,4419389.11,,FALSE,1240.45651437579,FALSE,TRUE
1996,532888.5791,4419389.11,,FALSE,1258.98225525911,FALSE,TRUE
1997,532913.5791,4419389.11,,FALSE,1277.72856039823,FALSE,TRUE
1998,532938.5791,4419389.11,,FALSE,1296.68586367606,FALSE,TRUE
1999,532963.5791,4419389.11,,FALSE,1315.84504561036,FALSE,TRUE
2000,532988.5791,4419389.11,,FALSE,1335.19741576192,FALSE,TRUE
2001,531013.5791,4419364.11,,FALSE,1240.83004237382,FALSE,TRUE
2002,531038.5791,4419364.11,,FALSE,1222.07329937995,FALSE,TRUE
2003,531063.5791,4419364.11,,FALSE,1203.543561346,FALSE,TRUE
2004,531088.5791,4419364.11,,FALSE,1185.25147502857,FALSE,TRUE
2005,531113.5791,4419364.11,,FALSE,1167.20821366944,FALSE,TRUE
2006,531138.5791,4419364.11,,FALSE,1149.42549521811,FALSE,TRUE
2007,531163.5791,4419364.11,,FALSE,1131.91559935244,FALSE,TRUE
2008,531188.5791,4419364.11,,FALSE,1114.69138287573,FALSE,TRUE
2009,531213.5791,4419364.11,,FALSE,1097.76629300475,FALSE,TRUE
2010,531238.5791,4419364.11,,FALSE,1081.15437799483,FALSE,TRUE
2011,531263.5791,4419364.11,,FALSE,1064.870294476,FALSE,TRUE
2012,531288.5791,4419364.11,,FALSE,1048.92931080097,FALSE,TRUE
2013,531313.5791,4419364.11,,FALSE,1033.34730563223,FALSE,TRUE
2014,531338.5791,4419364.11,,FALSE,1018.14076092522,FALSE,TRUE
2015,531363.5791,4419364.11,,FALSE,1003.32674840123,FALSE,TRUE
2016,531388.5791,4419364.11,,FALSE,988.92290855121,FALSE,TRUE
2017,531413.5791,4419364.11,,FALSE,974.947421175821,FALSE,TRUE
2018,531438.5791,4419364.11,,FALSE,961.418966453951,FALSE,TRUE
2019,531463.5791,4419364.11,,FALSE,948.356675548489,FALSE,TRUE
2020,531488.5791,4419364.11,,FALSE,935.780069812015,FALSE,TRUE
2021,531513.5791,4419364.11,,FALSE,923.708987753924,FALSE,TRUE
2022,531538.5791,4419364.11,,FALSE,912.163499081923,FALSE,TRUE
2023,531563.5791,4419364.11,,FALSE,901.163805341391,FALSE,TRUE
2024,531588.5791,4419364.11,,FALSE,890.730126950568,FALSE,TRUE
2025,531613.5791,4419364.11,,FALSE,880.882576770238,FALSE,TRUE
2026,531638.5791,4419364.11,,FALSE,871.641020751876,FALSE,TRUE
2027,531663.5791,4419364.11,,FALSE,863.024926672093,FALSE,TRUE
2028,531688.5791,4419364.11,,FALSE,855.053202471852,FALSE,TRUE
2029,531713.5791,4419364.11,,FALSE,847.744026258734,FALSE,TRUE
2030,531738.5791,4419364.11,,FALSE,841.114670575521,FALSE,TRUE
2031,531763.5791,4419364.11,,FALSE,835.181324059252,FALSE,TRUE
2032,531788.5791,4419364.11,,FALSE,829.958914077898,FALSE,TRUE
2033,531813.5791,4419364.11,,FALSE,825.460934301172,FALSE,TRUE
2034,531838.5791,4419364.11,,FALSE,821.699281402486,FALSE,TRUE
2035,531863.5791,4419364.11,,FALSE,818.684105169607,FALSE,TRUE
2036,531888.5791,4419364.11,,FALSE,816.42367619843,FALSE,TRUE
2037,531913.5791,4419364.11,,FALSE,814.92427504484,FALSE,TRUE
2038,531938.5791,4419364.11,,FALSE,814.190106214363,FALSE,TRUE
2039,531963.5791,4419364.11,,FALSE,814.223239693731,FALSE,TRUE
2040,531988.5791,4419364.11,,FALSE,815.023581902606,FALSE,TRUE
2041,532013.5791,4419364.11,,FALSE,816.588877010551,FALSE,TRUE
2042,532038.5791,4419364.11,,FALSE,818.914738576215,FALSE,TRUE
2043,532063.5791,4419364.11,,FALSE,821.994710480153,FALSE,TRUE
2044,532088.5791,4419364.11,,FALSE,825.820355196788,FALSE,TRUE
2045,532113.5791,4419364.11,,FALSE,830.381366636648,FALSE,TRUE
2046,532138.5791,4419364.11,,FALSE,835.665704128957,FALSE,TRUE
2047,532163.5791,4419364.11,,FALSE,841.659743635957,FALSE,TRUE
2048,532188.5791,4419364.11,,FALSE,848.348442007966,FALSE,TRUE
2049,532213.5791,4419364.11,,FALSE,855.715510001625,FALSE,TRUE
2050,532238.5791,4419364.11,,FALSE,863.743589879161,FALSE,TRUE
2051,532263.5791,4419364.11,,FALSE,872.41443365945,FALSE,TRUE
2052,532288.5791,4419364.11,,FALSE,881.709078470523,FALSE,TRUE
2053,532313.5791,4419364.11,,FALSE,891.608015922545,FALSE,TRUE
2054,532338.5791,4419364.11,,FALSE,902.091352944554,FALSE,TRUE
2055,532363.5791,4419364.11,,FALSE,913.138962073864,FALSE,TRUE
2056,532388.5791,4419364.11,,FALSE,924.730619725189,FALSE,TRUE
2057,532413.5791,4419364.11,,FALSE,936.84613147375,FALSE,TRUE
2058,532438.5791,4419364.11,,FALSE,949.465443845815,FALSE,TRUE
2059,532463.5791,4419364.11,,FALSE,962.568742510024,FALSE,TRUE
2060,532488.5791,4419364.11,,FALSE,976.136537097822,FALSE,TRUE
2061,532513.5791,4419364.11,,FALSE,990.149733150157,FALSE,TRUE
2062,532538.5791,4419364.11,,FALSE,1004.58969189283,FALSE,TRUE
2063,532563.5791,4419364.11,,FALSE,1019.43827868946,FALSE,TRUE
2064,532588.5791,4419364.11,,FALSE,1034.67790111576,FALSE,TRUE
2065,532613.5791,4419364.11,,FALSE,1050.2915376491,FALSE,TRUE
2066,532638.5791,4419364.11,,FALSE,1066.26275798103,FALSE,TRUE
2067,532663.5791,4419364.11,,FALSE,1082.57573594521,FALSE,TRUE
2068,532688.5791,4419364.11,,FALSE,1099.21525601554,FALSE,TRUE
2069,532713.5791,4419364.11,,FALSE,1116.16671427584,FALSE,TRUE
2070,532738.5791,4419364.11,,FALSE,1133.41611469809,FALSE,TRUE
2071,532763.5791,4419364.11,,FALSE,1150.95006149586,FALSE,TRUE
2072,532788.5791,4419364.11,,FALSE,1168.75574824568,FALSE,TRUE
2073,532813.5791,4419364.11,,FALSE,1186.82094439613,FALSE,TRUE
2074,532838.5791,4419364.11,,FALSE,1205.13397971234,FALSE,TRUE
2075,532863.5791,4419364.11,,FALSE,1223.68372713594,FALSE,TRUE
2076,532888.5791,4419364.11,,FALSE,1242.45958447642,FALSE,TRUE
2077,532913.5791,4419364.11,,FALSE,1261.4514552916,FALSE,TRUE
2078,532938.5791,4419364.11,,FALSE,1280.6497292614,FALSE,TRUE
2079,532963.5791,4419364.11,,FALSE,1300.04526231101,FALSE,TRUE
2080,532988.5791,4419364.11,,FALSE,1319.62935669729,FALSE,TRUE
2081,531013.5791,4419339.11,,FALSE,1224.5728618818,FALSE,TRUE
2082,531038.5791,4419339.11,,FALSE,1205.56320823812,FALSE,TRUE
2083,531063.5791,4419339.11,,FALSE,1186.77571767263,FALSE,TRUE
2084,531088.5791,4419339.11,,FALSE,1168.22110880491,FALSE,TRUE
2085,531113.5791,4419339.11,,FALSE,1149.91065481514,FALSE,TRUE
2086,531138.5791,4419339.11,,FALSE,1131.85620511502,FALSE,TRUE
2087,531163.5791,4419339.11,,FALSE,1114.07020607203,FALSE,TRUE
2088,531188.5791,4419339.11,,FALSE,1096.56572035486,FALSE,TRUE
2089,531213.5791,4419339.11,,FALSE,1079.35644439517,FALSE,TRUE
2090,531238.5791,4419339.11,,FALSE,1062.45672338095,FALSE,TRUE
2091,531263.5791,4419339.11,,FALSE,1045.88156311189,FALSE,TRUE
2092,531288.5791,4419339.11,,FALSE,1029.64663795759,FALSE,TRUE
2093,531313.5791,4419339.11,,FALSE,1013.76829406792,FALSE,TRUE
2094,531338.5791,4419339.11,,FALSE,998.263546893991,FALSE,TRUE
2095,531363.5791,4419339.11,,FALSE,983.150071991743,FALSE,TRUE
2096,531388.5791,4419339.11,,FALSE,968.446188002911,FALSE,TRUE
2097,531413.5791,4419339.11,,FALSE,954.170830646886,FALSE,TRUE
2098,531438.5791,4419339.11,,FALSE,940.343516517962,FALSE,TRUE
2099,531463.5791,4419339.11,,FALSE,926.984295475045,FALSE,TRUE
2100,531488.5791,4419339.11,,FALSE,914.113690444117,FALSE,TRUE
2101,531513.5791,4419339.11,,FALSE,901.752623537832,FALSE,TRUE
2102,531538.5791,4419339.11,,FALSE,889.92232754177,FALSE,TRUE
2103,531563.5791,4419339.11,,FALSE,878.644242032781,FALSE,TRUE
2104,531588.5791,4419339.11,,FALSE,867.93989368928,FALSE,TRUE
2105,531613.5791,4419339.11,,FALSE,857.830760731601,FALSE,TRUE
2106,531638.5791,4419339.11,,FALSE,848.338121893244,FALSE,TRUE
2107,531663.5791,4419339.11,,FALSE,839.482890866368,FALSE,TRUE
2108,531688.5791,4419339.11,,FALSE,831.285437775349,FALSE,TRUE
2109,531713.5791,4419339.11,,FALSE,823.765399890862,FALSE,TRUE
2110,531738.5791,4419339.11,,FALSE,816.941484475694,FALSE,TRUE
2111,531763.5791,4419339.11,,FALSE,810.831267316048,FALSE,TRUE
2112,531788.5791,4419339.11,,FALSE,805.450991095888,FALSE,TRUE
2113,531813.5791,4419339.11,,FALSE,800.815368269957,FALSE,TRUE
2114,531838.5791,4419339.11,,FALSE,796.937393436489,FALSE,TRUE
2115,531863.5791,4419339.11,,FALSE,793.82817036015,FALSE,TRUE
2116,531888.5791,4419339.11,,FALSE,791.496758715626,FALSE,TRUE
2117,531913.5791,4419339.11,,FALSE,789.950045292322,FALSE,TRUE
2118,531938.5791,4419339.11,,FALSE,789.192643818567,FALSE,TRUE
2119,531963.5791,4419339.11,,FALSE,789.226826747126,FALSE,TRUE
2120,531988.5791,4419339.11,,FALSE,790.052491330378,FALSE,TRUE
2121,532013.5791,4419339.11,,FALSE,791.667161158865,FALSE,TRUE
2122,532038.5791,4419339.11,,FALSE,794.06602310975,FALSE,TRUE
2123,532063.5791,4419339.11,,FALSE,797.241998427913,FALSE,TRUE
2124,532088.5791,4419339.11,,FALSE,801.185845517338,FALSE,TRUE
2125,532113.5791,4419339.11,,FALSE,805.886291022084,FALSE,TRUE
2126,532138.5791,4419339.11,,FALSE,811.330184978551,FALSE,TRUE
2127,532163.5791,4419339.11,,FALSE,817.502675260043,FALSE,TRUE
2128,532188.5791,4419339.11,,FALSE,824.387396226632,FALSE,TRUE
2129,532213.5791,4419339.11,,FALSE,831.966666434014,FALSE,TRUE
2130,532238.5791,4419339.11,,FALSE,840.221690423024,FALSE,TRUE
2131,532263.5791,4419339.11,,FALSE,849.132759971798,FALSE,TRUE
2132,532288.5791,4419339.11,,FALSE,858.67945070167,FALSE,TRUE
2133,532313.5791,4419339.11,,FALSE,868.84081053857,FALSE,TRUE
2134,532338.5791,4419339.11,,FALSE,879.59553719725,FALSE,TRUE
2135,532363.5791,4419339.11,,FALSE,890.922142533969,FALSE,TRUE
2136,532388.5791,4419339.11,,FALSE,902.799102268781,FALSE,TRUE
2137,532413.5791,4419339.11,,FALSE,915.204990183792,FALSE,TRUE
2138,532438.5791,4419339.11,,FALSE,928.118596439762,FALSE,TRUE
2139,532463.5791,4419339.11,,FALSE,941.519030108958,FALSE,TRUE
2140,532488.5791,4419339.11,,FALSE,955.385806393056,FALSE,TRUE
2141,532513.5791,4419339.11,,FALSE,969.698919282325,FALSE,TRUE
2142,532538.5791,4419339.11,,FALSE,984.438900621724,FALSE,TRUE
2143,532563.5791,4419339.11,,FALSE,999.586866689087,FALSE,TRUE
2144,532588.5791,4419339.11,,FALSE,1015.12455346982,FALSE,TRUE
2145,532613.5791,4419339.11,,FALSE,1031.03434184187,FALSE,TRUE
2146,532638.5791,4419339.11,,FALSE,1047.29927387414,FALSE,TRUE
2147,532663.5791,4419339.11,,FALSE,1063.90306140047,FALSE,TRUE
2148,532688.5791,4419339.11,,FALSE,1080.83008796818,FALSE,TRUE
2149,532713.5791,4419339.11,,FALSE,1098.0654051819,FALSE,TRUE
2150,532738.5791,4419339.11,,FALSE,1115.59472437678,FALSE,TRUE
2151,532763.5791,4419339.11,,FALSE,1133.40440446352,FALSE,TRUE
2152,532788.5791,4419339.11,,FALSE,1151.48143669679,FALSE,TRUE
2153,532813.5791,4419339.11,,FALSE,1169.81342702898,FALSE,TRUE
2154,532838.5791,4419339.11,,FALSE,1188.38857662689,FALSE,TRUE
2155,532863.5791,4419339.11,,FALSE,1207.19566104973,FALSE,TRUE
2156,532888.5791,4419339.11,,FALSE,1226.22400851447,FALSE,TRUE
2157,532913.5791,4419339.11,,FALSE,1245.46347760875,FALSE,TRUE
2158,532938.5791,4419339.11,,FALSE,1264.90443475279,FALSE,TRUE
2159,532963.5791,4419339.11,,FALSE,1284.53773165964,FALSE,TRUE
2160,532988.5791,4419339.11,,FALSE,1304.35468299741,FALSE,TRUE
2161,531013.5791,4419314.11,,FALSE,1208.6141626083,FALSE,TRUE
2162,531038.5791,4419314.11,,FALSE,1189.34946464753,FALSE,TRUE
2163,531063.5791,4419314.11,,FALSE,1170.30171496814,FALSE,TRUE
2164,531088.5791,4419314.11,,FALSE,1151.48167986181,FALSE,TRUE
2165,531113.5791,4419314.11,,FALSE,1132.90070794283,FALSE,TRUE
2166,531138.5791,4419314.11,,FALSE,1114.57075551863,FALSE,TRUE
2167,531163.5791,4419314.11,,FALSE,1096.50441132599,FALSE,TRUE
2168,531188.5791,4419314.11,,FALSE,1078.71492019781,FALSE,TRUE
2169,531213.5791,4419314.11,,FALSE,1061.21620514265,FALSE,TRUE
2170,531238.5791,4419314.11,,FALSE,1044.0228872287,FALSE,TRUE
2171,531263.5791,4419314.11,,FALSE,1027.15030256402,FALSE,TRUE
2172,531288.5791,4419314.11,,FALSE,1010.61451555841,FALSE,TRUE
2173,531313.5791,4419314.11,,FALSE,994.432327540369,FALSE,TRUE
2174,531338.5791,4419314.11,,FALSE,978.621279687579,FALSE,TRUE
2175,531363.5791,4419314.11,,FALSE,963.199649116087,FALSE,TRUE
2176,531388.5791,4419314.11,,FALSE,948.186436866375,FALSE,TRUE
2177,531413.5791,4419314.11,,FALSE,933.601346430772,FALSE,TRUE
2178,531438.5791,4419314.11,,FALSE,919.464751394717,FALSE,TRUE
2179,531463.5791,4419314.11,,FALSE,905.797650724127,FALSE,TRUE
2180,531488.5791,4419314.11,,FALSE,892.62161023434,FALSE,TRUE
2181,531513.5791,4419314.11,,FALSE,879.958688835644,FALSE,TRUE
2182,531538.5791,4419314.11,,FALSE,867.83134827992,FALSE,TRUE
2183,531563.5791,4419314.11,,FALSE,856.262345345948,FALSE,TRUE
2184,531588.5791,4419314.11,,FALSE,845.274605709495,FALSE,TRUE
2185,531613.5791,4419314.11,,FALSE,834.891079157838,FALSE,TRUE
2186,531638.5791,4419314.11,,FALSE,825.134576331242,FALSE,TRUE
2187,531663.5791,4419314.11,,FALSE,816.027587804075,FALSE,TRUE
2188,531688.5791,4419314.11,,FALSE,807.592087044775,FALSE,TRUE
2189,531713.5791,4419314.11,,FALSE,799.849319595469,FALSE,TRUE
2190,531738.5791,4419314.11,,FALSE,792.819581656088,FALSE,TRUE
2191,531763.5791,4419314.11,,FALSE,786.521992100241,FALSE,TRUE
2192,531788.5791,4419314.11,,FALSE,780.974262736827,FALSE,TRUE
2193,531813.5791,4419314.11,,FALSE,776.192472301381,FALSE,TRUE
2194,531838.5791,4419314.11,,FALSE,772.190850151262,FALSE,TRUE
2195,531863.5791,4419314.11,,FALSE,768.981575889388,FALSE,TRUE
2196,531888.5791,4419314.11,,FALSE,766.574601103719,FALSE,TRUE
2197,531913.5791,4419314.11,,FALSE,764.977499052962,FALSE,TRUE
2198,531938.5791,4419314.11,,FALSE,764.195347445483,FALSE,TRUE
2199,531963.5791,4419314.11,,FALSE,764.230648467674,FALSE,TRUE
2200,531988.5791,4419314.11,,FALSE,765.083288967496,FALSE,TRUE
2201,532013.5791,4419314.11,,FALSE,766.750542260858,FALSE,TRUE
2202,532038.5791,4419314.11,,FALSE,769.227111493945,FALSE,TRUE
2203,532063.5791,4419314.11,,FALSE,772.505212964493,FALSE,TRUE
2204,532088.5791,4419314.11,,FALSE,776.574696379759,FALSE,TRUE
2205,532113.5791,4419314.11,,FALSE,781.423197798295,FALSE,TRUE
2206,532138.5791,4419314.11,,FALSE,787.036320036955,FALSE,TRUE
2207,532163.5791,4419314.11,,FALSE,793.397834668908,FALSE,TRUE
2208,532188.5791,4419314.11,,FALSE,800.489899409924,FALSE,TRUE
2209,532213.5791,4419314.11,,FALSE,808.293284679087,FALSE,TRUE
2210,532238.5791,4419314.11,,FALSE,816.787603393506,FALSE,TRUE
2211,532263.5791,4419314.11,,FALSE,825.951538564646,FALSE,TRUE
2212,532288.5791,4419314.11,,FALSE,835.763063946538,FALSE,TRUE
2213,532313.5791,4419314.11,,FALSE,846.199653779948,FALSE,TRUE
2214,532338.5791,4419314.11,,FALSE,857.238478521177,FALSE,TRUE
2215,532363.5791,4419314.11,,FALSE,868.856584286095,FALSE,TRUE
2216,532388.5791,4419314.11,,FALSE,881.031054536274,FALSE,TRUE
2217,532413.5791,4419314.11,,FALSE,893.739153252949,FALSE,TRUE
2218,532438.5791,4419314.11,,FALSE,906.958449465738,FALSE,TRUE
2219,532463.5791,4419314.11,,FALSE,920.666923516477,FALSE,TRUE
2220,532488.5791,4419314.11,,FALSE,934.843055842687,FALSE,TRUE
2221,532513.5791,4419314.11,,FALSE,949.46589936516,FALSE,TRUE
2222,532538.5791,4419314.11,,FALSE,964.515136769398,FALSE,TRUE
2223,532563.5791,4419314.11,,FALSE,979.971124093608,FALSE,TRUE
2224,532588.5791,4419314.11,,FALSE,995.814922090088,FALSE,TRUE
2225,532613.5791,4419314.11,,FALSE,1012.02831682581,FALSE,TRUE
2226,532638.5791,4419314.11,,FALSE,1028.5938309446,FALSE,TRUE
2227,532663.5791,4419314.11,,FALSE,1045.49472693901,FALSE,TRUE
2228,532688.5791,4419314.11,,FALSE,1062.71500368503,FALSE,TRUE
2229,532713.5791,4419314.11,,FALSE,1080.2393873847,FALSE,TRUE
2230,532738.5791,4419314.11,,FALSE,1098.0533179483,FALSE,TRUE
2231,532763.5791,4419314.11,,FALSE,1116.14293173288,FALSE,TRUE
2232,532788.5791,4419314.11,,FALSE,1134.49504144235,FALSE,TRUE
2233,532813.5791,4419314.11,,FALSE,1153.09711388819,FALSE,TRUE
2234,532838.5791,4419314.11,,FALSE,1171.93724621128,FALSE,TRUE
2235,532863.5791,4419314.11,,FALSE,1191.00414107478,FALSE,TRUE
2236,532888.5791,4419314.11,,FALSE,1210.28708125687,FALSE,TRUE
2237,532913.5791,4419314.11,,FALSE,1229.77590399929,FALSE,TRUE
2238,532938.5791,4419314.11,,FALSE,1249.4609754039,FALSE,TRUE
2239,532963.5791,4419314.11,,FALSE,1269.33316511358,FALSE,TRUE
2240,532988.5791,4419314.11,,FALSE,1289.38382146561,FALSE,TRUE
2241,531013.5791,4419289.11,,FALSE,1192.96592325907,FALSE,TRUE
2242,531038.5791,4419289.11,,FALSE,1173.44435277407,FALSE,TRUE
2243,531063.5791,4419289.11,,FALSE,1154.13413607663,FALSE,TRUE
2244,531088.5791,4419289.11,,FALSE,1135.04606032414,FALSE,TRUE
2245,531113.5791,4419289.11,,FALSE,1116.19152212214,FALSE,TRUE
2246,531138.5791,4419289.11,,FALSE,1097.58255682994,FALSE,TRUE
2247,531163.5791,4419289.11,,FALSE,1079.23186760647,FALSE,TRUE
2248,531188.5791,4419289.11,,FALSE,1061.15285376676,FALSE,TRUE
2249,531213.5791,4419289.11,,FALSE,1043.35963792805,FALSE,TRUE
2250,531238.5791,4419289.11,,FALSE,1025.86709132194,FALSE,TRUE
2251,531263.5791,4419289.11,,FALSE,1008.69085653501,FALSE,TRUE
2252,531288.5791,4419289.11,,FALSE,991.847366814744,FALSE,TRUE
2253,531313.5791,4419289.11,,FALSE,975.353860943473,FALSE,TRUE
2254,531338.5791,4419289.11,,FALSE,959.228392541285,FALSE,TRUE
2255,531363.5791,4419289.11,,FALSE,943.489832514022,FALSE,TRUE
2256,531388.5791,4419289.11,,FALSE,928.157863220118,FALSE,TRUE
2257,531413.5791,4419289.11,,FALSE,913.25296279691,FALSE,TRUE
2258,531438.5791,4419289.11,,FALSE,898.796377972972,FALSE,TRUE
2259,531463.5791,4419289.11,,FALSE,884.810083609659,FALSE,TRUE
2260,531488.5791,4419289.11,,FALSE,871.316727176364,FALSE,TRUE
2261,531513.5791,4419289.11,,FALSE,858.339556386241,FALSE,TRUE
2262,531538.5791,4419289.11,,FALSE,845.902328320077,FALSE,TRUE
2263,531563.5791,4419289.11,,FALSE,834.029198564011,FALSE,TRUE
2264,531588.5791,4419289.11,,FALSE,822.744589199665,FALSE,TRUE
2265,531613.5791,4419289.11,,FALSE,812.073034928093,FALSE,TRUE
2266,531638.5791,4419289.11,,FALSE,802.039007191871,FALSE,TRUE
2267,531663.5791,4419289.11,,FALSE,792.666716885048,FALSE,TRUE
2268,531688.5791,4419289.11,,FALSE,783.979897100251,FALSE,TRUE
2269,531713.5791,4419289.11,,FALSE,776.001568334316,FALSE,TRUE
2270,531738.5791,4419289.11,,FALSE,768.753789621435,FALSE,TRUE
2271,531763.5791,4419289.11,,FALSE,762.257400132866,FALSE,TRUE
2272,531788.5791,4419289.11,,FALSE,756.531756806887,FALSE,TRUE
2273,531813.5791,4419289.11,,FALSE,751.594474472313,FALSE,TRUE
2274,531838.5791,4419289.11,,FALSE,747.461175618715,FALSE,TRUE
2275,531863.5791,4419289.11,,FALSE,744.145257363984,FALSE,TRUE
2276,531888.5791,4419289.11,,FALSE,741.657683205203,FALSE,TRUE
2277,531913.5791,4419289.11,,FALSE,740.006806764173,FALSE,TRUE
2278,531938.5791,4419289.11,,FALSE,739.198233938168,FALSE,TRUE
2279,531963.5791,4419289.11,,FALSE,739.23472866019,FALSE,TRUE
2280,531988.5791,4419289.11,,FALSE,740.116165920799,FALSE,TRUE
2281,532013.5791,4419289.11,,FALSE,741.839533900224,FALSE,TRUE
2282,532038.5791,4419289.11,,FALSE,744.398985126458,FALSE,TRUE
2283,532063.5791,4419289.11,,FALSE,747.785934647944,FALSE,TRUE
2284,532088.5791,4419289.11,,FALSE,751.98920142333,FALSE,TRUE
2285,532113.5791,4419289.11,,FALSE,756.995187605111,FALSE,TRUE
2286,532138.5791,4419289.11,,FALSE,762.788089220916,FALSE,TRUE
2287,532163.5791,4419289.11,,FALSE,769.350130991926,FALSE,TRUE
2288,532188.5791,4419289.11,,FALSE,776.661817689844,FALSE,TRUE
2289,532213.5791,4419289.11,,FALSE,784.702194502661,FALSE,TRUE
2290,532238.5791,4419289.11,,FALSE,793.449109305247,FALSE,TRUE
2291,532263.5791,4419289.11,,FALSE,802.879470442039,FALSE,TRUE
2292,532288.5791,4419289.11,,FALSE,812.969494542869,FALSE,TRUE
2293,532313.5791,4419289.11,,FALSE,823.694939924537,FALSE,TRUE
2294,532338.5791,4419289.11,,FALSE,835.03132220132,FALSE,TRUE
2295,532363.5791,4419289.11,,FALSE,846.954109770585,FALSE,TRUE
2296,532388.5791,4419289.11,,FALSE,859.43889780326,FALSE,TRUE
2297,532413.5791,4419289.11,,FALSE,872.461560217573,FALSE,TRUE
2298,532438.5791,4419289.11,,FALSE,885.998379827683,FALSE,TRUE
2299,532463.5791,4419289.11,,FALSE,900.026157429482,FALSE,TRUE
2300,532488.5791,4419289.11,,FALSE,914.522301016917,FALSE,TRUE
2301,532513.5791,4419289.11,,FALSE,929.464896624545,FALSE,TRUE
2302,532538.5791,4419289.11,,FALSE,944.832762480892,FALSE,TRUE
2303,532563.5791,4419289.11,,FALSE,960.605488250652,FALSE,TRUE
2304,532588.5791,4419289.11,,FALSE,976.763461160005,FALSE,TRUE
2305,532613.5791,4419289.11,,FALSE,993.287880756264,FALSE,TRUE
2306,532638.5791,4419289.11,,FALSE,1010.16076396644,FALSE,TRUE
2307,532663.5791,4419289.11,,FALSE,1027.36494200321,FALSE,TRUE
2308,532688.5791,4419289.11,,FALSE,1044.88405053253,FALSE,TRUE
2309,532713.5791,4419289.11,,FALSE,1062.70251437421,FALSE,TRUE
2310,532738.5791,4419289.11,,FALSE,1080.8055278621,FALSE,TRUE
2311,532763.5791,4419289.11,,FALSE,1099.17903184934,FALSE,TRUE
2312,532788.5791,4419289.11,,FALSE,1117.8096882105,FALSE,TRUE
2313,532813.5791,4419289.11,,FALSE,1136.68485256788,FALSE,TRUE
2314,532838.5791,4419289.11,,FALSE,1155.79254585642,FALSE,TRUE
2315,532863.5791,4419289.11,,FALSE,1175.12142523965,FALSE,TRUE
2316,532888.5791,4419289.11,,FALSE,1194.66075479914,FALSE,TRUE
2317,532913.5791,4419289.11,,FALSE,1214.40037634104,FALSE,TRUE
2318,532938.5791,4419289.11,,FALSE,1234.33068059465,FALSE,TRUE
2319,532963.5791,4419289.11,,FALSE,1254.44257901956,FALSE,TRUE
2320,532988.5791,4419289.11,,FALSE,1274.7274763875,FALSE,TRUE
2321,531013.5791,4419264.11,,FALSE,1177.6405198775,FALSE,TRUE
2322,531038.5791,4419264.11,,FALSE,1157.86059137417,FALSE,TRUE
2323,531063.5791,4419264.11,,FALSE,1138.28603789089,FALSE,TRUE
2324,531088.5791,4419264.11,,FALSE,1118.92763798976,FALSE,TRUE
2325,531113.5791,4419264.11,,FALSE,1099.7968058043,FALSE,TRUE
2326,531138.5791,4419264.11,,FALSE,1080.90562449149,FALSE,TRUE
2327,531163.5791,4419264.11,,FALSE,1062.26687986463,FALSE,TRUE
2328,531188.5791,4419264.11,,FALSE,1043.89409379368,FALSE,TRUE
2329,531213.5791,4419264.11,,FALSE,1025.80155686045,FALSE,TRUE
2330,531238.5791,4419264.11,,FALSE,1008.00435964202,FALSE,TRUE
2331,531263.5791,4419264.11,,FALSE,990.518421866714,FALSE,TRUE
2332,531288.5791,4419264.11,,FALSE,973.3605185425,FALSE,TRUE
2333,531313.5791,4419264.11,,FALSE,956.54830199908,FALSE,TRUE
2334,531338.5791,4419264.11,,FALSE,940.100318613562,FALSE,TRUE
2335,531363.5791,4419264.11,,FALSE,924.036018809505,FALSE,TRUE
2336,531388.5791,4419264.11,,FALSE,908.375758734962,FALSE,TRUE
2337,531413.5791,4419264.11,,FALSE,893.14079184489,FALSE,TRUE
2338,531438.5791,4419264.11,,FALSE,878.353248446954,FALSE,TRUE
2339,531463.5791,4419264.11,,FALSE,864.0361011308,FALSE,TRUE
2340,531488.5791,4419264.11,,FALSE,850.213113905751,FALSE,TRUE
2341,531513.5791,4419264.11,,FALSE,836.908772840452,FALSE,TRUE
2342,531538.5791,4419264.11,,FALSE,824.148196052937,FALSE,TRUE
2343,531563.5791,4419264.11,,FALSE,811.957021065345,FALSE,TRUE
2344,531588.5791,4419264.11,,FALSE,800.361267839285,FALSE,TRUE
2345,531613.5791,4419264.11,,FALSE,789.387176268595,FALSE,TRUE
2346,531638.5791,4419264.11,,FALSE,779.061017544393,FALSE,TRUE
2347,531663.5791,4419264.11,,FALSE,769.408879632477,FALSE,TRUE
2348,531688.5791,4419264.11,,FALSE,760.45642811229,FALSE,TRUE
2349,531713.5791,4419264.11,,FALSE,752.228644799772,FALSE,TRUE
2350,531738.5791,4419264.11,,FALSE,744.749547873176,FALSE,TRUE
2351,531763.5791,4419264.11,,FALSE,738.041898578461,FALSE,TRUE
2352,531788.5791,4419264.11,,FALSE,732.12690092449,FALSE,TRUE
2353,531813.5791,4419264.11,,FALSE,727.023901984863,FALSE,TRUE
2354,531838.5791,4419264.11,,FALSE,722.750101388644,FALSE,TRUE
2355,531863.5791,4419264.11,,FALSE,719.320279192303,FALSE,TRUE
2356,531888.5791,4419264.11,,FALSE,716.746551479177,FALSE,TRUE
2357,531913.5791,4419264.11,,FALSE,715.038162657974,FALSE,TRUE
2358,531938.5791,4419264.11,,FALSE,714.201322497578,FALSE,TRUE
2359,531963.5791,4419264.11,,FALSE,714.239094461573,FALSE,TRUE
2360,531988.5791,4419264.11,,FALSE,715.151339967483,FALSE,TRUE
2361,532013.5791,4419264.11,,FALSE,716.934720917662,FALSE,TRUE
2362,532038.5791,4419264.11,,FALSE,719.582760394719,FALSE,TRUE
2363,532063.5791,4419264.11,,FALSE,723.085958968422,FALSE,TRUE
2364,532088.5791,4419264.11,,FALSE,727.431961806245,FALSE,TRUE
2365,532113.5791,4419264.11,,FALSE,732.605769877142,FALSE,TRUE
2366,532138.5791,4419264.11,,FALSE,738.589987108733,FALSE,TRUE
2367,532163.5791,4419264.11,,FALSE,745.365094472016,FALSE,TRUE
2368,532188.5791,4419264.11,,FALSE,752.909741640574,FALSE,TRUE
2369,532213.5791,4419264.11,,FALSE,761.201047067905,FALSE,TRUE
2370,532238.5791,4419264.11,,FALSE,770.214897971517,FALSE,TRUE
2371,532263.5791,4419264.11,,FALSE,779.926242703291,FALSE,TRUE
2372,532288.5791,4419264.11,,FALSE,790.309369207572,FALSE,TRUE
2373,532313.5791,4419264.11,,FALSE,801.33816460797,FALSE,TRUE
2374,532338.5791,4419264.11,,FALSE,812.986352319194,FALSE,TRUE
2375,532363.5791,4419264.11,,FALSE,825.227704368477,FALSE,TRUE
2376,532388.5791,4419264.11,,FALSE,838.036227771369,FALSE,TRUE
2377,532413.5791,4419264.11,,FALSE,851.386324800478,FALSE,TRUE
2378,532438.5791,4419264.11,,FALSE,865.252927794678,FALSE,TRUE
2379,532463.5791,4419264.11,,FALSE,879.611609778578,FALSE,TRUE
2380,532488.5791,4419264.11,,FALSE,894.438672608279,FALSE,TRUE
2381,532513.5791,4419264.11,,FALSE,909.711214648505,FALSE,TRUE
2382,532538.5791,4419264.11,,FALSE,925.4071801414,FALSE,TRUE
2383,532563.5791,4419264.11,,FALSE,941.505392473807,FALSE,TRUE
2384,532588.5791,4419264.11,,FALSE,957.985573512073,FALSE,TRUE
2385,532613.5791,4419264.11,,FALSE,974.828351073795,FALSE,TRUE
2386,532638.5791,4419264.11,,FALSE,992.015256463958,FALSE,TRUE
2387,532663.5791,4419264.11,,FALSE,1009.52871383495,FALSE,TRUE
2388,532688.5791,4419264.11,,FALSE,1027.35202294893,FALSE,TRUE
2389,532713.5791,4419264.11,,FALSE,1045.46933673697,FALSE,TRUE
2390,532738.5791,4419264.11,,FALSE,1063.86563486995,FALSE,TRUE
2391,532763.5791,4419264.11,,FALSE,1082.52669438552,FALSE,TRUE
2392,532788.5791,4419264.11,,FALSE,1101.43905825844,FALSE,TRUE
2393,532813.5791,4419264.11,,FALSE,1120.59000265808,FALSE,TRUE
2394,532838.5791,4419264.11,,FALSE,1139.96750350931,FALSE,TRUE
2395,532863.5791,4419264.11,,FALSE,1159.56020286022,FALSE,TRUE
2396,532888.5791,4419264.11,,FALSE,1179.35737546226,FALSE,TRUE
2397,532913.5791,4419264.11,,FALSE,1199.34889588361,FALSE,TRUE
2398,532938.5791,4419264.11,,FALSE,1219.52520640503,FALSE,TRUE
2399,532963.5791,4419264.11,,FALSE,1239.87728588648,FALSE,TRUE
2400,532988.5791,4419264.11,,FALSE,1260.39661974207,FALSE,TRUE
2401,531013.5791,4419239.11,,FALSE,1162.65071885641,FALSE,TRUE
2402,531038.5791,4419239.11,,FALSE,1142.61132895544,FALSE,TRUE
2403,531063.5791,4419239.11,,FALSE,1122.77094906188,FALSE,TRUE
2404,531088.5791,4419239.11,,FALSE,1103.14031703012,FALSE,TRUE
2405,531113.5791,4419239.11,,FALSE,1083.73083099878,FALSE,TRUE
2406,531138.5791,4419239.11,,FALSE,1064.55458716654,FALSE,TRUE
2407,531163.5791,4419239.11,,FALSE,1045.62441825797,FALSE,TRUE
2408,531188.5791,4419239.11,,FALSE,1026.95393229556,FALSE,TRUE
2409,531213.5791,4419239.11,,FALSE,1008.55755118749,FALSE,TRUE
2410,531238.5791,4419239.11,,FALSE,990.45054851684,FALSE,TRUE
2411,531263.5791,4419239.11,,FALSE,972.64908577416,FALSE,TRUE
2412,531288.5791,4419239.11,,FALSE,955.170246111816,FALSE,TRUE
2413,531313.5791,4419239.11,,FALSE,938.032064514484,FALSE,TRUE
2414,531338.5791,4419239.11,,FALSE,921.253553077167,FALSE,TRUE
2415,531363.5791,4419239.11,,FALSE,904.854719862422,FALSE,TRUE
2416,531388.5791,4419239.11,,FALSE,888.856579576988,FALSE,TRUE
2417,531413.5791,4419239.11,,FALSE,873.281154071986,FALSE,TRUE
2418,531438.5791,4419239.11,,FALSE,858.151460441162,FALSE,TRUE
2419,531463.5791,4419239.11,,FALSE,843.49148428262,FALSE,TRUE
2420,531488.5791,4419239.11,,FALSE,829.326135520458,FALSE,TRUE
2421,531513.5791,4419239.11,,FALSE,815.681184077024,FALSE,TRUE
2422,531538.5791,4419239.11,,FALSE,802.583172672648,FALSE,TRUE
2423,531563.5791,4419239.11,,FALSE,790.059304139438,FALSE,TRUE
2424,531588.5791,4419239.11,,FALSE,778.13730090344,FALSE,TRUE
2425,531613.5791,4419239.11,,FALSE,766.845234749027,FALSE,TRUE
2426,531638.5791,4419239.11,,FALSE,756.211325660551,FALSE,TRUE
2427,531663.5791,4419239.11,,FALSE,746.263709460193,FALSE,TRUE
2428,531688.5791,4419239.11,,FALSE,737.030175133478,FALSE,TRUE
2429,531713.5791,4419239.11,,FALSE,728.537874140586,FALSE,TRUE
2430,531738.5791,4419239.11,,FALSE,720.813005610528,FALSE,TRUE
2431,531763.5791,4419239.11,,FALSE,713.880483034298,FALSE,TRUE
2432,531788.5791,4419239.11,,FALSE,707.763589807558,FALSE,TRUE
2433,531813.5791,4419239.11,,FALSE,702.483632590311,FALSE,TRUE
2434,531838.5791,4419239.11,,FALSE,698.059602797124,FALSE,TRUE
2435,531863.5791,4419239.11,,FALSE,694.507857448191,FALSE,TRUE
2436,531888.5791,4419239.11,,FALSE,691.841830953633,FALSE,TRUE
2437,531913.5791,4419239.11,,FALSE,690.071789060583,FALSE,TRUE
2438,531938.5791,4419239.11,,FALSE,689.204635110119,FALSE,TRUE
2439,531963.5791,4419239.11,,FALSE,689.2437769449,FALSE,TRUE
2440,531988.5791,4419239.11,,FALSE,690.189060372062,FALSE,TRUE
2441,532013.5791,4419239.11,,FALSE,692.036772185748,FALSE,TRUE
2442,532038.5791,4419239.11,,FALSE,694.779712612039,FALSE,TRUE
2443,532063.5791,4419239.11,,FALSE,698.407333908562,FALSE,TRUE
2444,532088.5791,4419239.11,,FALSE,702.905938982781,FALSE,TRUE
2445,532113.5791,4419239.11,,FALSE,708.258931505465,FALSE,TRUE
2446,532138.5791,4419239.11,,FALSE,714.447107249558,FALSE,TRUE
2447,532163.5791,4419239.11,,FALSE,721.448975366422,FALSE,TRUE
2448,532188.5791,4419239.11,,FALSE,729.241098030864,FALSE,TRUE
2449,532213.5791,4419239.11,,FALSE,737.798437283014,FALSE,TRUE
2450,532238.5791,4419239.11,,FALSE,747.094698855009,FALSE,TRUE
2451,532263.5791,4419239.11,,FALSE,757.102664146188,FALSE,TRUE
2452,532288.5791,4419239.11,,FALSE,767.794503143422,FALSE,TRUE
2453,532313.5791,4419239.11,,FALSE,779.142062821186,FALSE,TRUE
2454,532338.5791,4419239.11,,FALSE,791.117127268303,FALSE,TRUE
2455,532363.5791,4419239.11,,FALSE,803.691647373077,FALSE,TRUE
2456,532388.5791,4419239.11,,FALSE,816.837939286153,FALSE,TRUE
2457,532413.5791,4419239.11,,FALSE,830.528852031793,FALSE,TRUE
2458,532438.5791,4419239.11,,FALSE,844.737905540675,FALSE,TRUE
2459,532463.5791,4419239.11,,FALSE,859.439401038401,FALSE,TRUE
2460,532488.5791,4419239.11,,FALSE,874.608506165612,FALSE,TRUE
2461,532513.5791,4419239.11,,FALSE,890.221317458329,FALSE,TRUE
2462,532538.5791,4419239.11,,FALSE,906.25490291487,FALSE,TRUE
2463,532563.5791,4419239.11,,FALSE,922.687327352684,FALSE,TRUE
2464,532588.5791,4419239.11,,FALSE,939.497663146236,FALSE,TRUE
2465,532613.5791,4419239.11,,FALSE,956.665988763705,FALSE,TRUE
2466,532638.5791,4419239.11,,FALSE,974.173377308801,FALSE,TRUE
2467,532663.5791,4419239.11,,FALSE,992.001877043201,FALSE,TRUE
2468,532688.5791,4419239.11,,FALSE,1010.13448562913,FALSE,TRUE
2469,532713.5791,4419239.11,,FALSE,1028.5551196009,FALSE,TRUE
2470,532738.5791,4419239.11,,FALSE,1047.2485803558,FALSE,TRUE
2471,532763.5791,4419239.11,,FALSE,1066.20051775322,FALSE,TRUE
2472,532788.5791,4419239.11,,FALSE,1085.39739222887,FALSE,TRUE
2473,532813.5791,4419239.11,,FALSE,1104.8264361687,FALSE,TRUE
2474,532838.5791,4419239.11,,FALSE,1124.47561514567,FALSE,TRUE
2475,532863.5791,4419239.11,,FALSE,1144.33358949968,FALSE,TRUE
2476,532888.5791,4419239.11,,FALSE,1164.38967663632,FALSE,TRUE
2477,532913.5791,4419239.11,,FALSE,1184.63381433134,FALSE,TRUE
2478,532938.5791,4419239.11,,FALSE,1205.05652525399,FALSE,TRUE
2479,532963.5791,4419239.11,,FALSE,1225.64888286051,FALSE,TRUE
2480,532988.5791,4419239.11,,FALSE,1246.40247875926,FALSE,TRUE
2481,531013.5791,4419214.11,,FALSE,1148.00966636057,FALSE,TRUE
2482,531038.5791,4419214.11,,FALSE,1127.71013521086,FALSE,TRUE
2483,531063.5791,4419214.11,,FALSE,1107.60286387193,FALSE,TRUE
2484,531088.5791,4419214.11,,FALSE,1087.69851478123,FALSE,TRUE
2485,531113.5791,4419214.11,,FALSE,1068.00843351413,FALSE,TRUE
2486,531138.5791,4419214.11,,FALSE,1048.54469101574,FALSE,TRUE
2487,531163.5791,4419214.11,,FALSE,1029.32012710201,FALSE,TRUE
2488,531188.5791,4419214.11,,FALSE,1010.34839489025,FALSE,TRUE
2489,531213.5791,4419214.11,,FALSE,991.644005708346,FALSE,TRUE
2490,531238.5791,4419214.11,,FALSE,973.22237389884,FALSE,TRUE
2491,531263.5791,4419214.11,,FALSE,955.099860777548,FALSE,TRUE
2492,531288.5791,4419214.11,,FALSE,937.29381682442,FALSE,TRUE
2493,531313.5791,4419214.11,,FALSE,919.822620974984,FALSE,TRUE
2494,531338.5791,4419214.11,,FALSE,902.705715644521,FALSE,TRUE
2495,531363.5791,4419214.11,,FALSE,885.96363585493,FALSE,TRUE
2496,531388.5791,4419214.11,,FALSE,869.618030549784,FALSE,TRUE
2497,531413.5791,4419214.11,,FALSE,853.691673883073,FALSE,TRUE
2498,531438.5791,4419214.11,,FALSE,838.208463961849,FALSE,TRUE
2499,531463.5791,4419214.11,,FALSE,823.193406228015,FALSE,TRUE
2500,531488.5791,4419214.11,,FALSE,808.672578400727,FALSE,TRUE
2501,531513.5791,4419214.11,,FALSE,794.673073695893,FALSE,TRUE
2502,531538.5791,4419214.11,,FALSE,781.222918927291,FALSE,TRUE
2503,531563.5791,4419214.11,,FALSE,768.350964115537,FALSE,TRUE
2504,531588.5791,4419214.11,,FALSE,756.086740432124,FALSE,TRUE
2505,531613.5791,4419214.11,,FALSE,744.460283733977,FALSE,TRUE
2506,531638.5791,4419214.11,,FALSE,733.501921645248,FALSE,TRUE
2507,531663.5791,4419214.11,,FALSE,723.242023154954,FALSE,TRUE
2508,531688.5791,4419214.11,,FALSE,713.710711042835,FALSE,TRUE
2509,531713.5791,4419214.11,,FALSE,704.937539117664,FALSE,TRUE
2510,531738.5791,4419214.11,,FALSE,696.951138213624,FALSE,TRUE
2511,531763.5791,4419214.11,,FALSE,689.778837061029,FALSE,TRUE
2512,531788.5791,4419214.11,,FALSE,683.446266400852,FALSE,TRUE
2513,531813.5791,4419214.11,,FALSE,677.976956877785,FALSE,TRUE
2514,531838.5791,4419214.11,,FALSE,673.391943118761,FALSE,TRUE
2515,531863.5791,4419214.11,,FALSE,669.709387762528,FALSE,TRUE
2516,531888.5791,4419214.11,,FALSE,666.944239841127,FALSE,TRUE
2517,531913.5791,4419214.11,,FALSE,665.107941658538,FALSE,TRUE
2518,531938.5791,4419214.11,,FALSE,664.208197071713,FALSE,TRUE
2519,531963.5791,4419214.11,,FALSE,664.248811859874,FALSE,TRUE
2520,531988.5791,4419214.11,,FALSE,665.229613785536,FALSE,TRUE
2521,532013.5791,4419214.11,,FALSE,667.146456227755,FALSE,TRUE
2522,532038.5791,4419214.11,,FALSE,669.991305210188,FALSE,TRUE
2523,532063.5791,4419214.11,,FALSE,673.752405604054,FALSE,TRUE
2524,532088.5791,4419214.11,,FALSE,678.414518607354,FALSE,TRUE
2525,532113.5791,4419214.11,,FALSE,683.959219586407,FALSE,TRUE
2526,532138.5791,4419214.11,,FALSE,690.365243227993,FALSE,TRUE
2527,532163.5791,4419214.11,,FALSE,697.608861796669,FALSE,TRUE
2528,532188.5791,4419214.11,,FALSE,705.664282118092,FALSE,TRUE
2529,532213.5791,4419214.11,,FALSE,714.504047614316,FALSE,TRUE
2530,532238.5791,4419214.11,,FALSE,724.099433128655,FALSE,TRUE
2531,532263.5791,4419214.11,,FALSE,734.420822183875,FALSE,TRUE
2532,532288.5791,4419214.11,,FALSE,745.43805849798,FALSE,TRUE
2533,532313.5791,4419214.11,,FALSE,757.120765834115,FALSE,TRUE
2534,532338.5791,4419214.11,,FALSE,769.438632417969,FALSE,TRUE
2535,532363.5791,4419214.11,,FALSE,782.361658095048,FALSE,TRUE
2536,532388.5791,4419214.11,,FALSE,795.860364044618,FALSE,TRUE
2537,532413.5791,4419214.11,,FALSE,809.90596618202,FALSE,TRUE
2538,532438.5791,4419214.11,,FALSE,824.470514364965,FALSE,TRUE
2539,532463.5791,4419214.11,,FALSE,839.527000195484,FALSE,TRUE
2540,532488.5791,4419214.11,,FALSE,855.049436615934,FALSE,TRUE
2541,532513.5791,4419214.11,,FALSE,871.012912681107,FALSE,TRUE
2542,532538.5791,4419214.11,,FALSE,887.393626896894,FALSE,TRUE
2543,532563.5791,4419214.11,,FALSE,904.168902394471,FALSE,TRUE
2544,532588.5791,4419214.11,,FALSE,921.317186997628,FALSE,TRUE
2545,532613.5791,4419214.11,,FALSE,938.818040973447,FALSE,TRUE
2546,532638.5791,4419214.11,,FALSE,956.652114959884,FALSE,TRUE
2547,532663.5791,4419214.11,,FALSE,974.801120258495,FALSE,TRUE
2548,532688.5791,4419214.11,,FALSE,993.247793381499,FALSE,TRUE
2549,532713.5791,4419214.11,,FALSE,1011.97585645964,FALSE,TRUE
2550,532738.5791,4419214.11,,FALSE,1030.96997485728,FALSE,TRUE
2551,532763.5791,4419214.11,,FALSE,1050.21571310718,FALSE,TRUE
2552,532788.5791,4419214.11,,FALSE,1069.69949007056,FALSE,TRUE
2553,532813.5791,4419214.11,,FALSE,1089.40853404827,FALSE,TRUE
2554,532838.5791,4419214.11,,FALSE,1109.33083841441,FALSE,TRUE
2555,532863.5791,4419214.11,,FALSE,1129.45511821285,FALSE,TRUE
2556,532888.5791,4419214.11,,FALSE,1149.77076804779,FALSE,TRUE
2557,532913.5791,4419214.11,,FALSE,1170.26782150805,FALSE,TRUE
2558,532938.5791,4419214.11,,FALSE,1190.93691229099,FALSE,TRUE
2559,532963.5791,4419214.11,,FALSE,1211.76923713106,FALSE,TRUE
2560,532988.5791,4419214.11,,FALSE,1232.75652059002,FALSE,TRUE
2561,531013.5791,4419189.11,,FALSE,1133.73087373384,FALSE,TRUE
2562,531038.5791,4419189.11,,FALSE,1113.17098823913,FALSE,TRUE
2563,531063.5791,4419189.11,,FALSE,1092.7962317181,FALSE,TRUE
2564,531088.5791,4419189.11,,FALSE,1072.61715400104,FALSE,TRUE
2565,531113.5791,4419189.11,,FALSE,1052.64500856522,FALSE,TRUE
2566,531138.5791,4419189.11,,FALSE,1032.89179929811,FALSE,TRUE
2567,531163.5791,4419189.11,,FALSE,1013.37032917748,FALSE,TRUE
2568,531188.5791,4419189.11,,FALSE,994.094250590596,FALSE,TRUE
2569,531213.5791,4419189.11,,FALSE,975.078116900014,FALSE,TRUE
2570,531238.5791,4419189.11,,FALSE,956.337434725461,FALSE,TRUE
2571,531263.5791,4419189.11,,FALSE,937.88871624371,FALSE,TRUE
2572,531288.5791,4419189.11,,FALSE,919.749530609977,FALSE,TRUE
2573,531313.5791,4419189.11,,FALSE,901.938553371166,FALSE,TRUE
2574,531338.5791,4419189.11,,FALSE,884.475612471746,FALSE,TRUE
2575,531363.5791,4419189.11,,FALSE,867.381729146556,FALSE,TRUE
2576,531388.5791,4419189.11,,FALSE,850.679151653118,FALSE,TRUE
2577,531413.5791,4419189.11,,FALSE,834.391379424109,FALSE,TRUE
2578,531438.5791,4419189.11,,FALSE,818.543174827856,FALSE,TRUE
2579,531463.5791,4419189.11,,FALSE,803.160559326256,FALSE,TRUE
2580,531488.5791,4419189.11,,FALSE,788.270790437692,FALSE,TRUE
2581,531513.5791,4419189.11,,FALSE,773.902315578175,FALSE,TRUE
2582,531538.5791,4419189.11,,FALSE,760.084698607504,FALSE,TRUE
2583,531563.5791,4419189.11,,FALSE,746.848514798857,FALSE,TRUE
2584,531588.5791,4419189.11,,FALSE,734.225210039302,FALSE,TRUE
2585,531613.5791,4419189.11,,FALSE,722.246920420749,FALSE,TRUE
2586,531638.5791,4419189.11,,FALSE,710.946249063356,FALSE,TRUE
2587,531663.5791,4419189.11,,FALSE,700.355998087582,FALSE,TRUE
2588,531688.5791,4419189.11,,FALSE,690.508855162084,FALSE,TRUE
2589,531713.5791,4419189.11,,FALSE,681.437036018186,FALSE,TRUE
2590,531738.5791,4419189.11,,FALSE,673.171886710408,FALSE,TRUE
2591,531763.5791,4419189.11,,FALSE,665.743452132462,FALSE,TRUE
2592,531788.5791,4419189.11,,FALSE,659.180020220006,FALSE,TRUE
2593,531813.5791,4419189.11,,FALSE,653.507654168829,FALSE,TRUE
2594,531838.5791,4419189.11,,FALSE,648.749727597048,FALSE,TRUE
2595,531863.5791,4419189.11,,FALSE,644.926479575186,FALSE,TRUE
2596,531888.5791,4419189.11,,FALSE,642.054607535248,FALSE,TRUE
2597,531913.5791,4419189.11,,FALSE,640.146915994477,FALSE,TRUE
2598,531938.5791,4419189.11,,FALSE,639.212037634805,FALSE,TRUE
2599,531963.5791,4419189.11,,FALSE,639.254240546934,FALSE,TRUE
2600,531988.5791,4419189.11,,FALSE,640.273331521184,FALSE,TRUE
2601,532013.5791,4419189.11,,FALSE,642.264660445548,FALSE,TRUE
2602,532038.5791,4419189.11,,FALSE,645.219225579364,FALSE,TRUE
2603,532063.5791,4419189.11,,FALSE,649.123874200628,FALSE,TRUE
2604,532088.5791,4419189.11,,FALSE,653.961588365273,FALSE,TRUE
2605,532113.5791,4419189.11,,FALSE,659.711841683344,FALSE,TRUE
2606,532138.5791,4419189.11,,FALSE,666.351010397094,FALSE,TRUE
2607,532163.5791,4419189.11,,FALSE,673.852820768176,FALSE,TRUE
2608,532188.5791,4419189.11,,FALSE,682.188814813924,FALSE,TRUE
2609,532213.5791,4419189.11,,FALSE,691.32881760941,FALSE,TRUE
2610,532238.5791,4419189.11,,FALSE,701.241391431812,FALSE,TRUE
2611,532263.5791,4419189.11,,FALSE,711.894264660997,FALSE,TRUE
2612,532288.5791,4419189.11,,FALSE,723.254726259857,FALSE,TRUE
2613,532313.5791,4419189.11,,FALSE,735.289979570794,FALSE,TRUE
2614,532338.5791,4419189.11,,FALSE,747.967451870212,FALSE,TRUE
2615,532363.5791,4419189.11,,FALSE,761.25505847726,FALSE,TRUE
2616,532388.5791,4419189.11,,FALSE,775.121422137987,FALSE,TRUE
2617,532413.5791,4419189.11,,FALSE,789.536049878164,FALSE,TRUE
2618,532438.5791,4419189.11,,FALSE,804.469470556349,FALSE,TRUE
2619,532463.5791,4419189.11,,FALSE,819.893337000132,FALSE,TRUE
2620,532488.5791,4419189.11,,FALSE,835.780496935176,FALSE,TRUE
2621,532513.5791,4419189.11,,FALSE,852.105036986174,FALSE,TRUE
2622,532538.5791,4419189.11,,FALSE,868.8423039063,FALSE,TRUE
2623,532563.5791,4419189.11,,FALSE,885.968906935907,FALSE,TRUE
2624,532588.5791,4419189.11,,FALSE,903.462704851288,FALSE,TRUE
2625,532613.5791,4419189.11,,FALSE,921.30278087999,FALSE,TRUE
2626,532638.5791,4419189.11,,FALSE,939.46940826043,FALSE,TRUE
2627,532663.5791,4419189.11,,FALSE,957.944008832041,FALSE,TRUE
2628,532688.5791,4419189.11,,FALSE,976.709106672606,FALSE,TRUE
2629,532713.5791,4419189.11,,FALSE,995.748278460575,FALSE,TRUE
2630,532738.5791,4419189.11,,FALSE,1015.04610193685,FALSE,TRUE
2631,532763.5791,4419189.11,,FALSE,1034.58810357417,FALSE,TRUE
2632,532788.5791,4419189.11,,FALSE,1054.36070633213,FALSE,TRUE
2633,532813.5791,4419189.11,,FALSE,1074.3511781802,FALSE,TRUE
2634,532838.5791,4419189.11,,FALSE,1094.54758190642,FALSE,TRUE
2635,532863.5791,4419189.11,,FALSE,1114.93872659317,FALSE,TRUE
2636,532888.5791,4419189.11,,FALSE,1135.51412102941,FALSE,TRUE
2637,532913.5791,4419189.11,,FALSE,1156.26392923813,FALSE,TRUE
2638,532938.5791,4419189.11,,FALSE,1177.1789282251,FALSE,TRUE
2639,532963.5791,4419189.11,,FALSE,1198.2504679979,FALSE,TRUE
2640,532988.5791,4419189.11,,FALSE,1219.47043385938,FALSE,TRUE
2641,531013.5791,4419164.11,,FALSE,1119.82819845603,FALSE,TRUE
2642,531038.5791,4419164.11,,FALSE,1099.0082570469,FALSE,TRUE
2643,531063.5791,4419164.11,,FALSE,1078.36594162523,FALSE,TRUE
2644,531088.5791,4419164.11,,FALSE,1057.91164992984,FALSE,TRUE
2645,531113.5791,4419164.11,,FALSE,1037.65650099504,FALSE,TRUE
2646,531138.5791,4419164.11,,FALSE,1017.61238645039,FALSE,TRUE
2647,531163.5791,4419164.11,,FALSE,997.792024450618,FALSE,TRUE
2648,531188.5791,4419164.11,,FALSE,978.209016037606,FALSE,TRUE
2649,531213.5791,4419164.11,,FALSE,958.877903623428,FALSE,TRUE
2650,531238.5791,4419164.11,,FALSE,939.814231142123,FALSE,TRUE
2651,531263.5791,4419164.11,,FALSE,921.034605244156,FALSE,TRUE
2652,531288.5791,4419164.11,,FALSE,902.556756695808,FALSE,TRUE
2653,531313.5791,4419164.11,,FALSE,884.399600891619,FALSE,TRUE
2654,531338.5791,4419164.11,,FALSE,866.583296087141,FALSE,TRUE
2655,531363.5791,4419164.11,,FALSE,849.129297608587,FALSE,TRUE
2656,531388.5791,4419164.11,,FALSE,832.060405894459,FALSE,TRUE
2657,531413.5791,4419164.11,,FALSE,815.400805774222,FALSE,TRUE
2658,531438.5791,4419164.11,,FALSE,799.176093897489,FALSE,TRUE
2659,531463.5791,4419164.11,,FALSE,783.41329070756,FALSE,TRUE
2660,531488.5791,4419164.11,,FALSE,768.140832827709,FALSE,TRUE
2661,531513.5791,4419164.11,,FALSE,753.388541230383,FALSE,TRUE
2662,531538.5791,4419164.11,,FALSE,739.187560134262,FALSE,TRUE
2663,531563.5791,4419164.11,,FALSE,725.570261282284,FALSE,TRUE
2664,531588.5791,4419164.11,,FALSE,712.570108169885,FALSE,TRUE
2665,531613.5791,4419164.11,,FALSE,700.22147500433,FALSE,TRUE
2666,531638.5791,4419164.11,,FALSE,688.559415778506,FALSE,TRUE
2667,531663.5791,4419164.11,,FALSE,677.619379930383,FALSE,TRUE
2668,531688.5791,4419164.11,,FALSE,667.436872713244,FALSE,TRUE
2669,531713.5791,4419164.11,,FALSE,658.047060670614,FALSE,TRUE
2670,531738.5791,4419164.11,,FALSE,649.484325490025,FALSE,TRUE
2671,531763.5791,4419164.11,,FALSE,641.781772923812,FALSE,TRUE
2672,531788.5791,4419164.11,,FALSE,634.970707243437,FALSE,TRUE
2673,531813.5791,4419164.11,,FALSE,629.080085567195,FALSE,TRUE
2674,531838.5791,4419164.11,,FALSE,624.13597000752,FALSE,TRUE
2675,531863.5791,4419164.11,,FALSE,620.160998497347,FALSE,TRUE
2676,531888.5791,4419164.11,,FALSE,617.173896934426,FALSE,TRUE
2677,531913.5791,4419164.11,,FALSE,615.189055540834,FALSE,TRUE
2678,531938.5791,4419164.11,,FALSE,614.216190813318,FALSE,TRUE
2679,531963.5791,4419164.11,,FALSE,614.260111074471,FALSE,TRUE
2680,531988.5791,4419164.11,,FALSE,615.320598596552,FALSE,TRUE
2681,532013.5791,4419164.11,,FALSE,617.392414965732,FALSE,TRUE
2682,532038.5791,4419164.11,,FALSE,620.465429381216,FALSE,TRUE
2683,532063.5791,4419164.11,,FALSE,624.524862641365,FALSE,TRUE
2684,532088.5791,4419164.11,,FALSE,629.551633352829,FALSE,TRUE
2685,532113.5791,4419164.11,,FALSE,635.52278799207,FALSE,TRUE
2686,532138.5791,4419164.11,,FALSE,642.411993238927,FALSE,TRUE
2687,532163.5791,4419164.11,,FALSE,650.190067639618,FALSE,TRUE
2688,532188.5791,4419164.11,,FALSE,658.825530058762,FALSE,TRUE
2689,532213.5791,4419164.11,,FALSE,668.285144273915,FALSE,TRUE
2690,532238.5791,4419164.11,,FALSE,678.534442056707,FALSE,TRUE
2691,532263.5791,4419164.11,,FALSE,689.538210730345,FALSE,TRUE
2692,532288.5791,4419164.11,,FALSE,701.260935071393,FALSE,TRUE
2693,532313.5791,4419164.11,,FALSE,713.667187179852,FALSE,TRUE
2694,532338.5791,4419164.11,,FALSE,726.72196131478,FALSE,TRUE
2695,532363.5791,4419164.11,,FALSE,740.390953521989,FALSE,TRUE
2696,532388.5791,4419164.11,,FALSE,754.640788095368,FALSE,TRUE
2697,532413.5791,4419164.11,,FALSE,769.439194515848,FALSE,TRUE
2698,532438.5791,4419164.11,,FALSE,784.755139554496,FALSE,TRUE
2699,532463.5791,4419164.11,,FALSE,800.558919791164,FALSE,TRUE
2700,532488.5791,4419164.11,,FALSE,816.822219982533,FALSE,TRUE
2701,532513.5791,4419164.11,,FALSE,833.518142608301,FALSE,TRUE
2702,532538.5791,4419164.11,,FALSE,850.621213618136,FALSE,TRUE
2703,532563.5791,4419164.11,,FALSE,868.107368968372,FALSE,TRUE
2704,532588.5791,4419164.11,,FALSE,885.953926035202,FALSE,TRUE
2705,532613.5791,4419164.11,,FALSE,904.139543465049,FALSE,TRUE
2706,532638.5791,4419164.11,,FALSE,922.644172504864,FALSE,TRUE
2707,532663.5791,4419164.11,,FALSE,941.449002366663,FALSE,TRUE
2708,532688.5791,4419164.11,,FALSE,960.536401734563,FALSE,TRUE
2709,532713.5791,4419164.11,,FALSE,979.889858125484,FALSE,TRUE
2710,532738.5791,4419164.11,,FALSE,999.49391646832,FALSE,TRUE
2711,532763.5791,4419164.11,,FALSE,1019.33411796976,FALSE,TRUE
2712,532788.5791,4419164.11,,FALSE,1039.39694008457,FALSE,TRUE
2713,532813.5791,4419164.11,,FALSE,1059.66973820015,FALSE,TRUE
2714,532838.5791,4419164.11,,FALSE,1080.14068947391,FALSE,TRUE
2715,532863.5791,4419164.11,,FALSE,1100.79873912408,FALSE,TRUE
2716,532888.5791,4419164.11,,FALSE,1121.63354936324,FALSE,TRUE
2717,532913.5791,4419164.11,,FALSE,1142.63545107666,FALSE,TRUE
2718,532938.5791,4419164.11,,FALSE,1163.79539827977,FALSE,TRUE
2719,532963.5791,4419164.11,,FALSE,1185.10492533664,FALSE,TRUE
2720,532988.5791,4419164.11,,FALSE,1206.55610688321,FALSE,TRUE
2721,531013.5791,4419139.11,,FALSE,1106.31582021467,FALSE,TRUE
2722,531038.5791,4419139.11,,FALSE,1085.23667882046,FALSE,TRUE
2723,531063.5791,4419139.11,,FALSE,1064.32730118947,FALSE,TRUE
2724,531088.5791,4419139.11,,FALSE,1043.5978914588,FALSE,TRUE
2725,531113.5791,4419139.11,,FALSE,1023.05938931093,FALSE,TRUE
2726,531138.5791,4419139.11,,FALSE,1002.72352573242,FALSE,TRUE
2727,531163.5791,4419139.11,,FALSE,982.602882174303,FALSE,TRUE
2728,531188.5791,4419139.11,,FALSE,962.71095301614,FALSE,TRUE
2729,531213.5791,4419139.11,,FALSE,943.062211127794,FALSE,TRUE
2730,531238.5791,4419139.11,,FALSE,923.672176184409,FALSE,TRUE
2731,531263.5791,4419139.11,,FALSE,904.557485214313,FALSE,TRUE
2732,531288.5791,4419139.11,,FALSE,885.735964640276,FALSE,TRUE
2733,531313.5791,4419139.11,,FALSE,867.226702804543,FALSE,TRUE
2734,531338.5791,4419139.11,,FALSE,849.050121640199,FALSE,TRUE
2735,531363.5791,4419139.11,,FALSE,831.228045759547,FALSE,TRUE
2736,531388.5791,4419139.11,,FALSE,813.783766769303,FALSE,TRUE
2737,531413.5791,4419139.11,,FALSE,796.742100090885,FALSE,TRUE
2738,531438.5791,4419139.11,,FALSE,780.129430964652,FALSE,TRUE
2739,531463.5791,4419139.11,,FALSE,763.973745659647,FALSE,TRUE
2740,531488.5791,4419139.11,,FALSE,748.304643215067,FALSE,TRUE
2741,531513.5791,4419139.11,,FALSE,733.153322339351,FALSE,TRUE
2742,531538.5791,4419139.11,,FALSE,718.552537437052,FALSE,TRUE
2743,531563.5791,4419139.11,,FALSE,704.536517192136,FALSE,TRUE
2744,531588.5791,4419139.11,,FALSE,691.140838800041,FALSE,TRUE
2745,531613.5791,4419139.11,,FALSE,678.402250922874,FALSE,TRUE
2746,531638.5791,4419139.11,,FALSE,666.35843887297,FALSE,TRUE
2747,531663.5791,4419139.11,,FALSE,655.047726549158,FALSE,TRUE
2748,531688.5791,4419139.11,,FALSE,644.508711389706,FALSE,TRUE
2749,531713.5791,4419139.11,,FALSE,634.77983116764,FALSE,TRUE
2750,531738.5791,4419139.11,,FALSE,625.898864879316,FALSE,TRUE
2751,531763.5791,4419139.11,,FALSE,617.902374212314,FALSE,TRUE
2752,531788.5791,4419139.11,,FALSE,610.825096944464,FALSE,TRUE
2753,531813.5791,4419139.11,,FALSE,604.699308795051,FALSE,TRUE
2754,531838.5791,4419139.11,,FALSE,599.554175247918,FALSE,TRUE
2755,531863.5791,4419139.11,,FALSE,595.415119103646,FALSE,TRUE
2756,531888.5791,4419139.11,,FALSE,592.303232354179,FALSE,TRUE
2757,531913.5791,4419139.11,,FALSE,590.234761817031,FALSE,TRUE
2758,531938.5791,4419139.11,,FALSE,589.220696392452,FALSE,TRUE
2759,531963.5791,4419139.11,,FALSE,589.266479665358,FALSE,TRUE
2760,531988.5791,4419139.11,,FALSE,590.371865062355,FALSE,TRUE
2761,532013.5791,4419139.11,,FALSE,592.530922448105,FALSE,TRUE
2762,532038.5791,4419139.11,,FALSE,595.732195753428,FALSE,TRUE
2763,532063.5791,4419139.11,,FALSE,599.959001980301,FALSE,TRUE
2764,532088.5791,4419139.11,,FALSE,605.189853729553,FALSE,TRUE
2765,532113.5791,4419139.11,,FALSE,611.398981073077,FALSE,TRUE
2766,532138.5791,4419139.11,,FALSE,618.556924669989,FALSE,TRUE
2767,532163.5791,4419139.11,,FALSE,626.631170671547,FALSE,TRUE
2768,532188.5791,4419139.11,,FALSE,635.586798995379,FALSE,TRUE
2769,532213.5791,4419139.11,,FALSE,645.387119531519,FALSE,TRUE
2770,532238.5791,4419139.11,,FALSE,655.994275171049,FALSE,TRUE
2771,532263.5791,4419139.11,,FALSE,667.369795583519,FALSE,TRUE
2772,532288.5791,4419139.11,,FALSE,679.47509082908,FALSE,TRUE
2773,532313.5791,4419139.11,,FALSE,692.271878713259,FALSE,TRUE
2774,532338.5791,4419139.11,,FALSE,705.7225439627,FALSE,TRUE
2775,532363.5791,4419139.11,,FALSE,719.790430651299,FALSE,TRUE
2776,532388.5791,4419139.11,,FALSE,734.440071794276,FALSE,TRUE
2777,532413.5791,4419139.11,,FALSE,749.637361700429,FALSE,TRUE
2778,532438.5791,4419139.11,,FALSE,765.349677635771,FALSE,TRUE
2779,532463.5791,4419139.11,,FALSE,781.545957738365,FALSE,TRUE
2780,532488.5791,4419139.11,,FALSE,798.196742073767,FALSE,TRUE
2781,532513.5791,4419139.11,,FALSE,815.274183362367,FALSE,TRUE
2782,532538.5791,4419139.11,,FALSE,832.752033355172,FALSE,TRUE
2783,532563.5791,4419139.11,,FALSE,850.605610172642,FALSE,TRUE
2784,532588.5791,4419139.11,,FALSE,868.811751219544,FALSE,TRUE
2785,532613.5791,4419139.11,,FALSE,887.348755595662,FALSE,TRUE
2786,532638.5791,4419139.11,,FALSE,906.196319269268,FALSE,TRUE
2787,532663.5791,4419139.11,,FALSE,925.335465686454,FALSE,TRUE
2788,532688.5791,4419139.11,,FALSE,944.748473963925,FALSE,TRUE
2789,532713.5791,4419139.11,,FALSE,964.418806358091,FALSE,TRUE
2790,532738.5791,4419139.11,,FALSE,984.331036317134,FALSE,TRUE
2791,532763.5791,4419139.11,,FALSE,1004.47077810017,FALSE,TRUE
2792,532788.5791,4419139.11,,FALSE,1024.82461868222,FALSE,TRUE
2793,532813.5791,4419139.11,,FALSE,1045.38005244847,FALSE,TRUE
2794,532838.5791,4419139.11,,FALSE,1066.12541900902,FALSE,TRUE
2795,532863.5791,4419139.11,,FALSE,1087.04984432967,FALSE,TRUE
2796,532888.5791,4419139.11,,FALSE,1108.14318526856,FALSE,TRUE
2797,532913.5791,4419139.11,,FALSE,1129.39597752832,FALSE,TRUE
2798,532938.5791,4419139.11,,FALSE,1150.79938697288,FALSE,TRUE
2799,532963.5791,4419139.11,,FALSE,1172.34516421451,FALSE,TRUE
2800,532988.5791,4419139.11,,FALSE,1194.02560234576,FALSE,TRUE
2801,531013.5791,4419114.11,,FALSE,1093.20821166749,FALSE,TRUE
2802,531038.5791,4419114.11,,FALSE,1071.87133045774,FALSE,TRUE
2803,531063.5791,4419114.11,,FALSE,1050.69600934677,FALSE,TRUE
2804,531088.5791,4419114.11,,FALSE,1029.69221569226,FALSE,TRUE
2805,531113.5791,4419114.11,,FALSE,1008.87066270025,FALSE,TRUE
2806,531138.5791,4419114.11,,FALSE,988.242869469459,FALSE,TRUE
2807,531163.5791,4419114.11,,FALSE,967.821225256622,FALSE,TRUE
2808,531188.5791,4419114.11,,FALSE,947.619057985448,FALSE,TRUE
2809,531213.5791,4419114.11,,FALSE,927.65070692434,FALSE,TRUE
2810,531238.5791,4419114.11,,FALSE,907.931599327409,FALSE,TRUE
2811,531263.5791,4419114.11,,FALSE,888.478330662726,FALSE,TRUE
2812,531288.5791,4419114.11,,FALSE,869.308747831991,FALSE,TRUE
2813,531313.5791,4419114.11,,FALSE,850.44203450748,FALSE,TRUE
2814,531338.5791,4419114.11,,FALSE,831.898797364932,FALSE,TRUE
2815,531363.5791,4419114.11,,FALSE,813.701151564393,FALSE,TRUE
2816,531388.5791,4419114.11,,FALSE,795.872803315466,FALSE,TRUE
2817,531413.5791,4419114.11,,FALSE,778.439126751229,FALSE,TRUE
2818,531438.5791,4419114.11,,FALSE,761.427231623098,FALSE,TRUE
2819,531463.5791,4419114.11,,FALSE,744.866017520744,FALSE,TRUE
2820,531488.5791,4419114.11,,FALSE,728.786209431279,FALSE,TRUE
2821,531513.5791,4419114.11,,FALSE,713.220368509769,FALSE,TRUE
2822,531538.5791,4419114.11,,FALSE,698.202870988948,FALSE,TRUE
2823,531563.5791,4419114.11,,FALSE,683.769847285772,FALSE,TRUE
2824,531588.5791,4419114.11,,FALSE,669.959072673255,FALSE,TRUE
2825,531613.5791,4419114.11,,FALSE,656.809800518541,FALSE,TRUE
2826,531638.5791,4419114.11,,FALSE,644.362529215662,FALSE,TRUE
2827,531663.5791,4419114.11,,FALSE,632.658694761404,FALSE,TRUE
2828,531688.5791,4419114.11,,FALSE,621.740282639948,FALSE,TRUE
2829,531713.5791,4419114.11,,FALSE,611.649355478448,FALSE,TRUE
2830,531738.5791,4419114.11,,FALSE,602.427496929879,FALSE,TRUE
2831,531763.5791,4419114.11,,FALSE,594.115177433802,FALSE,TRUE
2832,531788.5791,4419114.11,,FALSE,586.75105373335,FALSE,TRUE
2833,531813.5791,4419114.11,,FALSE,580.371220907098,FALSE,TRUE
2834,531838.5791,4419114.11,,FALSE,575.008442596449,FALSE,TRUE
2835,531863.5791,4419114.11,,FALSE,570.691391259052,FALSE,TRUE
2836,531888.5791,4419114.11,,FALSE,567.443934725882,FALSE,TRUE
2837,531913.5791,4419114.11,,FALSE,565.284507179518,FALSE,TRUE
2838,531938.5791,4419114.11,,FALSE,564.225601206812,FALSE,TRUE
2839,531963.5791,4419114.11,,FALSE,564.273412502474,FALSE,TRUE
2840,531988.5791,4419114.11,,FALSE,565.427660321978,FALSE,TRUE
2841,532013.5791,4419114.11,,FALSE,567.681595665374,FALSE,TRUE
2842,532038.5791,4419114.11,,FALSE,571.022196641412,FALSE,TRUE
2843,532063.5791,4419114.11,,FALSE,575.430537994971,FALSE,TRUE
2844,532088.5791,4419114.11,,FALSE,580.88231084892,FALSE,TRUE
2845,532113.5791,4419114.11,,FALSE,587.348460504648,FALSE,TRUE
2846,532138.5791,4419114.11,,FALSE,594.795905380306,FALSE,TRUE
2847,532163.5791,4419114.11,,FALSE,603.188299005524,FALSE,TRUE
2848,532188.5791,4419114.11,,FALSE,612.486799088091,FALSE,TRUE
2849,532213.5791,4419114.11,,FALSE,622.650812299457,FALSE,TRUE
2850,532238.5791,4419114.11,,FALSE,633.638689678253,FALSE,TRUE
2851,532263.5791,4419114.11,,FALSE,645.40835449905,FALSE,TRUE
2852,532288.5791,4419114.11,,FALSE,657.917851298451,FALSE,TRUE
2853,532313.5791,4419114.11,,FALSE,671.125810900735,FALSE,TRUE
2854,532338.5791,4419114.11,,FALSE,684.991831379884,FALSE,TRUE
2855,532363.5791,4419114.11,,FALSE,699.476778783375,FALSE,TRUE
2856,532388.5791,4419114.11,,FALSE,714.543014140622,FALSE,TRUE
2857,532413.5791,4419114.11,,FALSE,730.15455491092,FALSE,TRUE
2858,532438.5791,4419114.11,,FALSE,746.277179777837,FALSE,TRUE
2859,532463.5791,4419114.11,,FALSE,762.878485774216,FALSE,TRUE
2860,532488.5791,4419114.11,,FALSE,779.927906320296,FALSE,TRUE
2861,532513.5791,4419114.11,,FALSE,797.396698047564,FALSE,TRUE
2862,532538.5791,4419114.11,,FALSE,815.257903400609,FALSE,TRUE
2863,532563.5791,4419114.11,,FALSE,833.486295062586,FALSE,TRUE
2864,532588.5791,4419114.11,,FALSE,852.058307310688,FALSE,TRUE
2865,532613.5791,4419114.11,,FALSE,870.951958524208,FALSE,TRUE
2866,532638.5791,4419114.11,,FALSE,890.146768267544,FALSE,TRUE
2867,532663.5791,4419114.11,,FALSE,909.623671667108,FALSE,TRUE
2868,532688.5791,4419114.11,,FALSE,929.364933197476,FALSE,TRUE
2869,532713.5791,4419114.11,,FALSE,949.354061484517,FALSE,TRUE
2870,532738.5791,4419114.11,,FALSE,969.57572631391,FALSE,TRUE
2871,532763.5791,4419114.11,,FALSE,990.015678692588,FALSE,TRUE
2872,532788.5791,4419114.11,,FALSE,1010.66067453777,FALSE,TRUE
2873,532813.5791,4419114.11,,FALSE,1031.49840235317,FALSE,TRUE
2874,532838.5791,4419114.11,,FALSE,1052.51741508497,FALSE,TRUE
2875,532863.5791,4419114.11,,FALSE,1073.70706622297,FALSE,TRUE
2876,532888.5791,4419114.11,,FALSE,1095.05745011718,FALSE,TRUE
2877,532913.5791,4419114.11,,FALSE,1116.55934641072,FALSE,TRUE
2878,532938.5791,4419114.11,,FALSE,1138.20416844129,FALSE,TRUE
2879,532963.5791,4419114.11,,FALSE,1159.98391543035,FALSE,TRUE
2880,532988.5791,4419114.11,,FALSE,1181.89112825892,FALSE,TRUE
2881,531013.5791,4419089.11,,FALSE,1080.52010349517,FALSE,TRUE
2882,531038.5791,4419089.11,,FALSE,1058.92759386901,FALSE,TRUE
2883,531063.5791,4419089.11,,FALSE,1037.48812236922,FALSE,TRUE
2884,531088.5791,4419089.11,,FALSE,1016.2113751859,FALSE,TRUE
2885,531113.5791,4419089.11,,FALSE,995.107790170098,FALSE,TRUE
2886,531138.5791,4419089.11,,FALSE,974.188620882637,FALSE,TRUE
2887,531163.5791,4419089.11,,FALSE,953.466005716624,FALSE,TRUE
2888,531188.5791,4419089.11,,FALSE,932.953042257332,FALSE,TRUE
2889,531213.5791,4419089.11,,FALSE,912.66386696155,FALSE,TRUE
2890,531238.5791,4419089.11,,FALSE,892.61374012347,FALSE,TRUE
2891,531263.5791,4419089.11,,FALSE,872.819135936654,FALSE,TRUE
2892,531288.5791,4419089.11,,FALSE,853.297837250984,FALSE,TRUE
2893,531313.5791,4419089.11,,FALSE,834.0690343474,FALSE,TRUE
2894,531338.5791,4419089.11,,FALSE,815.153426697823,FALSE,TRUE
2895,531363.5791,4419089.11,,FALSE,796.573326227537,FALSE,TRUE
2896,531388.5791,4419089.11,,FALSE,778.352760036991,FALSE,TRUE
2897,531413.5791,4419089.11,,FALSE,760.517569854372,FALSE,TRUE
2898,531438.5791,4419089.11,,FALSE,743.095504667602,FALSE,TRUE
2899,531463.5791,4419089.11,,FALSE,726.116302018621,FALSE,TRUE
2900,531488.5791,4419089.11,,FALSE,709.611752338697,FALSE,TRUE
2901,531513.5791,4419089.11,,FALSE,693.615739482024,FALSE,TRUE
2902,531538.5791,4419089.11,,FALSE,678.164249321057,FALSE,TRUE
2903,531563.5791,4419089.11,,FALSE,663.295336978327,FALSE,TRUE
2904,531588.5791,4419089.11,,FALSE,649.049042104825,FALSE,TRUE
2905,531613.5791,4419089.11,,FALSE,635.467240742738,FALSE,TRUE
2906,531638.5791,4419089.11,,FALSE,622.593421951427,FALSE,TRUE
2907,531663.5791,4419089.11,,FALSE,610.472377800328,FALSE,TRUE
2908,531688.5791,4419089.11,,FALSE,599.149796843148,FALSE,TRUE
2909,531713.5791,4419089.11,,FALSE,588.671754084722,FALSE,TRUE
2910,531738.5791,4419089.11,,FALSE,579.084094978599,FALSE,TRUE
2911,531763.5791,4419089.11,,FALSE,570.431717260867,FALSE,TRUE
2912,531788.5791,4419089.11,,FALSE,562.757762325123,FALSE,TRUE
2913,531813.5791,4419089.11,,FALSE,556.102736962496,FALSE,TRUE
2914,531838.5791,4419089.11,,FALSE,550.503595862168,FALSE,TRUE
2915,531863.5791,4419089.11,,FALSE,545.992824181029,FALSE,TRUE
2916,531888.5791,4419089.11,,FALSE,542.597566394445,FALSE,TRUE
2917,531913.5791,4419089.11,,FALSE,540.338851145439,FALSE,TRUE
2918,531938.5791,4419089.11,,FALSE,539.230960773927,FALSE,TRUE
2919,531963.5791,4419089.11,,FALSE,539.28098803608,FALSE,TRUE
2920,531988.5791,4419089.11,,FALSE,540.488611403764,FALSE,TRUE
2921,532013.5791,4419089.11,,FALSE,542.846105316385,FALSE,TRUE
2922,532038.5791,4419089.11,,FALSE,546.338584631515,FALSE,TRUE
2923,532063.5791,4419089.11,,FALSE,550.944465492817,FALSE,TRUE
2924,532088.5791,4419089.11,,FALSE,556.636110090932,FALSE,TRUE
2925,532113.5791,4419089.11,,FALSE,563.380612070706,FALSE,TRUE
2926,532138.5791,4419089.11,,FALSE,571.140673614795,FALSE,TRUE
2927,532163.5791,4419089.11,,FALSE,579.875524623311,FALSE,TRUE
2928,532188.5791,4419089.11,,FALSE,589.541838258455,FALSE,TRUE
2929,532213.5791,4419089.11,,FALSE,600.094604255994,FALSE,TRUE
2930,532238.5791,4419089.11,,FALSE,611.487930426395,FALSE,TRUE
2931,532263.5791,4419089.11,,FALSE,623.675752340232,FALSE,TRUE
2932,532288.5791,4419089.11,,FALSE,636.612440231224,FALSE,TRUE
2933,532313.5791,4419089.11,,FALSE,650.253299920233,FALSE,TRUE
2934,532338.5791,4419089.11,,FALSE,664.554970681245,FALSE,TRUE
2935,532363.5791,4419089.11,,FALSE,679.475727349513,FALSE,TRUE
2936,532388.5791,4419089.11,,FALSE,694.975696738489,FALSE,TRUE
2937,532413.5791,4419089.11,,FALSE,711.016999836957,FALSE,TRUE
2938,532438.5791,4419089.11,,FALSE,727.563831603211,FALSE,TRUE
2939,532463.5791,4419089.11,,FALSE,744.582489759962,FALSE,TRUE
2940,532488.5791,4419089.11,,FALSE,762.041363088083,FALSE,TRUE
2941,532513.5791,4419089.11,,FALSE,779.910888536083,FALSE,TRUE
2942,532538.5791,4419089.11,,FALSE,798.16348516901,FALSE,TRUE
2943,532563.5791,4419089.11,,FALSE,816.77347169037,FALSE,TRUE
2944,532588.5791,4419089.11,,FALSE,835.716973057947,FALSE,TRUE
2945,532613.5791,4419089.11,,FALSE,854.971820621672,FALSE,TRUE
2946,532638.5791,4419089.11,,FALSE,874.517449258238,FALSE,TRUE
2947,532663.5791,4419089.11,,FALSE,894.334794166666,FALSE,TRUE
2948,532688.5791,4419089.11,,FALSE,914.406189314755,FALSE,TRUE
2949,532713.5791,4419089.11,,FALSE,934.715268976136,FALSE,TRUE
2950,532738.5791,4419089.11,,FALSE,955.246873356375,FALSE,TRUE
2951,532763.5791,4419089.11,,FALSE,975.986958958535,FALSE,TRUE
2952,532788.5791,4419089.11,,FALSE,996.922514068735,FALSE,TRUE
2953,532813.5791,4419089.11,,FALSE,1018.04147953663,FALSE,TRUE
2954,532838.5791,4419089.11,,FALSE,1039.33267487226,FALSE,TRUE
2955,532863.5791,4419089.11,,FALSE,1060.78572956895,FALSE,TRUE
2956,532888.5791,4419089.11,,FALSE,1082.39101948285,FALSE,TRUE
2957,532913.5791,4419089.11,,FALSE,1104.13960804652,FALSE,TRUE
2958,532938.5791,4419089.11,,FALSE,1126.02319206006,FALSE,TRUE
2959,532963.5791,4419089.11,,FALSE,1148.03405178467,FALSE,TRUE
2960,532988.5791,4419089.11,,FALSE,1170.16500505575,FALSE,TRUE
2961,531013.5791,4419064.11,,FALSE,1068.26644338255,FALSE,TRUE
2962,531038.5791,4419064.11,,FALSE,1046.42111458877,FALSE,TRUE
2963,531063.5791,4419064.11,,FALSE,1024.72001251913,FALSE,TRUE
2964,531088.5791,4419064.11,,FALSE,1003.17249715949,FALSE,TRUE
2965,531113.5791,4419064.11,,FALSE,981.788680957974,FALSE,TRUE
2966,531138.5791,4419064.11,,FALSE,960.579496479702,FALSE,TRUE
2967,531163.5791,4419064.11,,FALSE,939.556770002322,FALSE,TRUE
2968,531188.5791,4419064.11,,FALSE,918.733301375973,FALSE,TRUE
2969,531213.5791,4419064.11,,FALSE,898.122950412244,FALSE,TRUE
2970,531238.5791,4419064.11,,FALSE,877.740729975083,FALSE,TRUE
2971,531263.5791,4419064.11,,FALSE,857.602905812003,FALSE,TRUE
2972,531288.5791,4419064.11,,FALSE,837.727102973987,FALSE,TRUE
2973,531313.5791,4419064.11,,FALSE,818.132418412318,FALSE,TRUE
2974,531338.5791,4419064.11,,FALSE,798.839538992148,FALSE,TRUE
2975,531363.5791,4419064.11,,FALSE,779.870863705771,FALSE,TRUE
2976,531388.5791,4419064.11,,FALSE,761.250628280322,FALSE,TRUE
2977,531413.5791,4419064.11,,FALSE,743.005029631148,FALSE,TRUE
2978,531438.5791,4419064.11,,FALSE,725.162346690161,FALSE,TRUE
2979,531463.5791,4419064.11,,FALSE,707.753053018622,FALSE,TRUE
2980,531488.5791,4419064.11,,FALSE,690.809915285804,FALSE,TRUE
2981,531513.5791,4419064.11,,FALSE,674.368070164341,FALSE,TRUE
2982,531538.5791,4419064.11,,FALSE,658.465070491348,FALSE,TRUE
2983,531563.5791,4419064.11,,FALSE,643.140889741257,FALSE,TRUE
2984,531588.5791,4419064.11,,FALSE,628.43787207422,FALSE,TRUE
2985,531613.5791,4419064.11,,FALSE,614.400613652992,FALSE,TRUE
2986,531638.5791,4419064.11,,FALSE,601.07575983163,FALSE,TRUE
2987,531663.5791,4419064.11,,FALSE,588.511702566032,FALSE,TRUE
2988,531688.5791,4419064.11,,FALSE,576.758163407479,FALSE,TRUE
2989,531713.5791,4419064.11,,FALSE,565.865650183122,FALSE,TRUE
2990,531738.5791,4419064.11,,FALSE,555.884780379141,FALSE,TRUE
2991,531763.5791,4419064.11,,FALSE,546.8654716264,FALSE,TRUE
2992,531788.5791,4419064.11,,FALSE,538.856009576921,FALSE,TRUE
2993,531813.5791,4419064.11,,FALSE,531.902015466347,FALSE,TRUE
2994,531838.5791,4419064.11,,FALSE,526.045348859925,FALSE,TRUE
2995,531863.5791,4419064.11,,FALSE,521.322993984688,FALSE,TRUE
2996,531888.5791,4419064.11,,FALSE,517.765988702578,FALSE,TRUE
2997,531913.5791,4419064.11,,FALSE,515.398461442365,FALSE,TRUE
2998,531938.5791,4419064.11,,FALSE,514.236841403993,FALSE,TRUE
2999,531963.5791,4419064.11,,FALSE,514.289299963701,FALSE,TRUE
3000,531988.5791,4419064.11,,FALSE,515.555466518543,FALSE,TRUE
3001,532013.5791,4419064.11,,FALSE,518.026441465251,FALSE,TRUE
3002,532038.5791,4419064.11,,FALSE,521.685105266721,FALSE,TRUE
3003,532063.5791,4419064.11,,FALSE,526.50669896702,FALSE,TRUE
3004,532088.5791,4419064.11,,FALSE,532.459631387345,FALSE,TRUE
3005,532113.5791,4419064.11,,FALSE,539.506454138545,FALSE,TRUE
3006,532138.5791,4419064.11,,FALSE,547.604938853864,FALSE,TRUE
3007,532163.5791,4419064.11,,FALSE,556.709191640612,FALSE,TRUE
3008,532188.5791,4419064.11,,FALSE,566.77074647263,FALSE,TRUE
3009,532213.5791,4419064.11,,FALSE,577.739590176353,FALSE,TRUE
3010,532238.5791,4419064.11,,FALSE,589.565084665925,FALSE,TRUE
3011,532263.5791,4419064.11,,FALSE,602.196765233041,FALSE,TRUE
3012,532288.5791,4419064.11,,FALSE,615.585005549304,FALSE,TRUE
3013,532313.5791,4419064.11,,FALSE,629.681549719488,FALSE,TRUE
3014,532338.5791,4419064.11,,FALSE,644.439918888591,FALSE,TRUE
3015,532363.5791,4419064.11,,FALSE,659.815704615412,FALSE,TRUE
3016,532388.5791,4419064.11,,FALSE,675.766763800301,FALSE,TRUE
3017,532413.5791,4419064.11,,FALSE,692.253330838596,FALSE,TRUE
3018,532438.5791,4419064.11,,FALSE,709.238062329659,FALSE,TRUE
3019,532463.5791,4419064.11,,FALSE,726.686028527539,FALSE,TRUE
3020,532488.5791,4419064.11,,FALSE,744.56466412067,FALSE,TRUE
3021,532513.5791,4419064.11,,FALSE,762.84368913764,FALSE,TRUE
3022,532538.5791,4419064.11,,FALSE,781.495008977744,FALSE,TRUE
3023,532563.5791,4419064.11,,FALSE,800.492600875937,FALSE,TRUE
3024,532588.5791,4419064.11,,FALSE,819.812392597917,FALSE,TRUE
3025,532613.5791,4419064.11,,FALSE,839.432137851012,FALSE,TRUE
3026,532638.5791,4419064.11,,FALSE,859.33129179445,FALSE,TRUE
3027,532663.5791,4419064.11,,FALSE,879.490889126839,FALSE,TRUE
3028,532688.5791,4419064.11,,FALSE,899.893426499558,FALSE,TRUE
3029,532713.5791,4419064.11,,FALSE,920.522750428861,FALSE,TRUE
3030,532738.5791,4419064.11,,FALSE,941.363951432767,FALSE,TRUE
3031,532763.5791,4419064.11,,FALSE,962.403264778914,FALSE,TRUE
3032,532788.5791,4419064.11,,FALSE,983.627977975978,FALSE,TRUE
3033,532813.5791,4419064.11,,FALSE,1005.02634495674,FALSE,TRUE
3034,532838.5791,4419064.11,,FALSE,1026.58750677042,FALSE,TRUE
3035,532863.5791,4419064.11,,FALSE,1048.30141851335,FALSE,TRUE
3036,532888.5791,4419064.11,,FALSE,1070.15878217071,FALSE,TRUE
3037,532913.5791,4419064.11,,FALSE,1092.15098500945,FALSE,TRUE
3038,532938.5791,4419064.11,,FALSE,1114.27004314803,FALSE,TRUE
3039,532963.5791,4419064.11,,FALSE,1136.50854992697,FALSE,TRUE
3040,532988.5791,4419064.11,,FALSE,1156.58178831304,FALSE,TRUE
3041,531013.5791,4419039.11,,FALSE,1056.4623486226,FALSE,TRUE
3042,531038.5791,4419039.11,,FALSE,1034.36775329531,FALSE,TRUE
3043,531063.5791,4419039.11,,FALSE,1012.40831884037,FALSE,TRUE
3044,531088.5791,4419039.11,,FALSE,990.593034024156,FALSE,TRUE
3045,531113.5791,4419039.11,,FALSE,968.931635388783,FALSE,TRUE
3046,531138.5791,4419039.11,,FALSE,947.43467798956,FALSE,TRUE
3047,531163.5791,4419039.11,,FALSE,926.113612931577,FALSE,TRUE
3048,531188.5791,4419039.11,,FALSE,904.980872205141,FALSE,TRUE
3049,531213.5791,4419039.11,,FALSE,884.049961290185,FALSE,TRUE
3050,531238.5791,4419039.11,,FALSE,863.335559940152,FALSE,TRUE
3051,531263.5791,4419039.11,,FALSE,842.853631455174,FALSE,TRUE
3052,531288.5791,4419039.11,,FALSE,822.621540598818,FALSE,TRUE
3053,531313.5791,4419039.11,,FALSE,802.65818008488,FALSE,TRUE
3054,531338.5791,4419039.11,,FALSE,782.984105239162,FALSE,TRUE
3055,531363.5791,4419039.11,,FALSE,763.621676000079,FALSE,TRUE
3056,531388.5791,4419039.11,,FALSE,744.595204830899,FALSE,TRUE
3057,531413.5791,4419039.11,,FALSE,725.931108340982,FALSE,TRUE
3058,531438.5791,4419039.11,,FALSE,707.658059416527,FALSE,TRUE
3059,531463.5791,4419039.11,,FALSE,689.807135406096,FALSE,TRUE
3060,531488.5791,4419039.11,,FALSE,672.411956360952,FALSE,TRUE
3061,531513.5791,4419039.11,,FALSE,655.508805476449,FALSE,TRUE
3062,531538.5791,4419039.11,,FALSE,639.136721724828,FALSE,TRUE
3063,531563.5791,4419039.11,,FALSE,623.337552259736,FALSE,TRUE
3064,531588.5791,4419039.11,,FALSE,608.155949619139,FALSE,TRUE
3065,531613.5791,4419039.11,,FALSE,593.639296254178,FALSE,TRUE
3066,531638.5791,4419039.11,,FALSE,579.837536778324,FALSE,TRUE
3067,531663.5791,4419039.11,,FALSE,566.802897008434,FALSE,TRUE
3068,531688.5791,4419039.11,,FALSE,554.589468938197,FALSE,TRUE
3069,531713.5791,4419039.11,,FALSE,543.252642936185,FALSE,TRUE
3070,531738.5791,4419039.11,,FALSE,532.84837342076,FALSE,TRUE
3071,531763.5791,4419039.11,,FALSE,523.432272655353,FALSE,TRUE
3072,531788.5791,4419039.11,,FALSE,515.058539446874,FALSE,TRUE
3073,531813.5791,4419039.11,,FALSE,507.778745180561,FALSE,TRUE
3074,531838.5791,4419039.11,,FALSE,501.640517758628,FALSE,TRUE
3075,531863.5791,4419039.11,,FALSE,496.686182671858,FALSE,TRUE
3076,531888.5791,4419039.11,,FALSE,492.951436814156,FALSE,TRUE
3077,531913.5791,4419039.11,,FALSE,490.464141459026,FALSE,TRUE
3078,531938.5791,4419039.11,,FALSE,489.243322956112,FALSE,TRUE
3079,531963.5791,4419039.11,,FALSE,489.298461122797,FALSE,TRUE
3080,531988.5791,4419039.11,,FALSE,490.629125773364,FALSE,TRUE
3081,532013.5791,4419039.11,,FALSE,493.224993341918,FALSE,TRUE
3082,532038.5791,4419039.11,,FALSE,497.066242121846,FALSE,TRUE
3083,532063.5791,4419039.11,,FALSE,502.124291442997,FALSE,TRUE
3084,532088.5791,4419039.11,,FALSE,508.362822260962,FALSE,TRUE
3085,532113.5791,4419039.11,,FALSE,515.738997999113,FALSE,TRUE
3086,532138.5791,4419039.11,,FALSE,524.204796865813,FALSE,TRUE
3087,532163.5791,4419039.11,,FALSE,533.708369858602,FALSE,TRUE
3088,532188.5791,4419039.11,,FALSE,544.195350087747,FALSE,TRUE
3089,532213.5791,4419039.11,,FALSE,555.610055755945,FALSE,TRUE
3090,532238.5791,4419039.11,,FALSE,567.896547847513,FALSE,TRUE
3091,532263.5791,4419039.11,,FALSE,580.999521563591,FALSE,TRUE
3092,532288.5791,4419039.11,,FALSE,594.865025915224,FALSE,TRUE
3093,532313.5791,4419039.11,,FALSE,609.441017701565,FALSE,TRUE
3094,532338.5791,4419039.11,,FALSE,624.677764176953,FALSE,TRUE
3095,532363.5791,4419039.11,,FALSE,640.528113401056,FALSE,TRUE
3096,532388.5791,4419039.11,,FALSE,656.94765320923,FALSE,TRUE
3097,532413.5791,4419039.11,,FALSE,673.894779663052,FALSE,TRUE
3098,532438.5791,4419039.11,,FALSE,691.33069442714,FALSE,TRUE
3099,532463.5791,4419039.11,,FALSE,709.219348338094,FALSE,TRUE
3100,532488.5791,4419039.11,,FALSE,727.527345917052,FALSE,TRUE
3101,532513.5791,4419039.11,,FALSE,746.223823029732,FALSE,TRUE
3102,532538.5791,4419039.11,,FALSE,765.280307506411,FALSE,TRUE
3103,532563.5791,4419039.11,,FALSE,784.670570403342,FALSE,TRUE
3104,532588.5791,4419039.11,,FALSE,804.370473760135,FALSE,TRUE
3105,532613.5791,4419039.11,,FALSE,824.357819188429,FALSE,TRUE
3106,532638.5791,4419039.11,,FALSE,844.612200395603,FALSE,TRUE
3107,532663.5791,4419039.11,,FALSE,865.114861771025,FALSE,TRUE
3108,532688.5791,4419039.11,,FALSE,885.848564404266,FALSE,TRUE
3109,532713.5791,4419039.11,,FALSE,906.797460327883,FALSE,TRUE
3110,532738.5791,4419039.11,,FALSE,927.946975347782,FALSE,TRUE
3111,532763.5791,4419039.11,,FALSE,949.283700511652,FALSE,TRUE
3112,532788.5791,4419039.11,,FALSE,970.795292045184,FALSE,TRUE
3113,532813.5791,4419039.11,,FALSE,992.470379435624,FALSE,TRUE
3114,532838.5791,4419039.11,,FALSE,1014.29848124558,FALSE,TRUE
3115,532863.5791,4419039.11,,FALSE,1036.26992818333,FALSE,TRUE
3116,532888.5791,4419039.11,,FALSE,1058.37579292853,FALSE,TRUE
3117,532913.5791,4419039.11,,FALSE,1080.60782620574,FALSE,TRUE
3118,532938.5791,4419039.11,,FALSE,1102.95839860671,FALSE,TRUE
3119,532963.5791,4419039.11,,FALSE,1121.51548275419,FALSE,TRUE
3120,532988.5791,4419039.11,,FALSE,1136.92608953149,FALSE,TRUE
3121,531013.5791,4419014.11,,FALSE,1045.12305211261,FALSE,TRUE
3122,531038.5791,4419014.11,,FALSE,1022.78352991098,FALSE,TRUE
3123,531063.5791,4419014.11,,FALSE,1000.56988964148,FALSE,TRUE
3124,531088.5791,4419014.11,,FALSE,978.490704635035,FALSE,TRUE
3125,531113.5791,4419014.11,,FALSE,956.555285415937,FALSE,TRUE
3126,531138.5791,4419014.11,,FALSE,934.773752871337,FALSE,TRUE
3127,531163.5791,4419014.11,,FALSE,913.157119042042,FALSE,TRUE
3128,531188.5791,4419014.11,,FALSE,891.717376222512,FALSE,TRUE
3129,531213.5791,4419014.11,,FALSE,870.467595064377,FALSE,TRUE
3130,531238.5791,4419014.11,,FALSE,849.422032359156,FALSE,TRUE
3131,531263.5791,4419014.11,,FALSE,828.59624912086,FALSE,TRUE
3132,531288.5791,4419014.11,,FALSE,808.007239483135,FALSE,TRUE
3133,531313.5791,4419014.11,,FALSE,787.673570749428,FALSE,TRUE
3134,531338.5791,4419014.11,,FALSE,767.615534663775,FALSE,TRUE
3135,531363.5791,4419014.11,,FALSE,747.855309573418,FALSE,TRUE
3136,531388.5791,4419014.11,,FALSE,728.417132594471,FALSE,TRUE
3137,531413.5791,4419014.11,,FALSE,709.327480122651,FALSE,TRUE
3138,531438.5791,4419014.11,,FALSE,690.615253999757,FALSE,TRUE
3139,531463.5791,4419014.11,,FALSE,672.311969294871,FALSE,TRUE
3140,531488.5791,4419014.11,,FALSE,654.451937927565,FALSE,TRUE
3141,531513.5791,4419014.11,,FALSE,637.072440195889,FALSE,TRUE
3142,531538.5791,4419014.11,,FALSE,620.213873641297,FALSE,TRUE
3143,531563.5791,4419014.11,,FALSE,603.919865592399,FALSE,TRUE
3144,531588.5791,4419014.11,,FALSE,588.237332253862,FALSE,TRUE
3145,531613.5791,4419014.11,,FALSE,573.2164635259,FALSE,TRUE
3146,531638.5791,4419014.11,,FALSE,558.910609182844,FALSE,TRUE
3147,531663.5791,4419014.11,,FALSE,545.376039130008,FALSE,TRUE
3148,531688.5791,4419014.11,,FALSE,532.671548946567,FALSE,TRUE
3149,531713.5791,4419014.11,,FALSE,520.857882782947,FALSE,TRUE
3150,531738.5791,4419014.11,,FALSE,509.996950046892,FALSE,TRUE
3151,531763.5791,4419014.11,,FALSE,500.150821310064,FALSE,TRUE
3152,531788.5791,4419014.11,,FALSE,491.380503334361,FALSE,TRUE
3153,531813.5791,4419014.11,,FALSE,483.744513206226,FALSE,TRUE
3154,531838.5791,4419014.11,,FALSE,477.297296301925,FALSE,TRUE
3155,531863.5791,4419014.11,,FALSE,472.087559735613,FALSE,TRUE
3156,531888.5791,4419014.11,,FALSE,468.156618085363,FALSE,TRUE
3157,531913.5791,4419014.11,,FALSE,465.536866485484,FALSE,TRUE
3158,531938.5791,4419014.11,,FALSE,464.250502484512,FALSE,TRUE
3159,531963.5791,4419014.11,,FALSE,464.308608639901,FALSE,TRUE
3160,531988.5791,4419014.11,,FALSE,465.710681708203,FALSE,TRUE
3161,532013.5791,4419014.11,,FALSE,468.444654209137,FALSE,TRUE
3162,532038.5791,4419014.11,,FALSE,472.487406241814,FALSE,TRUE
3163,532063.5791,4419014.11,,FALSE,477.805717899143,FALSE,TRUE
3164,532088.5791,4419014.11,,FALSE,484.357573551931,FALSE,TRUE
3165,532113.5791,4419014.11,,FALSE,492.09370454936,FALSE,TRUE
3166,532138.5791,4419014.11,,FALSE,500.959248898662,FALSE,TRUE
3167,532163.5791,4419014.11,,FALSE,510.895414010647,FALSE,TRUE
3168,532188.5791,4419014.11,,FALSE,521.84104769279,FALSE,TRUE
3169,532213.5791,4419014.11,,FALSE,533.734048058682,FALSE,TRUE
3170,532238.5791,4419014.11,,FALSE,546.512569898539,FALSE,TRUE
3171,532263.5791,4419014.11,,FALSE,560.116009463312,FALSE,TRUE
3172,532288.5791,4419014.11,,FALSE,574.48576923811,FALSE,TRUE
3173,532313.5791,4419014.11,,FALSE,589.565818257048,FALSE,TRUE
3174,532338.5791,4419014.11,,FALSE,605.30307206977,FALSE,TRUE
3175,532363.5791,4419014.11,,FALSE,621.64762048696,FALSE,TRUE
3176,532388.5791,4419014.11,,FALSE,638.552831844866,FALSE,TRUE
3177,532413.5791,4419014.11,,FALSE,655.975360861288,FALSE,TRUE
3178,532438.5791,4419014.11,,FALSE,673.875084164043,FALSE,TRUE
3179,532463.5791,4419014.11,,FALSE,692.214983987702,FALSE,TRUE
3180,532488.5791,4419014.11,,FALSE,710.960996860652,FALSE,TRUE
3181,532513.5791,4419014.11,,FALSE,730.081840656985,FALSE,TRUE
3182,532538.5791,4419014.11,,FALSE,749.548830335349,FALSE,TRUE
3183,532563.5791,4419014.11,,FALSE,769.33569009704,FALSE,TRUE
3184,532588.5791,4419014.11,,FALSE,789.418367570129,FALSE,TRUE
3185,532613.5791,4419014.11,,FALSE,809.774853929835,FALSE,TRUE
3186,532638.5791,4419014.11,,FALSE,830.38501254363,FALSE,TRUE
3187,532663.5791,4419014.11,,FALSE,851.230417723124,FALSE,TRUE
3188,532688.5791,4419014.11,,FALSE,872.294204415622,FALSE,TRUE
3189,532713.5791,4419014.11,,FALSE,893.560929124075,FALSE,TRUE
3190,532738.5791,4419014.11,,FALSE,915.016441959968,FALSE,TRUE
3191,532763.5791,4419014.11,,FALSE,936.64776947211,FALSE,TRUE
3192,532788.5791,4419014.11,,FALSE,958.443007725069,FALSE,TRUE
3193,532813.5791,4419014.11,,FALSE,980.391225000038,FALSE,TRUE
3194,532838.5791,4419014.11,,FALSE,1002.48237343959,FALSE,TRUE
3195,532863.5791,4419014.11,,FALSE,1024.70720894169,FALSE,TRUE
3196,532888.5791,4419014.11,,FALSE,1047.05721861657,FALSE,TRUE
3197,532913.5791,4419014.11,,FALSE,1069.52455514451,FALSE,TRUE
3198,532938.5791,4419014.11,,FALSE,1086.46791165563,FALSE,TRUE
3199,532963.5791,4419014.11,,FALSE,1101.80146943873,FALSE,TRUE
3200,532988.5791,4419014.11,,FALSE,1117.4839744074,FALSE,TRUE
3201,531013.5791,4418989.11,,FALSE,1034.26384160772,FALSE,TRUE
3202,531038.5791,4418989.11,,FALSE,1011.68456005672,FALSE,TRUE
3203,531063.5791,4418989.11,,FALSE,989.221716329131,FALSE,TRUE
3204,531088.5791,4418989.11,,FALSE,966.883425784696,FALSE,TRUE
3205,531113.5791,4418989.11,,FALSE,944.678524185423,FALSE,TRUE
3206,531138.5791,4418989.11,,FALSE,922.61664252123,FALSE,TRUE
3207,531163.5791,4418989.11,,FALSE,900.70829021229,FALSE,TRUE
3208,531188.5791,4418989.11,,FALSE,878.964947570234,FALSE,TRUE
3209,531213.5791,4418989.11,,FALSE,857.399168449062,FALSE,TRUE
3210,531238.5791,4418989.11,,FALSE,836.024694047456,FALSE,TRUE
3211,531263.5791,4418989.11,,FALSE,814.856578826692,FALSE,TRUE
3212,531288.5791,4418989.11,,FALSE,793.91132946768,FALSE,TRUE
3213,531313.5791,4418989.11,,FALSE,773.207057687097,FALSE,TRUE
3214,531338.5791,4418989.11,,FALSE,752.763647539609,FALSE,TRUE
3215,531363.5791,4418989.11,,FALSE,732.602937516043,FALSE,TRUE
3216,531388.5791,4418989.11,,FALSE,712.748917261285,FALSE,TRUE
3217,531413.5791,4418989.11,,FALSE,693.227938024091,FALSE,TRUE
3218,531438.5791,4418989.11,,FALSE,674.06893494444,FALSE,TRUE
3219,531463.5791,4418989.11,,FALSE,655.303657900008,FALSE,TRUE
3220,531488.5791,4418989.11,,FALSE,636.966905778572,FALSE,TRUE
3221,531513.5791,4418989.11,,FALSE,619.096756619777,FALSE,TRUE
3222,531538.5791,4418989.11,,FALSE,601.734782987593,FALSE,TRUE
3223,531563.5791,4418989.11,,FALSE,584.9262381336,FALSE,TRUE
3224,531588.5791,4418989.11,,FALSE,568.720193994484,FALSE,TRUE
3225,531613.5791,4418989.11,,FALSE,553.169606953529,FALSE,TRUE
3226,531638.5791,4418989.11,,FALSE,538.33128188609,FALSE,TRUE
3227,531663.5791,4418989.11,,FALSE,524.26569986708,FALSE,TRUE
3228,531688.5791,4418989.11,,FALSE,511.036670951428,FALSE,TRUE
3229,531713.5791,4418989.11,,FALSE,498.710771948147,FALSE,TRUE
3230,531738.5791,4418989.11,,FALSE,487.356531768187,FALSE,TRUE
3231,531763.5791,4418989.11,,FALSE,477.043335617546,FALSE,TRUE
3232,531788.5791,4418989.11,,FALSE,467.840035757002,FALSE,TRUE
3233,531813.5791,4418989.11,,FALSE,459.813281731957,FALSE,TRUE
3234,531838.5791,4418989.11,,FALSE,453.025616336549,FALSE,TRUE
3235,531863.5791,4418989.11,,FALSE,447.533422279397,FALSE,TRUE
3236,531888.5791,4418989.11,,FALSE,443.384843061992,FALSE,TRUE
3237,531913.5791,4418989.11,,FALSE,440.617832205083,FALSE,TRUE
3238,531938.5791,4418989.11,,FALSE,439.258499129049,FALSE,TRUE
3239,531963.5791,4418989.11,,FALSE,439.319910836174,FALSE,TRUE
3240,531988.5791,4418989.11,,FALSE,440.801473519659,FALSE,TRUE
3241,532013.5791,4418989.11,,FALSE,443.688960936714,FALSE,TRUE
3242,532038.5791,4418989.11,,FALSE,447.955186438442,FALSE,TRUE
3243,532063.5791,4418989.11,,FALSE,453.561246202868,FALSE,TRUE
3244,532088.5791,4418989.11,,FALSE,460.458205548666,FALSE,TRUE
3245,532113.5791,4418989.11,,FALSE,468.589067368303,FALSE,TRUE
3246,532138.5791,4418989.11,,FALSE,477.890854753567,FALSE,TRUE
3247,532163.5791,4418989.11,,FALSE,488.296655791429,FALSE,TRUE
3248,532188.5791,4418989.11,,FALSE,499.737510156174,FALSE,TRUE
3249,532213.5791,4418989.11,,FALSE,512.144055961885,FALSE,TRUE
3250,532238.5791,4418989.11,,FALSE,525.447893760256,FALSE,TRUE
3251,532263.5791,4418989.11,,FALSE,539.582657298294,FALSE,TRUE
3252,532288.5791,4418989.11,,FALSE,554.48480507322,FALSE,TRUE
3253,532313.5791,4418989.11,,FALSE,570.094162447823,FALSE,TRUE
3254,532338.5791,4418989.11,,FALSE,586.35425218641,FALSE,TRUE
3255,532363.5791,4418989.11,,FALSE,603.212453499663,FALSE,TRUE
3256,532388.5791,4418989.11,,FALSE,620.620027921337,FALSE,TRUE
3257,532413.5791,4418989.11,,FALSE,638.532046225622,FALSE,TRUE
3258,532438.5791,4418989.11,,FALSE,656.907245398526,FALSE,TRUE
3259,532463.5791,4418989.11,,FALSE,675.707839274547,FALSE,TRUE
3260,532488.5791,4418989.11,,FALSE,694.899301379039,FALSE,TRUE
3261,532513.5791,4418989.11,,FALSE,714.450134059106,FALSE,TRUE
3262,532538.5791,4418989.11,,FALSE,734.331634247819,FALSE,TRUE
3263,532563.5791,4418989.11,,FALSE,754.517663184284,FALSE,TRUE
3264,532588.5791,4418989.11,,FALSE,774.984425041607,FALSE,TRUE
3265,532613.5791,4418989.11,,FALSE,795.710257604531,FALSE,TRUE
3266,532638.5791,4418989.11,,FALSE,816.67543679057,FALSE,TRUE
3267,532663.5791,4418989.11,,FALSE,837.861995830499,FALSE,TRUE
3268,532688.5791,4418989.11,,FALSE,859.253559234447,FALSE,TRUE
3269,532713.5791,4418989.11,,FALSE,880.835191200411,FALSE,TRUE
3270,532738.5791,4418989.11,,FALSE,902.593257817198,FALSE,TRUE
3271,532763.5791,4418989.11,,FALSE,924.515302229802,FALSE,TRUE
3272,532788.5791,4418989.11,,FALSE,946.589931837995,FALSE,TRUE
3273,532813.5791,4418989.11,,FALSE,968.80671656273,FALSE,TRUE
3274,532838.5791,4418989.11,,FALSE,991.156097220341,FALSE,TRUE
3275,532863.5791,4418989.11,,FALSE,1013.62930307734,FALSE,TRUE
3276,532888.5791,4418989.11,,FALSE,1036.21827770844,FALSE,TRUE
3277,532913.5791,4418989.11,,FALSE,1051.44094844044,FALSE,TRUE
3278,532938.5791,4418989.11,,FALSE,1066.69209383839,FALSE,TRUE
3279,532963.5791,4418989.11,,FALSE,1082.30586160167,FALSE,TRUE
3280,532988.5791,4418989.11,,FALSE,1098.26678592104,FALSE,TRUE
3281,531013.5791,4418964.11,,FALSE,1023.89999221464,FALSE,TRUE
3282,531038.5791,4418964.11,,FALSE,1001.08698376172,FALSE,TRUE
3283,531063.5791,4418964.11,,FALSE,978.380858386515,FALSE,TRUE
3284,531088.5791,4418964.11,,FALSE,955.789233595531,FALSE,TRUE
3285,531113.5791,4418964.11,,FALSE,933.320424107997,FALSE,TRUE
3286,531138.5791,4418964.11,,FALSE,910.983517445366,FALSE,TRUE
3287,531163.5791,4418964.11,,FALSE,888.788458553063,FALSE,TRUE
3288,531188.5791,4418964.11,,FALSE,866.746144529716,FALSE,TRUE
3289,531213.5791,4418964.11,,FALSE,844.868530634871,FALSE,TRUE
3290,531238.5791,4418964.11,,FALSE,823.168748834117,FALSE,TRUE
3291,531263.5791,4418964.11,,FALSE,801.661240211303,FALSE,TRUE
3292,531288.5791,4418964.11,,FALSE,780.361902617704,FALSE,TRUE
3293,531313.5791,4418964.11,,FALSE,759.288254918461,FALSE,TRUE
3294,531338.5791,4418964.11,,FALSE,738.4596191107,FALSE,TRUE
3295,531363.5791,4418964.11,,FALSE,717.897321388734,FALSE,TRUE
3296,531388.5791,4418964.11,,FALSE,697.624912870174,FALSE,TRUE
3297,531413.5791,4418964.11,,FALSE,677.668410107123,FALSE,TRUE
3298,531438.5791,4418964.11,,FALSE,658.056554603869,FALSE,TRUE
3299,531463.5791,4418964.11,,FALSE,638.821089239478,FALSE,TRUE
3300,531488.5791,4418964.11,,FALSE,619.997047619674,FALSE,TRUE
3301,531513.5791,4418964.11,,FALSE,601.623049805367,FALSE,TRUE
3302,531538.5791,4418964.11,,FALSE,583.741594420947,FALSE,TRUE
3303,531563.5791,4418964.11,,FALSE,566.399332677139,FALSE,TRUE
3304,531588.5791,4418964.11,,FALSE,549.647304238915,FALSE,TRUE
3305,531613.5791,4418964.11,,FALSE,533.541108122988,FALSE,TRUE
3306,531638.5791,4418964.11,,FALSE,518.140974115254,FALSE,TRUE
3307,531663.5791,4418964.11,,FALSE,503.511692075867,FALSE,TRUE
3308,531688.5791,4418964.11,,FALSE,489.722348945912,FALSE,TRUE
3309,531713.5791,4418964.11,,FALSE,476.845817908787,FALSE,TRUE
3310,531738.5791,4418964.11,,FALSE,464.95794332079,FALSE,TRUE
3311,531763.5791,4418964.11,,FALSE,454.136371651839,FALSE,TRUE
3312,531788.5791,4418964.11,,FALSE,444.458995923242,FALSE,TRUE
3313,531813.5791,4418964.11,,FALSE,436.002011528726,FALSE,TRUE
3314,531838.5791,4418964.11,,FALSE,428.837625514709,FALSE,TRUE
3315,531863.5791,4418964.11,,FALSE,423.031516623871,FALSE,TRUE
3316,531888.5791,4418964.11,,FALSE,418.640202389941,FALSE,TRUE
3317,531913.5791,4418964.11,,FALSE,415.708520549062,FALSE,TRUE
3318,531938.5791,4418964.11,,FALSE,414.267460775147,FALSE,TRUE
3319,531963.5791,4418964.11,,FALSE,414.33257663028,FALSE,TRUE
3320,531988.5791,4418964.11,,FALSE,415.903160672152,FALSE,TRUE
3321,532013.5791,4418964.11,,FALSE,418.96228238003,FALSE,TRUE
3322,532038.5791,4418964.11,,FALSE,423.477684249221,FALSE,TRUE
3323,532063.5791,4418964.11,,FALSE,429.403428091907,FALSE,TRUE
3324,532088.5791,4418964.11,,FALSE,436.682102973182,FALSE,TRUE
3325,532113.5791,4418964.11,,FALSE,445.247362773862,FALSE,TRUE
3326,532138.5791,4418964.11,,FALSE,455.02655862826,FALSE,TRUE
3327,532163.5791,4418964.11,,FALSE,465.943262701669,FALSE,TRUE
3328,532188.5791,4418964.11,,FALSE,477.919531989513,FALSE,TRUE
3329,532213.5791,4418964.11,,FALSE,490.877819887061,FALSE,TRUE
3330,532238.5791,4418964.11,,FALSE,504.742497771955,FALSE,TRUE
3331,532263.5791,4418964.11,,FALSE,519.440991891351,FALSE,TRUE
3332,532288.5791,4418964.11,,FALSE,534.90457004691,FALSE,TRUE
3333,532313.5791,4418964.11,,FALSE,551.068828783727,FALSE,TRUE
3334,532338.5791,4418964.11,,FALSE,567.873937645555,FALSE,TRUE
3335,532363.5791,4418964.11,,FALSE,585.264695720719,FALSE,TRUE
3336,532388.5791,4418964.11,,FALSE,603.190450071173,FALSE,TRUE
3337,532413.5791,4418964.11,,FALSE,621.604917980113,FALSE,TRUE
3338,532438.5791,4418964.11,,FALSE,640.465946836412,FALSE,TRUE
3339,532463.5791,4418964.11,,FALSE,659.735237847017,FALSE,TRUE
3340,532488.5791,4418964.11,,FALSE,679.37805311701,FALSE,TRUE
3341,532513.5791,4418964.11,,FALSE,699.362920133072,FALSE,TRUE
3342,532538.5791,4418964.11,,FALSE,719.6613433116,FALSE,TRUE
3343,532563.5791,4418964.11,,FALSE,740.247528909793,FALSE,TRUE
3344,532588.5791,4418964.11,,FALSE,761.098127088126,FALSE,TRUE
3345,532613.5791,4418964.11,,FALSE,782.191993091883,FALSE,TRUE
3346,532638.5791,4418964.11,,FALSE,803.509968237514,FALSE,TRUE
3347,532663.5791,4418964.11,,FALSE,825.034680517765,FALSE,TRUE
3348,532688.5791,4418964.11,,FALSE,846.750364072581,FALSE,TRUE
3349,532713.5791,4418964.11,,FALSE,868.642696427621,FALSE,TRUE
3350,532738.5791,4418964.11,,FALSE,890.698652214679,FALSE,TRUE
3351,532763.5791,4418964.11,,FALSE,912.90637201032,FALSE,TRUE
3352,532788.5791,4418964.11,,FALSE,935.255044924668,FALSE,TRUE
3353,532813.5791,4418964.11,,FALSE,957.734803615825,FALSE,TRUE
3354,532838.5791,4418964.11,,FALSE,980.336630478042,FALSE,TRUE
3355,532863.5791,4418964.11,,FALSE,1001.66843718734,FALSE,TRUE
3356,532888.5791,4418964.11,,FALSE,1016.43672358752,FALSE,TRUE
3357,532913.5791,4418964.11,,FALSE,1031.59951922116,FALSE,TRUE
3358,532938.5791,4418964.11,,FALSE,1047.13968650669,FALSE,TRUE
3359,532963.5791,4418964.11,,FALSE,1063.04067563632,FALSE,TRUE
3360,532988.5791,4418964.11,,FALSE,1079.28653890305,FALSE,TRUE
3361,531013.5791,4418939.11,,FALSE,1014.04669224702,FALSE,TRUE
3362,531038.5791,4418939.11,,FALSE,991.006886483196,FALSE,TRUE
3363,531063.5791,4418939.11,,FALSE,968.064359460216,FALSE,TRUE
3364,531088.5791,4418939.11,,FALSE,945.226194652432,FALSE,TRUE
3365,531113.5791,4418939.11,,FALSE,922.500143120376,FALSE,TRUE
3366,531138.5791,4418939.11,,FALSE,899.894698871548,FALSE,TRUE
3367,531163.5791,4418939.11,,FALSE,877.419183775413,FALSE,TRUE
3368,531188.5791,4418939.11,,FALSE,855.083843290885,FALSE,TRUE
3369,531213.5791,4418939.11,,FALSE,832.899954410558,FALSE,TRUE
3370,531238.5791,4418939.11,,FALSE,810.879947376372,FALSE,TRUE
3371,531263.5791,4418939.11,,FALSE,789.037542869227,FALSE,TRUE
3372,531288.5791,4418939.11,,FALSE,767.387906509547,FALSE,TRUE
3373,531313.5791,4418939.11,,FALSE,745.947822610338,FALSE,TRUE
3374,531338.5791,4418939.11,,FALSE,724.73588917419,FALSE,TRUE
3375,531363.5791,4418939.11,,FALSE,703.77273608538,FALSE,TRUE
3376,531388.5791,4418939.11,,FALSE,683.081268266888,FALSE,TRUE
3377,531413.5791,4418939.11,,FALSE,662.686935179123,FALSE,TRUE
3378,531438.5791,4418939.11,,FALSE,642.618027335911,FALSE,TRUE
3379,531463.5791,4418939.11,,FALSE,622.905999374783,FALSE,TRUE
3380,531488.5791,4418939.11,,FALSE,603.585817475109,FALSE,TRUE
3381,531513.5791,4418939.11,,FALSE,584.696326358473,FALSE,TRUE
3382,531538.5791,4418939.11,,FALSE,566.28062747819,FALSE,TRUE
3383,531563.5791,4418939.11,,FALSE,548.38645502701,FALSE,TRUE
3384,531588.5791,4418939.11,,FALSE,531.066529784254,FALSE,TRUE
3385,531613.5791,4418939.11,,FALSE,514.378862373921,FALSE,TRUE
3386,531638.5791,4418939.11,,FALSE,498.386967182216,FALSE,TRUE
3387,531663.5791,4418939.11,,FALSE,483.159936312073,FALSE,TRUE
3388,531688.5791,4418939.11,,FALSE,468.772310463283,FALSE,TRUE
3389,531713.5791,4418939.11,,FALSE,455.303672351853,FALSE,TRUE
3390,531738.5791,4418939.11,,FALSE,442.837881235427,FALSE,TRUE
3391,531763.5791,4418939.11,,FALSE,431.46186860148,FALSE,TRUE
3392,531788.5791,4418939.11,,FALSE,421.263930401215,FALSE,TRUE
3393,531813.5791,4418939.11,,FALSE,412.331485648475,FALSE,TRUE
3394,531838.5791,4418939.11,,FALSE,404.74832804729,FALSE,TRUE
3395,531863.5791,4418939.11,,FALSE,398.591475143505,FALSE,TRUE
3396,531888.5791,4418939.11,,FALSE,393.927809448729,FALSE,TRUE
3397,531913.5791,4418939.11,,FALSE,390.81079060982,FALSE,TRUE
3398,531938.5791,4418939.11,,FALSE,389.277573277824,FALSE,TRUE
3399,531963.5791,4418939.11,,FALSE,389.346868559476,FALSE,TRUE
3400,531988.5791,4418939.11,,FALSE,391.017824474881,FALSE,TRUE
3401,532013.5791,4418939.11,,FALSE,394.270077557336,FALSE,TRUE
3402,532038.5791,4418939.11,,FALSE,399.064968466372,FALSE,TRUE
3403,532063.5791,4418939.11,,FALSE,405.347756940957,FALSE,TRUE
3404,532088.5791,4418939.11,,FALSE,413.050552665244,FALSE,TRUE
3405,532113.5791,4418939.11,,FALSE,422.095621935436,FALSE,TRUE
3406,532138.5791,4418939.11,,FALSE,432.398738500774,FALSE,TRUE
3407,532163.5791,4418939.11,,FALSE,443.872306026249,FALSE,TRUE
3408,532188.5791,4418939.11,,FALSE,456.428065588717,FALSE,TRUE
3409,532213.5791,4418939.11,,FALSE,469.979291093828,FALSE,TRUE
3410,532238.5791,4418939.11,,FALSE,484.442451749489,FALSE,TRUE
3411,532263.5791,4418939.11,,FALSE,499.738375609733,FALSE,TRUE
3412,532288.5791,4418939.11,,FALSE,515.79298081406,FALSE,TRUE
3413,532313.5791,4418939.11,,FALSE,532.537655060233,FALSE,TRUE
3414,532338.5791,4418939.11,,FALSE,549.909364402035,FALSE,TRUE
3415,532363.5791,4418939.11,,FALSE,567.850564899824,FALSE,TRUE
3416,532388.5791,4418939.11,,FALSE,586.308979171433,FALSE,TRUE
3417,532413.5791,4418939.11,,FALSE,605.23728739813,FALSE,TRUE
3418,532438.5791,4418939.11,,FALSE,624.592770576994,FALSE,TRUE
3419,532463.5791,4418939.11,,FALSE,644.33693364345,FALSE,TRUE
3420,532488.5791,4418939.11,,FALSE,664.435127801836,FALSE,TRUE
3421,532513.5791,4418939.11,,FALSE,684.856184944723,FALSE,TRUE
3422,532538.5791,4418939.11,,FALSE,705.572072191806,FALSE,TRUE
3423,532563.5791,4418939.11,,FALSE,726.557571054792,FALSE,TRUE
3424,532588.5791,4418939.11,,FALSE,747.78998325535,FALSE,TRUE
3425,532613.5791,4418939.11,,FALSE,769.248863539645,FALSE,TRUE
3426,532638.5791,4418939.11,,FALSE,790.915778738188,FALSE,TRUE
3427,532663.5791,4418939.11,,FALSE,812.774091649724,FALSE,TRUE
3428,532688.5791,4418939.11,,FALSE,834.808767956489,FALSE,TRUE
3429,532713.5791,4418939.11,,FALSE,857.006204211516,FALSE,TRUE
3430,532738.5791,4418939.11,,FALSE,879.354074907843,FALSE,TRUE
3431,532763.5791,4418939.11,,FALSE,901.84119669542,FALSE,TRUE
3432,532788.5791,4418939.11,,FALSE,924.457407919384,FALSE,TRUE
3433,532813.5791,4418939.11,,FALSE,947.193461789631,FALSE,TRUE
3434,532838.5791,4418939.11,,FALSE,966.801532403269,FALSE,TRUE
3435,532863.5791,4418939.11,,FALSE,981.457670028264,FALSE,TRUE
3436,532888.5791,4418939.11,,FALSE,996.525520524842,FALSE,TRUE
3437,532913.5791,4418939.11,,FALSE,1011.98669361672,FALSE,TRUE
3438,532938.5791,4418939.11,,FALSE,1027.82343963217,FALSE,TRUE
3439,532963.5791,4418939.11,,FALSE,1044.01866748507,FALSE,TRUE
3440,532988.5791,4418939.11,,FALSE,1060.55595470362,FALSE,TRUE
3441,531013.5791,4418914.11,,FALSE,1004.71896272396,FALSE,TRUE
3442,531038.5791,4418914.11,,FALSE,981.460212671457,FALSE,TRUE
3443,531063.5791,4418914.11,,FALSE,958.289154721633,FALSE,TRUE
3444,531088.5791,4418914.11,,FALSE,935.212306942707,FALSE,TRUE
3445,531113.5791,4418914.11,,FALSE,912.236819064599,FALSE,TRUE
3446,531138.5791,4418914.11,,FALSE,889.370546542383,FALSE,TRUE
3447,531163.5791,4418914.11,,FALSE,866.622134529863,FALSE,TRUE
3448,531188.5791,4418914.11,,FALSE,844.001113184748,FALSE,TRUE
3449,531213.5791,4418914.11,,FALSE,821.518005923847,FALSE,TRUE
3450,531238.5791,4418914.11,,FALSE,799.184452462066,FALSE,TRUE
3451,531263.5791,4418914.11,,FALSE,777.013348699423,FALSE,TRUE
3452,531288.5791,4418914.11,,FALSE,755.019005758855,FALSE,TRUE
3453,531313.5791,4418914.11,,FALSE,733.217330712448,FALSE,TRUE
3454,531338.5791,4418914.11,,FALSE,711.626031744965,FALSE,TRUE
3455,531363.5791,4418914.11,,FALSE,690.264850660299,FALSE,TRUE
3456,531388.5791,4418914.11,,FALSE,669.155825691657,FALSE,TRUE
3457,531413.5791,4418914.11,,FALSE,648.32358746006,FALSE,TRUE
3458,531438.5791,4418914.11,,FALSE,627.795690537201,FALSE,TRUE
3459,531463.5791,4418914.11,,FALSE,607.602982264801,FALSE,TRUE
3460,531488.5791,4418914.11,,FALSE,587.780009065533,FALSE,TRUE
3461,531513.5791,4418914.11,,FALSE,568.365458184325,FALSE,TRUE
3462,531538.5791,4418914.11,,FALSE,549.402629277542,FALSE,TRUE
3463,531563.5791,4418914.11,,FALSE,530.939925092354,FALSE,TRUE
3464,531588.5791,4418914.11,,FALSE,513.03134315271,FALSE,TRUE
3465,531613.5791,4418914.11,,FALSE,495.736940379746,FALSE,TRUE
3466,531638.5791,4418914.11,,FALSE,479.123229511021,FALSE,TRUE
3467,531663.5791,4418914.11,,FALSE,463.263449947294,FALSE,TRUE
3468,531688.5791,4418914.11,,FALSE,448.237636814523,FALSE,TRUE
3469,531713.5791,4418914.11,,FALSE,434.13239231491,FALSE,TRUE
3470,531738.5791,4418914.11,,FALSE,421.040246362584,FALSE,TRUE
3471,531763.5791,4418914.11,,FALSE,409.058484885797,FALSE,TRUE
3472,531788.5791,4418914.11,,FALSE,398.287332282942,FALSE,TRUE
3473,531813.5791,4418914.11,,FALSE,388.827409086681,FALSE,TRUE
3474,531838.5791,4418914.11,,FALSE,380.776455492012,FALSE,TRUE
3475,531863.5791,4418914.11,,FALSE,374.225418774645,FALSE,TRUE
3476,531888.5791,4418914.11,,FALSE,369.25413884892,FALSE,TRUE
3477,531913.5791,4418914.11,,FALSE,365.927006460382,FALSE,TRUE
3478,531938.5791,4418914.11,,FALSE,364.289073480189,FALSE,TRUE
3479,531963.5791,4418914.11,,FALSE,364.363121153957,FALSE,TRUE
3480,531988.5791,4418914.11,,FALSE,366.148110819996,FALSE,TRUE
3481,532013.5791,4418914.11,,FALSE,369.61925552797,FALSE,TRUE
3482,532038.5791,4418914.11,,FALSE,374.72970132757,FALSE,TRUE
3483,532063.5791,4418914.11,,FALSE,381.413560400057,FALSE,TRUE
3484,532088.5791,4418914.11,,FALSE,389.589860054195,FALSE,TRUE
3485,532113.5791,4418914.11,,FALSE,399.166900001798,FALSE,TRUE
3486,532138.5791,4418914.11,,FALSE,410.046544988547,FALSE,TRUE
3487,532163.5791,4418914.11,,FALSE,422.128089632807,FALSE,TRUE
3488,532188.5791,4418914.11,,FALSE,435.311473610611,FALSE,TRUE
3489,532213.5791,4418914.11,,FALSE,449.499759796421,FALSE,TRUE
3490,532238.5791,4418914.11,,FALSE,464.600892225832,FALSE,TRUE
3491,532263.5791,4418914.11,,FALSE,480.528817093249,FALSE,TRUE
3492,532288.5791,4418914.11,,FALSE,497.204081899009,FALSE,TRUE
3493,532313.5791,4418914.11,,FALSE,514.554034147081,FALSE,TRUE
3494,532338.5791,4418914.11,,FALSE,532.512731356757,FALSE,TRUE
3495,532363.5791,4418914.11,,FALSE,551.020656651847,FALSE,TRUE
3496,532388.5791,4418914.11,,FALSE,570.024314443718,FALSE,TRUE
3497,532413.5791,4418914.11,,FALSE,589.475762060689,FALSE,TRUE
3498,532438.5791,4418914.11,,FALSE,609.33211720459,FALSE,TRUE
3499,532463.5791,4418914.11,,FALSE,629.555068327646,FALSE,TRUE
3500,532488.5791,4418914.11,,FALSE,650.110405282846,FALSE,TRUE
3501,532513.5791,4418914.11,,FALSE,670.96758048137,FALSE,TRUE
3502,532538.5791,4418914.11,,FALSE,692.099305777013,FALSE,TRUE
3503,532563.5791,4418914.11,,FALSE,713.48118689775,FALSE,TRUE
3504,532588.5791,4418914.11,,FALSE,735.091395036713,FALSE,TRUE
3505,532613.5791,4418914.11,,FALSE,756.910373860089,FALSE,TRUE
3506,532638.5791,4418914.11,,FALSE,778.920579428364,FALSE,TRUE
3507,532663.5791,4418914.11,,FALSE,801.10625016724,FALSE,TRUE
3508,532688.5791,4418914.11,,FALSE,823.45320392662,FALSE,TRUE
3509,532713.5791,4418914.11,,FALSE,845.948659232352,FALSE,TRUE
3510,532738.5791,4418914.11,,FALSE,868.581077998486,FALSE,TRUE
3511,532763.5791,4418914.11,,FALSE,891.340027182114,FALSE,TRUE
3512,532788.5791,4418914.11,,FALSE,914.216057098654,FALSE,TRUE
3513,532813.5791,4418914.11,,FALSE,931.971430923338,FALSE,TRUE
3514,532838.5791,4418914.11,,FALSE,946.506578454314,FALSE,TRUE
3515,532863.5791,4418914.11,,FALSE,961.472130671135,FALSE,TRUE
3516,532888.5791,4418914.11,,FALSE,976.848306062559,FALSE,TRUE
3517,532913.5791,4418914.11,,FALSE,992.616022466537,FALSE,TRUE
3518,532938.5791,4418914.11,,FALSE,1008.75691970726,FALSE,TRUE
3519,532963.5791,4418914.11,,FALSE,1025.25337261444,FALSE,TRUE
3520,532988.5791,4418914.11,,FALSE,1042.08849578972,FALSE,TRUE
3521,531013.5791,4418889.11,,FALSE,995.931570971162,FALSE,TRUE
3522,531038.5791,4418889.11,,FALSE,972.462672320684,FALSE,TRUE
3523,531063.5791,4418889.11,,FALSE,949.071969903803,FALSE,TRUE
3524,531088.5791,4418889.11,,FALSE,925.765390937187,FALSE,TRUE
3525,531113.5791,4418889.11,,FALSE,902.549452416366,FALSE,TRUE
3526,531138.5791,4418889.11,,FALSE,879.431332769694,FALSE,TRUE
3527,531163.5791,4418889.11,,FALSE,856.418953583513,FALSE,TRUE
3528,531188.5791,4418889.11,,FALSE,833.521072953214,FALSE,TRUE
3529,531213.5791,4418889.11,,FALSE,810.747392260423,FALSE,TRUE
3530,531238.5791,4418889.11,,FALSE,788.108678455627,FALSE,TRUE
3531,531263.5791,4418889.11,,FALSE,765.616904239368,FALSE,TRUE
3532,531288.5791,4418889.11,,FALSE,743.285408882128,FALSE,TRUE
3533,531313.5791,4418889.11,,FALSE,721.129082797991,FALSE,TRUE
3534,531338.5791,4418889.11,,FALSE,699.164579378182,FALSE,TRUE
3535,531363.5791,4418889.11,,FALSE,677.410557975788,FALSE,TRUE
3536,531388.5791,4418889.11,,FALSE,655.887962274859,FALSE,TRUE
3537,531413.5791,4418889.11,,FALSE,634.620338515136,FALSE,TRUE
3538,531438.5791,4418889.11,,FALSE,613.63419808308,FALSE,TRUE
3539,531463.5791,4418889.11,,FALSE,592.959428677092,FALSE,TRUE
3540,531488.5791,4418889.11,,FALSE,572.629757397449,FALSE,TRUE
3541,531513.5791,4418889.11,,FALSE,552.683267393776,FALSE,TRUE
3542,531538.5791,4418889.11,,FALSE,533.162966696918,FALSE,TRUE
3543,531563.5791,4418889.11,,FALSE,514.117402989879,FALSE,TRUE
3544,531588.5791,4418889.11,,FALSE,495.601310588518,FALSE,TRUE
3545,531613.5791,4418889.11,,FALSE,477.676264908625,FALSE,TRUE
3546,531638.5791,4418889.11,,FALSE,460.411304223793,FALSE,TRUE
3547,531663.5791,4418889.11,,FALSE,443.883457742066,FALSE,TRUE
3548,531688.5791,4418889.11,,FALSE,428.17809268697,FALSE,TRUE
3549,531713.5791,4418889.11,,FALSE,413.388962185797,FALSE,TRUE
3550,531738.5791,4418889.11,,FALSE,399.617803728824,FALSE,TRUE
3551,531763.5791,4418889.11,,FALSE,386.973311814972,FALSE,TRUE
3552,531788.5791,4418889.11,,FALSE,375.5692999395,FALSE,TRUE
3553,531813.5791,4418889.11,,FALSE,365.521892719225,FALSE,TRUE
3554,531838.5791,4418889.11,,FALSE,356.945666813653,FALSE,TRUE
3555,531863.5791,4418889.11,,FALSE,349.94880205116,FALSE,TRUE
3556,531888.5791,4418889.11,,FALSE,344.627507690609,FALSE,TRUE
3557,531913.5791,4418889.11,,FALSE,341.060220572613,FALSE,TRUE
3558,531938.5791,4418889.11,,FALSE,339.302267980982,FALSE,TRUE
3559,531963.5791,4418889.11,,FALSE,339.381767419873,FALSE,TRUE
3560,531988.5791,4418889.11,,FALSE,341.297434882003,FALSE,TRUE
3561,532013.5791,4418889.11,,FALSE,345.018686533112,FALSE,TRUE
3562,532038.5791,4418889.11,,FALSE,350.48801556834,FALSE,TRUE
3563,532063.5791,4418889.11,,FALSE,357.625228496301,FALSE,TRUE
3564,532088.5791,4418889.11,,FALSE,366.332852822444,FALSE,TRUE
3565,532113.5791,4418889.11,,FALSE,376.501944293823,FALSE,TRUE
3566,532138.5791,4418889.11,,FALSE,388.017614364384,FALSE,TRUE
3567,532163.5791,4418889.11,,FALSE,400.763800831645,FALSE,TRUE
3568,532188.5791,4418889.11,,FALSE,414.627036090297,FALSE,TRUE
3569,532213.5791,4418889.11,,FALSE,429.499166538217,FALSE,TRUE
3570,532238.5791,4418889.11,,FALSE,445.279113654595,FALSE,TRUE
3571,532263.5791,4418889.11,,FALSE,461.87383997908,FALSE,TRUE
3572,532288.5791,4418889.11,,FALSE,479.198705191301,FALSE,TRUE
3573,532313.5791,4418889.11,,FALSE,497.177386912376,FALSE,TRUE
3574,532338.5791,4418889.11,,FALSE,515.741513800292,FALSE,TRUE
3575,532363.5791,4418889.11,,FALSE,534.830126355103,FALSE,TRUE
3576,532388.5791,4418889.11,,FALSE,554.389050267963,FALSE,TRUE
3577,532413.5791,4418889.11,,FALSE,574.370241270396,FALSE,TRUE
3578,532438.5791,4418889.11,,FALSE,594.731140144025,FALSE,TRUE
3579,532463.5791,4418889.11,,FALSE,615.434061502132,FALSE,TRUE
3580,532488.5791,4418889.11,,FALSE,636.445629301521,FALSE,TRUE
3581,532513.5791,4418889.11,,FALSE,657.736264818208,FALSE,TRUE
3582,532538.5791,4418889.11,,FALSE,679.279728136359,FALSE,TRUE
3583,532563.5791,4418889.11,,FALSE,701.052711325621,FALSE,TRUE
3584,532588.5791,4418889.11,,FALSE,723.034479853488,FALSE,TRUE
3585,532613.5791,4418889.11,,FALSE,745.206557980405,FALSE,TRUE
3586,532638.5791,4418889.11,,FALSE,767.552453619296,FALSE,TRUE
3587,532663.5791,4418889.11,,FALSE,790.057418202626,FALSE,TRUE
3588,532688.5791,4418889.11,,FALSE,812.70823735028,FALSE,TRUE
3589,532713.5791,4418889.11,,FALSE,835.493048479158,FALSE,TRUE
3590,532738.5791,4418889.11,,FALSE,858.401181882339,FALSE,TRUE
3591,532763.5791,4418889.11,,FALSE,881.423022195923,FALSE,TRUE
3592,532788.5791,4418889.11,,FALSE,897.182419052713,FALSE,TRUE
3593,532813.5791,4418889.11,,FALSE,911.586665137922,FALSE,TRUE
3594,532838.5791,4418889.11,,FALSE,926.441688967674,FALSE,TRUE
3595,532863.5791,4418889.11,,FALSE,941.726158741104,FALSE,TRUE
3596,532888.5791,4418889.11,,FALSE,957.419507351544,FALSE,TRUE
3597,532913.5791,4418889.11,,FALSE,973.501960993029,FALSE,TRUE
3598,532938.5791,4418889.11,,FALSE,989.954556056626,FALSE,TRUE
3599,532963.5791,4418889.11,,FALSE,1006.7591460013,FALSE,TRUE
3600,532988.5791,4418889.11,,FALSE,1023.89839977278,FALSE,TRUE
3601,531013.5791,4418864.11,,FALSE,987.698938977394,FALSE,TRUE
3602,531038.5791,4418864.11,,FALSE,964.029641171406,FALSE,TRUE
3603,531063.5791,4418864.11,,FALSE,940.429212677418,FALSE,TRUE
3604,531088.5791,4418864.11,,FALSE,916.90297145176,FALSE,TRUE
3605,531113.5791,4418864.11,,FALSE,893.456777945674,FALSE,TRUE
3606,531138.5791,4418864.11,,FALSE,870.097103234497,FALSE,TRUE
3607,531163.5791,4418864.11,,FALSE,846.831107161908,FALSE,TRUE
3608,531188.5791,4418864.11,,FALSE,823.666728147411,FALSE,TRUE
3609,531213.5791,4418864.11,,FALSE,800.612786593531,FALSE,TRUE
3610,531238.5791,4418864.11,,FALSE,777.679104166402,FALSE,TRUE
3611,531263.5791,4418864.11,,FALSE,754.876641615739,FALSE,TRUE
3612,531288.5791,4418864.11,,FALSE,732.217658252692,FALSE,TRUE
3613,531313.5791,4418864.11,,FALSE,709.715896719986,FALSE,TRUE
3614,531338.5791,4418864.11,,FALSE,687.38679726705,FALSE,TRUE
3615,531363.5791,4418864.11,,FALSE,665.247746375027,FALSE,TRUE
3616,531388.5791,4418864.11,,FALSE,643.318365241542,FALSE,TRUE
3617,531413.5791,4418864.11,,FALSE,621.620844290995,FALSE,TRUE
3618,531438.5791,4418864.11,,FALSE,600.180330448314,FALSE,TRUE
3619,531463.5791,4418864.11,,FALSE,579.025374277368,FALSE,TRUE
3620,531488.5791,4418864.11,,FALSE,558.188444037536,FALSE,TRUE
3621,531513.5791,4418864.11,,FALSE,537.706512939023,FALSE,TRUE
3622,531538.5791,4418864.11,,FALSE,517.621723903704,FALSE,TRUE
3623,531563.5791,4418864.11,,FALSE,497.982132266853,FALSE,TRUE
3624,531588.5791,4418864.11,,FALSE,478.842520101379,FALSE,TRUE
3625,531613.5791,4418864.11,,FALSE,460.265264882153,FALSE,TRUE
3626,531638.5791,4418864.11,,FALSE,442.321228359025,FALSE,TRUE
3627,531663.5791,4418864.11,,FALSE,425.090606879329,FALSE,TRUE
3628,531688.5791,4418864.11,,FALSE,408.663650276159,FALSE,TRUE
3629,531713.5791,4418864.11,,FALSE,393.141112142998,FALSE,TRUE
3630,531738.5791,4418864.11,,FALSE,378.63424179151,FALSE,TRUE
3631,531763.5791,4418864.11,,FALSE,365.264074413335,FALSE,TRUE
3632,531788.5791,4418864.11,,FALSE,353.159735894438,FALSE,TRUE
3633,531813.5791,4418864.11,,FALSE,342.455477481421,FALSE,TRUE
3634,531838.5791,4418864.11,,FALSE,333.286226923686,FALSE,TRUE
3635,531863.5791,4418864.11,,FALSE,325.781620195224,FALSE,TRUE
3636,531888.5791,4418864.11,,FALSE,320.058774379057,FALSE,TRUE
3637,531913.5791,4418864.11,,FALSE,316.214443150566,FALSE,TRUE
3638,531938.5791,4418864.11,,FALSE,314.31756084734,FALSE,TRUE
3639,531963.5791,4418864.11,,FALSE,314.40337793513,FALSE,TRUE
3640,531988.5791,4418864.11,,FALSE,316.470281475242,FALSE,TRUE
3641,532013.5791,4418864.11,,FALSE,320.479943299136,FALSE,TRUE
3642,532038.5791,4418864.11,,FALSE,326.360765192472,FALSE,TRUE
3643,532063.5791,4418864.11,,FALSE,334.013927938663,FALSE,TRUE
3644,532088.5791,4418864.11,,FALSE,343.320927205164,FALSE,TRUE
3645,532113.5791,4418864.11,,FALSE,354.151399908305,FALSE,TRUE
3646,532138.5791,4418864.11,,FALSE,366.370262244373,FALSE,TRUE
3647,532163.5791,4418864.11,,FALSE,379.843552080339,FALSE,TRUE
3648,532188.5791,4418864.11,,FALSE,394.442744966881,FALSE,TRUE
3649,532213.5791,4418864.11,,FALSE,410.047599745452,FALSE,TRUE
3650,532238.5791,4418864.11,,FALSE,426.547757064793,FALSE,TRUE
3651,532263.5791,4418864.11,,FALSE,443.843377845163,FALSE,TRUE
3652,532288.5791,4418864.11,,FALSE,461.845102882993,FALSE,TRUE
3653,532313.5791,4418864.11,,FALSE,480.473572693651,FALSE,TRUE
3654,532338.5791,4418864.11,,FALSE,499.658692566236,FALSE,TRUE
3655,532363.5791,4418864.11,,FALSE,519.338775807275,FALSE,TRUE
3656,532388.5791,4418864.11,,FALSE,539.459654707372,FALSE,TRUE
3657,532413.5791,4418864.11,,FALSE,559.973815510151,FALSE,TRUE
3658,532438.5791,4418864.11,,FALSE,580.83958978103,FALSE,TRUE
3659,532463.5791,4418864.11,,FALSE,602.02041830572,FALSE,TRUE
3660,532488.5791,4418864.11,,FALSE,623.484193109169,FALSE,TRUE
3661,532513.5791,4418864.11,,FALSE,645.202676728011,FALSE,TRUE
3662,532538.5791,4418864.11,,FALSE,667.150994196209,FALSE,TRUE
3663,532563.5791,4418864.11,,FALSE,689.307191357372,FALSE,TRUE
3664,532588.5791,4418864.11,,FALSE,711.651852422929,FALSE,TRUE
3665,532613.5791,4418864.11,,FALSE,734.167769693675,FALSE,TRUE
3666,532638.5791,4418864.11,,FALSE,756.839658750111,FALSE,TRUE
3667,532663.5791,4418864.11,,FALSE,779.653913000495,FALSE,TRUE
3668,532688.5791,4418864.11,,FALSE,802.59839213456,FALSE,TRUE
3669,532713.5791,4418864.11,,FALSE,825.662239694283,FALSE,TRUE
3670,532738.5791,4418864.11,,FALSE,848.674191346281,FALSE,TRUE
3671,532763.5791,4418864.11,,FALSE,862.4394692135,FALSE,TRUE
3672,532788.5791,4418864.11,,FALSE,876.701655671564,FALSE,TRUE
3673,532813.5791,4418864.11,,FALSE,891.436900771592,FALSE,TRUE
3674,532838.5791,4418864.11,,FALSE,906.622139072976,FALSE,TRUE
3675,532863.5791,4418864.11,,FALSE,922.235142497432,FALSE,TRUE
3676,532888.5791,4418864.11,,FALSE,938.254556640817,FALSE,TRUE
3677,532913.5791,4418864.11,,FALSE,954.659922724975,FALSE,TRUE
3678,532938.5791,4418864.11,,FALSE,971.431687282875,FALSE,TRUE
3679,532963.5791,4418864.11,,FALSE,988.551201535486,FALSE,TRUE
3680,532988.5791,4418864.11,,FALSE,1006.00071225484,FALSE,TRUE
3681,531013.5791,4418839.11,,FALSE,980.0350473616,FALSE,TRUE
3682,531038.5791,4418839.11,,FALSE,956.176055471508,FALSE,TRUE
3683,531063.5791,4418839.11,,FALSE,932.376857315244,FALSE,TRUE
3684,531088.5791,4418839.11,,FALSE,908.64215126586,FALSE,TRUE
3685,531113.5791,4418839.11,,FALSE,884.977126290306,FALSE,TRUE
3686,531138.5791,4418839.11,,FALSE,861.387525482606,FALSE,TRUE
3687,531163.5791,4418839.11,,FALSE,837.87971932554,FALSE,TRUE
3688,531188.5791,4418839.11,,FALSE,814.460790374248,FALSE,TRUE
3689,531213.5791,4418839.11,,FALSE,791.138631376981,FALSE,TRUE
3690,531238.5791,4418839.11,,FALSE,767.922059233254,FALSE,TRUE
3691,531263.5791,4418839.11,,FALSE,744.820947649192,FALSE,TRUE
3692,531288.5791,4418839.11,,FALSE,721.84638189648,FALSE,TRUE
3693,531313.5791,4418839.11,,FALSE,699.010839727852,FALSE,TRUE
3694,531338.5791,4418839.11,,FALSE,676.328403260602,FALSE,TRUE
3695,531363.5791,4418839.11,,FALSE,653.815007518973,FALSE,TRUE
3696,531388.5791,4418839.11,,FALSE,631.488732327849,FALSE,TRUE
3697,531413.5791,4418839.11,,FALSE,609.370145360792,FALSE,TRUE
3698,531438.5791,4418839.11,,FALSE,587.482705325894,FALSE,TRUE
3699,531463.5791,4418839.11,,FALSE,565.853235439217,FALSE,TRUE
3700,531488.5791,4418839.11,,FALSE,544.512478329954,FALSE,TRUE
3701,531513.5791,4418839.11,,FALSE,523.495744067731,FALSE,TRUE
3702,531538.5791,4418839.11,,FALSE,502.843662639817,FALSE,TRUE
3703,531563.5791,4418839.11,,FALSE,482.603050194489,FALSE,TRUE
3704,531588.5791,4418839.11,,FALSE,462.827893559823,FALSE,TRUE
3705,531613.5791,4418839.11,,FALSE,443.580448235742,FALSE,TRUE
3706,531638.5791,4418839.11,,FALSE,424.932428813124,FALSE,TRUE
3707,531663.5791,4418839.11,,FALSE,406.966244370487,FALSE,TRUE
3708,531688.5791,4418839.11,,FALSE,389.776190982746,FALSE,TRUE
3709,531713.5791,4418839.11,,FALSE,373.469455319999,FALSE,TRUE
3710,531738.5791,4418839.11,,FALSE,358.166705679094,FALSE,TRUE
3711,531763.5791,4418839.11,,FALSE,344.001953565694,FALSE,TRUE
3712,531788.5791,4418839.11,,FALSE,331.12127545208,FALSE,TRUE
3713,531813.5791,4418839.11,,FALSE,319.679924388459,FALSE,TRUE
3714,531838.5791,4418839.11,,FALSE,309.837391315202,FALSE,TRUE
3715,531863.5791,4418839.11,,FALSE,301.75016828,FALSE,TRUE
3716,531888.5791,4418839.11,,FALSE,295.562377607515,FALSE,TRUE
3717,531913.5791,4418839.11,,FALSE,291.395048099665,FALSE,TRUE
3718,531938.5791,4418839.11,,FALSE,289.335495674147,FALSE,TRUE
3719,531963.5791,4418839.11,,FALSE,289.428720166129,FALSE,TRUE
3720,531988.5791,4418839.11,,FALSE,291.672657369528,FALSE,TRUE
3721,532013.5791,4418839.11,,FALSE,296.018401551323,FALSE,TRUE
3722,532038.5791,4418839.11,,FALSE,302.375344657925,FALSE,TRUE
3723,532063.5791,4418839.11,,FALSE,310.620031641551,FALSE,TRUE
3724,532088.5791,4418839.11,,FALSE,320.606860589409,FALSE,TRUE
3725,532113.5791,4418839.11,,FALSE,332.178738116989,FALSE,TRUE
3726,532138.5791,4418839.11,,FALSE,345.17628692741,FALSE,TRUE
3727,532163.5791,4418839.11,,FALSE,359.444883197678,FALSE,TRUE
3728,532188.5791,4418839.11,,FALSE,374.839404354707,FALSE,TRUE
3729,532213.5791,4418839.11,,FALSE,391.226959777812,FALSE,TRUE
3730,532238.5791,4418839.11,,FALSE,408.488052526617,FALSE,TRUE
3731,532263.5791,4418839.11,,FALSE,426.516639835994,FALSE,TRUE
3732,532288.5791,4418839.11,,FALSE,445.219495369403,FALSE,TRUE
3733,532313.5791,4418839.11,,FALSE,464.515181729278,FALSE,TRUE
3734,532338.5791,4418839.11,,FALSE,484.332849450647,FALSE,TRUE
3735,532363.5791,4418839.11,,FALSE,504.611002710981,FALSE,TRUE
3736,532388.5791,4418839.11,,FALSE,525.296315480111,FALSE,TRUE
3737,532413.5791,4418839.11,,FALSE,546.342542785183,FALSE,TRUE
3738,532438.5791,4418839.11,,FALSE,567.709546385278,FALSE,TRUE
3739,532463.5791,4418839.11,,FALSE,589.362438620733,FALSE,TRUE
3740,532488.5791,4418839.11,,FALSE,611.270839364169,FALSE,TRUE
3741,532513.5791,4418839.11,,FALSE,633.408236492844,FALSE,TRUE
3742,532538.5791,4418839.11,,FALSE,655.751438471143,FALSE,TRUE
3743,532563.5791,4418839.11,,FALSE,678.280107372295,FALSE,TRUE
3744,532588.5791,4418839.11,,FALSE,700.976361268317,FALSE,TRUE
3745,532613.5791,4418839.11,,FALSE,723.82443593524,FALSE,TRUE
3746,532638.5791,4418839.11,,FALSE,746.810396993084,FALSE,TRUE
3747,532663.5791,4418839.11,,FALSE,769.921894776974,FALSE,TRUE
3748,532688.5791,4418839.11,,FALSE,793.147955338072,FALSE,TRUE
3749,532713.5791,4418839.11,,FALSE,814.164251276884,FALSE,TRUE
3750,532738.5791,4418839.11,,FALSE,827.748381488752,FALSE,TRUE
3751,532763.5791,4418839.11,,FALSE,841.855889126664,FALSE,TRUE
3752,532788.5791,4418839.11,,FALSE,856.460911575797,FALSE,TRUE
3753,532813.5791,4418839.11,,FALSE,871.538437509926,FALSE,TRUE
3754,532838.5791,4418839.11,,FALSE,887.064373682791,FALSE,TRUE
3755,532863.5791,4418839.11,,FALSE,903.015591259221,FALSE,TRUE
3756,532888.5791,4418839.11,,FALSE,919.369954402057,FALSE,TRUE
3757,532913.5791,4418839.11,,FALSE,936.106333734175,FALSE,TRUE
3758,532938.5791,4418839.11,,FALSE,953.204607131773,FALSE,TRUE
3759,532963.5791,4418839.11,,FALSE,970.64565009958,FALSE,TRUE
3760,532988.5791,4418839.11,,FALSE,988.411317750477,FALSE,TRUE
3761,531013.5791,4418814.11,,FALSE,972.953336012081,FALSE,TRUE
3762,531038.5791,4418814.11,,FALSE,948.916302450872,FALSE,TRUE
3763,531063.5791,4418814.11,,FALSE,924.930323893121,FALSE,TRUE
3764,531088.5791,4418814.11,,FALSE,900.99947783394,FALSE,TRUE
3765,531113.5791,4418814.11,,FALSE,877.128276854094,FALSE,TRUE
3766,531138.5791,4418814.11,,FALSE,853.321726582085,FALSE,TRUE
3767,531163.5791,4418814.11,,FALSE,829.585392866237,FALSE,TRUE
3768,531188.5791,4418814.11,,FALSE,805.92547984105,FALSE,TRUE
3769,531213.5791,4418814.11,,FALSE,782.348920915103,FALSE,TRUE
3770,531238.5791,4418814.11,,FALSE,758.863485125635,FALSE,TRUE
3771,531263.5791,4418814.11,,FALSE,735.477901814204,FALSE,TRUE
3772,531288.5791,4418814.11,,FALSE,712.202007198114,FALSE,TRUE
3773,531313.5791,4418814.11,,FALSE,689.046917166764,FALSE,TRUE
3774,531338.5791,4418814.11,,FALSE,666.025231546838,FALSE,TRUE
3775,531363.5791,4418814.11,,FALSE,643.15127618393,FALSE,TRUE
3776,531388.5791,4418814.11,,FALSE,620.441390509222,FALSE,TRUE
3777,531413.5791,4418814.11,,FALSE,597.914269822201,FALSE,TRUE
3778,531438.5791,4418814.11,,FALSE,575.591373334429,FALSE,TRUE
3779,531463.5791,4418814.11,,FALSE,553.497411066224,FALSE,TRUE
3780,531488.5791,4418814.11,,FALSE,531.660924891995,FALSE,TRUE
3781,531513.5791,4418814.11,,FALSE,510.114981212089,FALSE,TRUE
3782,531538.5791,4418814.11,,FALSE,488.897994531588,FALSE,TRUE
3783,531563.5791,4418814.11,,FALSE,468.0547019922,FALSE,TRUE
3784,531588.5791,4418814.11,,FALSE,447.637307490122,FALSE,TRUE
3785,531613.5791,4418814.11,,FALSE,427.706808523087,FALSE,TRUE
3786,531638.5791,4418814.11,,FALSE,408.334506326619,FALSE,TRUE
3787,531663.5791,4418814.11,,FALSE,389.603675620498,FALSE,TRUE
3788,531688.5791,4418814.11,,FALSE,371.611327944939,FALSE,TRUE
3789,531713.5791,4418814.11,,FALSE,354.46993392529,FALSE,TRUE
3790,531738.5791,4418814.11,,FALSE,338.308866358832,FALSE,TRUE
3791,531763.5791,4418814.11,,FALSE,323.275183175259,FALSE,TRUE
3792,531788.5791,4418814.11,,FALSE,309.533195403975,FALSE,TRUE
3793,531813.5791,4418814.11,,FALSE,297.262096569668,FALSE,TRUE
3794,531838.5791,4418814.11,,FALSE,286.650848694004,FALSE,TRUE
3795,531863.5791,4418814.11,,FALSE,277.889661659069,FALSE,TRUE
3796,531888.5791,4418814.11,,FALSE,271.157922725836,FALSE,TRUE
3797,531913.5791,4418814.11,,FALSE,266.60940354194,FALSE,TRUE
3798,531938.5791,4418814.11,,FALSE,264.356821468612,FALSE,TRUE
3799,531963.5791,4418814.11,,FALSE,264.458851349291,FALSE,TRUE
3800,531988.5791,4418814.11,,FALSE,266.912792981125,FALSE,TRUE
3801,532013.5791,4418814.11,,FALSE,271.654917233213,FALSE,TRUE
3802,532038.5791,4418814.11,,FALSE,278.568392063749,FALSE,TRUE
3803,532063.5791,4418814.11,,FALSE,287.496615731353,FALSE,TRUE
3804,532088.5791,4418814.11,,FALSE,298.258711619593,FALSE,TRUE
3805,532113.5791,4418814.11,,FALSE,310.664149938448,FALSE,TRUE
3806,532138.5791,4418814.11,,FALSE,324.524527666211,FALSE,TRUE
3807,532163.5791,4418814.11,,FALSE,339.661778916875,FALSE,TRUE
3808,532188.5791,4418814.11,,FALSE,355.91302175809,FALSE,TRUE
3809,532213.5791,4418814.11,,FALSE,373.132729812024,FALSE,TRUE
3810,532238.5791,4418814.11,,FALSE,391.193032986238,FALSE,TRUE
3811,532263.5791,4418814.11,,FALSE,409.982858247721,FALSE,TRUE
3812,532288.5791,4418814.11,,FALSE,429.40644971515,FALSE,TRUE
3813,532313.5791,4418814.11,,FALSE,449.381635202161,FALSE,TRUE
3814,532338.5791,4418814.11,,FALSE,469.83806684534,FALSE,TRUE
3815,532363.5791,4418814.11,,FALSE,490.71556329198,FALSE,TRUE
3816,532388.5791,4418814.11,,FALSE,511.962614901678,FALSE,TRUE
3817,532413.5791,4418814.11,,FALSE,533.53507293988,FALSE,TRUE
3818,532438.5791,4418814.11,,FALSE,555.395020734757,FALSE,TRUE
3819,532463.5791,4418814.11,,FALSE,577.509812952958,FALSE,TRUE
3820,532488.5791,4418814.11,,FALSE,599.851264112162,FALSE,TRUE
3821,532513.5791,4418814.11,,FALSE,622.394966285041,FALSE,TRUE
3822,532538.5791,4418814.11,,FALSE,645.119716840957,FALSE,TRUE
3823,532563.5791,4418814.11,,FALSE,668.007038927701,FALSE,TRUE
3824,532588.5791,4418814.11,,FALSE,691.040779590433,FALSE,TRUE
3825,532613.5791,4418814.11,,FALSE,714.206772620473,FALSE,TRUE
3826,532638.5791,4418814.11,,FALSE,737.492555255272,FALSE,TRUE
3827,532663.5791,4418814.11,,FALSE,760.887129643385,FALSE,TRUE
3828,532688.5791,4418814.11,,FALSE,779.730064225584,FALSE,TRUE
3829,532713.5791,4418814.11,,FALSE,793.115961292693,FALSE,TRUE
3830,532738.5791,4418814.11,,FALSE,807.054448632328,FALSE,TRUE
3831,532763.5791,4418814.11,,FALSE,821.517399728837,FALSE,TRUE
3832,532788.5791,4418814.11,,FALSE,836.477610613236,FALSE,TRUE
3833,532813.5791,4418814.11,,FALSE,851.908884832895,FALSE,TRUE
3834,532838.5791,4418814.11,,FALSE,867.786092915314,FALSE,TRUE
3835,532863.5791,4418814.11,,FALSE,884.085209726542,FALSE,TRUE
3836,532888.5791,4418814.11,,FALSE,900.783333025885,FALSE,TRUE
3837,532913.5791,4418814.11,,FALSE,917.858686322258,FALSE,TRUE
3838,532938.5791,4418814.11,,FALSE,935.290608878984,FALSE,TRUE
3839,532963.5791,4418814.11,,FALSE,953.059535421172,FALSE,TRUE
3840,532988.5791,4418814.11,,FALSE,971.146967794895,FALSE,TRUE
3841,531013.5791,4418789.11,,FALSE,966.466602659926,FALSE,TRUE
3842,531038.5791,4418789.11,,FALSE,942.264107910844,FALSE,TRUE
3843,531063.5791,4418789.11,,FALSE,918.104353576987,FALSE,TRUE
3844,531088.5791,4418789.11,,FALSE,893.990804794443,FALSE,TRUE
3845,531113.5791,4418789.11,,FALSE,869.927303892121,FALSE,TRUE
3846,531138.5791,4418789.11,,FALSE,845.918121958038,FALSE,TRUE
3847,531163.5791,4418789.11,,FALSE,821.968018877263,FALSE,TRUE
3848,531188.5791,4418789.11,,FALSE,798.08231345959,FALSE,TRUE
3849,531213.5791,4418789.11,,FALSE,774.266965624267,FALSE,TRUE
3850,531238.5791,4418789.11,,FALSE,750.528673041216,FALSE,TRUE
3851,531263.5791,4418789.11,,FALSE,726.874985163891,FALSE,TRUE
3852,531288.5791,4418789.11,,FALSE,703.314438254331,FALSE,TRUE
3853,531313.5791,4418789.11,,FALSE,679.856715828419,FALSE,TRUE
3854,531338.5791,4418789.11,,FALSE,656.51283997878,FALSE,TRUE
3855,531363.5791,4418789.11,,FALSE,633.295400312525,FALSE,TRUE
3856,531388.5791,4418789.11,,FALSE,610.218828828642,FALSE,TRUE
3857,531413.5791,4418789.11,,FALSE,587.29973102071,FALSE,TRUE
3858,531438.5791,4418789.11,,FALSE,564.557285894884,FALSE,TRUE
3859,531463.5791,4418789.11,,FALSE,542.013730505968,FALSE,TRUE
3860,531488.5791,4418789.11,,FALSE,519.69494807723,FALSE,TRUE
3861,531513.5791,4418789.11,,FALSE,497.631182761886,FALSE,TRUE
3862,531538.5791,4418789.11,,FALSE,475.857908473729,FALSE,TRUE
3863,531563.5791,4418789.11,,FALSE,454.416883551867,FALSE,TRUE
3864,531588.5791,4418789.11,,FALSE,433.357426447257,FALSE,TRUE
3865,531613.5791,4418789.11,,FALSE,412.737948409143,FALSE,TRUE
3866,531638.5791,4418789.11,,FALSE,392.627774179294,FALSE,TRUE
3867,531663.5791,4418789.11,,FALSE,373.109265573753,FALSE,TRUE
3868,531688.5791,4418789.11,,FALSE,354.280226737231,FALSE,TRUE
3869,531713.5791,4418789.11,,FALSE,336.256500393647,FALSE,TRUE
3870,531738.5791,4418789.11,,FALSE,319.174543247079,FALSE,TRUE
3871,531763.5791,4418789.11,,FALSE,303.193575223784,FALSE,TRUE
3872,531788.5791,4418789.11,,FALSE,288.496618796441,FALSE,TRUE
3873,531813.5791,4418789.11,,FALSE,275.289400553268,FALSE,TRUE
3874,531838.5791,4418789.11,,FALSE,263.795771491842,FALSE,TRUE
3875,531863.5791,4418789.11,,FALSE,254.248233144254,FALSE,TRUE
3876,531888.5791,4418789.11,,FALSE,246.872677825987,FALSE,TRUE
3877,531913.5791,4418789.11,,FALSE,241.867885542856,FALSE,TRUE
3878,531938.5791,4418789.11,,FALSE,239.382599737264,FALSE,TRUE
3879,531963.5791,4418789.11,,FALSE,239.495269383279,FALSE,TRUE
3880,531988.5791,4418789.11,,FALSE,242.202268893106,FALSE,TRUE
3881,532013.5791,4418789.11,,FALSE,247.418459410301,FALSE,TRUE
3882,532038.5791,4418789.11,,FALSE,254.989899911674,FALSE,TRUE
3883,532063.5791,4418789.11,,FALSE,264.714570919253,FALSE,TRUE
3884,532088.5791,4418789.11,,FALSE,276.365263839295,FALSE,TRUE
3885,532113.5791,4418789.11,,FALSE,289.709706528728,FALSE,TRUE
3886,532138.5791,4418789.11,,FALSE,304.525317596026,FALSE,TRUE
3887,532163.5791,4418789.11,,FALSE,320.608209590707,FALSE,TRUE
3888,532188.5791,4418789.11,,FALSE,337.777410519054,FALSE,TRUE
3889,532213.5791,4418789.11,,FALSE,355.87572838978,FALSE,TRUE
3890,532238.5791,4418789.11,,FALSE,374.768580669398,FALSE,TRUE
3891,532263.5791,4418789.11,,FALSE,394.341785836796,FALSE,TRUE
3892,532288.5791,4418789.11,,FALSE,414.498973529432,FALSE,TRUE
3893,532313.5791,4418789.11,,FALSE,435.158998593561,FALSE,TRUE
3894,532338.5791,4418789.11,,FALSE,456.253557856758,FALSE,TRUE
3895,532363.5791,4418789.11,,FALSE,477.725092555278,FALSE,TRUE
3896,532388.5791,4418789.11,,FALSE,499.524993425701,FALSE,TRUE
3897,532413.5791,4418789.11,,FALSE,521.612091555541,FALSE,TRUE
3898,532438.5791,4418789.11,,FALSE,543.951403212589,FALSE,TRUE
3899,532463.5791,4418789.11,,FALSE,566.513092573281,FALSE,TRUE
3900,532488.5791,4418789.11,,FALSE,589.271617386195,FALSE,TRUE
3901,532513.5791,4418789.11,,FALSE,612.205026161122,FALSE,TRUE
3902,532538.5791,4418789.11,,FALSE,635.294379840511,FALSE,TRUE
3903,532563.5791,4418789.11,,FALSE,658.523275258314,FALSE,TRUE
3904,532588.5791,4418789.11,,FALSE,681.877451641376,FALSE,TRUE
3905,532613.5791,4418789.11,,FALSE,705.344464823348,FALSE,TRUE
3906,532638.5791,4418789.11,,FALSE,728.913416708002,FALSE,TRUE
3907,532663.5791,4418789.11,,FALSE,745.382128882373,FALSE,TRUE
3908,532688.5791,4418789.11,,FALSE,758.550244253614,FALSE,TRUE
3909,532713.5791,4418789.11,,FALSE,772.303326457433,FALSE,TRUE
3910,532738.5791,4418789.11,,FALSE,786.610693454656,FALSE,TRUE
3911,532763.5791,4418789.11,,FALSE,801.442660492448,FALSE,TRUE
3912,532788.5791,4418789.11,,FALSE,816.770648993469,FALSE,TRUE
3913,532813.5791,4418789.11,,FALSE,832.567263383092,FALSE,TRUE
3914,532838.5791,4418789.11,,FALSE,848.806340137259,FALSE,TRUE
3915,532863.5791,4418789.11,,FALSE,865.462973244499,FALSE,TRUE
3916,532888.5791,4418789.11,,FALSE,882.513520042161,FALSE,TRUE
3917,532913.5791,4418789.11,,FALSE,899.935591060385,FALSE,TRUE
3918,532938.5791,4418789.11,,FALSE,917.70802712911,FALSE,TRUE
3919,532963.5791,4418789.11,,FALSE,935.810866605642,FALSE,TRUE
3920,532988.5791,4418789.11,,FALSE,954.22530518594,FALSE,TRUE
3921,531013.5791,4418764.11,,FALSE,960.586900835631,FALSE,TRUE
3922,531038.5791,4418764.11,,FALSE,936.232422562369,FALSE,TRUE
3923,531063.5791,4418764.11,,FALSE,911.912881835212,FALSE,TRUE
3924,531088.5791,4418764.11,,FALSE,887.631150341739,FALSE,TRUE
3925,531113.5791,4418764.11,,FALSE,863.39041809427,FALSE,TRUE
3926,531138.5791,4418764.11,,FALSE,839.194237978906,FALSE,TRUE
3927,531163.5791,4418764.11,,FALSE,815.046577845092,FALSE,TRUE
3928,531188.5791,4418764.11,,FALSE,790.951881631869,FALSE,TRUE
3929,531213.5791,4418764.11,,FALSE,766.915141366366,FALSE,TRUE
3930,531238.5791,4418764.11,,FALSE,742.941982295382,FALSE,TRUE
3931,531263.5791,4418764.11,,FALSE,719.038763945999,FALSE,TRUE
3932,531288.5791,4418764.11,,FALSE,695.212700586654,FALSE,TRUE
3933,531313.5791,4418764.11,,FALSE,671.472005415704,FALSE,TRUE
3934,531338.5791,4418764.11,,FALSE,647.82606389137,FALSE,TRUE
3935,531363.5791,4418764.11,,FALSE,624.28564300085,FALSE,TRUE
3936,531388.5791,4418764.11,,FALSE,600.863145031365,FALSE,TRUE
3937,531413.5791,4418764.11,,FALSE,577.572916658132,FALSE,TRUE
3938,531438.5791,4418764.11,,FALSE,554.431627035273,FALSE,TRUE
3939,531463.5791,4418764.11,,FALSE,531.458732223848,FALSE,TRUE
3940,531488.5791,4418764.11,,FALSE,508.677047896775,FALSE,TRUE
3941,531513.5791,4418764.11,,FALSE,486.113458008495,FALSE,TRUE
3942,531538.5791,4418764.11,,FALSE,463.799794153658,FALSE,TRUE
3943,531563.5791,4418764.11,,FALSE,441.773928675034,FALSE,TRUE
3944,531588.5791,4418764.11,,FALSE,420.081133897932,FALSE,TRUE
3945,531613.5791,4418764.11,,FALSE,398.77576914473,FALSE,TRUE
3946,531638.5791,4418764.11,,FALSE,377.923363999859,FALSE,TRUE
3947,531663.5791,4418764.11,,FALSE,357.603165613741,FALSE,TRUE
3948,531688.5791,4418764.11,,FALSE,337.91119995787,FALSE,TRUE
3949,531713.5791,4418764.11,,FALSE,318.963844435331,FALSE,TRUE
3950,531738.5791,4418764.11,,FALSE,300.901793043785,FALSE,TRUE
3951,531763.5791,4418764.11,,FALSE,283.894071894718,FALSE,TRUE
3952,531788.5791,4418764.11,,FALSE,268.141378860037,FALSE,TRUE
3953,531813.5791,4418764.11,,FALSE,253.877439046798,FALSE,TRUE
3954,531838.5791,4418764.11,,FALSE,241.366337870382,FALSE,TRUE
3955,531863.5791,4418764.11,,FALSE,230.89318754991,FALSE,TRUE
3956,531888.5791,4418764.11,,FALSE,222.745637571102,FALSE,TRUE
3957,531913.5791,4418764.11,,FALSE,217.185575158562,FALSE,TRUE
3958,531938.5791,4418764.11,,FALSE,214.414386310607,FALSE,TRUE
3959,531963.5791,4418764.11,,FALSE,214.540168865769,FALSE,TRUE
3960,531988.5791,4418764.11,,FALSE,217.557898171846,FALSE,TRUE
3961,532013.5791,4418764.11,,FALSE,223.350384053733,FALSE,TRUE
3962,532038.5791,4418764.11,,FALSE,231.709622279587,FALSE,TRUE
3963,532063.5791,4418764.11,,FALSE,242.370179801368,FALSE,TRUE
3964,532088.5791,4418764.11,,FALSE,255.043641475231,FALSE,TRUE
3965,532113.5791,4418764.11,,FALSE,269.446124590696,FALSE,TRUE
3966,532138.5791,4418764.11,,FALSE,285.31591097754,FALSE,TRUE
3967,532163.5791,4418764.11,,FALSE,302.422095847744,FALSE,TRUE
3968,532188.5791,4418764.11,,FALSE,320.566809038211,FALSE,TRUE
3969,532213.5791,4418764.11,,FALSE,339.583618652225,FALSE,TRUE
3970,532238.5791,4418764.11,,FALSE,359.334091142127,FALSE,TRUE
3971,532263.5791,4418764.11,,FALSE,379.703758286558,FALSE,TRUE
3972,532288.5791,4418764.11,,FALSE,400.598176552185,FALSE,TRUE
3973,532313.5791,4418764.11,,FALSE,421.939396189707,FALSE,TRUE
3974,532338.5791,4418764.11,,FALSE,443.662945327794,FALSE,TRUE
3975,532363.5791,4418764.11,,FALSE,465.715325125695,FALSE,TRUE
3976,532388.5791,4418764.11,,FALSE,488.051963480253,FALSE,TRUE
3977,532413.5791,4418764.11,,FALSE,510.635558942901,FALSE,TRUE
3978,532438.5791,4418764.11,,FALSE,533.434746765645,FALSE,TRUE
3979,532463.5791,4418764.11,,FALSE,556.423026174265,FALSE,TRUE
3980,532488.5791,4418764.11,,FALSE,579.577897315732,FALSE,TRUE
3981,532513.5791,4418764.11,,FALSE,602.880165585934,FALSE,TRUE
3982,532538.5791,4418764.11,,FALSE,626.313379273445,FALSE,TRUE
3983,532563.5791,4418764.11,,FALSE,649.86337337699,FALSE,TRUE
3984,532588.5791,4418764.11,,FALSE,673.51789809694,FALSE,TRUE
3985,532613.5791,4418764.11,,FALSE,697.266315016665,FALSE,TRUE
3986,532638.5791,4418764.11,,FALSE,711.13294330751,FALSE,TRUE
3987,532663.5791,4418764.11,,FALSE,724.060783399572,FALSE,TRUE
3988,532688.5791,4418764.11,,FALSE,737.609634601664,FALSE,TRUE
3989,532713.5791,4418764.11,,FALSE,751.745919880646,FALSE,TRUE
3990,532738.5791,4418764.11,,FALSE,766.437135750348,FALSE,TRUE
3991,532763.5791,4418764.11,,FALSE,781.651992933682,FALSE,TRUE
3992,532788.5791,4418764.11,,FALSE,797.360516364583,FALSE,TRUE
3993,532813.5791,4418764.11,,FALSE,813.534109953107,FALSE,TRUE
3994,532838.5791,4418764.11,,FALSE,830.145591482116,FALSE,TRUE
3995,532863.5791,4418764.11,,FALSE,847.169202731775,FALSE,TRUE
3996,532888.5791,4418764.11,,FALSE,864.580599514695,FALSE,TRUE
3997,532913.5791,4418764.11,,FALSE,882.356825812091,FALSE,TRUE
3998,532938.5791,4418764.11,,FALSE,900.476275677037,FALSE,TRUE
3999,532963.5791,4418764.11,,FALSE,918.918646049358,FALSE,TRUE
4000,532988.5791,4418764.11,,FALSE,937.66488313106,FALSE,TRUE
4001,531013.5791,4418739.11,,FALSE,955.325438820189,FALSE,TRUE
4002,531038.5791,4418739.11,,FALSE,930.833308953319,FALSE,TRUE
4003,531063.5791,4418739.11,,FALSE,906.368911678343,FALSE,TRUE
4004,531088.5791,4418739.11,,FALSE,881.934554860497,FALSE,TRUE
4005,531113.5791,4418739.11,,FALSE,857.532806402753,FALSE,TRUE
4006,531138.5791,4418739.11,,FALSE,833.166531407125,FALSE,TRUE
4007,531163.5791,4418739.11,,FALSE,808.838935794376,FALSE,TRUE
4008,531188.5791,4418739.11,,FALSE,784.553617706895,FALSE,TRUE
4009,531213.5791,4418739.11,,FALSE,760.314628332887,FALSE,TRUE
4010,531238.5791,4418739.11,,FALSE,736.12654418719,FALSE,TRUE
4011,531263.5791,4418739.11,,FALSE,711.994553389963,FALSE,TRUE
4012,531288.5791,4418739.11,,FALSE,687.924559132011,FALSE,TRUE
4013,531313.5791,4418739.11,,FALSE,663.923304348454,FALSE,TRUE
4014,531338.5791,4418739.11,,FALSE,639.998522699052,FALSE,TRUE
4015,531363.5791,4418739.11,,FALSE,616.159122351498,FALSE,TRUE
4016,531388.5791,4418739.11,,FALSE,592.415410887467,FALSE,TRUE
4017,531413.5791,4418739.11,,FALSE,568.7793720389,FALSE,TRUE
4018,531438.5791,4418739.11,,FALSE,545.265008098781,FALSE,TRUE
4019,531463.5791,4418739.11,,FALSE,521.8887659808,FALSE,TRUE
4020,531488.5791,4418739.11,,FALSE,498.670070344072,FALSE,TRUE
4021,531513.5791,4418739.11,,FALSE,475.631994357991,FALSE,TRUE
4022,531538.5791,4418739.11,,FALSE,452.802108052688,FALSE,TRUE
4023,531563.5791,4418739.11,,FALSE,430.213556337963,FALSE,TRUE
4024,531588.5791,4418739.11,,FALSE,407.906434194113,FALSE,TRUE
4025,531613.5791,4418739.11,,FALSE,385.929545457399,FALSE,TRUE
4026,531638.5791,4418739.11,,FALSE,364.34265335938,FALSE,TRUE
4027,531663.5791,4418739.11,,FALSE,343.219352684186,FALSE,TRUE
4028,531688.5791,4418739.11,,FALSE,322.650707510383,FALSE,TRUE
4029,531713.5791,4418739.11,,FALSE,302.749787872674,FALSE,TRUE
4030,531738.5791,4418739.11,,FALSE,283.657168174802,FALSE,TRUE
4031,531763.5791,4418739.11,,FALSE,265.547253905866,FALSE,TRUE
4032,531788.5791,4418739.11,,FALSE,248.634870959295,FALSE,TRUE
4033,531813.5791,4418739.11,,FALSE,233.180732602297,FALSE,TRUE
4034,531838.5791,4418739.11,,FALSE,219.493072913344,FALSE,TRUE
4035,531863.5791,4418739.11,,FALSE,207.921052462086,FALSE,TRUE
4036,531888.5791,4418739.11,,FALSE,198.834401090304,FALSE,TRUE
4037,531913.5791,4418739.11,,FALSE,192.585238419093,FALSE,TRUE
4038,531938.5791,4418739.11,,FALSE,189.454556706714,FALSE,TRUE
4039,531963.5791,4418739.11,,FALSE,189.596898858964,FALSE,TRUE
4040,531988.5791,4418739.11,,FALSE,193.005023398187,FALSE,TRUE
4041,532013.5791,4418739.11,,FALSE,199.511638900926,FALSE,TRUE
4042,532038.5791,4418739.11,,FALSE,208.82731875148,FALSE,TRUE
4043,532063.5791,4418739.11,,FALSE,220.596473355606,FALSE,TRUE
4044,532088.5791,4418739.11,,FALSE,234.449907351079,FALSE,TRUE
4045,532113.5791,4418739.11,,FALSE,250.041424681848,FALSE,TRUE
4046,532138.5791,4418739.11,,FALSE,267.066787633593,FALSE,TRUE
4047,532163.5791,4418739.11,,FALSE,285.269388573197,FALSE,TRUE
4048,532188.5791,4418739.11,,FALSE,304.438136666424,FALSE,TRUE
4049,532213.5791,4418739.11,,FALSE,324.40180957714,FALSE,TRUE
4050,532238.5791,4418739.11,,FALSE,345.022447178327,FALSE,TRUE
4051,532263.5791,4418739.11,,FALSE,366.189082383569,FALSE,TRUE
4052,532288.5791,4418739.11,,FALSE,387.812324529429,FALSE,TRUE
4053,532313.5791,4418739.11,,FALSE,409.819904417681,FALSE,TRUE
4054,532338.5791,4418739.11,,FALSE,432.153108350404,FALSE,TRUE
4055,532363.5791,4418739.11,,FALSE,454.76396521373,FALSE,TRUE
4056,532388.5791,4418739.11,,FALSE,477.613043223187,FALSE,TRUE
4057,532413.5791,4418739.11,,FALSE,500.667728195969,FALSE,TRUE
4058,532438.5791,4418739.11,,FALSE,523.900877129358,FALSE,TRUE
4059,532463.5791,4418739.11,,FALSE,547.28976242655,FALSE,TRUE
4060,532488.5791,4418739.11,,FALSE,570.81524073636,FALSE,TRUE
4061,532513.5791,4418739.11,,FALSE,594.461095494825,FALSE,TRUE
4062,532538.5791,4418739.11,,FALSE,618.213514133188,FALSE,TRUE
4063,532563.5791,4418739.11,,FALSE,642.060670074802,FALSE,TRUE
4064,532588.5791,4418739.11,,FALSE,665.035076561521,FALSE,TRUE
4065,532613.5791,4418739.11,,FALSE,676.997494867734,FALSE,TRUE
4066,532638.5791,4418739.11,,FALSE,689.659019412627,FALSE,TRUE
4067,532663.5791,4418739.11,,FALSE,702.981876051712,FALSE,TRUE
4068,532688.5791,4418739.11,,FALSE,716.929196683455,FALSE,TRUE
4069,532713.5791,4418739.11,,FALSE,731.465261005047,FALSE,TRUE
4070,532738.5791,4418739.11,,FALSE,746.555679810408,FALSE,TRUE
4071,532763.5791,4418739.11,,FALSE,762.16752624156,FALSE,TRUE
4072,532788.5791,4418739.11,,FALSE,778.269421895257,FALSE,TRUE
4073,532813.5791,4418739.11,,FALSE,794.831584712873,FALSE,TRUE
4074,532838.5791,4418739.11,,FALSE,811.825845275436,FALSE,TRUE
4075,532863.5791,4418739.11,,FALSE,829.225637602441,FALSE,TRUE
4076,532888.5791,4418739.11,,FALSE,847.005969906454,FALSE,TRUE
4077,532913.5791,4418739.11,,FALSE,865.143380057417,FALSE,TRUE
4078,532938.5791,4418739.11,,FALSE,883.615879812699,FALSE,TRUE
4079,532963.5791,4418739.11,,FALSE,902.402891206122,FALSE,TRUE
4080,532988.5791,4418739.11,,FALSE,921.485177882514,FALSE,TRUE
4081,531013.5791,4418714.11,,FALSE,950.692481329778,FALSE,TRUE
4082,531038.5791,4418714.11,,FALSE,926.077830993145,FALSE,TRUE
4083,531063.5791,4418714.11,,FALSE,901.484389247516,FALSE,TRUE
4084,531088.5791,4418714.11,,FALSE,876.913940507828,FALSE,TRUE
4085,531113.5791,4418714.11,,FALSE,852.368473171647,FALSE,TRUE
4086,531138.5791,4418714.11,,FALSE,827.850209311421,FALSE,TRUE
4087,531163.5791,4418714.11,,FALSE,803.361639647402,FALSE,TRUE
4088,531188.5791,4418714.11,,FALSE,778.905564915902,FALSE,TRUE
4089,531213.5791,4418714.11,,FALSE,754.485145020735,FALSE,TRUE
4090,531238.5791,4418714.11,,FALSE,730.10395770531,FALSE,TRUE
4091,531263.5791,4418714.11,,FALSE,705.76606893287,FALSE,TRUE
4092,531288.5791,4418714.11,,FALSE,681.476117745116,FALSE,TRUE
4093,531313.5791,4418714.11,,FALSE,657.239419128946,FALSE,TRUE
4094,531338.5791,4418714.11,,FALSE,633.062089416948,FALSE,TRUE
4095,531363.5791,4418714.11,,FALSE,608.951200062001,FALSE,TRUE
4096,531388.5791,4418714.11,,FALSE,584.914967372993,FALSE,TRUE
4097,531413.5791,4418714.11,,FALSE,560.962988134644,FALSE,TRUE
4098,531438.5791,4418714.11,,FALSE,537.106534178227,FALSE,TRUE
4099,531463.5791,4418714.11,,FALSE,513.358923227157,FALSE,TRUE
4100,531488.5791,4418714.11,,FALSE,489.735989137969,FALSE,TRUE
4101,531513.5791,4418714.11,,FALSE,466.256682586902,FALSE,TRUE
4102,531538.5791,4418714.11,,FALSE,442.943844134831,FALSE,TRUE
4103,531563.5791,4418714.11,,FALSE,419.825206552609,FALSE,TRUE
4104,531588.5791,4418714.11,,FALSE,396.934703769952,FALSE,TRUE
4105,531613.5791,4418714.11,,FALSE,374.31419163176,FALSE,TRUE
4106,531638.5791,4418714.11,,FALSE,352.015722741096,FALSE,TRUE
4107,531663.5791,4418714.11,,FALSE,330.104565337917,FALSE,TRUE
4108,531688.5791,4418714.11,,FALSE,308.66321299587,FALSE,TRUE
4109,531713.5791,4418714.11,,FALSE,287.796688752551,FALSE,TRUE
4110,531738.5791,4418714.11,,FALSE,267.639475894217,FALSE,TRUE
4111,531763.5791,4418714.11,,FALSE,248.364337329114,FALSE,TRUE
4112,531788.5791,4418714.11,,FALSE,230.192960485173,FALSE,TRUE
4113,531813.5791,4418714.11,,FALSE,213.407483601038,FALSE,TRUE
4114,531838.5791,4418714.11,,FALSE,198.360049044474,FALSE,TRUE
4115,531863.5791,4418714.11,,FALSE,185.474160078768,FALSE,TRUE
4116,531888.5791,4418714.11,,FALSE,175.227335358737,FALSE,TRUE
4117,531913.5791,4418714.11,,FALSE,168.102867485721,FALSE,TRUE
4118,531938.5791,4418714.11,,FALSE,164.506927078834,FALSE,TRUE
4119,531963.5791,4418714.11,,FALSE,164.670835477687,FALSE,TRUE
4120,531988.5791,4418714.11,,FALSE,168.583626301364,FALSE,TRUE
4121,532013.5791,4418714.11,,FALSE,175.99543760256,FALSE,TRUE
4122,532038.5791,4418714.11,,FALSE,186.489541414299,FALSE,TRUE
4123,532063.5791,4418714.11,,FALSE,199.580319813638,FALSE,TRUE
4124,532088.5791,4418714.11,,FALSE,214.793526571246,FALSE,TRUE
4125,532113.5791,4418714.11,,FALSE,231.711488832365,FALSE,TRUE
4126,532138.5791,4418714.11,,FALSE,249.988337841808,FALSE,TRUE
4127,532163.5791,4418714.11,,FALSE,269.347589662333,FALSE,TRUE
4128,532188.5791,4418714.11,,FALSE,289.57223460979,FALSE,TRUE
4129,532213.5791,4418714.11,,FALSE,310.493210967496,FALSE,TRUE
4130,532238.5791,4418714.11,,FALSE,331.978898511494,FALSE,TRUE
4131,532263.5791,4418714.11,,FALSE,353.926467019498,FALSE,TRUE
4132,532288.5791,4418714.11,,FALSE,376.255098379945,FALSE,TRUE
4133,532313.5791,4418714.11,,FALSE,398.90080729036,FALSE,TRUE
4134,532338.5791,4418714.11,,FALSE,421.812528330892,FALSE,TRUE
4135,532363.5791,4418714.11,,FALSE,444.949170194639,FALSE,TRUE
4136,532388.5791,4418714.11,,FALSE,468.277395415257,FALSE,TRUE
4137,532413.5791,4418714.11,,FALSE,491.769940172125,FALSE,TRUE
4138,532438.5791,4418714.11,,FALSE,515.404335504557,FALSE,TRUE
4139,532463.5791,4418714.11,,FALSE,539.161927492004,FALSE,TRUE
4140,532488.5791,4418714.11,,FALSE,563.027121066909,FALSE,TRUE
4141,532513.5791,4418714.11,,FALSE,586.986792063408,FALSE,TRUE
4142,532538.5791,4418714.11,,FALSE,611.029826650785,FALSE,TRUE
4143,532563.5791,4418714.11,,FALSE,631.377223264486,FALSE,TRUE
4144,532588.5791,4418714.11,,FALSE,642.993898149253,FALSE,TRUE
4145,532613.5791,4418714.11,,FALSE,655.358762859833,FALSE,TRUE
4146,532638.5791,4418714.11,,FALSE,668.43029783005,FALSE,TRUE
4147,532663.5791,4418714.11,,FALSE,682.16788113863,FALSE,TRUE
4148,532688.5791,4418714.11,,FALSE,696.532104828748,FALSE,TRUE
4149,532713.5791,4418714.11,,FALSE,711.48501604543,FALSE,TRUE
4150,532738.5791,4418714.11,,FALSE,726.990290896078,FALSE,TRUE
4151,532763.5791,4418714.11,,FALSE,743.013349851241,FALSE,TRUE
4152,532788.5791,4418714.11,,FALSE,759.521423698609,FALSE,TRUE
4153,532813.5791,4418714.11,,FALSE,776.483578742757,FALSE,TRUE
4154,532838.5791,4418714.11,,FALSE,793.870709282789,FALSE,TRUE
4155,532863.5791,4418714.11,,FALSE,811.655504544359,FALSE,TRUE
4156,532888.5791,4418714.11,,FALSE,829.812396302415,FALSE,TRUE
4157,532913.5791,4418714.11,,FALSE,848.317492485658,FALSE,TRUE
4158,532938.5791,4418714.11,,FALSE,867.148501156032,FALSE,TRUE
4159,532963.5791,4418714.11,,FALSE,886.28464843816,FALSE,TRUE
4160,532988.5791,4418714.11,,FALSE,905.706593250348,FALSE,TRUE
4161,531013.5791,4418689.11,,FALSE,946.697255756534,FALSE,TRUE
4162,531038.5791,4418689.11,,FALSE,921.975948198732,FALSE,TRUE
4163,531063.5791,4418689.11,,FALSE,897.270084231582,FALSE,TRUE
4164,531088.5791,4418689.11,,FALSE,872.580975644638,FALSE,TRUE
4165,531113.5791,4418689.11,,FALSE,847.910086068651,FALSE,TRUE
4166,531138.5791,4418689.11,,FALSE,823.25905343151,FALSE,TRUE
4167,531163.5791,4418689.11,,FALSE,798.629716487525,FALSE,TRUE
4168,531188.5791,4418689.11,,FALSE,774.024146300969,FALSE,TRUE
4169,531213.5791,4418689.11,,FALSE,749.444683787231,FALSE,TRUE
4170,531238.5791,4418689.11,,FALSE,724.89398470186,FALSE,TRUE
4171,531263.5791,4418689.11,,FALSE,700.375073840396,FALSE,TRUE
4172,531288.5791,4418689.11,,FALSE,675.891410699188,FALSE,TRUE
4173,531313.5791,4418689.11,,FALSE,651.44696948941,FALSE,TRUE
4174,531338.5791,4418689.11,,FALSE,627.04633724864,FALSE,TRUE
4175,531363.5791,4418689.11,,FALSE,602.694834934674,FALSE,TRUE
4176,531388.5791,4418689.11,,FALSE,578.398667924584,FALSE,TRUE
4177,531413.5791,4418689.11,,FALSE,554.165114435158,FALSE,TRUE
4178,531438.5791,4418689.11,,FALSE,530.002763254052,FALSE,TRUE
4179,531463.5791,4418689.11,,FALSE,505.92181615041,FALSE,TRUE
4180,531488.5791,4418689.11,,FALSE,481.934475895767,FALSE,TRUE
4181,531513.5791,4418689.11,,FALSE,458.055448670711,FALSE,TRUE
4182,531538.5791,4418689.11,,FALSE,434.302600794567,FALSE,TRUE
4183,531563.5791,4418689.11,,FALSE,410.697825727047,FALSE,TRUE
4184,531588.5791,4418689.11,,FALSE,387.268200420487,FALSE,TRUE
4185,531613.5791,4418689.11,,FALSE,364.047543676538,FALSE,TRUE
4186,531638.5791,4418689.11,,FALSE,341.078537959983,FALSE,TRUE
4187,531663.5791,4418689.11,,FALSE,318.415646689855,FALSE,TRUE
4188,531688.5791,4418689.11,,FALSE,296.129159416828,FALSE,TRUE
4189,531713.5791,4418689.11,,FALSE,274.310834742115,FALSE,TRUE
4190,531738.5791,4418689.11,,FALSE,253.081783336759,FALSE,TRUE
4191,531763.5791,4418689.11,,FALSE,232.60340508452,FALSE,TRUE
4192,531788.5791,4418689.11,,FALSE,213.092231338714,FALSE,TRUE
4193,531813.5791,4418689.11,,FALSE,194.839046540755,FALSE,TRUE
4194,531838.5791,4418689.11,,FALSE,178.230774718928,FALSE,TRUE
4195,531863.5791,4418689.11,,FALSE,163.768629648379,FALSE,TRUE
4196,531888.5791,4418689.11,,FALSE,152.066166706821,FALSE,TRUE
4197,531913.5791,4418689.11,,FALSE,143.798727591398,FALSE,TRUE
4198,531938.5791,4418689.11,,FALSE,139.578039307421,FALSE,TRUE
4199,531963.5791,4418689.11,,FALSE,139.771184644413,FALSE,TRUE
4200,531988.5791,4418689.11,,FALSE,144.360448381478,FALSE,TRUE
4201,532013.5791,4418689.11,,FALSE,152.950626206302,FALSE,TRUE
4202,532038.5791,4418689.11,,FALSE,164.917703891664,FALSE,TRUE
4203,532063.5791,4418689.11,,FALSE,179.58787280019,FALSE,TRUE
4204,532088.5791,4418689.11,,FALSE,196.356204528647,FALSE,TRUE
4205,532113.5791,4418689.11,,FALSE,214.731725781019,FALSE,TRUE
4206,532138.5791,4418689.11,,FALSE,234.336657518394,FALSE,TRUE
4207,532163.5791,4418689.11,,FALSE,254.887473322821,FALSE,TRUE
4208,532188.5791,4418689.11,,FALSE,276.173096185872,FALSE,TRUE
4209,532213.5791,4418689.11,,FALSE,298.036128777854,FALSE,TRUE
4210,532238.5791,4418689.11,,FALSE,320.358375974295,FALSE,TRUE
4211,532263.5791,4418689.11,,FALSE,343.050206321009,FALSE,TRUE
4212,532288.5791,4418689.11,,FALSE,366.042892373128,FALSE,TRUE
4213,532313.5791,4418689.11,,FALSE,389.283128399991,FALSE,TRUE
4214,532338.5791,4418689.11,,FALSE,412.729098873441,FALSE,TRUE
4215,532363.5791,4418689.11,,FALSE,436.347641287175,FALSE,TRUE
4216,532388.5791,4418689.11,,FALSE,460.112180948168,FALSE,TRUE
4217,532413.5791,4418689.11,,FALSE,484.001212867157,FALSE,TRUE
4218,532438.5791,4418689.11,,FALSE,507.997174260721,FALSE,TRUE
4219,532463.5791,4418689.11,,FALSE,532.085598430249,FALSE,TRUE
4220,532488.5791,4418689.11,,FALSE,556.254473291563,FALSE,TRUE
4221,532513.5791,4418689.11,,FALSE,580.493750230675,FALSE,TRUE
4222,532538.5791,4418689.11,,FALSE,597.915331010301,FALSE,TRUE
4223,532563.5791,4418689.11,,FALSE,609.144234198401,FALSE,TRUE
4224,532588.5791,4418689.11,,FALSE,621.176829137368,FALSE,TRUE
4225,532613.5791,4418689.11,,FALSE,633.967355671531,FALSE,TRUE
4226,532638.5791,4418689.11,,FALSE,647.47089745961,FALSE,TRUE
4227,532663.5791,4418689.11,,FALSE,661.643799983912,FALSE,TRUE
4228,532688.5791,4418689.11,,FALSE,676.443991071803,FALSE,TRUE
4229,532713.5791,4418689.11,,FALSE,691.831213560901,FALSE,TRUE
4230,532738.5791,4418689.11,,FALSE,707.76718139311,FALSE,TRUE
4231,532763.5791,4418689.11,,FALSE,724.215670955238,FALSE,TRUE
4232,532788.5791,4418689.11,,FALSE,741.142559199743,FALSE,TRUE
4233,532813.5791,4418689.11,,FALSE,758.515819253062,FALSE,TRUE
4234,532838.5791,4418689.11,,FALSE,776.305483078113,FALSE,TRUE
4235,532863.5791,4418689.11,,FALSE,794.48357947609,FALSE,TRUE
4236,532888.5791,4418689.11,,FALSE,813.024054414837,FALSE,TRUE
4237,532913.5791,4418689.11,,FALSE,831.90267943861,FALSE,TRUE
4238,532938.5791,4418689.11,,FALSE,851.096952795119,FALSE,TRUE
4239,532963.5791,4418689.11,,FALSE,870.585996933752,FALSE,TRUE
4240,532988.5791,4418689.11,,FALSE,890.350455190053,FALSE,TRUE
4241,531013.5791,4418664.11,,FALSE,943.347864818136,FALSE,TRUE
4242,531038.5791,4418664.11,,FALSE,918.536416837642,FALSE,TRUE
4243,531063.5791,4418664.11,,FALSE,893.735477676104,FALSE,TRUE
4244,531088.5791,4418664.11,,FALSE,868.945947143395,FALSE,TRUE
4245,531113.5791,4418664.11,,FALSE,844.168830304063,FALSE,TRUE
4246,531138.5791,4418664.11,,FALSE,819.405253251973,FALSE,TRUE
4247,531163.5791,4418664.11,,FALSE,794.656481793818,FALSE,TRUE
4248,531188.5791,4418664.11,,FALSE,769.923943683353,FALSE,TRUE
4249,531213.5791,4418664.11,,FALSE,745.209255214215,FALSE,TRUE
4250,531238.5791,4418664.11,,FALSE,720.514253194844,FALSE,TRUE
4251,531263.5791,4418664.11,,FALSE,695.84103361107,FALSE,TRUE
4252,531288.5791,4418664.11,,FALSE,671.191998653829,FALSE,TRUE
4253,531313.5791,4418664.11,,FALSE,646.569914283769,FALSE,TRUE
4254,531338.5791,4418664.11,,FALSE,621.977981167275,FALSE,TRUE
4255,531363.5791,4418664.11,,FALSE,597.419922715101,FALSE,TRUE
4256,531388.5791,4418664.11,,FALSE,572.900095179706,FALSE,TRUE
4257,531413.5791,4418664.11,,FALSE,548.423626457609,FALSE,TRUE
4258,531438.5791,4418664.11,,FALSE,523.99659260048,FALSE,TRUE
4259,531463.5791,4418664.11,,FALSE,499.626244363637,FALSE,TRUE
4260,531488.5791,4418664.11,,FALSE,475.321300865963,FALSE,TRUE
4261,531513.5791,4418664.11,,FALSE,451.092334291894,FALSE,TRUE
4262,531538.5791,4418664.11,,FALSE,426.952279601489,FALSE,TRUE
4263,531563.5791,4418664.11,,FALSE,402.917118098632,FALSE,TRUE
4264,531588.5791,4418664.11,,FALSE,379.006806082563,FALSE,TRUE
4265,531613.5791,4418664.11,,FALSE,355.246553898703,FALSE,TRUE
4266,531638.5791,4418664.11,,FALSE,331.668613312902,FALSE,TRUE
4267,531663.5791,4418664.11,,FALSE,308.31481322976,FALSE,TRUE
4268,531688.5791,4418664.11,,FALSE,285.240212902915,FALSE,TRUE
4269,531713.5791,4418664.11,,FALSE,262.518445174618,FALSE,TRUE
4270,531738.5791,4418664.11,,FALSE,240.249639035936,FALSE,TRUE
4271,531763.5791,4418664.11,,FALSE,218.572285656019,FALSE,TRUE
4272,531788.5791,4418664.11,,FALSE,197.681053864287,FALSE,TRUE
4273,531813.5791,4418664.11,,FALSE,177.853181182946,FALSE,TRUE
4274,531838.5791,4418664.11,,FALSE,159.485764433358,FALSE,TRUE
4275,531863.5791,4418664.11,,FALSE,143.142111402938,FALSE,TRUE
4276,531888.5791,4418664.11,,FALSE,129.59019660796,FALSE,TRUE
4277,531913.5791,4418664.11,,FALSE,119.781359388214,FALSE,TRUE
4278,531938.5791,4418664.11,,FALSE,114.680116222853,FALSE,TRUE
4279,531963.5791,4418664.11,,FALSE,114.915116746605,FALSE,TRUE
4280,531988.5791,4418664.11,,FALSE,120.455132961964,FALSE,TRUE
4281,532013.5791,4418664.11,,FALSE,130.626926997779,FALSE,TRUE
4282,532038.5791,4418664.11,,FALSE,144.455353161044,FALSE,TRUE
4283,532063.5791,4418664.11,,FALSE,161.000944273257,FALSE,TRUE
4284,532088.5791,4418664.11,,FALSE,179.513952262433,FALSE,TRUE
4285,532113.5791,4418664.11,,FALSE,199.447271369848,FALSE,TRUE
4286,532138.5791,4418664.11,,FALSE,220.4159001907,FALSE,TRUE
4287,532163.5791,4418664.11,,FALSE,242.1510356304,FALSE,TRUE
4288,532188.5791,4418664.11,,FALSE,264.463757548882,FALSE,TRUE
4289,532213.5791,4418664.11,,FALSE,287.219487599419,FALSE,TRUE
4290,532238.5791,4418664.11,,FALSE,310.320784120032,FALSE,TRUE
4291,532263.5791,4418664.11,,FALSE,333.695885585768,FALSE,TRUE
4292,532288.5791,4418664.11,,FALSE,357.291056502774,FALSE,TRUE
4293,532313.5791,4418664.11,,FALSE,381.065419655034,FALSE,TRUE
4294,532338.5791,4418664.11,,FALSE,404.987418393295,FALSE,TRUE
4295,532363.5791,4418664.11,,FALSE,429.032357820322,FALSE,TRUE
4296,532388.5791,4418664.11,,FALSE,453.180669332732,FALSE,TRUE
4297,532413.5791,4418664.11,,FALSE,477.416667133503,FALSE,TRUE
4298,532438.5791,4418664.11,,FALSE,501.727644302026,FALSE,TRUE
4299,532463.5791,4418664.11,,FALSE,526.103206658978,FALSE,TRUE
4300,532488.5791,4418664.11,,FALSE,550.534775520001,FALSE,TRUE
4301,532513.5791,4418664.11,,FALSE,564.684237478914,FALSE,TRUE
4302,532538.5791,4418664.11,,FALSE,575.475666781091,FALSE,TRUE
4303,532563.5791,4418664.11,,FALSE,587.133884269286,FALSE,TRUE
4304,532588.5791,4418664.11,,FALSE,599.608333045112,FALSE,TRUE
4305,532613.5791,4418664.11,,FALSE,612.849172355758,FALSE,TRUE
4306,532638.5791,4418664.11,,FALSE,626.8078358294,FALSE,TRUE
4307,532663.5791,4418664.11,,FALSE,641.437462311903,FALSE,TRUE
4308,532688.5791,4418664.11,,FALSE,656.693210759128,FALSE,TRUE
4309,532713.5791,4418664.11,,FALSE,672.532473607879,FALSE,TRUE
4310,532738.5791,4418664.11,,FALSE,688.915004232837,FALSE,TRUE
4311,532763.5791,4418664.11,,FALSE,705.802973964497,FALSE,TRUE
4312,532788.5791,4418664.11,,FALSE,723.16097312917,FALSE,TRUE
4313,532813.5791,4418664.11,,FALSE,740.955969040756,FALSE,TRUE
4314,532838.5791,4418664.11,,FALSE,759.157232104869,FALSE,TRUE
4315,532863.5791,4418664.11,,FALSE,777.73623938783,FALSE,TRUE
4316,532888.5791,4418664.11,,FALSE,796.666563285496,FALSE,TRUE
4317,532913.5791,4418664.11,,FALSE,815.923751374552,FALSE,TRUE
4318,532938.5791,4418664.11,,FALSE,835.485202177226,FALSE,TRUE
4319,532963.5791,4418664.11,,FALSE,855.330040427155,FALSE,TRUE
4320,532988.5791,4418664.11,,FALSE,875.43899448055,FALSE,TRUE
4321,531013.5791,4418639.11,,FALSE,940.65120743925,FALSE,TRUE
4322,531038.5791,4418639.11,,FALSE,915.766700124501,FALSE,TRUE
4323,531063.5791,4418639.11,,FALSE,890.888659742011,FALSE,TRUE
4324,531088.5791,4418639.11,,FALSE,866.017643617562,FALSE,TRUE
4325,531113.5791,4418639.11,,FALSE,841.154274825322,FALSE,TRUE
4326,531138.5791,4418639.11,,FALSE,816.299252147711,FALSE,TRUE
4327,531163.5791,4418639.11,,FALSE,791.453361896272,FALSE,TRUE
4328,531188.5791,4418639.11,,FALSE,766.617492010788,FALSE,TRUE
4329,531213.5791,4418639.11,,FALSE,741.79264896392,FALSE,TRUE
4330,531238.5791,4418639.11,,FALSE,716.979978142282,FALSE,TRUE
4331,531263.5791,4418639.11,,FALSE,692.180788563874,FALSE,TRUE
4332,531288.5791,4418639.11,,FALSE,667.396583042575,FALSE,TRUE
4333,531313.5791,4418639.11,,FALSE,642.629095246164,FALSE,TRUE
4334,531338.5791,4418639.11,,FALSE,617.880335547994,FALSE,TRUE
4335,531363.5791,4418639.11,,FALSE,593.152648191763,FALSE,TRUE
4336,531388.5791,4418639.11,,FALSE,568.448783143125,FALSE,TRUE
4337,531413.5791,4418639.11,,FALSE,543.771987193987,FALSE,TRUE
4338,531438.5791,4418639.11,,FALSE,519.126120568881,FALSE,TRUE
4339,531463.5791,4418639.11,,FALSE,494.51580769162,FALSE,TRUE
4340,531488.5791,4418639.11,,FALSE,469.946634264886,FALSE,TRUE
4341,531513.5791,4418639.11,,FALSE,445.425407960629,FALSE,TRUE
4342,531538.5791,4418639.11,,FALSE,420.96050771645,FALSE,TRUE
4343,531563.5791,4418639.11,,FALSE,396.562358345936,FALSE,TRUE
4344,531588.5791,4418639.11,,FALSE,372.244085321565,FALSE,TRUE
4345,531613.5791,4418639.11,,FALSE,348.022433266719,FALSE,TRUE
4346,531638.5791,4418639.11,,FALSE,323.919077945227,FALSE,TRUE
4347,531663.5791,4418639.11,,FALSE,299.962537755775,FALSE,TRUE
4348,531688.5791,4418639.11,,FALSE,276.191019145959,FALSE,TRUE
4349,531713.5791,4418639.11,,FALSE,252.656751457154,FALSE,TRUE
4350,531738.5791,4418639.11,,FALSE,229.432754978187,FALSE,TRUE
4351,531763.5791,4418639.11,,FALSE,206.623677386885,FALSE,TRUE
4352,531788.5791,4418639.11,,FALSE,184.38356504005,FALSE,TRUE
4353,531813.5791,4418639.11,,FALSE,162.945555498998,FALSE,TRUE
4354,531838.5791,4418639.11,,FALSE,142.671682743548,FALSE,TRUE
4355,531863.5791,4418639.11,,FALSE,124.133654005972,FALSE,TRUE
4356,531888.5791,4418639.11,,FALSE,108.22716413578,FALSE,TRUE
4357,531913.5791,4418639.11,,FALSE,96.2656431800654,FALSE,TRUE
4358,531938.5791,4418639.11,,FALSE,89.8389061424412,FALSE,TRUE
4359,531963.5791,4418639.11,,FALSE,90.1386934499776,FALSE,TRUE
4360,531988.5791,4418639.11,,FALSE,97.1027242504952,FALSE,TRUE
4361,532013.5791,4418639.11,,FALSE,109.46640606536,FALSE,TRUE
4362,532038.5791,4418639.11,,FALSE,125.645728366965,FALSE,TRUE
4363,532063.5791,4418639.11,,FALSE,144.363444323221,FALSE,TRUE
4364,532088.5791,4418639.11,,FALSE,164.756666198556,FALSE,TRUE
4365,532113.5791,4418639.11,,FALSE,186.275908417758,FALSE,TRUE
4366,532138.5791,4418639.11,,FALSE,208.572934622064,FALSE,TRUE
4367,532163.5791,4418639.11,,FALSE,231.423041326611,FALSE,TRUE
4368,532188.5791,4418639.11,,FALSE,254.677401935973,FALSE,TRUE
4369,532213.5791,4418639.11,,FALSE,278.234674433033,FALSE,TRUE
4370,532238.5791,4418639.11,,FALSE,302.023987552073,FALSE,TRUE
4371,532263.5791,4418639.11,,FALSE,325.994546053846,FALSE,TRUE
4372,532288.5791,4418639.11,,FALSE,350.109124498137,FALSE,TRUE
4373,532313.5791,4418639.11,,FALSE,374.339891084093,FALSE,TRUE
4374,532338.5791,4418639.11,,FALSE,398.665660744501,FALSE,TRUE
4375,532363.5791,4418639.11,,FALSE,423.070046277029,FALSE,TRUE
4376,532388.5791,4418639.11,,FALSE,447.54018708586,FALSE,TRUE
4377,532413.5791,4418639.11,,FALSE,472.065857753815,FALSE,TRUE
4378,532438.5791,4418639.11,,FALSE,496.041715037065,FALSE,TRUE
4379,532463.5791,4418639.11,,FALSE,519.241117455957,FALSE,TRUE
4380,532488.5791,4418639.11,,FALSE,531.727216772968,FALSE,TRUE
4381,532513.5791,4418639.11,,FALSE,542.021944257911,FALSE,TRUE
4382,532538.5791,4418639.11,,FALSE,553.255585653796,FALSE,TRUE
4383,532563.5791,4418639.11,,FALSE,565.372176585586,FALSE,TRUE
4384,532588.5791,4418639.11,,FALSE,578.316222370704,FALSE,TRUE
4385,532613.5791,4418639.11,,FALSE,592.033451805825,FALSE,TRUE
4386,532638.5791,4418639.11,,FALSE,606.471403330049,FALSE,TRUE
4387,532663.5791,4418639.11,,FALSE,621.579856540668,FALSE,TRUE
4388,532688.5791,4418639.11,,FALSE,637.31112736019,FALSE,TRUE
4389,532713.5791,4418639.11,,FALSE,653.620247588089,FALSE,TRUE
4390,532738.5791,4418639.11,,FALSE,670.465049840119,FALSE,TRUE
4391,532763.5791,4418639.11,,FALSE,687.806177681702,FALSE,TRUE
4392,532788.5791,4418639.11,,FALSE,705.607038695839,FALSE,TRUE
4393,532813.5791,4418639.11,,FALSE,723.833715750455,FALSE,TRUE
4394,532838.5791,4418639.11,,FALSE,742.454849170715,FALSE,TRUE
4395,532863.5791,4418639.11,,FALSE,761.441500088554,FALSE,TRUE
4396,532888.5791,4418639.11,,FALSE,780.767003053475,FALSE,TRUE
4397,532913.5791,4418639.11,,FALSE,800.406814099621,FALSE,TRUE
4398,532938.5791,4418639.11,,FALSE,820.338358884371,FALSE,TRUE
4399,532963.5791,4418639.11,,FALSE,840.540884226997,FALSE,TRUE
4400,532988.5791,4418639.11,,FALSE,860.995315351425,FALSE,TRUE
4401,531013.5791,4418614.11,,FALSE,938.612909594207,FALSE,TRUE
4402,531038.5791,4418614.11,,FALSE,913.672889527155,FALSE,TRUE
4403,531063.5791,4418614.11,,FALSE,888.736239869231,FALSE,TRUE
4404,531088.5791,4418614.11,,FALSE,863.803252515814,FALSE,TRUE
4405,531113.5791,4418614.11,,FALSE,838.874254019574,FALSE,TRUE
4406,531138.5791,4418614.11,,FALSE,813.94961088319,FALSE,TRUE
4407,531163.5791,4418614.11,,FALSE,789.029735850871,FALSE,TRUE
4408,531188.5791,4418614.11,,FALSE,764.115095425351,FALSE,TRUE
4409,531213.5791,4418614.11,,FALSE,739.206218897604,FALSE,TRUE
4410,531238.5791,4418614.11,,FALSE,714.303709256007,FALSE,TRUE
4411,531263.5791,4418614.11,,FALSE,689.408256446708,FALSE,TRUE
4412,531288.5791,4418614.11,,FALSE,664.520653596928,FALSE,TRUE
4413,531313.5791,4418614.11,,FALSE,639.641817001427,FALSE,TRUE
4414,531338.5791,4418614.11,,FALSE,614.772810928464,FALSE,TRUE
4415,531363.5791,4418614.11,,FALSE,589.914878653594,FALSE,TRUE
4416,531388.5791,4418614.11,,FALSE,565.06948161875,FALSE,TRUE
4417,531413.5791,4418614.11,,FALSE,540.238349302307,FALSE,TRUE
4418,531438.5791,4418614.11,,FALSE,515.42354336689,FALSE,TRUE
4419,531463.5791,4418614.11,,FALSE,490.627541070493,FALSE,TRUE
4420,531488.5791,4418614.11,,FALSE,465.853345009862,FALSE,TRUE
4421,531513.5791,4418614.11,,FALSE,441.104629375929,FALSE,TRUE
4422,531538.5791,4418614.11,,FALSE,416.385937631033,FALSE,TRUE
4423,531563.5791,4418614.11,,FALSE,391.702953852627,FALSE,TRUE
4424,531588.5791,4418614.11,,FALSE,367.06288161141,FALSE,TRUE
4425,531613.5791,4418614.11,,FALSE,342.474983110987,FALSE,TRUE
4426,531638.5791,4418614.11,,FALSE,317.951362722146,FALSE,TRUE
4427,531663.5791,4418614.11,,FALSE,293.508132863245,FALSE,TRUE
4428,531688.5791,4418614.11,,FALSE,269.167195357954,FALSE,TRUE
4429,531713.5791,4418614.11,,FALSE,244.959045672671,FALSE,TRUE
4430,531738.5791,4418614.11,,FALSE,220.927338862496,FALSE,TRUE
4431,531763.5791,4418614.11,,FALSE,197.136612674721,FALSE,TRUE
4432,531788.5791,4418614.11,,FALSE,173.685920721461,FALSE,TRUE
4433,531813.5791,4418614.11,,FALSE,150.7340507545,FALSE,TRUE
4434,531838.5791,4418614.11,,FALSE,128.548469679179,FALSE,TRUE
4435,531863.5791,4418614.11,,FALSE,107.604200925696,FALSE,TRUE
4436,531888.5791,4418614.11,,FALSE,88.7841148903127,FALSE,TRUE
4437,531913.5791,4418614.11,,FALSE,73.7331272689211,FALSE,TRUE
4438,531938.5791,4418614.11,,FALSE,65.1193447207018,FALSE,TRUE
4439,531963.5791,4418614.11,,FALSE,65.5323130741794,FALSE,TRUE
4440,531988.5791,4418614.11,,FALSE,74.8227175184846,FALSE,TRUE
4441,532013.5791,4418614.11,,FALSE,90.2906089072924,FALSE,TRUE
4442,532038.5791,4418614.11,,FALSE,109.34509159925,FALSE,TRUE
4443,532063.5791,4418614.11,,FALSE,130.423556372486,FALSE,TRUE
4444,532088.5791,4418614.11,,FALSE,152.690075174668,FALSE,TRUE
4445,532113.5791,4418614.11,,FALSE,175.693523093039,FALSE,TRUE
4446,532138.5791,4418614.11,,FALSE,199.178736457592,FALSE,TRUE
4447,532163.5791,4418614.11,,FALSE,222.993551603722,FALSE,TRUE
4448,532188.5791,4418614.11,,FALSE,247.042666470471,FALSE,TRUE
4449,532213.5791,4418614.11,,FALSE,271.263772105379,FALSE,TRUE
4450,532238.5791,4418614.11,,FALSE,295.614595473291,FALSE,TRUE
4451,532263.5791,4418614.11,,FALSE,320.065530878969,FALSE,TRUE
4452,532288.5791,4418614.11,,FALSE,344.595268477144,FALSE,TRUE
4453,532313.5791,4418614.11,,FALSE,369.188101185336,FALSE,TRUE
4454,532338.5791,4418614.11,,FALSE,393.832209267897,FALSE,TRUE
4455,532363.5791,4418614.11,,FALSE,417.210999443806,FALSE,TRUE
4456,532388.5791,4418614.11,,FALSE,440.305545112594,FALSE,TRUE
4457,532413.5791,4418614.11,,FALSE,463.59780851175,FALSE,TRUE
4458,532438.5791,4418614.11,,FALSE,487.059424564288,FALSE,TRUE
4459,532463.5791,4418614.11,,FALSE,499.098565472905,FALSE,TRUE
4460,532488.5791,4418614.11,,FALSE,508.825444584988,FALSE,TRUE
4461,532513.5791,4418614.11,,FALSE,519.574141058915,FALSE,TRUE
4462,532538.5791,4418614.11,,FALSE,531.282639521665,FALSE,TRUE
4463,532563.5791,4418614.11,,FALSE,543.888957469359,FALSE,TRUE
4464,532588.5791,4418614.11,,FALSE,557.332174790856,FALSE,TRUE
4465,532613.5791,4418614.11,,FALSE,571.553241664417,FALSE,TRUE
4466,532638.5791,4418614.11,,FALSE,586.495578037126,FALSE,TRUE
4467,532663.5791,4418614.11,,FALSE,602.105487482967,FALSE,TRUE
4468,532688.5791,4418614.11,,FALSE,618.33241307334,FALSE,TRUE
4469,532713.5791,4418614.11,,FALSE,635.12906409414,FALSE,TRUE
4470,532738.5791,4418614.11,,FALSE,652.451441148762,FALSE,TRUE
4471,532763.5791,4418614.11,,FALSE,670.258784393831,FALSE,TRUE
4472,532788.5791,4418614.11,,FALSE,688.51346614071,FALSE,TRUE
4473,532813.5791,4418614.11,,FALSE,707.180845369198,FALSE,TRUE
4474,532838.5791,4418614.11,,FALSE,726.229098189471,FALSE,TRUE
4475,532863.5791,4418614.11,,FALSE,745.629035148907,FALSE,TRUE
4476,532888.5791,4418614.11,,FALSE,765.353913596245,FALSE,TRUE
4477,532913.5791,4418614.11,,FALSE,785.379251099167,FALSE,TRUE
4478,532938.5791,4418614.11,,FALSE,805.682644132965,FALSE,TRUE
4479,532963.5791,4418614.11,,FALSE,826.243594865997,FALSE,TRUE
4480,532988.5791,4418614.11,,FALSE,847.043347802864,FALSE,TRUE
4481,531013.5791,4418589.11,,FALSE,937.237266681648,FALSE,TRUE
4482,531038.5791,4418589.11,,FALSE,912.259639059454,FALSE,TRUE
4483,531063.5791,4418589.11,,FALSE,887.283271597568,FALSE,TRUE
4484,531088.5791,4418589.11,,FALSE,862.30827379591,FALSE,TRUE
4485,531113.5791,4418589.11,,FALSE,837.334768212141,FALSE,TRUE
4486,531138.5791,4418589.11,,FALSE,812.36289246671,FALSE,TRUE
4487,531163.5791,4418589.11,,FALSE,787.392801628817,FALSE,TRUE
4488,531188.5791,4418589.11,,FALSE,762.424671070445,FALSE,TRUE
4489,531213.5791,4418589.11,,FALSE,737.458699899103,FALSE,TRUE
4490,531238.5791,4418589.11,,FALSE,712.495115110885,FALSE,TRUE
4491,531263.5791,4418589.11,,FALSE,687.534176646421,FALSE,TRUE
4492,531288.5791,4418589.11,,FALSE,662.576183587119,FALSE,TRUE
4493,531313.5791,4418589.11,,FALSE,637.62148180317,FALSE,TRUE
4494,531338.5791,4418589.11,,FALSE,612.67047346585,FALSE,TRUE
4495,531363.5791,4418589.11,,FALSE,587.723628976126,FALSE,TRUE
4496,531388.5791,4418589.11,,FALSE,562.781502056407,FALSE,TRUE
4497,531413.5791,4418589.11,,FALSE,537.844749027881,FALSE,TRUE
4498,531438.5791,4418589.11,,FALSE,512.914153691301,FALSE,TRUE
4499,531463.5791,4418589.11,,FALSE,487.990659804941,FALSE,TRUE
4500,531488.5791,4418589.11,,FALSE,463.075414006035,FALSE,TRUE
4501,531513.5791,4418589.11,,FALSE,438.169823306968,FALSE,TRUE
4502,531538.5791,4418589.11,,FALSE,413.275633272587,FALSE,TRUE
4503,531563.5791,4418589.11,,FALSE,388.395036086787,FALSE,TRUE
4504,531588.5791,4418589.11,,FALSE,363.530822705387,FALSE,TRUE
4505,531613.5791,4418589.11,,FALSE,338.686601531348,FALSE,TRUE
4506,531638.5791,4418589.11,,FALSE,313.867120063336,FALSE,TRUE
4507,531663.5791,4418589.11,,FALSE,289.078750614519,FALSE,TRUE
4508,531688.5791,4418589.11,,FALSE,264.330246201319,FALSE,TRUE
4509,531713.5791,4418589.11,,FALSE,239.633958480113,FALSE,TRUE
4510,531738.5791,4418589.11,,FALSE,215.007881383096,FALSE,TRUE
4511,531763.5791,4418589.11,,FALSE,190.479248362771,FALSE,TRUE
4512,531788.5791,4418589.11,,FALSE,166.091237146469,FALSE,TRUE
4513,531813.5791,4418589.11,,FALSE,141.916362893232,FALSE,TRUE
4514,531838.5791,4418589.11,,FALSE,118.085600548255,FALSE,TRUE
4515,531863.5791,4418589.11,,FALSE,94.8586530414637,FALSE,TRUE
4516,531888.5791,4418589.11,,FALSE,72.8156511804947,FALSE,TRUE
4517,531913.5791,4418589.11,,FALSE,53.442249735936,FALSE,TRUE
4518,531938.5791,4418589.11,,FALSE,40.7434541593718,TRUE,FALSE
4519,531963.5791,4418589.11,,FALSE,41.4002905404721,TRUE,FALSE
4520,531988.5791,4418589.11,,FALSE,54.9357721055615,FALSE,TRUE
4521,532013.5791,4418589.11,,FALSE,74.645120783832,FALSE,TRUE
4522,532038.5791,4418589.11,,FALSE,96.8289680665427,FALSE,TRUE
4523,532063.5791,4418589.11,,FALSE,120.12411938004,FALSE,TRUE
4524,532088.5791,4418589.11,,FALSE,143.992218737086,FALSE,TRUE
4525,532113.5791,4418589.11,,FALSE,168.189518272773,FALSE,TRUE
4526,532138.5791,4418589.11,,FALSE,192.591975577453,FALSE,TRUE
4527,532163.5791,4418589.11,,FALSE,217.130430978306,FALSE,TRUE
4528,532188.5791,4418589.11,,FALSE,241.763477508129,FALSE,TRUE
4529,532213.5791,4418589.11,,FALSE,266.464883346422,FALSE,TRUE
4530,532238.5791,4418589.11,,FALSE,291.217254050685,FALSE,TRUE
4531,532263.5791,4418589.11,,FALSE,315.861833808531,FALSE,TRUE
4532,532288.5791,4418589.11,,FALSE,338.485824011711,FALSE,TRUE
4533,532313.5791,4418589.11,,FALSE,361.42303199559,FALSE,TRUE
4534,532338.5791,4418589.11,,FALSE,384.617424276234,FALSE,TRUE
4535,532363.5791,4418589.11,,FALSE,408.025143902778,FALSE,TRUE
4536,532388.5791,4418589.11,,FALSE,431.61148392609,FALSE,TRUE
4537,532413.5791,4418589.11,,FALSE,455.348688432151,FALSE,TRUE
4538,532438.5791,4418589.11,,FALSE,466.86713640724,FALSE,TRUE
4539,532463.5791,4418589.11,,FALSE,475.939994176887,FALSE,TRUE
4540,532488.5791,4418589.11,,FALSE,486.130469171696,FALSE,TRUE
4541,532513.5791,4418589.11,,FALSE,497.369870475778,FALSE,TRUE
4542,532538.5791,4418589.11,,FALSE,509.588798009818,FALSE,TRUE
4543,532563.5791,4418589.11,,FALSE,522.718564867453,FALSE,TRUE
4544,532588.5791,4418589.11,,FALSE,536.692326251352,FALSE,TRUE
4545,532613.5791,4418589.11,,FALSE,551.445924871231,FALSE,TRUE
4546,532638.5791,4418589.11,,FALSE,566.918480080766,FALSE,TRUE
4547,532663.5791,4418589.11,,FALSE,583.052757524638,FALSE,TRUE
4548,532688.5791,4418589.11,,FALSE,599.795359316061,FALSE,TRUE
4549,532713.5791,4418589.11,,FALSE,617.096773656354,FALSE,TRUE
4550,532738.5791,4418589.11,,FALSE,634.911319049425,FALSE,TRUE
4551,532763.5791,4418589.11,,FALSE,653.197013202815,FALSE,TRUE
4552,532788.5791,4418589.11,,FALSE,671.915391293485,FALSE,TRUE
4553,532813.5791,4418589.11,,FALSE,691.031293109853,FALSE,TRUE
4554,532838.5791,4418589.11,,FALSE,710.512633988358,FALSE,TRUE
4555,532863.5791,4418589.11,,FALSE,730.330170578399,FALSE,TRUE
4556,532888.5791,4418589.11,,FALSE,750.457269307902,FALSE,TRUE
4557,532913.5791,4418589.11,,FALSE,770.869682927712,FALSE,TRUE
4558,532938.5791,4418589.11,,FALSE,791.545338598535,FALSE,TRUE
4559,532963.5791,4418589.11,,FALSE,812.464139551444,FALSE,TRUE
4560,532988.5791,4418589.11,,FALSE,833.607781307892,FALSE,TRUE
4561,531013.5791,4418564.11,,FALSE,936.527198781151,FALSE,TRUE
4562,531038.5791,4418564.11,,FALSE,911.530114179925,FALSE,TRUE
4563,531063.5791,4418564.11,,FALSE,886.533193996066,FALSE,TRUE
4564,531088.5791,4418564.11,,FALSE,861.536452540962,FALSE,TRUE
4565,531113.5791,4418564.11,,FALSE,836.539905836454,FALSE,TRUE
4566,531138.5791,4418564.11,,FALSE,811.543571878222,FALSE,TRUE
4567,531163.5791,4418564.11,,FALSE,786.547470949377,FALSE,TRUE
4568,531188.5791,4418564.11,,FALSE,761.551625995809,FALSE,TRUE
4569,531213.5791,4418564.11,,FALSE,736.556063077929,FALSE,TRUE
4570,531238.5791,4418564.11,,FALSE,711.560811917616,FALSE,TRUE
4571,531263.5791,4418564.11,,FALSE,686.565906564589,FALSE,TRUE
4572,531288.5791,4418564.11,,FALSE,661.571386213804,FALSE,TRUE
4573,531313.5791,4418564.11,,FALSE,636.577296215356,FALSE,TRUE
4574,531338.5791,4418564.11,,FALSE,611.583689331928,FALSE,TRUE
4575,531363.5791,4418564.11,,FALSE,586.590627317596,FALSE,TRUE
4576,531388.5791,4418564.11,,FALSE,561.598182918044,FALSE,TRUE
4577,531413.5791,4418564.11,,FALSE,536.606442429503,FALSE,TRUE
4578,531438.5791,4418564.11,,FALSE,511.615509007347,FALSE,TRUE
4579,531463.5791,4418564.11,,FALSE,486.625506993669,FALSE,TRUE
4580,531488.5791,4418564.11,,FALSE,461.636587649683,FALSE,TRUE
4581,531513.5791,4418564.11,,FALSE,436.648936855276,FALSE,TRUE
4582,531538.5791,4418564.11,,FALSE,411.662785610797,FALSE,TRUE
4583,531563.5791,4418564.11,,FALSE,386.678424607373,FALSE,TRUE
4584,531588.5791,4418564.11,,FALSE,361.696224830781,FALSE,TRUE
4585,531613.5791,4418564.11,,FALSE,336.716667328538,FALSE,TRUE
4586,531638.5791,4418564.11,,FALSE,311.740387272544,FALSE,TRUE
4587,531663.5791,4418564.11,,FALSE,286.768241018483,FALSE,TRUE
4588,531688.5791,4418564.11,,FALSE,261.801411487473,FALSE,TRUE
4589,531713.5791,4418564.11,,FALSE,236.841580084309,FALSE,TRUE
4590,531738.5791,4418564.11,,FALSE,211.891219867249,FALSE,TRUE
4591,531763.5791,4418564.11,,FALSE,186.954122866626,FALSE,TRUE
4592,531788.5791,4418564.11,,FALSE,162.036412749814,FALSE,TRUE
4593,531813.5791,4418564.11,,FALSE,137.148656780979,FALSE,TRUE
4594,531838.5791,4418564.11,,FALSE,112.310769994802,FALSE,TRUE
4595,531863.5791,4418564.11,,FALSE,87.5651988910208,FALSE,TRUE
4596,531888.5791,4418564.11,,FALSE,63.0207827373059,FALSE,TRUE
4597,531913.5791,4418564.11,,FALSE,39.0585977323993,TRUE,FALSE
4598,531938.5791,4418564.11,,FALSE,18.1529352122478,TRUE,FALSE
4599,531963.5791,4418564.11,,FALSE,19.5827489597029,TRUE,FALSE
4600,531988.5791,4418564.11,,FALSE,41.078450029394,TRUE,FALSE
4601,532013.5791,4418564.11,,FALSE,65.12598603335,FALSE,TRUE
4602,532038.5791,4418564.11,,FALSE,89.6958697868234,FALSE,TRUE
4603,532063.5791,4418564.11,,FALSE,114.45219114029,FALSE,TRUE
4604,532088.5791,4418564.11,,FALSE,139.29558161267,FALSE,TRUE
4605,532113.5791,4418564.11,,FALSE,164.186522153345,FALSE,TRUE
4606,532138.5791,4418564.11,,FALSE,189.106237487846,FALSE,TRUE
4607,532163.5791,4418564.11,,FALSE,214.04467771194,FALSE,TRUE
4608,532188.5791,4418564.11,,FALSE,237.752672028887,FALSE,TRUE
4609,532213.5791,4418564.11,,FALSE,259.96208965323,FALSE,TRUE
4610,532238.5791,4418564.11,,FALSE,282.638007098962,FALSE,TRUE
4611,532263.5791,4418564.11,,FALSE,305.676623340535,FALSE,TRUE
4612,532288.5791,4418564.11,,FALSE,329.001752361397,FALSE,TRUE
4613,532313.5791,4418564.11,,FALSE,352.556531717778,FALSE,TRUE
4614,532338.5791,4418564.11,,FALSE,376.297838230394,FALSE,TRUE
4615,532363.5791,4418564.11,,FALSE,400.192476262193,FALSE,TRUE
4616,532388.5791,4418564.11,,FALSE,424.21453659306,FALSE,TRUE
4617,532413.5791,4418564.11,,FALSE,435.121210764404,FALSE,TRUE
4618,532438.5791,4418564.11,,FALSE,443.434801359883,FALSE,TRUE
4619,532463.5791,4418564.11,,FALSE,452.977237901727,FALSE,TRUE
4620,532488.5791,4418564.11,,FALSE,463.672657223905,FALSE,TRUE
4621,532513.5791,4418564.11,,FALSE,475.443254297582,FALSE,TRUE
4622,532538.5791,4418564.11,,FALSE,488.211268875549,FALSE,TRUE
4623,532563.5791,4418564.11,,FALSE,501.900585830573,FALSE,TRUE
4624,532588.5791,4418564.11,,FALSE,516.437946956913,FALSE,TRUE
4625,532613.5791,4418564.11,,FALSE,531.75380398928,FALSE,TRUE
4626,532638.5791,4418564.11,,FALSE,547.782861229766,FALSE,TRUE
4627,532663.5791,4418564.11,,FALSE,564.464363850427,FALSE,TRUE
4628,532688.5791,4418564.11,,FALSE,581.742187792037,FALSE,TRUE
4629,532713.5791,4418564.11,,FALSE,599.564782202111,FALSE,TRUE
4630,532738.5791,4418564.11,,FALSE,617.885007956224,FALSE,TRUE
4631,532763.5791,4418564.11,,FALSE,636.659907687819,FALSE,TRUE
4632,532788.5791,4418564.11,,FALSE,655.850434975125,FALSE,TRUE
4633,532813.5791,4418564.11,,FALSE,675.421163465478,FALSE,TRUE
4634,532838.5791,4418564.11,,FALSE,695.339990980713,FALSE,TRUE
4635,532863.5791,4418564.11,,FALSE,715.577849054215,FALSE,TRUE
4636,532888.5791,4418564.11,,FALSE,736.108424796956,FALSE,TRUE
4637,532913.5791,4418564.11,,FALSE,756.907899322668,FALSE,TRUE
4638,532938.5791,4418564.11,,FALSE,777.954705016335,FALSE,TRUE
4639,532963.5791,4418564.11,,FALSE,799.229302551559,FALSE,TRUE
4640,532988.5791,4418564.11,,FALSE,820.71397761769,FALSE,TRUE
4641,531013.5791,4418539.11,,FALSE,936.484219865371,FALSE,TRUE
4642,531038.5791,4418539.11,,FALSE,911.485956587841,FALSE,TRUE
4643,531063.5791,4418539.11,,FALSE,886.487791262152,FALSE,TRUE
4644,531088.5791,4418539.11,,FALSE,861.48973241522,FALSE,TRUE
4645,531113.5791,4418539.11,,FALSE,836.491789593207,FALSE,TRUE
4646,531138.5791,4418539.11,,FALSE,811.493973518501,FALSE,TRUE
4647,531163.5791,4418539.11,,FALSE,786.496296276622,FALSE,TRUE
4648,531188.5791,4418539.11,,FALSE,761.498771539944,FALSE,TRUE
4649,531213.5791,4418539.11,,FALSE,736.501414836958,FALSE,TRUE
4650,531238.5791,4418539.11,,FALSE,711.504243878306,FALSE,TRUE
4651,531263.5791,4418539.11,,FALSE,686.50727895401,FALSE,TRUE
4652,531288.5791,4418539.11,,FALSE,661.510543420766,FALSE,TRUE
4653,531313.5791,4418539.11,,FALSE,636.514064304031,FALSE,TRUE
4654,531338.5791,4418539.11,,FALSE,611.517873047743,FALSE,TRUE
4655,531363.5791,4418539.11,,FALSE,586.522006455711,FALSE,TRUE
4656,531388.5791,4418539.11,,FALSE,561.526507884385,FALSE,TRUE
4657,531413.5791,4418539.11,,FALSE,536.531428768932,FALSE,TRUE
4658,531438.5791,4418539.11,,FALSE,511.536830596615,FALSE,TRUE
4659,531463.5791,4418539.11,,FALSE,486.542787488242,FALSE,TRUE
4660,531488.5791,4418539.11,,FALSE,461.549389618085,FALSE,TRUE
4661,531513.5791,4418539.11,,FALSE,436.556747808147,FALSE,TRUE
4662,531538.5791,4418539.11,,FALSE,411.564999795688,FALSE,TRUE
4663,531563.5791,4418539.11,,FALSE,386.574318930815,FALSE,TRUE
4664,531588.5791,4418539.11,,FALSE,361.584926478997,FALSE,TRUE
4665,531613.5791,4418539.11,,FALSE,336.597109400572,FALSE,TRUE
4666,531638.5791,4418539.11,,FALSE,311.611246678966,FALSE,TRUE
4667,531663.5791,4418539.11,,FALSE,286.627849408982,FALSE,TRUE
4668,531688.5791,4418539.11,,FALSE,261.64762383178,FALSE,TRUE
4669,531713.5791,4418539.11,,FALSE,236.671574247553,FALSE,TRUE
4670,531738.5791,4418539.11,,FALSE,211.701178685462,FALSE,TRUE
4671,531763.5791,4418539.11,,FALSE,186.738705299176,FALSE,TRUE
4672,531788.5791,4418539.11,,FALSE,161.787821101624,FALSE,TRUE
4673,531813.5791,4418539.11,,FALSE,136.854864936581,FALSE,TRUE
4674,531838.5791,4418539.11,,FALSE,111.95181578165,FALSE,TRUE
4675,531863.5791,4418539.11,,FALSE,87.1043285767548,FALSE,TRUE
4676,531888.5791,4418539.11,,FALSE,62.378835006803,FALSE,TRUE
4677,531913.5791,4418539.11,,FALSE,38.0141296994239,TRUE,FALSE
4678,531938.5791,4418539.11,1,TRUE,15.7806545112458,TRUE,FALSE
4679,531963.5791,4418539.11,,FALSE,17.4064372231074,TRUE,FALSE
4680,531988.5791,4418539.11,,FALSE,40.0866443694238,TRUE,FALSE
4681,532013.5791,4418539.11,,FALSE,64.5049924951498,FALSE,TRUE
4682,532038.5791,4418539.11,,FALSE,89.2460030298165,FALSE,TRUE
4683,532063.5791,4418539.11,,FALSE,114.099973956161,FALSE,TRUE
4684,532088.5791,4418539.11,,FALSE,139.006327398415,FALSE,TRUE
4685,532113.5791,4418539.11,,FALSE,160.573871027832,FALSE,TRUE
4686,532138.5791,4418539.11,,FALSE,181.9008605171,FALSE,TRUE
4687,532163.5791,4418539.11,,FALSE,204.063416752881,FALSE,TRUE
4688,532188.5791,4418539.11,,FALSE,226.816738925633,FALSE,TRUE
4689,532213.5791,4418539.11,,FALSE,249.999576113355,FALSE,TRUE
4690,532238.5791,4418539.11,,FALSE,273.502729523594,FALSE,TRUE
4691,532263.5791,4418539.11,,FALSE,297.250228018171,FALSE,TRUE
4692,532288.5791,4418539.11,,FALSE,321.187878128757,FALSE,TRUE
4693,532313.5791,4418539.11,,FALSE,345.276133054186,FALSE,TRUE
4694,532338.5791,4418539.11,,FALSE,369.485538359556,FALSE,TRUE
4695,532363.5791,4418539.11,,FALSE,393.793750657434,FALSE,TRUE
4696,532388.5791,4418539.11,,FALSE,403.975262927156,FALSE,TRUE
4697,532413.5791,4418539.11,,FALSE,411.400009792251,FALSE,TRUE
4698,532438.5791,4418539.11,,FALSE,420.183201778775,FALSE,TRUE
4699,532463.5791,4418539.11,,FALSE,430.241650769729,FALSE,TRUE
4700,532488.5791,4418539.11,,FALSE,441.488202625008,FALSE,TRUE
4701,532513.5791,4418539.11,,FALSE,453.834538193226,FALSE,TRUE
4702,532538.5791,4418539.11,,FALSE,467.19347497269,FALSE,TRUE
4703,532563.5791,4418539.11,,FALSE,481.480734876335,FALSE,TRUE
4704,532588.5791,4418539.11,,FALSE,496.616202974746,FALSE,TRUE
4705,532613.5791,4418539.11,,FALSE,512.524738970767,FALSE,TRUE
4706,532638.5791,4418539.11,,FALSE,529.136620408238,FALSE,TRUE
4707,532663.5791,4418539.11,,FALSE,546.387699401305,FALSE,TRUE
4708,532688.5791,4418539.11,,FALSE,564.219348354033,FALSE,TRUE
4709,532713.5791,4418539.11,,FALSE,582.578259169571,FALSE,TRUE
4710,532738.5791,4418539.11,,FALSE,601.416147984943,FALSE,TRUE
4711,532763.5791,4418539.11,,FALSE,620.689405465443,FALSE,TRUE
4712,532788.5791,4418539.11,,FALSE,640.35872216832,FALSE,TRUE
4713,532813.5791,4418539.11,,FALSE,660.388709819484,FALSE,TRUE
4714,532838.5791,4418539.11,,FALSE,680.747532538342,FALSE,TRUE
4715,532863.5791,4418539.11,,FALSE,701.406556896241,FALSE,TRUE
4716,532888.5791,4418539.11,,FALSE,722.340025927567,FALSE,TRUE
4717,532913.5791,4418539.11,,FALSE,743.524759545395,FALSE,TRUE
4718,532938.5791,4418539.11,,FALSE,764.939881988798,FALSE,TRUE
4719,532963.5791,4418539.11,,FALSE,786.566575730901,FALSE,TRUE
4720,532988.5791,4418539.11,,FALSE,808.387860532946,FALSE,TRUE
4721,531013.5791,4418514.11,,FALSE,937.108421719086,FALSE,TRUE
4722,531038.5791,4418514.11,,FALSE,912.127265822503,FALSE,TRUE
4723,531063.5791,4418514.11,,FALSE,887.147171588138,FALSE,TRUE
4724,531088.5791,4418514.11,,FALSE,862.16823129644,FALSE,TRUE
4725,531113.5791,4418514.11,,FALSE,837.190548236678,FALSE,TRUE
4726,531138.5791,4418514.11,,FALSE,812.214238398237,FALSE,TRUE
4727,531163.5791,4418514.11,,FALSE,787.239432483427,FALSE,TRUE
4728,531188.5791,4418514.11,,FALSE,762.26627831541,FALSE,TRUE
4729,531213.5791,4418514.11,,FALSE,737.294943734748,FALSE,TRUE
4730,531238.5791,4418514.11,,FALSE,712.325620104193,FALSE,TRUE
4731,531263.5791,4418514.11,,FALSE,687.358526576067,FALSE,TRUE
4732,531288.5791,4418514.11,,FALSE,662.393915322915,FALSE,TRUE
4733,531313.5791,4418514.11,,FALSE,637.43207799484,FALSE,TRUE
4734,531338.5791,4418514.11,,FALSE,612.473353752486,FALSE,TRUE
4735,531363.5791,4418514.11,,FALSE,587.518139342792,FALSE,TRUE
4736,531388.5791,4418514.11,,FALSE,562.56690184974,FALSE,TRUE
4737,531413.5791,4418514.11,,FALSE,537.620194986028,FALSE,TRUE
4738,531438.5791,4418514.11,,FALSE,512.678680127049,FALSE,TRUE
4739,531463.5791,4418514.11,,FALSE,487.743153777489,FALSE,TRUE
4740,531488.5791,4418514.11,,FALSE,462.814583885178,FALSE,TRUE
4741,531513.5791,4418514.11,,FALSE,437.894158509575,FALSE,TRUE
4742,531538.5791,4418514.11,,FALSE,412.983352033478,FALSE,TRUE
4743,531563.5791,4418514.11,,FALSE,388.08401674999,FALSE,TRUE
4744,531588.5791,4418514.11,,FALSE,363.198511914359,FALSE,TRUE
4745,531613.5791,4418514.11,,FALSE,338.329889393183,FALSE,TRUE
4746,531638.5791,4418514.11,,FALSE,313.482167047509,FALSE,TRUE
4747,531663.5791,4418514.11,,FALSE,288.660742146903,FALSE,TRUE
4748,531688.5791,4418514.11,,FALSE,263.873035865357,FALSE,TRUE
4749,531713.5791,4418514.11,,FALSE,239.129534053823,FALSE,TRUE
4750,531738.5791,4418514.11,,FALSE,214.445538673103,FALSE,TRUE
4751,531763.5791,4418514.11,,FALSE,189.844262638605,FALSE,TRUE
4752,531788.5791,4418514.11,,FALSE,165.362628960701,FALSE,TRUE
4753,531813.5791,4418514.11,,FALSE,141.062943598924,FALSE,TRUE
4754,531838.5791,4418514.11,,FALSE,117.058571052238,FALSE,TRUE
4755,531863.5791,4418514.11,,FALSE,93.5770487715364,FALSE,TRUE
4756,531888.5791,4418514.11,,FALSE,71.1380282042536,FALSE,TRUE
4757,531913.5791,4418514.11,,FALSE,51.132905812088,FALSE,TRUE
4758,531938.5791,4418514.11,,FALSE,37.6633649158773,TRUE,FALSE
4759,531963.5791,4418514.11,,FALSE,38.3729599690357,TRUE,FALSE
4760,531988.5791,4418514.11,,FALSE,52.6919259164428,FALSE,TRUE
4761,532013.5791,4418514.11,,FALSE,72.3715970312333,FALSE,TRUE
4762,532038.5791,4418514.11,,FALSE,86.8424035644448,FALSE,TRUE
4763,532063.5791,4418514.11,,FALSE,105.335454889835,FALSE,TRUE
4764,532088.5791,4418514.11,,FALSE,126.093271259204,FALSE,TRUE
4765,532113.5791,4418514.11,,FALSE,148.16702756297,FALSE,TRUE
4766,532138.5791,4418514.11,,FALSE,171.048013893306,FALSE,TRUE
4767,532163.5791,4418514.11,,FALSE,194.451479955395,FALSE,TRUE
4768,532188.5791,4418514.11,,FALSE,218.209378938766,FALSE,TRUE
4769,532213.5791,4418514.11,,FALSE,242.217439621594,FALSE,TRUE
4770,532238.5791,4418514.11,,FALSE,266.408038649061,FALSE,TRUE
4771,532263.5791,4418514.11,,FALSE,290.735615391094,FALSE,TRUE
4772,532288.5791,4418514.11,,FALSE,315.16845187429,FALSE,TRUE
4773,532313.5791,4418514.11,,FALSE,339.683835436477,FALSE,TRUE
4774,532338.5791,4418514.11,,FALSE,364.265099970933,FALSE,TRUE
4775,532363.5791,4418514.11,,FALSE,373.579386552644,FALSE,TRUE
4776,532388.5791,4418514.11,,FALSE,379.954619733789,FALSE,TRUE
4777,532413.5791,4418514.11,,FALSE,387.839487490698,FALSE,TRUE
4778,532438.5791,4418514.11,,FALSE,397.14408349747,FALSE,TRUE
4779,532463.5791,4418514.11,,FALSE,407.771232503035,FALSE,TRUE
4780,532488.5791,4418514.11,,FALSE,419.620463105701,FALSE,TRUE
4781,532513.5791,4418514.11,,FALSE,432.591363826235,FALSE,TRUE
4782,532538.5791,4418514.11,,FALSE,446.586210106224,FALSE,TRUE
4783,532563.5791,4418514.11,,FALSE,461.511861231149,FALSE,TRUE
4784,532588.5791,4418514.11,,FALSE,477.281000100609,FALSE,TRUE
4785,532613.5791,4418514.11,,FALSE,493.812826946644,FALSE,TRUE
4786,532638.5791,4418514.11,,FALSE,511.033328714513,FALSE,TRUE
4787,532663.5791,4418514.11,,FALSE,528.875238649943,FALSE,TRUE
4788,532688.5791,4418514.11,,FALSE,547.277784180057,FALSE,TRUE
4789,532713.5791,4418514.11,,FALSE,566.186301544846,FALSE,TRUE
4790,532738.5791,4418514.11,,FALSE,585.551776580884,FALSE,TRUE
4791,532763.5791,4418514.11,,FALSE,605.330354481773,FALSE,TRUE
4792,532788.5791,4418514.11,,FALSE,625.482847931922,FALSE,TRUE
4793,532813.5791,4418514.11,,FALSE,645.974262689332,FALSE,TRUE
4794,532838.5791,4418514.11,,FALSE,666.773352089767,FALSE,TRUE
4795,532863.5791,4418514.11,,FALSE,687.852206550959,FALSE,TRUE
4796,532888.5791,4418514.11,,FALSE,709.185880469304,FALSE,TRUE
4797,532913.5791,4418514.11,,FALSE,730.752056484975,FALSE,TRUE
4798,532938.5791,4418514.11,,FALSE,752.530745589188,FALSE,TRUE
4799,532963.5791,4418514.11,,FALSE,774.504020684863,FALSE,TRUE
4800,532988.5791,4418514.11,,FALSE,796.655780784284,FALSE,TRUE
4801,531013.5791,4418489.11,,FALSE,938.398472961683,FALSE,TRUE
4802,531038.5791,4418489.11,,FALSE,913.452598144434,FALSE,TRUE
4803,531063.5791,4418489.11,,FALSE,888.509765875883,FALSE,TRUE
4804,531088.5791,4418489.11,,FALSE,863.570239793391,FALSE,TRUE
4805,531113.5791,4418489.11,,FALSE,838.634314857682,FALSE,TRUE
4806,531138.5791,4418489.11,,FALSE,813.702322140482,FALSE,TRUE
4807,531163.5791,4418489.11,,FALSE,788.774634516609,FALSE,TRUE
4808,531188.5791,4418489.11,,FALSE,763.851673466001,FALSE,TRUE
4809,531213.5791,4418489.11,,FALSE,738.933917246196,FALSE,TRUE
4810,531238.5791,4418489.11,,FALSE,714.021910768015,FALSE,TRUE
4811,531263.5791,4418489.11,,FALSE,689.116277602558,FALSE,TRUE
4812,531288.5791,4418489.11,,FALSE,664.217734675012,FALSE,TRUE
4813,531313.5791,4418489.11,,FALSE,639.32711037215,FALSE,TRUE
4814,531338.5791,4418489.11,,FALSE,614.445367023628,FALSE,TRUE
4815,531363.5791,4418489.11,,FALSE,589.573629037799,FALSE,TRUE
4816,531388.5791,4418489.11,,FALSE,564.713218418693,FALSE,TRUE
4817,531413.5791,4418489.11,,FALSE,539.865700018808,FALSE,TRUE
4818,531438.5791,4418489.11,,FALSE,515.032939778415,FALSE,TRUE
4819,531463.5791,4418489.11,,FALSE,490.217180499414,FALSE,TRUE
4820,531488.5791,4418489.11,,FALSE,465.421141609181,FALSE,TRUE
4821,531513.5791,4418489.11,,FALSE,440.648152222147,FALSE,TRUE
4822,531538.5791,4418489.11,,FALSE,415.902331150946,FALSE,TRUE
4823,531563.5791,4418489.11,,FALSE,391.188834269065,FALSE,TRUE
4824,531588.5791,4418489.11,,FALSE,366.514200348074,FALSE,TRUE
4825,531613.5791,4418489.11,,FALSE,341.886843936392,FALSE,TRUE
4826,531638.5791,4418489.11,,FALSE,317.317772992289,FALSE,TRUE
4827,531663.5791,4418489.11,,FALSE,292.821659131944,FALSE,TRUE
4828,531688.5791,4418489.11,,FALSE,268.418477487641,FALSE,TRUE
4829,531713.5791,4418489.11,,FALSE,244.136097406307,FALSE,TRUE
4830,531738.5791,4418489.11,,FALSE,220.014520104425,FALSE,TRUE
4831,531763.5791,4418489.11,,FALSE,196.113089967955,FALSE,TRUE
4832,531788.5791,4418489.11,,FALSE,172.523329021839,FALSE,TRUE
4833,531813.5791,4418489.11,,FALSE,149.39295183099,FALSE,TRUE
4834,531838.5791,4418489.11,,FALSE,126.973261188232,FALSE,TRUE
4835,531863.5791,4418489.11,,FALSE,105.717378215569,FALSE,TRUE
4836,531888.5791,4418489.11,,FALSE,86.4876815319524,FALSE,TRUE
4837,531913.5791,4418489.11,,FALSE,70.9512089873816,FALSE,TRUE
4838,531938.5791,4418489.11,,FALSE,56.9673859049054,FALSE,TRUE
4839,531963.5791,4418489.11,,FALSE,42.4174263344335,TRUE,FALSE
4840,531988.5791,4418489.11,,FALSE,40.0398933169879,TRUE,FALSE
4841,532013.5791,4418489.11,,FALSE,51.5475320149709,FALSE,TRUE
4842,532038.5791,4418489.11,,FALSE,70.4350981885674,FALSE,TRUE
4843,532063.5791,4418489.11,,FALSE,92.277072216406,FALSE,TRUE
4844,532088.5791,4418489.11,,FALSE,115.40802856314,FALSE,TRUE
4845,532113.5791,4418489.11,,FALSE,139.186809924034,FALSE,TRUE
4846,532138.5791,4418489.11,,FALSE,163.330716819672,FALSE,TRUE
4847,532163.5791,4418489.11,,FALSE,187.698902652164,FALSE,TRUE
4848,532188.5791,4418489.11,,FALSE,212.214120776223,FALSE,TRUE
4849,532213.5791,4418489.11,,FALSE,236.830716033254,FALSE,TRUE
4850,532238.5791,4418489.11,,FALSE,261.520062436561,FALSE,TRUE
4851,532263.5791,4418489.11,,FALSE,286.26333690646,FALSE,TRUE
4852,532288.5791,4418489.11,,FALSE,311.047670071357,FALSE,TRUE
4853,532313.5791,4418489.11,,FALSE,335.86397254963,FALSE,TRUE
4854,532338.5791,4418489.11,,FALSE,344.132391757931,FALSE,TRUE
4855,532363.5791,4418489.11,,FALSE,349.257867566406,FALSE,TRUE
4856,532388.5791,4418489.11,,FALSE,356.068831908989,FALSE,TRUE
4857,532413.5791,4418489.11,,FALSE,364.470805493431,FALSE,TRUE
4858,532438.5791,4418489.11,,FALSE,374.356678926701,FALSE,TRUE
4859,532463.5791,4418489.11,,FALSE,385.612341681419,FALSE,TRUE
4860,532488.5791,4418489.11,,FALSE,398.121630983581,FALSE,TRUE
4861,532513.5791,4418489.11,,FALSE,411.77030982943,FALSE,TRUE
4862,532538.5791,4418489.11,,FALSE,426.448992327363,FALSE,TRUE
4863,532563.5791,4418489.11,,FALSE,442.055084867285,FALSE,TRUE
4864,532588.5791,4418489.11,,FALSE,458.493896422865,FALSE,TRUE
4865,532613.5791,4418489.11,,FALSE,475.679101976343,FALSE,TRUE
4866,532638.5791,4418489.11,,FALSE,493.532737573728,FALSE,TRUE
4867,532663.5791,4418489.11,,FALSE,511.98488069182,FALSE,TRUE
4868,532688.5791,4418489.11,,FALSE,530.973137792314,FALSE,TRUE
4869,532713.5791,4418489.11,,FALSE,550.442029697056,FALSE,TRUE
4870,532738.5791,4418489.11,,FALSE,570.342338474896,FALSE,TRUE
4871,532763.5791,4418489.11,,FALSE,590.630458118282,FALSE,TRUE
4872,532788.5791,4418489.11,,FALSE,611.267775248304,FALSE,TRUE
4873,532813.5791,4418489.11,,FALSE,632.220094632407,FALSE,TRUE
4874,532838.5791,4418489.11,,FALSE,653.457116463665,FALSE,TRUE
4875,532863.5791,4418489.11,,FALSE,674.951967222118,FALSE,TRUE
4876,532888.5791,4418489.11,,FALSE,696.680782752765,FALSE,TRUE
4877,532913.5791,4418489.11,,FALSE,718.622340354796,FALSE,TRUE
4878,532938.5791,4418489.11,,FALSE,740.757735738887,FALSE,TRUE
4879,532963.5791,4418489.11,,FALSE,763.070100355794,FALSE,TRUE
4880,532988.5791,4418489.11,,FALSE,785.544354608319,FALSE,TRUE
4881,531013.5791,4418464.11,,FALSE,940.351633197285,FALSE,TRUE
4882,531038.5791,4418464.11,,FALSE,915.458982727681,FALSE,TRUE
4883,531063.5791,4418464.11,,FALSE,890.572346335097,FALSE,TRUE
4884,531088.5791,4418464.11,,FALSE,865.692242691823,FALSE,TRUE
4885,531113.5791,4418464.11,,FALSE,840.819251716323,FALSE,TRUE
4886,531138.5791,4418464.11,,FALSE,815.954023862126,FALSE,TRUE
4887,531163.5791,4418464.11,,FALSE,791.097291144897,FALSE,TRUE
4888,531188.5791,4418464.11,,FALSE,766.249880298061,FALSE,TRUE
4889,531213.5791,4418464.11,,FALSE,741.412728550563,FALSE,TRUE
4890,531238.5791,4418464.11,,FALSE,716.586902655072,FALSE,TRUE
4891,531263.5791,4418464.11,,FALSE,691.773621972382,FALSE,TRUE
4892,531288.5791,4418464.11,,FALSE,666.974286653382,FALSE,TRUE
4893,531313.5791,4418464.11,,FALSE,642.190512275591,FALSE,TRUE
4894,531338.5791,4418464.11,,FALSE,617.424172718225,FALSE,TRUE
4895,531363.5791,4418464.11,,FALSE,592.677453643028,FALSE,TRUE
4896,531388.5791,4418464.11,,FALSE,567.952919753726,FALSE,TRUE
4897,531413.5791,4418464.11,,FALSE,543.25360013237,FALSE,TRUE
4898,531438.5791,4418464.11,,FALSE,518.583097542505,FALSE,TRUE
4899,531463.5791,4418464.11,,FALSE,493.945729869971,FALSE,TRUE
4900,531488.5791,4418464.11,,FALSE,469.346715186947,FALSE,TRUE
4901,531513.5791,4418464.11,,FALSE,444.792416815727,FALSE,TRUE
4902,531538.5791,4418464.11,,FALSE,420.290672102979,FALSE,TRUE
4903,531563.5791,4418464.11,,FALSE,395.851239807043,FALSE,TRUE
4904,531588.5791,4418464.11,,FALSE,371.486418401496,FALSE,TRUE
4905,531613.5791,4418464.11,,FALSE,347.211915199882,FALSE,TRUE
4906,531638.5791,4418464.11,,FALSE,323.048090935032,FALSE,TRUE
4907,531663.5791,4418464.11,,FALSE,299.021778565989,FALSE,TRUE
4908,531688.5791,4418464.11,,FALSE,275.16900090084,FALSE,TRUE
4909,531713.5791,4418464.11,,FALSE,251.539130269556,FALSE,TRUE
4910,531738.5791,4418464.11,,FALSE,228.201422118188,FALSE,TRUE
4911,531763.5791,4418464.11,,FALSE,205.255557919298,FALSE,TRUE
4912,531788.5791,4418464.11,,FALSE,182.849115548205,FALSE,TRUE
4913,531813.5791,4418464.11,,FALSE,161.20717743562,FALSE,TRUE
4914,531838.5791,4418464.11,,FALSE,140.683009126043,FALSE,TRUE
4915,531863.5791,4418464.11,,FALSE,117.272835971616,FALSE,TRUE
4916,531888.5791,4418464.11,,FALSE,92.5033678134169,FALSE,TRUE
4917,531913.5791,4418464.11,,FALSE,67.9030784046127,FALSE,TRUE
4918,531938.5791,4418464.11,,FALSE,43.7582341602315,TRUE,FALSE
4919,531963.5791,4418464.11,,FALSE,21.6503592769342,TRUE,FALSE
4920,531988.5791,4418464.11,,FALSE,16.5134205063339,TRUE,FALSE
4921,532013.5791,4418464.11,,FALSE,36.4231802128491,TRUE,FALSE
4922,532038.5791,4418464.11,,FALSE,60.254485781694,FALSE,TRUE
4923,532063.5791,4418464.11,,FALSE,84.7617723789153,FALSE,TRUE
4924,532088.5791,4418464.11,,FALSE,109.492068465317,FALSE,TRUE
4925,532113.5791,4418464.11,,FALSE,134.322254510607,FALSE,TRUE
4926,532138.5791,4418464.11,,FALSE,159.205599954308,FALSE,TRUE
4927,532163.5791,4418464.11,,FALSE,184.120553053726,FALSE,TRUE
4928,532188.5791,4418464.11,,FALSE,209.055813257628,FALSE,TRUE
4929,532213.5791,4418464.11,,FALSE,234.004888959199,FALSE,TRUE
4930,532238.5791,4418464.11,,FALSE,258.96378715335,FALSE,TRUE
4931,532263.5791,4418464.11,,FALSE,283.929917509241,FALSE,TRUE
4932,532288.5791,4418464.11,,FALSE,308.901526472116,FALSE,TRUE
4933,532313.5791,4418464.11,,FALSE,315.899743679888,FALSE,TRUE
4934,532338.5791,4418464.11,,FALSE,319.525590613675,FALSE,TRUE
4935,532363.5791,4418464.11,,FALSE,325.039317709437,FALSE,TRUE
4936,532388.5791,4418464.11,,FALSE,332.34697690368,FALSE,TRUE
4937,532413.5791,4418464.11,,FALSE,341.333367922056,FALSE,TRUE
4938,532438.5791,4418464.11,,FALSE,351.869895070624,FALSE,TRUE
4939,532463.5791,4418464.11,,FALSE,363.821904311726,FALSE,TRUE
4940,532488.5791,4418464.11,,FALSE,377.054814393093,FALSE,TRUE
4941,532513.5791,4418464.11,,FALSE,391.43874112945,FALSE,TRUE
4942,532538.5791,4418464.11,,FALSE,406.85162290079,FALSE,TRUE
4943,532563.5791,4418464.11,,FALSE,423.18104642931,FALSE,TRUE
4944,532588.5791,4418464.11,,FALSE,440.325053860218,FALSE,TRUE
4945,532613.5791,4418464.11,,FALSE,458.192217368435,FALSE,TRUE
4946,532638.5791,4418464.11,,FALSE,476.701230391743,FALSE,TRUE
4947,532663.5791,4418464.11,,FALSE,495.780211441522,FALSE,TRUE
4948,532688.5791,4418464.11,,FALSE,515.365863301984,FALSE,TRUE
4949,532713.5791,4418464.11,,FALSE,535.402585030179,FALSE,TRUE
4950,532738.5791,4418464.11,,FALSE,555.841598890364,FALSE,TRUE
4951,532763.5791,4418464.11,,FALSE,576.640128725876,FALSE,TRUE
4952,532788.5791,4418464.11,,FALSE,597.760648635383,FALSE,TRUE
4953,532813.5791,4418464.11,,FALSE,619.170209277701,FALSE,TRUE
4954,532838.5791,4418464.11,,FALSE,640.839841970668,FALSE,TRUE
4955,532863.5791,4418464.11,,FALSE,662.744036606132,FALSE,TRUE
4956,532888.5791,4418464.11,,FALSE,684.860287253531,FALSE,TRUE
4957,532913.5791,4418464.11,,FALSE,707.16869844259,FALSE,TRUE
4958,532938.5791,4418464.11,,FALSE,729.651645003961,FALSE,TRUE
4959,532963.5791,4418464.11,,FALSE,752.293478675034,FALSE,TRUE
4960,532988.5791,4418464.11,,FALSE,775.08027523411,FALSE,TRUE
4961,531013.5791,4418439.11,,FALSE,942.963781943286,FALSE,TRUE
4962,531038.5791,4418439.11,,FALSE,918.141954741631,FALSE,TRUE
4963,531063.5791,4418439.11,,FALSE,893.330064453661,FALSE,TRUE
4964,531088.5791,4418439.11,,FALSE,868.52896270463,FALSE,TRUE
4965,531113.5791,4418439.11,,FALSE,843.739600858452,FALSE,TRUE
4966,531138.5791,4418439.11,,FALSE,818.963044988465,FALSE,TRUE
4967,531163.5791,4418439.11,,FALSE,794.200493614035,FALSE,TRUE
4968,531188.5791,4418439.11,,FALSE,769.453298814669,FALSE,TRUE
4969,531213.5791,4418439.11,,FALSE,744.722991491987,FALSE,TRUE
4970,531238.5791,4418439.11,,FALSE,720.011311756123,FALSE,TRUE
4971,531263.5791,4418439.11,,FALSE,695.320245683075,FALSE,TRUE
4972,531288.5791,4418439.11,,FALSE,670.65207004584,FALSE,TRUE
4973,531313.5791,4418439.11,,FALSE,646.009407096189,FALSE,TRUE
4974,531338.5791,4418439.11,,FALSE,621.395292110238,FALSE,TRUE
4975,531363.5791,4418439.11,,FALSE,596.813257272965,FALSE,TRUE
4976,531388.5791,4418439.11,,FALSE,572.267436655944,FALSE,TRUE
4977,531413.5791,4418439.11,,FALSE,547.762698672303,FALSE,TRUE
4978,531438.5791,4418439.11,,FALSE,523.304814669961,FALSE,TRUE
4979,531463.5791,4418439.11,,FALSE,498.900675542499,FALSE,TRUE
4980,531488.5791,4418439.11,,FALSE,474.558572840867,FALSE,TRUE
4981,531513.5791,4418439.11,,FALSE,450.288567539482,FALSE,TRUE
4982,531538.5791,4418439.11,,FALSE,426.102979403756,FALSE,TRUE
4983,531563.5791,4418439.11,,FALSE,402.017044485375,FALSE,TRUE
4984,531588.5791,4418439.11,,FALSE,378.049810285305,FALSE,TRUE
4985,531613.5791,4418439.11,,FALSE,354.225371842212,FALSE,TRUE
4986,531638.5791,4418439.11,,FALSE,330.574604373585,FALSE,TRUE
4987,531663.5791,4418439.11,,FALSE,307.137630479808,FALSE,TRUE
4988,531688.5791,4418439.11,,FALSE,283.967390833436,FALSE,TRUE
4989,531713.5791,4418439.11,,FALSE,261.134896283029,FALSE,TRUE
4990,531738.5791,4418439.11,,FALSE,238.737070972957,FALSE,TRUE
4991,531763.5791,4418439.11,,FALSE,216.694711649394,FALSE,TRUE
4992,531788.5791,4418439.11,,FALSE,191.730417661916,FALSE,TRUE
4993,531813.5791,4418439.11,,FALSE,166.776821101769,FALSE,TRUE
4994,531838.5791,4418439.11,,FALSE,141.839568022503,FALSE,TRUE
4995,531863.5791,4418439.11,,FALSE,116.929115522221,FALSE,TRUE
4996,531888.5791,4418439.11,,FALSE,92.0672203165032,FALSE,TRUE
4997,531913.5791,4418439.11,,FALSE,67.3077117186895,FALSE,TRUE
4998,531938.5791,4418439.11,,FALSE,42.8285308737632,TRUE,FALSE
4999,531963.5791,4418439.11,,FALSE,19.7037574285608,TRUE,FALSE
5000,531988.5791,4418439.11,1,TRUE,13.8633710475571,TRUE,FALSE
5001,532013.5791,4418439.11,,FALSE,35.3008223247125,TRUE,FALSE
5002,532038.5791,4418439.11,,FALSE,59.5827412662392,FALSE,TRUE
5003,532063.5791,4418439.11,,FALSE,84.2855744288326,FALSE,TRUE
5004,532088.5791,4418439.11,,FALSE,109.123842751238,FALSE,TRUE
5005,532113.5791,4418439.11,,FALSE,134.022267018565,FALSE,TRUE
5006,532138.5791,4418439.11,,FALSE,158.952581158012,FALSE,TRUE
5007,532163.5791,4418439.11,,FALSE,183.901816349902,FALSE,TRUE
5008,532188.5791,4418439.11,,FALSE,208.863192201957,FALSE,TRUE
5009,532213.5791,4418439.11,,FALSE,233.832820743347,FALSE,TRUE
5010,532238.5791,4418439.11,,FALSE,258.80831334559,FALSE,TRUE
5011,532263.5791,4418439.11,,FALSE,283.788121768315,FALSE,TRUE
5012,532288.5791,4418439.11,,FALSE,289.237260837886,FALSE,TRUE
5013,532313.5791,4418439.11,,FALSE,291.053514077742,FALSE,TRUE
5014,532338.5791,4418439.11,,FALSE,294.984920050163,FALSE,TRUE
5015,532363.5791,4418439.11,,FALSE,300.948597034443,FALSE,TRUE
5016,532388.5791,4418439.11,,FALSE,308.826833447157,FALSE,TRUE
5017,532413.5791,4418439.11,,FALSE,318.477578578142,FALSE,TRUE
5018,532438.5791,4418439.11,,FALSE,329.745239627497,FALSE,TRUE
5019,532463.5791,4418439.11,,FALSE,342.470258645907,FALSE,TRUE
5020,532488.5791,4418439.11,,FALSE,356.496610161994,FALSE,TRUE
5021,532513.5791,4418439.11,,FALSE,371.676994253063,FALSE,TRUE
5022,532538.5791,4418439.11,,FALSE,387.875937713324,FALSE,TRUE
5023,532563.5791,4418439.11,,FALSE,404.971231147336,FALSE,TRUE
5024,532588.5791,4418439.11,,FALSE,422.854174694998,FALSE,TRUE
5025,532613.5791,4418439.11,,FALSE,441.429052121614,FALSE,TRUE
5026,532638.5791,4418439.11,,FALSE,460.612161212646,FALSE,TRUE
5027,532663.5791,4418439.11,,FALSE,480.33063410216,FALSE,TRUE
5028,532688.5791,4418439.11,,FALSE,500.521201406077,FALSE,TRUE
5029,532713.5791,4418439.11,,FALSE,521.128993682928,FALSE,TRUE
5030,532738.5791,4418439.11,,FALSE,542.106431484611,FALSE,TRUE
5031,532763.5791,4418439.11,,FALSE,563.412227464916,FALSE,TRUE
5032,532788.5791,4418439.11,,FALSE,585.010506791952,FALSE,TRUE
5033,532813.5791,4418439.11,,FALSE,606.870042148215,FALSE,TRUE
5034,532838.5791,4418439.11,,FALSE,628.963594381244,FALSE,TRUE
5035,532863.5791,4418439.11,,FALSE,651.2673476054,FALSE,TRUE
5036,532888.5791,4418439.11,,FALSE,673.760427048793,FALSE,TRUE
5037,532913.5791,4418439.11,,FALSE,696.424488409885,FALSE,TRUE
5038,532938.5791,4418439.11,,FALSE,719.243368448378,FALSE,TRUE
5039,532963.5791,4418439.11,,FALSE,742.202787691455,FALSE,TRUE
5040,532988.5791,4418439.11,,FALSE,765.290097320595,FALSE,TRUE
5041,531013.5791,4418414.11,,FALSE,946.229461630089,FALSE,TRUE
5042,531038.5791,4418414.11,,FALSE,921.495604469586,FALSE,TRUE
5043,531063.5791,4418414.11,,FALSE,896.776507306456,FALSE,TRUE
5044,531088.5791,4418414.11,,FALSE,872.073425266912,FALSE,TRUE
5045,531113.5791,4418414.11,,FALSE,847.387758972693,FALSE,TRUE
5046,531138.5791,4418414.11,,FALSE,822.721076098553,FALSE,TRUE
5047,531163.5791,4418414.11,,FALSE,798.075136849132,FALSE,TRUE
5048,531188.5791,4418414.11,,FALSE,773.451924205221,FALSE,TRUE
5049,531213.5791,4418414.11,,FALSE,748.853680004818,FALSE,TRUE
5050,531238.5791,4418414.11,,FALSE,724.282948202397,FALSE,TRUE
5051,531263.5791,4418414.11,,FALSE,699.742627011357,FALSE,TRUE
5052,531288.5791,4418414.11,,FALSE,675.23603210785,FALSE,TRUE
5053,531313.5791,4418414.11,,FALSE,650.766973698537,FALSE,TRUE
5054,531338.5791,4418414.11,,FALSE,626.339851084658,FALSE,TRUE
5055,531363.5791,4418414.11,,FALSE,601.959769466988,FALSE,TRUE
5056,531388.5791,4418414.11,,FALSE,577.632685239286,FALSE,TRUE
5057,531413.5791,4418414.11,,FALSE,553.36558806701,FALSE,TRUE
5058,531438.5791,4418414.11,,FALSE,529.166730867263,FALSE,TRUE
5059,531463.5791,4418414.11,,FALSE,505.045922720642,FALSE,TRUE
5060,531488.5791,4418414.11,,FALSE,481.014905233448,FALSE,TRUE
5061,531513.5791,4418414.11,,FALSE,457.08784063541,FALSE,TRUE
5062,531538.5791,4418414.11,,FALSE,433.281950993508,FALSE,TRUE
5063,531563.5791,4418414.11,,FALSE,409.618363915412,FALSE,TRUE
5064,531588.5791,4418414.11,,FALSE,386.123243352091,FALSE,TRUE
5065,531613.5791,4418414.11,,FALSE,362.829318077711,FALSE,TRUE
5066,531638.5791,4418414.11,,FALSE,339.777970234586,FALSE,TRUE
5067,531663.5791,4418414.11,,FALSE,317.022119191602,FALSE,TRUE
5068,531688.5791,4418414.11,,FALSE,293.622603109504,FALSE,TRUE
5069,531713.5791,4418414.11,,FALSE,268.827431741629,FALSE,TRUE
5070,531738.5791,4418414.11,,FALSE,244.074052403771,FALSE,TRUE
5071,531763.5791,4418414.11,,FALSE,219.37661237424,FALSE,TRUE
5072,531788.5791,4418414.11,,FALSE,194.756394135844,FALSE,TRUE
5073,531813.5791,4418414.11,,FALSE,170.246903222334,FALSE,TRUE
5074,531838.5791,4418414.11,,FALSE,145.903951477653,FALSE,TRUE
5075,531863.5791,4418414.11,,FALSE,121.827410941841,FALSE,TRUE
5076,531888.5791,4418414.11,,FALSE,98.2134056877714,FALSE,TRUE
5077,531913.5791,4418414.11,,FALSE,75.4972056223901,FALSE,TRUE
5078,531938.5791,4418414.11,,FALSE,54.8067792958875,FALSE,TRUE
5079,531963.5791,4418414.11,,FALSE,39.4681904422638,TRUE,FALSE
5080,531988.5791,4418414.11,,FALSE,36.9011254135356,TRUE,FALSE
5081,532013.5791,4418414.11,,FALSE,49.1492426877989,TRUE,FALSE
5082,532038.5791,4418414.11,,FALSE,68.6993672225795,FALSE,TRUE
5083,532063.5791,4418414.11,,FALSE,90.959101011287,FALSE,TRUE
5084,532088.5791,4418414.11,,FALSE,114.356954562371,FALSE,TRUE
5085,532113.5791,4418414.11,,FALSE,138.316550191143,FALSE,TRUE
5086,532138.5791,4418414.11,,FALSE,162.589738473181,FALSE,TRUE
5087,532163.5791,4418414.11,,FALSE,187.054478847143,FALSE,TRUE
5088,532188.5791,4418414.11,,FALSE,211.644355126176,FALSE,TRUE
5089,532213.5791,4418414.11,,FALSE,236.320308176791,FALSE,TRUE
5090,532238.5791,4418414.11,,FALSE,261.057930461368,FALSE,TRUE
5091,532263.5791,4418414.11,,FALSE,264.619988014866,FALSE,TRUE
5092,532288.5791,4418414.11,,FALSE,264.249300958369,FALSE,TRUE
5093,532313.5791,4418414.11,,FALSE,266.236075799252,FALSE,TRUE
5094,532338.5791,4418414.11,,FALSE,270.52837754473,FALSE,TRUE
5095,532363.5791,4418414.11,,FALSE,277.019057209035,FALSE,TRUE
5096,532388.5791,4418414.11,,FALSE,285.558248098319,FALSE,TRUE
5097,532413.5791,4418414.11,,FALSE,295.968694386721,FALSE,TRUE
5098,532438.5791,4418414.11,,FALSE,308.060745725545,FALSE,TRUE
5099,532463.5791,4418414.11,,FALSE,321.644801072514,FALSE,TRUE
5100,532488.5791,4418414.11,,FALSE,336.540239877754,FALSE,TRUE
5101,532513.5791,4418414.11,,FALSE,352.580895762908,FALSE,TRUE
5102,532538.5791,4418414.11,,FALSE,369.617698516959,FALSE,TRUE
5103,532563.5791,4418414.11,,FALSE,387.519287335446,FALSE,TRUE
5104,532588.5791,4418414.11,,FALSE,406.171334607664,FALSE,TRUE
5105,532613.5791,4418414.11,,FALSE,425.475155628351,FALSE,TRUE
5106,532638.5791,4418414.11,,FALSE,445.34600375098,FALSE,TRUE
5107,532663.5791,4418414.11,,FALSE,465.711303338202,FALSE,TRUE
5108,532688.5791,4418414.11,,FALSE,486.50896503247,FALSE,TRUE
5109,532713.5791,4418414.11,,FALSE,507.685855679439,FALSE,TRUE
5110,532738.5791,4418414.11,,FALSE,529.196450344258,FALSE,TRUE
5111,532763.5791,4418414.11,,FALSE,551.001667925753,FALSE,TRUE
5112,532788.5791,4418414.11,,FALSE,573.067878228191,FALSE,TRUE
5113,532813.5791,4418414.11,,FALSE,595.36606223143,FALSE,TRUE
5114,532838.5791,4418414.11,,FALSE,617.871105536549,FALSE,TRUE
5115,532863.5791,4418414.11,,FALSE,640.561205551004,FALSE,TRUE
5116,532888.5791,4418414.11,,FALSE,663.417374702348,FALSE,TRUE
5117,532913.5791,4418414.11,,FALSE,686.423024130859,FALSE,TRUE
5118,532938.5791,4418414.11,,FALSE,709.563614524415,FALSE,TRUE
5119,532963.5791,4418414.11,,FALSE,732.826362828843,FALSE,TRUE
5120,532988.5791,4418414.11,,FALSE,756.19999540925,FALSE,TRUE
5121,531013.5791,4418389.11,,FALSE,950.141933637681,FALSE,TRUE
5122,531038.5791,4418389.11,,FALSE,925.512641219314,FALSE,TRUE
5123,531063.5791,4418389.11,,FALSE,900.903770697375,FALSE,TRUE
5124,531088.5791,4418389.11,,FALSE,876.317042546103,FALSE,TRUE
5125,531113.5791,4418389.11,,FALSE,851.754374251607,FALSE,TRUE
5126,531138.5791,4418389.11,,FALSE,827.217909052231,FALSE,TRUE
5127,531163.5791,4418389.11,,FALSE,802.710049804251,FALSE,TRUE
5128,531188.5791,4418389.11,,FALSE,778.23349905844,FALSE,TRUE
5129,531213.5791,4418389.11,,FALSE,753.791306700164,FALSE,TRUE
5130,531238.5791,4418389.11,,FALSE,729.386926847979,FALSE,TRUE
5131,531263.5791,4418389.11,,FALSE,705.024286146753,FALSE,TRUE
5132,531288.5791,4418389.11,,FALSE,680.707866163406,FALSE,TRUE
5133,531313.5791,4418389.11,,FALSE,656.442803339892,FALSE,TRUE
5134,531338.5791,4418389.11,,FALSE,632.23501093876,FALSE,TRUE
5135,531363.5791,4418389.11,,FALSE,608.091328713651,FALSE,TRUE
5136,531388.5791,4418389.11,,FALSE,584.019707763986,FALSE,TRUE
5137,531413.5791,4418389.11,,FALSE,560.029440348211,FALSE,TRUE
5138,531438.5791,4418389.11,,FALSE,536.131447554356,FALSE,TRUE
5139,531463.5791,4418389.11,,FALSE,512.338641971038,FALSE,TRUE
5140,531488.5791,4418389.11,,FALSE,488.66638830262,FALSE,TRUE
5141,531513.5791,4418389.11,,FALSE,465.133092841958,FALSE,TRUE
5142,531538.5791,4418389.11,,FALSE,441.760963708569,FALSE,TRUE
5143,531563.5791,4418389.11,,FALSE,418.576998958044,FALSE,TRUE
5144,531588.5791,4418389.11,,FALSE,395.614280653165,FALSE,TRUE
5145,531613.5791,4418389.11,,FALSE,371.445646167496,FALSE,TRUE
5146,531638.5791,4418389.11,,FALSE,346.808049296419,FALSE,TRUE
5147,531663.5791,4418389.11,,FALSE,322.226283932248,FALSE,TRUE
5148,531688.5791,4418389.11,,FALSE,297.714180140592,FALSE,TRUE
5149,531713.5791,4418389.11,,FALSE,273.290482923909,FALSE,TRUE
5150,531738.5791,4418389.11,,FALSE,248.981210248448,FALSE,TRUE
5151,531763.5791,4418389.11,,FALSE,224.823481995944,FALSE,TRUE
5152,531788.5791,4418389.11,,FALSE,200.871981761467,FALSE,TRUE
5153,531813.5791,4418389.11,,FALSE,177.210349745092,FALSE,TRUE
5154,531838.5791,4418389.11,,FALSE,153.972280157101,FALSE,TRUE
5155,531863.5791,4418389.11,,FALSE,131.382715974269,FALSE,TRUE
5156,531888.5791,4418389.11,,FALSE,109.842492036434,FALSE,TRUE
5157,531913.5791,4418389.11,,FALSE,90.1073141136317,FALSE,TRUE
5158,531938.5791,4418389.11,,FALSE,73.6429430208446,FALSE,TRUE
5159,531963.5791,4418389.11,,FALSE,63.0653475116885,FALSE,TRUE
5160,531988.5791,4418389.11,,FALSE,61.4914063651883,FALSE,TRUE
5161,532013.5791,4418389.11,,FALSE,69.5352288898756,FALSE,TRUE
5162,532038.5791,4418389.11,,FALSE,84.4932130810876,FALSE,TRUE
5163,532063.5791,4418389.11,,FALSE,103.407243734493,FALSE,TRUE
5164,532088.5791,4418389.11,,FALSE,124.486999549204,FALSE,TRUE
5165,532113.5791,4418389.11,,FALSE,146.80247973642,FALSE,TRUE
5166,532138.5791,4418389.11,,FALSE,169.867369017009,FALSE,TRUE
5167,532163.5791,4418389.11,,FALSE,193.413748365413,FALSE,TRUE
5168,532188.5791,4418389.11,,FALSE,217.285142282573,FALSE,TRUE
5169,532213.5791,4418389.11,,FALSE,241.385144648043,FALSE,TRUE
5170,532238.5791,4418389.11,,FALSE,242.671141788579,FALSE,TRUE
5171,532263.5791,4418389.11,,FALSE,239.673190108888,FALSE,TRUE
5172,532288.5791,4418389.11,,FALSE,239.263856562101,FALSE,TRUE
5173,532313.5791,4418389.11,,FALSE,241.456306724361,FALSE,TRUE
5174,532338.5791,4418389.11,,FALSE,246.181037159581,FALSE,TRUE
5175,532363.5791,4418389.11,,FALSE,253.296383821337,FALSE,TRUE
5176,532388.5791,4418389.11,,FALSE,262.608097851084,FALSE,TRUE
5177,532413.5791,4418389.11,,FALSE,273.892256292439,FALSE,TRUE
5178,532438.5791,4418389.11,,FALSE,286.916230034067,FALSE,TRUE
5179,532463.5791,4418389.11,,FALSE,301.454603642009,FALSE,TRUE
5180,532488.5791,4418389.11,,FALSE,317.299279950269,FALSE,TRUE
5181,532513.5791,4418389.11,,FALSE,334.26454801094,FALSE,TRUE
5182,532538.5791,4418389.11,,FALSE,352.188505004006,FALSE,TRUE
5183,532563.5791,4418389.11,,FALSE,370.932201428988,FALSE,TRUE
5184,532588.5791,4418389.11,,FALSE,390.377577554032,FALSE,TRUE
5185,532613.5791,4418389.11,,FALSE,410.424911594012,FALSE,TRUE
5186,532638.5791,4418389.11,,FALSE,430.990212251916,FALSE,TRUE
5187,532663.5791,4418389.11,,FALSE,452.002785452645,FALSE,TRUE
5188,532688.5791,4418389.11,,FALSE,473.403076729491,FALSE,TRUE
5189,532713.5791,4418389.11,,FALSE,495.140816391607,FALSE,TRUE
5190,532738.5791,4418389.11,,FALSE,517.173455483696,FALSE,TRUE
5191,532763.5791,4418389.11,,FALSE,539.464862671282,FALSE,TRUE
5192,532788.5791,4418389.11,,FALSE,561.984246271142,FALSE,TRUE
5193,532813.5791,4418389.11,,FALSE,584.70526597333,FALSE,TRUE
5194,532838.5791,4418389.11,,FALSE,607.605302031624,FALSE,TRUE
5195,532863.5791,4418389.11,,FALSE,630.664853988978,FALSE,TRUE
5196,532888.5791,4418389.11,,FALSE,653.867045397562,FALSE,TRUE
5197,532913.5791,4418389.11,,FALSE,677.197215039265,FALSE,TRUE
5198,532938.5791,4418389.11,,FALSE,700.64257867827,FALSE,TRUE
5199,532963.5791,4418389.11,,FALSE,724.191948351357,FALSE,TRUE
5200,532988.5791,4418389.11,,FALSE,747.83549866059,FALSE,TRUE
5201,531013.5791,4418364.11,,FALSE,954.693246051702,FALSE,TRUE
5202,531038.5791,4418364.11,,FALSE,930.184470444833,FALSE,TRUE
5203,531063.5791,4418364.11,,FALSE,905.702547228798,FALSE,TRUE
5204,531088.5791,4418364.11,,FALSE,881.249714358383,FALSE,TRUE
5205,531113.5791,4418364.11,,FALSE,856.828462445506,FALSE,TRUE
5206,531138.5791,4418364.11,,FALSE,832.441570956622,FALSE,TRUE
5207,531163.5791,4418364.11,,FALSE,808.092150720898,FALSE,TRUE
5208,531188.5791,4418364.11,,FALSE,783.783694048763,FALSE,TRUE
5209,531213.5791,4418364.11,,FALSE,759.520134069351,FALSE,TRUE
5210,531238.5791,4418364.11,,FALSE,735.305915287456,FALSE,TRUE
5211,531263.5791,4418364.11,,FALSE,711.146077860746,FALSE,TRUE
5212,531288.5791,4418364.11,,FALSE,687.046358739147,FALSE,TRUE
5213,531313.5791,4418364.11,,FALSE,663.01331363459,FALSE,TRUE
5214,531338.5791,4418364.11,,FALSE,639.054464859387,FALSE,TRUE
5215,531363.5791,4418364.11,,FALSE,615.178481464295,FALSE,TRUE
5216,531388.5791,4418364.11,,FALSE,591.395399928605,FALSE,TRUE
5217,531413.5791,4418364.11,,FALSE,567.716896046536,FALSE,TRUE
5218,531438.5791,4418364.11,,FALSE,544.156621807281,FALSE,TRUE
5219,531463.5791,4418364.11,,FALSE,520.730625234114,FALSE,TRUE
5220,531488.5791,4418364.11,,FALSE,497.457876665663,FALSE,TRUE
5221,531513.5791,4418364.11,,FALSE,474.263163293099,FALSE,TRUE
5222,531538.5791,4418364.11,,FALSE,449.699347405326,FALSE,TRUE
5223,531563.5791,4418364.11,,FALSE,425.186380375447,FALSE,TRUE
5224,531588.5791,4418364.11,,FALSE,400.733593621465,FALSE,TRUE
5225,531613.5791,4418364.11,,FALSE,376.352717615765,FALSE,TRUE
5226,531638.5791,4418364.11,,FALSE,352.058692630605,FALSE,TRUE
5227,531663.5791,4418364.11,,FALSE,327.870825260146,FALSE,TRUE
5228,531688.5791,4418364.11,,FALSE,303.81447144066,FALSE,TRUE
5229,531713.5791,4418364.11,,FALSE,279.923539661756,FALSE,TRUE
5230,531738.5791,4418364.11,,FALSE,256.244303462077,FALSE,TRUE
5231,531763.5791,4418364.11,,FALSE,232.841358132021,FALSE,TRUE
5232,531788.5791,4418364.11,,FALSE,209.807180660631,FALSE,TRUE
5233,531813.5791,4418364.11,,FALSE,187.277889930342,FALSE,TRUE
5234,531838.5791,4418364.11,,FALSE,165.459853308166,FALSE,TRUE
5235,531863.5791,4418364.11,,FALSE,144.675215765378,FALSE,TRUE
5236,531888.5791,4418364.11,,FALSE,125.43872231794,FALSE,TRUE
5237,531913.5791,4418364.11,,FALSE,108.576369697812,FALSE,TRUE
5238,531938.5791,4418364.11,,FALSE,95.3560855779777,FALSE,TRUE
5239,531963.5791,4418364.11,,FALSE,87.4456291460773,FALSE,TRUE
5240,531988.5791,4418364.11,,FALSE,86.317397184762,FALSE,TRUE
5241,532013.5791,4418364.11,,FALSE,92.2206487547698,FALSE,TRUE
5242,532038.5791,4418364.11,,FALSE,103.964431690599,FALSE,TRUE
5243,532063.5791,4418364.11,,FALSE,119.843890360535,FALSE,TRUE
5244,532088.5791,4418364.11,,FALSE,138.443176273685,FALSE,TRUE
5245,532113.5791,4418364.11,,FALSE,158.809533897513,FALSE,TRUE
5246,532138.5791,4418364.11,,FALSE,180.345288424023,FALSE,TRUE
5247,532163.5791,4418364.11,,FALSE,202.678015721347,FALSE,TRUE
5248,532188.5791,4418364.11,,FALSE,225.571126380885,FALSE,TRUE
5249,532213.5791,4418364.11,,FALSE,224.175886430626,FALSE,TRUE
5250,532238.5791,4418364.11,,FALSE,218.07976306149,FALSE,TRUE
5251,532263.5791,4418364.11,,FALSE,214.738767009952,FALSE,TRUE
5252,532288.5791,4418364.11,,FALSE,214.281807573469,FALSE,TRUE
5253,532313.5791,4418364.11,,FALSE,216.727128105717,FALSE,TRUE
5254,532338.5791,4418364.11,,FALSE,221.978834704912,FALSE,TRUE
5255,532363.5791,4418364.11,,FALSE,229.844638956294,FALSE,TRUE
5256,532388.5791,4418364.11,,FALSE,240.067725979457,FALSE,TRUE
5257,532413.5791,4418364.11,,FALSE,252.36178010338,FALSE,TRUE
5258,532438.5791,4418364.11,,FALSE,266.440280470024,FALSE,TRUE
5259,532463.5791,4418364.11,,FALSE,282.036128992269,FALSE,TRUE
5260,532488.5791,4418364.11,,FALSE,298.911915214069,FALSE,TRUE
5261,532513.5791,4418364.11,,FALSE,316.863200856365,FALSE,TRUE
5262,532538.5791,4418364.11,,FALSE,335.717504841407,FALSE,TRUE
5263,532563.5791,4418364.11,,FALSE,355.331110454655,FALSE,TRUE
5264,532588.5791,4418364.11,,FALSE,375.585080982908,FALSE,TRUE
5265,532613.5791,4418364.11,,FALSE,396.381266026708,FALSE,TRUE
5266,532638.5791,4418364.11,,FALSE,417.638675240853,FALSE,TRUE
5267,532663.5791,4418364.11,,FALSE,439.290357345723,FALSE,TRUE
5268,532688.5791,4418364.11,,FALSE,461.280796323597,FALSE,TRUE
5269,532713.5791,4418364.11,,FALSE,483.563778685843,FALSE,TRUE
5270,532738.5791,4418364.11,,FALSE,506.100664944168,FALSE,TRUE
5271,532763.5791,4418364.11,,FALSE,528.858996384601,FALSE,TRUE
5272,532788.5791,4418364.11,,FALSE,551.811374526592,FALSE,TRUE
5273,532813.5791,4418364.11,,FALSE,574.934559803918,FALSE,TRUE
5274,532838.5791,4418364.11,,FALSE,598.208745386528,FALSE,TRUE
5275,532863.5791,4418364.11,,FALSE,621.616970534849,FALSE,TRUE
5276,532888.5791,4418364.11,,FALSE,645.144645065679,FALSE,TRUE
5277,532913.5791,4418364.11,,FALSE,668.779162397364,FALSE,TRUE
5278,532938.5791,4418364.11,,FALSE,692.509583368287,FALSE,TRUE
5279,532963.5791,4418364.11,,FALSE,716.326376770336,FALSE,TRUE
5280,532988.5791,4418364.11,,FALSE,740.221205489897,FALSE,TRUE
5281,531013.5791,4418339.11,,FALSE,959.874311593303,FALSE,TRUE
5282,531038.5791,4418339.11,,FALSE,935.501282231466,FALSE,TRUE
5283,531063.5791,4418339.11,,FALSE,911.162227079632,FALSE,TRUE
5284,531088.5791,4418339.11,,FALSE,886.859943315016,FALSE,TRUE
5285,531113.5791,4418339.11,,FALSE,862.597538865439,FALSE,TRUE
5286,531138.5791,4418339.11,,FALSE,838.378476021845,FALSE,TRUE
5287,531163.5791,4418339.11,,FALSE,814.206622459379,FALSE,TRUE
5288,531188.5791,4418339.11,,FALSE,790.086311143731,FALSE,TRUE
5289,531213.5791,4418339.11,,FALSE,766.02241093633,FALSE,TRUE
5290,531238.5791,4418339.11,,FALSE,742.02041013486,FALSE,TRUE
5291,531263.5791,4418339.11,,FALSE,718.086515718479,FALSE,TRUE
5292,531288.5791,4418339.11,,FALSE,694.227771741165,FALSE,TRUE
5293,531313.5791,4418339.11,,FALSE,670.45220117224,FALSE,TRUE
5294,531338.5791,4418339.11,,FALSE,646.768976572548,FALSE,TRUE
5295,531363.5791,4418339.11,,FALSE,623.188626385864,FALSE,TRUE
5296,531388.5791,4418339.11,,FALSE,599.723285404776,FALSE,TRUE
5297,531413.5791,4418339.11,,FALSE,576.387000249569,FALSE,TRUE
5298,531438.5791,4418339.11,,FALSE,552.660097217778,FALSE,TRUE
5299,531463.5791,4418339.11,,FALSE,528.19233055466,FALSE,TRUE
5300,531488.5791,4418339.11,,FALSE,503.776828622319,FALSE,TRUE
5301,531513.5791,4418339.11,,FALSE,479.421576544861,FALSE,TRUE
5302,531538.5791,4418339.11,,FALSE,455.13624669626,FALSE,TRUE
5303,531563.5791,4418339.11,,FALSE,430.93266069858,FALSE,TRUE
5304,531588.5791,4418339.11,,FALSE,406.82540856829,FALSE,TRUE
5305,531613.5791,4418339.11,,FALSE,382.832689378474,FALSE,TRUE
5306,531638.5791,4418339.11,,FALSE,358.977468731331,FALSE,TRUE
5307,531663.5791,4418339.11,,FALSE,335.289096238981,FALSE,TRUE
5308,531688.5791,4418339.11,,FALSE,311.805601387709,FALSE,TRUE
5309,531713.5791,4418339.11,,FALSE,288.577005419264,FALSE,TRUE
5310,531738.5791,4418339.11,,FALSE,265.670177206152,FALSE,TRUE
5311,531763.5791,4418339.11,,FALSE,243.17606390586,FALSE,TRUE
5312,531788.5791,4418339.11,,FALSE,221.220598174641,FALSE,TRUE
5313,531813.5791,4418339.11,,FALSE,199.98126926476,FALSE,TRUE
5314,531838.5791,4418339.11,,FALSE,179.71216724736,FALSE,TRUE
5315,531863.5791,4418339.11,,FALSE,160.780651997502,FALSE,TRUE
5316,531888.5791,4418339.11,,FALSE,143.716293636945,FALSE,TRUE
5317,531913.5791,4418339.11,,FALSE,129.260698035943,FALSE,TRUE
5318,531938.5791,4418339.11,,FALSE,118.373489670356,FALSE,TRUE
5319,531963.5791,4418339.11,,FALSE,112.099233078271,FALSE,TRUE
5320,531988.5791,4418339.11,,FALSE,111.221369604655,FALSE,TRUE
5321,532013.5791,4418339.11,,FALSE,115.862625797683,FALSE,TRUE
5322,532038.5791,4418339.11,,FALSE,125.411734126965,FALSE,TRUE
5323,532063.5791,4418339.11,,FALSE,138.859850413038,FALSE,TRUE
5324,532088.5791,4418339.11,,FALSE,155.196691513479,FALSE,TRUE
5325,532113.5791,4418339.11,,FALSE,173.608663541681,FALSE,TRUE
5326,532138.5791,4418339.11,,FALSE,190.904292924278,FALSE,TRUE
5327,532163.5791,4418339.11,,FALSE,203.711570748736,FALSE,TRUE
5328,532188.5791,4418339.11,,FALSE,210.04850167745,FALSE,TRUE
5329,532213.5791,4418339.11,,FALSE,200.435346326291,FALSE,TRUE
5330,532238.5791,4418339.11,,FALSE,193.593086283935,FALSE,TRUE
5331,532263.5791,4418339.11,,FALSE,189.821595338722,FALSE,TRUE
5332,532288.5791,4418339.11,,FALSE,189.304498248025,FALSE,TRUE
5333,532313.5791,4418339.11,,FALSE,192.068081827604,FALSE,TRUE
5334,532338.5791,4418339.11,,FALSE,197.975006142022,FALSE,TRUE
5335,532363.5791,4418339.11,,FALSE,206.756035116106,FALSE,TRUE
5336,532388.5791,4418339.11,,FALSE,218.064240665294,FALSE,TRUE
5337,532413.5791,4418339.11,,FALSE,231.529626736903,FALSE,TRUE
5338,532438.5791,4418339.11,,FALSE,246.799357894076,FALSE,TRUE
5339,532463.5791,4418339.11,,FALSE,263.560008455242,FALSE,TRUE
5340,532488.5791,4418339.11,,FALSE,281.545436931458,FALSE,TRUE
5341,532513.5791,4418339.11,,FALSE,300.53583489648,FALSE,TRUE
5342,532538.5791,4418339.11,,FALSE,320.352529343726,FALSE,TRUE
5343,532563.5791,4418339.11,,FALSE,340.851431061866,FALSE,TRUE
5344,532588.5791,4418339.11,,FALSE,361.916638270363,FALSE,TRUE
5345,532613.5791,4418339.11,,FALSE,383.454831834102,FALSE,TRUE
5346,532638.5791,4418339.11,,FALSE,405.390630203657,FALSE,TRUE
5347,532663.5791,4418339.11,,FALSE,427.662855596458,FALSE,TRUE
5348,532688.5791,4418339.11,,FALSE,450.221582175838,FALSE,TRUE
5349,532713.5791,4418339.11,,FALSE,473.025821765487,FALSE,TRUE
5350,532738.5791,4418339.11,,FALSE,496.041715037065,FALSE,TRUE
5351,532763.5791,4418339.11,,FALSE,519.241117455957,FALSE,TRUE
5352,532788.5791,4418339.11,,FALSE,542.600491205924,FALSE,TRUE
5353,532813.5791,4418339.11,,FALSE,566.100033613237,FALSE,TRUE
5354,532838.5791,4418339.11,,FALSE,589.722988408038,FALSE,TRUE
5355,532863.5791,4418339.11,,FALSE,613.455098647738,FALSE,TRUE
5356,532888.5791,4418339.11,,FALSE,637.284169783704,FALSE,TRUE
5357,532913.5791,4418339.11,,FALSE,661.199718736255,FALSE,TRUE
5358,532938.5791,4418339.11,,FALSE,685.192690457875,FALSE,TRUE
5359,532963.5791,4418339.11,,FALSE,709.25522772617,FALSE,TRUE
5360,532988.5791,4418339.11,,FALSE,733.380483144254,FALSE,TRUE
5361,531013.5791,4418314.11,,FALSE,965.674994010253,FALSE,TRUE
5362,531038.5791,4418314.11,,FALSE,941.452149106209,FALSE,TRUE
5363,531063.5791,4418314.11,,FALSE,917.271009057137,FALSE,TRUE
5364,531088.5791,4418314.11,,FALSE,893.1349612778,FALSE,TRUE
5365,531113.5791,4418314.11,,FALSE,869.047762816691,FALSE,TRUE
5366,531138.5791,4418314.11,,FALSE,845.013591048508,FALSE,TRUE
5367,531163.5791,4418314.11,,FALSE,821.037102728429,FALSE,TRUE
5368,531188.5791,4418314.11,,FALSE,797.123503013612,FALSE,TRUE
5369,531213.5791,4418314.11,,FALSE,773.27862640622,FALSE,TRUE
5370,531238.5791,4418314.11,,FALSE,749.509032004745,FALSE,TRUE
5371,531263.5791,4418314.11,,FALSE,725.82211598758,FALSE,TRUE
5372,531288.5791,4418314.11,,FALSE,702.226244921597,FALSE,TRUE
5373,531313.5791,4418314.11,,FALSE,678.730914322226,FALSE,TRUE
5374,531338.5791,4418314.11,,FALSE,655.346937931874,FALSE,TRUE
5375,531363.5791,4418314.11,,FALSE,631.22168693475,FALSE,TRUE
5376,531388.5791,4418314.11,,FALSE,606.831750204907,FALSE,TRUE
5377,531413.5791,4418314.11,,FALSE,582.493543360567,FALSE,TRUE
5378,531438.5791,4418314.11,,FALSE,558.213832735044,FALSE,TRUE
5379,531463.5791,4418314.11,,FALSE,534.000597431076,FALSE,TRUE
5380,531488.5791,4418314.11,,FALSE,509.86330820794,FALSE,TRUE
5381,531513.5791,4418314.11,,FALSE,485.813285179341,FALSE,TRUE
5382,531538.5791,4418314.11,,FALSE,461.864160827339,FALSE,TRUE
5383,531563.5791,4418314.11,,FALSE,438.032485161479,FALSE,TRUE
5384,531588.5791,4418314.11,,FALSE,414.338524707442,FALSE,TRUE
5385,531613.5791,4418314.11,,FALSE,390.807328560684,FALSE,TRUE
5386,531638.5791,4418314.11,,FALSE,367.470166213173,FALSE,TRUE
5387,531663.5791,4418314.11,,FALSE,344.366487998957,FALSE,TRUE
5388,531688.5791,4418314.11,,FALSE,321.546626567181,FALSE,TRUE
5389,531713.5791,4418314.11,,FALSE,299.075555765985,FALSE,TRUE
5390,531738.5791,4418314.11,,FALSE,277.038161733599,FALSE,TRUE
5391,531763.5791,4418314.11,,FALSE,255.546665125433,FALSE,TRUE
5392,531788.5791,4418314.11,,FALSE,234.751044846938,FALSE,TRUE
5393,531813.5791,4418314.11,,FALSE,214.853457167269,FALSE,TRUE
5394,531838.5791,4418314.11,,FALSE,196.127415362377,FALSE,TRUE
5395,531863.5791,4418314.11,,FALSE,178.941102200487,FALSE,TRUE
5396,531888.5791,4418314.11,,FALSE,163.779953158876,FALSE,TRUE
5397,531913.5791,4418314.11,,FALSE,151.254183600727,FALSE,TRUE
5398,531938.5791,4418314.11,,FALSE,142.062602597309,FALSE,TRUE
5399,531963.5791,4418314.11,,FALSE,136.878552215896,FALSE,TRUE
5400,531988.5791,4418314.11,,FALSE,136.160541482173,FALSE,TRUE
5401,532013.5791,4418314.11,,FALSE,139.977312650004,FALSE,TRUE
5402,532038.5791,4418314.11,,FALSE,144.561852011197,FALSE,TRUE
5403,532063.5791,4418314.11,,FALSE,144.748347337391,FALSE,TRUE
5404,532088.5791,4418314.11,,FALSE,149.184580493108,FALSE,TRUE
5405,532113.5791,4418314.11,,FALSE,157.511885446474,FALSE,TRUE
5406,532138.5791,4418314.11,,FALSE,169.156581476755,FALSE,TRUE
5407,532163.5791,4418314.11,,FALSE,183.488157811071,FALSE,TRUE
5408,532188.5791,4418314.11,,FALSE,187.855990207725,FALSE,TRUE
5409,532213.5791,4418314.11,,FALSE,177.041882211311,FALSE,TRUE
5410,532238.5791,4418314.11,,FALSE,169.256559863783,FALSE,TRUE
5411,532263.5791,4418314.11,,FALSE,164.929494199555,FALSE,TRUE
5412,532288.5791,4418314.11,,FALSE,164.334089759002,FALSE,TRUE
5413,532313.5791,4418314.11,,FALSE,167.510143146373,FALSE,TRUE
5414,532338.5791,4418314.11,,FALSE,174.251551088984,FALSE,TRUE
5415,532363.5791,4418314.11,,FALSE,184.167201360382,FALSE,TRUE
5416,532388.5791,4418314.11,,FALSE,196.777826639371,FALSE,TRUE
5417,532413.5791,4418314.11,,FALSE,211.60214568126,FALSE,TRUE
5418,532438.5791,4418314.11,,FALSE,228.209165146608,FALSE,TRUE
5419,532463.5791,4418314.11,,FALSE,246.238457713068,FALSE,TRUE
5420,532488.5791,4418314.11,,FALSE,265.400326030148,FALSE,TRUE
5421,532513.5791,4418314.11,,FALSE,285.4667897618,FALSE,TRUE
5422,532538.5791,4418314.11,,FALSE,306.260090538918,FALSE,TRUE
5423,532563.5791,4418314.11,,FALSE,327.641874699961,FALSE,TRUE
5424,532588.5791,4418314.11,,FALSE,349.504153132554,FALSE,TRUE
5425,532613.5791,4418314.11,,FALSE,371.762165983714,FALSE,TRUE
5426,532638.5791,4418314.11,,FALSE,394.348910302667,FALSE,TRUE
5427,532663.5791,4418314.11,,FALSE,417.210999443806,FALSE,TRUE
5428,532688.5791,4418314.11,,FALSE,440.305545112594,FALSE,TRUE
5429,532713.5791,4418314.11,,FALSE,463.59780851175,FALSE,TRUE
5430,532738.5791,4418314.11,,FALSE,487.059424564288,FALSE,TRUE
5431,532763.5791,4418314.11,,FALSE,510.667052057301,FALSE,TRUE
5432,532788.5791,4418314.11,,FALSE,534.401340807537,FALSE,TRUE
5433,532813.5791,4418314.11,,FALSE,558.246135729475,FALSE,TRUE
5434,532838.5791,4418314.11,,FALSE,582.187858905431,FALSE,TRUE
5435,532863.5791,4418314.11,,FALSE,606.21502625462,FALSE,TRUE
5436,532888.5791,4418314.11,,FALSE,630.317866680683,FALSE,TRUE
5437,532913.5791,4418314.11,,FALSE,654.488019796303,FALSE,TRUE
5438,532938.5791,4418314.11,,FALSE,678.718294329013,FALSE,TRUE
5439,532963.5791,4418314.11,,FALSE,703.002473720316,FALSE,TRUE
5440,532988.5791,4418314.11,,FALSE,727.335158683315,FALSE,TRUE
5441,531013.5791,4418289.11,,FALSE,972.084201114638,FALSE,TRUE
5442,531038.5791,4418289.11,,FALSE,948.025131025904,FALSE,TRUE
5443,531063.5791,4418289.11,,FALSE,924.016019372328,FALSE,TRUE
5444,531088.5791,4418289.11,,FALSE,900.06086408458,FALSE,TRUE
5445,531113.5791,4418289.11,,FALSE,876.164090828128,FALSE,TRUE
5446,531138.5791,4418289.11,,FALSE,852.330610184028,FALSE,TRUE
5447,531163.5791,4418289.11,,FALSE,828.565883956536,FALSE,TRUE
5448,531188.5791,4418289.11,,FALSE,804.876002286486,FALSE,TRUE
5449,531213.5791,4418289.11,,FALSE,781.267773594095,FALSE,TRUE
5450,531238.5791,4418289.11,,FALSE,757.748829795647,FALSE,TRUE
5451,531263.5791,4418289.11,,FALSE,734.264596761099,FALSE,TRUE
5452,531288.5791,4418289.11,,FALSE,709.893268778299,FALSE,TRUE
5453,531313.5791,4418289.11,,FALSE,685.567216293732,FALSE,TRUE
5454,531338.5791,4418289.11,,FALSE,661.291435795698,FALSE,TRUE
5455,531363.5791,4418289.11,,FALSE,637.071674191166,FALSE,TRUE
5456,531388.5791,4418289.11,,FALSE,612.914572397111,FALSE,TRUE
5457,531413.5791,4418289.11,,FALSE,588.827842460538,FALSE,TRUE
5458,531438.5791,4418289.11,,FALSE,564.820487461929,FALSE,TRUE
5459,531463.5791,4418289.11,,FALSE,540.903076397916,FALSE,TRUE
5460,531488.5791,4418289.11,,FALSE,517.088090229052,FALSE,TRUE
5461,531513.5791,4418289.11,,FALSE,493.390360725386,FALSE,TRUE
5462,531538.5791,4418289.11,,FALSE,469.82763121886,FALSE,TRUE
5463,531563.5791,4418289.11,,FALSE,446.42127867825,FALSE,TRUE
5464,531588.5791,4418289.11,,FALSE,423.197250766971,FALSE,TRUE
5465,531613.5791,4418289.11,,FALSE,400.187291223399,FALSE,TRUE
5466,531638.5791,4418289.11,,FALSE,377.430553952274,FALSE,TRUE
5467,531663.5791,4418289.11,,FALSE,354.975742913116,FALSE,TRUE
5468,531688.5791,4418289.11,,FALSE,332.883963351672,FALSE,TRUE
5469,531713.5791,4418289.11,,FALSE,311.232530524552,FALSE,TRUE
5470,531738.5791,4418289.11,,FALSE,290.120049387689,FALSE,TRUE
5471,531763.5791,4418289.11,,FALSE,269.673131877674,FALSE,TRUE
5472,531788.5791,4418289.11,,FALSE,250.055100041395,FALSE,TRUE
5473,531813.5791,4418289.11,,FALSE,231.476798095859,FALSE,TRUE
5474,531838.5791,4418289.11,,FALSE,214.20892384938,FALSE,TRUE
5475,531863.5791,4418289.11,,FALSE,198.593600241066,FALSE,TRUE
5476,531888.5791,4418289.11,,FALSE,185.049650247459,FALSE,TRUE
5477,531913.5791,4418289.11,,FALSE,174.061276729506,FALSE,TRUE
5478,531938.5791,4418289.11,,FALSE,163.100610228459,FALSE,TRUE
5479,531963.5791,4418289.11,,FALSE,147.158975454759,FALSE,TRUE
5480,531988.5791,4418289.11,,FALSE,134.013876359477,FALSE,TRUE
5481,532013.5791,4418289.11,,FALSE,124.553900207468,FALSE,TRUE
5482,532038.5791,4418289.11,,FALSE,119.656295517162,FALSE,TRUE
5483,532063.5791,4418289.11,,FALSE,119.881541768903,FALSE,TRUE
5484,532088.5791,4418289.11,,FALSE,125.201993022826,FALSE,TRUE
5485,532113.5791,4418289.11,,FALSE,135.016643629171,FALSE,TRUE
5486,532138.5791,4418289.11,,FALSE,148.436683663053,FALSE,TRUE
5487,532163.5791,4418289.11,,FALSE,164.582514432378,FALSE,TRUE
5488,532188.5791,4418289.11,,FALSE,166.461326009701,FALSE,TRUE
5489,532213.5791,4418289.11,,FALSE,154.153585935932,FALSE,TRUE
5490,532238.5791,4418289.11,,FALSE,145.14573041225,FALSE,TRUE
5491,532263.5791,4418289.11,,FALSE,140.075829667021,FALSE,TRUE
5492,532288.5791,4418289.11,,FALSE,139.374291233724,FALSE,TRUE
5493,532313.5791,4418289.11,,FALSE,143.105373962341,FALSE,TRUE
5494,532338.5791,4418289.11,,FALSE,150.940726965588,FALSE,TRUE
5495,532363.5791,4418289.11,,FALSE,162.286962066886,FALSE,TRUE
5496,532388.5791,4418289.11,,FALSE,176.468164428878,FALSE,TRUE
5497,532413.5791,4418289.11,,FALSE,192.859970073876,FALSE,TRUE
5498,532438.5791,4418289.11,,FALSE,210.947678481881,FALSE,TRUE
5499,532463.5791,4418289.11,,FALSE,230.332103834645,FALSE,TRUE
5500,532488.5791,4418289.11,,FALSE,250.712650372677,FALSE,TRUE
5501,532513.5791,4418289.11,,FALSE,271.865385911651,FALSE,TRUE
5502,532538.5791,4418289.11,,FALSE,293.623471570121,FALSE,TRUE
5503,532563.5791,4418289.11,,FALSE,315.861833808531,FALSE,TRUE
5504,532588.5791,4418289.11,,FALSE,338.485824011711,FALSE,TRUE
5505,532613.5791,4418289.11,,FALSE,361.42303199559,FALSE,TRUE
5506,532638.5791,4418289.11,,FALSE,384.617424276234,FALSE,TRUE
5507,532663.5791,4418289.11,,FALSE,408.025143902778,FALSE,TRUE
5508,532688.5791,4418289.11,,FALSE,431.61148392609,FALSE,TRUE
5509,532713.5791,4418289.11,,FALSE,455.348688432151,FALSE,TRUE
5510,532738.5791,4418289.11,,FALSE,479.214339369012,FALSE,TRUE
5511,532763.5791,4418289.11,,FALSE,503.190160930118,FALSE,TRUE
5512,532788.5791,4418289.11,,FALSE,527.261124166078,FALSE,TRUE
5513,532813.5791,4418289.11,,FALSE,551.414769530954,FALSE,TRUE
5514,532838.5791,4418289.11,,FALSE,575.640689194982,FALSE,TRUE
5515,532863.5791,4418289.11,,FALSE,599.930127645605,FALSE,TRUE
5516,532888.5791,4418289.11,,FALSE,624.275670723176,FALSE,TRUE
5517,532913.5791,4418289.11,,FALSE,648.671001399685,FALSE,TRUE
5518,532938.5791,4418289.11,,FALSE,673.110706390018,FALSE,TRUE
5519,532963.5791,4418289.11,,FALSE,697.590121817151,FALSE,TRUE
5520,532988.5791,4418289.11,,FALSE,722.105209132898,FALSE,TRUE
5521,531013.5791,4418264.11,,FALSE,979.089982614809,FALSE,TRUE
5522,531038.5791,4418264.11,,FALSE,955.207385365433,FALSE,TRUE
5523,531063.5791,4418264.11,,FALSE,931.383435571336,FALSE,TRUE
5524,531088.5791,4418264.11,,FALSE,907.622751508943,FALSE,TRUE
5525,531113.5791,4418264.11,,FALSE,883.930435077706,FALSE,TRUE
5526,531138.5791,4418264.11,,FALSE,860.312134667797,FALSE,TRUE
5527,531163.5791,4418264.11,,FALSE,836.774117702418,FALSE,TRUE
5528,531188.5791,4418264.11,,FALSE,812.958875378532,FALSE,TRUE
5529,531213.5791,4418264.11,,FALSE,788.641926387842,FALSE,TRUE
5530,531238.5791,4418264.11,,FALSE,764.369048991863,FALSE,TRUE
5531,531263.5791,4418264.11,,FALSE,740.144579157831,FALSE,TRUE
5532,531288.5791,4418264.11,,FALSE,715.973430412555,FALSE,TRUE
5533,531313.5791,4418264.11,,FALSE,691.861191321439,FALSE,TRUE
5534,531338.5791,4418264.11,,FALSE,667.814242927417,FALSE,TRUE
5535,531363.5791,4418264.11,,FALSE,643.839900951097,FALSE,TRUE
5536,531388.5791,4418264.11,,FALSE,619.946588874168,FALSE,TRUE
5537,531413.5791,4418264.11,,FALSE,596.144049753678,FALSE,TRUE
5538,531438.5791,4418264.11,,FALSE,572.443606879065,FALSE,TRUE
5539,531463.5791,4418264.11,,FALSE,548.85848636667,FALSE,TRUE
5540,531488.5791,4418264.11,,FALSE,525.404218727554,FALSE,TRUE
5541,531513.5791,4418264.11,,FALSE,502.099141660997,FALSE,TRUE
5542,531538.5791,4418264.11,,FALSE,478.96503322968,FALSE,TRUE
5543,531563.5791,4418264.11,,FALSE,456.027913681506,FALSE,TRUE
5544,531588.5791,4418264.11,,FALSE,433.319066112612,FALSE,TRUE
5545,531613.5791,4418264.11,,FALSE,410.87634156362,FALSE,TRUE
5546,531638.5791,4418264.11,,FALSE,388.745833491117,FALSE,TRUE
5547,531663.5791,4418264.11,,FALSE,366.984029702523,FALSE,TRUE
5548,531688.5791,4418264.11,,FALSE,345.660574923871,FALSE,TRUE
5549,531713.5791,4418264.11,,FALSE,324.861798395409,FALSE,TRUE
5550,531738.5791,4418264.11,,FALSE,304.695164150497,FALSE,TRUE
5551,531763.5791,4418264.11,,FALSE,285.294756447953,FALSE,TRUE
5552,531788.5791,4418264.11,,FALSE,266.827759156905,FALSE,TRUE
5553,531813.5791,4418264.11,,FALSE,249.501519147067,FALSE,TRUE
5554,531838.5791,4418264.11,,FALSE,231.420589094584,FALSE,TRUE
5555,531863.5791,4418264.11,,FALSE,208.828743368539,FALSE,TRUE
5556,531888.5791,4418264.11,,FALSE,186.851275234829,FALSE,TRUE
5557,531913.5791,4418264.11,,FALSE,165.732779065821,FALSE,TRUE
5558,531938.5791,4418264.11,,FALSE,145.846868519276,FALSE,TRUE
5559,531963.5791,4418264.11,,FALSE,127.770356722041,FALSE,TRUE
5560,531988.5791,4418264.11,,FALSE,112.379798259635,FALSE,TRUE
5561,532013.5791,4418264.11,,FALSE,100.91171417073,FALSE,TRUE
5562,532038.5791,4418264.11,,FALSE,94.8004697080859,FALSE,TRUE
5563,532063.5791,4418264.11,,FALSE,95.0846152480641,FALSE,TRUE
5564,532088.5791,4418264.11,,FALSE,101.71056511922,FALSE,TRUE
5565,532113.5791,4418264.11,,FALSE,113.573738411966,FALSE,TRUE
5566,532138.5791,4418264.11,,FALSE,129.239889573105,FALSE,TRUE
5567,532163.5791,4418264.11,,FALSE,147.502217125259,FALSE,TRUE
5568,532188.5791,4418264.11,,FALSE,146.215160147268,FALSE,TRUE
5569,532213.5791,4418264.11,,FALSE,132.03343537487,FALSE,TRUE
5570,532238.5791,4418264.11,,FALSE,121.395152526321,FALSE,TRUE
5571,532263.5791,4418264.11,,FALSE,115.285463337263,FALSE,TRUE
5572,532288.5791,4418264.11,,FALSE,114.432045585518,FALSE,TRUE
5573,532313.5791,4418264.11,,FALSE,118.948089757191,FALSE,TRUE
5574,532338.5791,4418264.11,,FALSE,128.267700754646,FALSE,TRUE
5575,532363.5791,4418264.11,,FALSE,141.444540569377,FALSE,TRUE
5576,532388.5791,4418264.11,,FALSE,157.51353293251,FALSE,TRUE
5577,532413.5791,4418264.11,,FALSE,175.682862160427,FALSE,TRUE
5578,532438.5791,4418264.11,,FALSE,195.36740530825,FALSE,TRUE
5579,532463.5791,4418264.11,,FALSE,216.153598297315,FALSE,TRUE
5580,532488.5791,4418264.11,,FALSE,237.752672028887,FALSE,TRUE
5581,532513.5791,4418264.11,,FALSE,259.96208965323,FALSE,TRUE
5582,532538.5791,4418264.11,,FALSE,282.638007098962,FALSE,TRUE
5583,532563.5791,4418264.11,,FALSE,305.676623340535,FALSE,TRUE
5584,532588.5791,4418264.11,,FALSE,329.001752361397,FALSE,TRUE
5585,532613.5791,4418264.11,,FALSE,352.556531717778,FALSE,TRUE
5586,532638.5791,4418264.11,,FALSE,376.297838230394,FALSE,TRUE
5587,532663.5791,4418264.11,,FALSE,400.192476262193,FALSE,TRUE
5588,532688.5791,4418264.11,,FALSE,424.21453659306,FALSE,TRUE
5589,532713.5791,4418264.11,,FALSE,448.343537989412,FALSE,TRUE
5590,532738.5791,4418264.11,,FALSE,472.563099550592,FALSE,TRUE
5591,532763.5791,4418264.11,,FALSE,496.859978320715,FALSE,TRUE
5592,532788.5791,4418264.11,,FALSE,521.223361963813,FALSE,TRUE
5593,532813.5791,4418264.11,,FALSE,545.64434209186,FALSE,TRUE
5594,532838.5791,4418264.11,,FALSE,570.115517291765,FALSE,TRUE
5595,532863.5791,4418264.11,,FALSE,594.630690476749,FALSE,TRUE
5596,532888.5791,4418264.11,,FALSE,619.184635675704,FALSE,TRUE
5597,532913.5791,4418264.11,,FALSE,643.772916529465,FALSE,TRUE
5598,532938.5791,4418264.11,,FALSE,668.391743707874,FALSE,TRUE
5599,532963.5791,4418264.11,,FALSE,693.037861921591,FALSE,TRUE
5600,532988.5791,4418264.11,,FALSE,717.708459652559,FALSE,TRUE
5601,531013.5791,4418239.11,,FALSE,986.679630912005,FALSE,TRUE
5602,531038.5791,4418239.11,,FALSE,962.985279771529,FALSE,TRUE
5603,531063.5791,4418239.11,,FALSE,939.358613127409,FALSE,TRUE
5604,531088.5791,4418239.11,,FALSE,915.804869530976,FALSE,TRUE
5605,531113.5791,4418239.11,,FALSE,891.717313982808,FALSE,TRUE
5606,531138.5791,4418239.11,,FALSE,867.446668710367,FALSE,TRUE
5607,531163.5791,4418239.11,,FALSE,843.218641905355,FALSE,TRUE
5608,531188.5791,4418239.11,,FALSE,819.037015681654,FALSE,TRUE
5609,531213.5791,4418239.11,,FALSE,794.906024670029,FALSE,TRUE
5610,531238.5791,4418239.11,,FALSE,770.830424319583,FALSE,TRUE
5611,531263.5791,4418239.11,,FALSE,746.815571648521,FALSE,TRUE
5612,531288.5791,4418239.11,,FALSE,722.86752109685,FALSE,TRUE
5613,531313.5791,4418239.11,,FALSE,698.993138776558,FALSE,TRUE
5614,531338.5791,4418239.11,,FALSE,675.200239230336,FALSE,TRUE
5615,531363.5791,4418239.11,,FALSE,651.497749847765,FALSE,TRUE
5616,531388.5791,4418239.11,,FALSE,627.895909412301,FALSE,TRUE
5617,531413.5791,4418239.11,,FALSE,604.406508946337,FALSE,TRUE
5618,531438.5791,4418239.11,,FALSE,581.043185190823,FALSE,TRUE
5619,531463.5791,4418239.11,,FALSE,557.821779833574,FALSE,TRUE
5620,531488.5791,4418239.11,,FALSE,534.760781150502,FALSE,TRUE
5621,531513.5791,4418239.11,,FALSE,511.881869240055,FALSE,TRUE
5622,531538.5791,4418239.11,,FALSE,489.210591725784,FALSE,TRUE
5623,531563.5791,4418239.11,,FALSE,466.777203874279,FALSE,TRUE
5624,531588.5791,4418239.11,,FALSE,444.617715635229,FALSE,TRUE
5625,531613.5791,4418239.11,,FALSE,422.775198015077,FALSE,TRUE
5626,531638.5791,4418239.11,,FALSE,401.301411730244,FALSE,TRUE
5627,531663.5791,4418239.11,,FALSE,380.258830346759,FALSE,TRUE
5628,531688.5791,4418239.11,,FALSE,359.723133891447,FALSE,TRUE
5629,531713.5791,4418239.11,,FALSE,339.786238768851,FALSE,TRUE
5630,531738.5791,4418239.11,,FALSE,318.997130170277,FALSE,TRUE
5631,531763.5791,4418239.11,,FALSE,294.640669387088,FALSE,TRUE
5632,531788.5791,4418239.11,,FALSE,270.401699434138,FALSE,TRUE
5633,531813.5791,4418239.11,,FALSE,246.314908312243,FALSE,TRUE
5634,531838.5791,4418239.11,,FALSE,222.429739596277,FALSE,TRUE
5635,531863.5791,4418239.11,,FALSE,198.818872486659,FALSE,TRUE
5636,531888.5791,4418239.11,,FALSE,175.592992618911,FALSE,TRUE
5637,531913.5791,4418239.11,,FALSE,152.927610511848,FALSE,TRUE
5638,531938.5791,4418239.11,,FALSE,131.113725661588,FALSE,TRUE
5639,531963.5791,4418239.11,,FALSE,110.6560619978,FALSE,TRUE
5640,531988.5791,4418239.11,,FALSE,92.4592832378642,FALSE,TRUE
5641,532013.5791,4418239.11,,FALSE,78.1196137782201,FALSE,TRUE
5642,532038.5791,4418239.11,,FALSE,70.0473344022237,FALSE,TRUE
5643,532063.5791,4418239.11,,FALSE,70.4314138496142,FALSE,TRUE
5644,532088.5791,4418239.11,,FALSE,79.1488411592634,FALSE,TRUE
5645,532113.5791,4418239.11,,FALSE,93.9068371145199,FALSE,TRUE
5646,532138.5791,4418239.11,,FALSE,112.349673149732,FALSE,TRUE
5647,532163.5791,4418239.11,,FALSE,132.952638397477,FALSE,TRUE
5648,532188.5791,4418239.11,,FALSE,127.665081588015,FALSE,TRUE
5649,532213.5791,4418239.11,,FALSE,111.141027783952,FALSE,TRUE
5650,532238.5791,4418239.11,,FALSE,98.2663882356116,FALSE,TRUE
5651,532263.5791,4418239.11,,FALSE,90.6103639594866,FALSE,TRUE
5652,532288.5791,4418239.11,,FALSE,89.5220255404741,FALSE,TRUE
5653,532313.5791,4418239.11,,FALSE,95.2268242506699,FALSE,TRUE
5654,532338.5791,4418239.11,,FALSE,106.640063094817,FALSE,TRUE
5655,532363.5791,4418239.11,,FALSE,122.17224749044,FALSE,TRUE
5656,532388.5791,4418239.11,,FALSE,140.463564873116,FALSE,TRUE
5657,532413.5791,4418239.11,,FALSE,160.573871027832,FALSE,TRUE
5658,532438.5791,4418239.11,,FALSE,181.9008605171,FALSE,TRUE
5659,532463.5791,4418239.11,,FALSE,204.063416752881,FALSE,TRUE
5660,532488.5791,4418239.11,,FALSE,226.816738925633,FALSE,TRUE
5661,532513.5791,4418239.11,,FALSE,249.999576113355,FALSE,TRUE
5662,532538.5791,4418239.11,,FALSE,273.502729523594,FALSE,TRUE
5663,532563.5791,4418239.11,,FALSE,297.250228018171,FALSE,TRUE
5664,532588.5791,4418239.11,,FALSE,321.187878128757,FALSE,TRUE
5665,532613.5791,4418239.11,,FALSE,345.276133054186,FALSE,TRUE
5666,532638.5791,4418239.11,,FALSE,369.485538359556,FALSE,TRUE
5667,532663.5791,4418239.11,,FALSE,393.793750657434,FALSE,TRUE
5668,532688.5791,4418239.11,,FALSE,418.183539916205,FALSE,TRUE
5669,532713.5791,4418239.11,,FALSE,442.641421533104,FALSE,TRUE
5670,532738.5791,4418239.11,,FALSE,467.156700751306,FALSE,TRUE
5671,532763.5791,4418239.11,,FALSE,491.720792784731,FALSE,TRUE
5672,532788.5791,4418239.11,,FALSE,516.326730914489,FALSE,TRUE
5673,532813.5791,4418239.11,,FALSE,540.968805068131,FALSE,TRUE
5674,532838.5791,4418239.11,,FALSE,565.642292493092,FALSE,TRUE
5675,532863.5791,4418239.11,,FALSE,590.343254434942,FALSE,TRUE
5676,532888.5791,4418239.11,,FALSE,615.068380797483,FALSE,TRUE
5677,532913.5791,4418239.11,,FALSE,639.814870143572,FALSE,TRUE
5678,532938.5791,4418239.11,,FALSE,664.58033604436,FALSE,TRUE
5679,532963.5791,4418239.11,,FALSE,689.362733295638,FALSE,TRUE
5680,532988.5791,4418239.11,,FALSE,714.160299272392,FALSE,TRUE
5681,531013.5791,4418214.11,,FALSE,994.793168481119,FALSE,TRUE
5682,531038.5791,4418214.11,,FALSE,970.524292873033,FALSE,TRUE
5683,531063.5791,4418214.11,,FALSE,946.293484103478,FALSE,TRUE
5684,531088.5791,4418214.11,,FALSE,922.10374310958,FALSE,TRUE
5685,531113.5791,4418214.11,,FALSE,897.958388822499,FALSE,TRUE
5686,531138.5791,4418214.11,,FALSE,873.861100551281,FALSE,TRUE
5687,531163.5791,4418214.11,,FALSE,849.815967169772,FALSE,TRUE
5688,531188.5791,4418214.11,,FALSE,825.827544379996,FALSE,TRUE
5689,531213.5791,4418214.11,,FALSE,801.900921596111,FALSE,TRUE
5690,531238.5791,4418214.11,,FALSE,778.041800327393,FALSE,TRUE
5691,531263.5791,4418214.11,,FALSE,754.256586352874,FALSE,TRUE
5692,531288.5791,4418214.11,,FALSE,730.55249849459,FALSE,TRUE
5693,531313.5791,4418214.11,,FALSE,706.937697436406,FALSE,TRUE
5694,531338.5791,4418214.11,,FALSE,683.421438833086,FALSE,TRUE
5695,531363.5791,4418214.11,,FALSE,660.014255949585,FALSE,TRUE
5696,531388.5791,4418214.11,,FALSE,636.72817831213,FALSE,TRUE
5697,531413.5791,4418214.11,,FALSE,613.576994399791,FALSE,TRUE
5698,531438.5791,4418214.11,,FALSE,590.576568326818,FALSE,TRUE
5699,531463.5791,4418214.11,,FALSE,567.745222839153,FALSE,TRUE
5700,531488.5791,4418214.11,,FALSE,545.104203851592,FALSE,TRUE
5701,531513.5791,4418214.11,,FALSE,522.678245249098,FALSE,TRUE
5702,531538.5791,4418214.11,,FALSE,500.496256785878,FALSE,TRUE
5703,531563.5791,4418214.11,,FALSE,478.592162552495,FALSE,TRUE
5704,531588.5791,4418214.11,,FALSE,457.005922343105,FALSE,TRUE
5705,531613.5791,4418214.11,,FALSE,435.784772630563,FALSE,TRUE
5706,531638.5791,4418214.11,,FALSE,413.778744085364,FALSE,TRUE
5707,531663.5791,4418214.11,,FALSE,388.930333166314,FALSE,TRUE
5708,531688.5791,4418214.11,,FALSE,364.102676530754,FALSE,TRUE
5709,531713.5791,4418214.11,,FALSE,339.30033017499,FALSE,TRUE
5710,531738.5791,4418214.11,,FALSE,314.529281716116,FALSE,TRUE
5711,531763.5791,4418214.11,,FALSE,289.797557023614,FALSE,TRUE
5712,531788.5791,4418214.11,,FALSE,265.116161440327,FALSE,TRUE
5713,531813.5791,4418214.11,,FALSE,240.500590554061,FALSE,TRUE
5714,531838.5791,4418214.11,,FALSE,215.97335265456,FALSE,TRUE
5715,531863.5791,4418214.11,,FALSE,191.56837958507,FALSE,TRUE
5716,531888.5791,4418214.11,,FALSE,167.339173706721,FALSE,TRUE
5717,531913.5791,4418214.11,,FALSE,143.37487247369,FALSE,TRUE
5718,531938.5791,4418214.11,,FALSE,119.834506953738,FALSE,TRUE
5719,531963.5791,4418214.11,,FALSE,97.0271305194797,FALSE,TRUE
5720,531988.5791,4418214.11,,FALSE,75.6189067419176,FALSE,TRUE
5721,532013.5791,4418214.11,,FALSE,57.2029200027543,FALSE,TRUE
5722,532038.5791,4418214.11,,FALSE,45.5645592192022,TRUE,FALSE
5723,532063.5791,4418214.11,,FALSE,46.1528336815721,TRUE,FALSE
5724,532088.5791,4418214.11,,FALSE,58.6006745425131,FALSE,TRUE
5725,532113.5791,4418214.11,,FALSE,77.382130087225,FALSE,TRUE
5726,532138.5791,4418214.11,,FALSE,98.9542776075643,FALSE,TRUE
5727,532163.5791,4418214.11,,FALSE,121.84376905215,FALSE,TRUE
5728,532188.5791,4418214.11,,FALSE,111.659630381162,FALSE,TRUE
5729,532213.5791,4418214.11,,FALSE,92.3137479298533,FALSE,TRUE
5730,532238.5791,4418214.11,,FALSE,76.3268174159985,FALSE,TRUE
5731,532263.5791,4418214.11,,FALSE,66.1795894279638,FALSE,TRUE
5732,532288.5791,4418214.11,,FALSE,64.681473830244,FALSE,TRUE
5733,532313.5791,4418214.11,,FALSE,72.3715970312333,FALSE,TRUE
5734,532338.5791,4418214.11,,FALSE,86.8424035644448,FALSE,TRUE
5735,532363.5791,4418214.11,,FALSE,105.335454889835,FALSE,TRUE
5736,532388.5791,4418214.11,,FALSE,126.093271259204,FALSE,TRUE
5737,532413.5791,4418214.11,,FALSE,148.16702756297,FALSE,TRUE
5738,532438.5791,4418214.11,,FALSE,171.048013893306,FALSE,TRUE
5739,532463.5791,4418214.11,,FALSE,194.451479955395,FALSE,TRUE
5740,532488.5791,4418214.11,,FALSE,218.209378938766,FALSE,TRUE
5741,532513.5791,4418214.11,,FALSE,242.217439621594,FALSE,TRUE
5742,532538.5791,4418214.11,,FALSE,266.408038649061,FALSE,TRUE
5743,532563.5791,4418214.11,,FALSE,290.735615391094,FALSE,TRUE
5744,532588.5791,4418214.11,,FALSE,315.16845187429,FALSE,TRUE
5745,532613.5791,4418214.11,,FALSE,339.683835436477,FALSE,TRUE
5746,532638.5791,4418214.11,,FALSE,364.265099970933,FALSE,TRUE
5747,532663.5791,4418214.11,,FALSE,388.8997532229,FALSE,TRUE
5748,532688.5791,4418214.11,,FALSE,413.578255058014,FALSE,TRUE
5749,532713.5791,4418214.11,,FALSE,438.293198734397,FALSE,TRUE
5750,532738.5791,4418214.11,,FALSE,463.038748979855,FALSE,TRUE
5751,532763.5791,4418214.11,,FALSE,487.810248003081,FALSE,TRUE
5752,532788.5791,4418214.11,,FALSE,512.603933906897,FALSE,TRUE
5753,532813.5791,4418214.11,,FALSE,537.416735929227,FALSE,TRUE
5754,532838.5791,4418214.11,,FALSE,562.246123203018,FALSE,TRUE
5755,532863.5791,4418214.11,,FALSE,587.089991446645,FALSE,TRUE
5756,532888.5791,4418214.11,,FALSE,611.946576963072,FALSE,TRUE
5757,532913.5791,4418214.11,,FALSE,636.81439058553,FALSE,TRUE
5758,532938.5791,4418214.11,,FALSE,661.692166386166,FALSE,TRUE
5759,532963.5791,4418214.11,,FALSE,686.578821445008,FALSE,TRUE
5760,532988.5791,4418214.11,,FALSE,711.473423998968,FALSE,TRUE
5761,531013.5791,4418189.11,,FALSE,1001.01595794307,FALSE,TRUE
5762,531038.5791,4418189.11,,FALSE,976.901685461073,FALSE,TRUE
5763,531063.5791,4418189.11,,FALSE,952.833069355112,FALSE,TRUE
5764,531088.5791,4418189.11,,FALSE,928.813658952474,FALSE,TRUE
5765,531113.5791,4418189.11,,FALSE,904.847372796474,FALSE,TRUE
5766,531138.5791,4418189.11,,FALSE,880.938546697032,FALSE,TRUE
5767,531163.5791,4418189.11,,FALSE,857.091989261758,FALSE,TRUE
5768,531188.5791,4418189.11,,FALSE,833.313046253733,FALSE,TRUE
5769,531213.5791,4418189.11,,FALSE,809.607675393876,FALSE,TRUE
5770,531238.5791,4418189.11,,FALSE,785.982533556996,FALSE,TRUE
5771,531263.5791,4418189.11,,FALSE,762.445078714968,FALSE,TRUE
5772,531288.5791,4418189.11,,FALSE,739.00368947433,FALSE,TRUE
5773,531313.5791,4418189.11,,FALSE,715.667805658932,FALSE,TRUE
5774,531338.5791,4418189.11,,FALSE,692.448094124512,FALSE,TRUE
5775,531363.5791,4418189.11,,FALSE,669.356644888708,FALSE,TRUE
5776,531388.5791,4418189.11,,FALSE,646.407203747503,FALSE,TRUE
5777,531413.5791,4418189.11,,FALSE,623.615448859844,FALSE,TRUE
5778,531438.5791,4418189.11,,FALSE,600.999320346258,FALSE,TRUE
5779,531463.5791,4418189.11,,FALSE,578.57941378575,FALSE,TRUE
5780,531488.5791,4418189.11,,FALSE,556.379450606024,FALSE,TRUE
5781,531513.5791,4418189.11,,FALSE,534.426840696329,FALSE,TRUE
5782,531538.5791,4418189.11,,FALSE,511.777812196709,FALSE,TRUE
5783,531563.5791,4418189.11,,FALSE,486.796142195939,FALSE,TRUE
5784,531588.5791,4418189.11,,FALSE,461.816456026469,FALSE,TRUE
5785,531613.5791,4418189.11,,FALSE,436.839094011566,FALSE,TRUE
5786,531638.5791,4418189.11,,FALSE,411.864478993812,FALSE,TRUE
5787,531663.5791,4418189.11,,FALSE,386.893142943686,FALSE,TRUE
5788,531688.5791,4418189.11,,FALSE,361.925764566219,FALSE,TRUE
5789,531713.5791,4418189.11,,FALSE,336.963223596939,FALSE,TRUE
5790,531738.5791,4418189.11,,FALSE,312.006681109298,FALSE,TRUE
5791,531763.5791,4418189.11,,FALSE,287.057701615612,FALSE,TRUE
5792,531788.5791,4418189.11,,FALSE,262.118444709327,FALSE,TRUE
5793,531813.5791,4418189.11,,FALSE,237.191977218529,FALSE,TRUE
5794,531838.5791,4418189.11,,FALSE,212.282804430397,FALSE,TRUE
5795,531863.5791,4418189.11,,FALSE,187.397822977837,FALSE,TRUE
5796,531888.5791,4418189.11,,FALSE,162.548143812322,FALSE,TRUE
5797,531913.5791,4418189.11,,FALSE,137.752873134574,FALSE,TRUE
5798,531938.5791,4418189.11,,FALSE,113.047817567739,FALSE,TRUE
5799,531963.5791,4418189.11,,FALSE,88.5085535800206,FALSE,TRUE
5800,531988.5791,4418189.11,,FALSE,64.3251044058699,FALSE,TRUE
5801,532013.5791,4418189.11,,FALSE,41.1299654367073,TRUE,FALSE
5802,532038.5791,4418189.11,,FALSE,22.2627279735305,TRUE,FALSE
5803,532063.5791,4418189.11,,FALSE,23.4432091835161,TRUE,FALSE
5804,532088.5791,4418189.11,,FALSE,43.0527473783123,TRUE,FALSE
5805,532113.5791,4418189.11,,FALSE,66.3889603535064,FALSE,TRUE
5806,532138.5791,4418189.11,,FALSE,90.6170461713365,FALSE,TRUE
5807,532163.5791,4418189.11,,FALSE,115.175535843411,FALSE,TRUE
5808,532188.5791,4418189.11,,FALSE,99.4352706882274,FALSE,TRUE
5809,532213.5791,4418189.11,,FALSE,77.0800107475326,FALSE,TRUE
5810,532238.5791,4418189.11,,FALSE,56.9673859049054,FALSE,TRUE
5811,532263.5791,4418189.11,,FALSE,42.4174263344335,TRUE,FALSE
5812,532288.5791,4418189.11,,FALSE,40.0398933169879,TRUE,FALSE
5813,532313.5791,4418189.11,,FALSE,51.5475320149709,FALSE,TRUE
5814,532338.5791,4418189.11,,FALSE,70.4350981885674,FALSE,TRUE
5815,532363.5791,4418189.11,,FALSE,92.277072216406,FALSE,TRUE
5816,532388.5791,4418189.11,,FALSE,115.40802856314,FALSE,TRUE
5817,532413.5791,4418189.11,,FALSE,139.186809924034,FALSE,TRUE
5818,532438.5791,4418189.11,,FALSE,163.330716819672,FALSE,TRUE
5819,532463.5791,4418189.11,,FALSE,187.698902652164,FALSE,TRUE
5820,532488.5791,4418189.11,,FALSE,212.214120776223,FALSE,TRUE
5821,532513.5791,4418189.11,,FALSE,236.830716033254,FALSE,TRUE
5822,532538.5791,4418189.11,,FALSE,261.520062436561,FALSE,TRUE
5823,532563.5791,4418189.11,,FALSE,286.26333690646,FALSE,TRUE
5824,532588.5791,4418189.11,,FALSE,311.047670071357,FALSE,TRUE
5825,532613.5791,4418189.11,,FALSE,335.86397254963,FALSE,TRUE
5826,532638.5791,4418189.11,,FALSE,360.705646000748,FALSE,TRUE
5827,532663.5791,4418189.11,,FALSE,385.567786591172,FALSE,TRUE
5828,532688.5791,4418189.11,,FALSE,410.446675046607,FALSE,TRUE
5829,532713.5791,4418189.11,,FALSE,435.33944004284,FALSE,TRUE
5830,532738.5791,4418189.11,,FALSE,460.243830004066,FALSE,TRUE
5831,532763.5791,4418189.11,,FALSE,485.158054717028,FALSE,TRUE
5832,532788.5791,4418189.11,,FALSE,510.080673086924,FALSE,TRUE
5833,532813.5791,4418189.11,,FALSE,535.010512099349,FALSE,TRUE
5834,532838.5791,4418189.11,,FALSE,559.946607326812,FALSE,TRUE
5835,532863.5791,4418189.11,,FALSE,584.888158588294,FALSE,TRUE
5836,532888.5791,4418189.11,,FALSE,609.834496447031,FALSE,TRUE
5837,532913.5791,4418189.11,,FALSE,634.785056579629,FALSE,TRUE
5838,532938.5791,4418189.11,,FALSE,659.739359942092,FALSE,TRUE
5839,532963.5791,4418189.11,,FALSE,684.696997259956,FALSE,TRUE
5840,532988.5791,4418189.11,,FALSE,709.657616782064,FALSE,TRUE
5841,531013.5791,4418164.11,,FALSE,1007.82064280142,FALSE,TRUE
5842,531038.5791,4418164.11,,FALSE,983.873164110429,FALSE,TRUE
5843,531063.5791,4418164.11,,FALSE,959.979352932482,FALSE,TRUE
5844,531088.5791,4418164.11,,FALSE,936.143318651939,FALSE,TRUE
5845,531113.5791,4418164.11,,FALSE,912.369589616327,FALSE,TRUE
5846,531138.5791,4418164.11,,FALSE,888.663166254044,FALSE,TRUE
5847,531163.5791,4418164.11,,FALSE,865.02958218587,FALSE,TRUE
5848,531188.5791,4418164.11,,FALSE,841.474974706117,FALSE,TRUE
5849,531213.5791,4418164.11,,FALSE,818.00616627056,FALSE,TRUE
5850,531238.5791,4418164.11,,FALSE,794.630758941949,FALSE,TRUE
5851,531263.5791,4418164.11,,FALSE,771.357244120165,FALSE,TRUE
5852,531288.5791,4418164.11,,FALSE,748.195130334764,FALSE,TRUE
5853,531313.5791,4418164.11,,FALSE,725.155092415859,FALSE,TRUE
5854,531338.5791,4418164.11,,FALSE,702.249145999233,FALSE,TRUE
5855,531363.5791,4418164.11,,FALSE,679.490852077238,FALSE,TRUE
5856,531388.5791,4418164.11,,FALSE,656.895557190524,FALSE,TRUE
5857,531413.5791,4418164.11,,FALSE,634.480675873307,FALSE,TRUE
5858,531438.5791,4418164.11,,FALSE,611.449269405761,FALSE,TRUE
5859,531463.5791,4418164.11,,FALSE,586.450478776202,FALSE,TRUE
5860,531488.5791,4418164.11,,FALSE,561.451795844341,FALSE,TRUE
5861,531513.5791,4418164.11,,FALSE,536.453235666292,FALSE,TRUE
5862,531538.5791,4418164.11,,FALSE,511.454816241702,FALSE,TRUE
5863,531563.5791,4418164.11,,FALSE,486.456559270025,FALSE,TRUE
5864,531588.5791,4418164.11,,FALSE,461.458491152596,FALSE,TRUE
5865,531613.5791,4418164.11,,FALSE,436.460644339016,FALSE,TRUE
5866,531638.5791,4418164.11,,FALSE,411.46305916428,FALSE,TRUE
5867,531663.5791,4418164.11,,FALSE,386.465786398779,FALSE,TRUE
5868,531688.5791,4418164.11,,FALSE,361.468890856219,FALSE,TRUE
5869,531713.5791,4418164.11,,FALSE,336.472456609488,FALSE,TRUE
5870,531738.5791,4418164.11,,FALSE,311.476594717521,FALSE,TRUE
5871,531763.5791,4418164.11,,FALSE,286.481454996342,FALSE,TRUE
5872,531788.5791,4418164.11,,FALSE,261.487244539423,FALSE,TRUE
5873,531813.5791,4418164.11,,FALSE,236.494257978536,FALSE,TRUE
5874,531838.5791,4418164.11,,FALSE,211.50292919205,FALSE,TRUE
5875,531863.5791,4418164.11,,FALSE,186.513924565476,FALSE,TRUE
5876,531888.5791,4418164.11,,FALSE,161.528322769769,FALSE,TRUE
5877,531913.5791,4418164.11,,FALSE,136.54799177144,FALSE,TRUE
5878,531938.5791,4418164.11,,FALSE,111.576471788688,FALSE,TRUE
5879,531963.5791,4418164.11,,FALSE,86.6213833692964,FALSE,TRUE
5880,531988.5791,4418164.11,,FALSE,61.7026665291647,FALSE,TRUE
5881,532013.5791,4418164.11,,FALSE,36.8940924377871,TRUE,FALSE
5882,532038.5791,4418164.11,1,TRUE,12.8502551261309,TRUE,FALSE
5883,532063.5791,4418164.11,,FALSE,14.8014883307501,TRUE,FALSE
5884,532088.5791,4418164.11,,FALSE,39.0261329983386,TRUE,FALSE
5885,532113.5791,4418164.11,,FALSE,63.8513434220666,FALSE,TRUE
5886,532138.5791,4418164.11,,FALSE,88.7747095562771,FALSE,TRUE
5887,532163.5791,4418164.11,,FALSE,113.731719659909,FALSE,TRUE
5888,532188.5791,4418164.11,,FALSE,92.5033678134169,FALSE,TRUE
5889,532213.5791,4418164.11,,FALSE,67.9030784046127,FALSE,TRUE
5890,532238.5791,4418164.11,,FALSE,43.7582341602315,TRUE,FALSE
5891,532263.5791,4418164.11,,FALSE,21.6503592769342,TRUE,FALSE
5892,532288.5791,4418164.11,,FALSE,16.5134205063339,TRUE,FALSE
5893,532313.5791,4418164.11,,FALSE,36.4231802128491,TRUE,FALSE
5894,532338.5791,4418164.11,,FALSE,60.254485781694,FALSE,TRUE
5895,532363.5791,4418164.11,,FALSE,84.7617723789153,FALSE,TRUE
5896,532388.5791,4418164.11,,FALSE,109.492068465317,FALSE,TRUE
5897,532413.5791,4418164.11,,FALSE,134.322254510607,FALSE,TRUE
5898,532438.5791,4418164.11,,FALSE,159.205599954308,FALSE,TRUE
5899,532463.5791,4418164.11,,FALSE,184.120553053726,FALSE,TRUE
5900,532488.5791,4418164.11,,FALSE,209.055813257628,FALSE,TRUE
5901,532513.5791,4418164.11,,FALSE,234.004888959199,FALSE,TRUE
5902,532538.5791,4418164.11,,FALSE,258.96378715335,FALSE,TRUE
5903,532563.5791,4418164.11,,FALSE,283.929917509241,FALSE,TRUE
5904,532588.5791,4418164.11,,FALSE,308.901526472116,FALSE,TRUE
5905,532613.5791,4418164.11,,FALSE,333.877384763931,FALSE,TRUE
5906,532638.5791,4418164.11,,FALSE,358.856605145844,FALSE,TRUE
5907,532663.5791,4418164.11,,FALSE,383.838531229994,FALSE,TRUE
5908,532688.5791,4418164.11,,FALSE,408.822667004654,FALSE,TRUE
5909,532713.5791,4418164.11,,FALSE,433.808630685002,FALSE,TRUE
5910,532738.5791,4418164.11,,FALSE,458.79612362878,FALSE,TRUE
5911,532763.5791,4418164.11,,FALSE,483.784908876655,FALSE,TRUE
5912,532788.5791,4418164.11,,FALSE,508.774796011745,FALSE,TRUE
5913,532813.5791,4418164.11,,FALSE,533.765630269308,FALSE,TRUE
5914,532838.5791,4418164.11,,FALSE,558.757284567092,FALSE,TRUE
5915,532863.5791,4418164.11,,FALSE,583.749653581729,FALSE,TRUE
5916,532888.5791,4418164.11,,FALSE,608.742649283576,FALSE,TRUE
5917,532913.5791,4418164.11,,FALSE,633.736197527635,FALSE,TRUE
5918,532938.5791,4418164.11,,FALSE,658.730235420225,FALSE,TRUE
5919,532963.5791,4418164.11,,FALSE,683.724709263007,FALSE,TRUE
5920,532988.5791,4418164.11,,FALSE,708.719572931905,FALSE,TRUE
5921,531013.5791,4418139.11,,FALSE,1015.19552208264,FALSE,TRUE
5922,531038.5791,4418139.11,,FALSE,991.426196474882,FALSE,TRUE
5923,531063.5791,4418139.11,,FALSE,967.718894130238,FALSE,TRUE
5924,531088.5791,4418139.11,,FALSE,944.078287567641,FALSE,TRUE
5925,531113.5791,4418139.11,,FALSE,920.509515462305,FALSE,TRUE
5926,531138.5791,4418139.11,,FALSE,897.018240091385,FALSE,TRUE
5927,531163.5791,4418139.11,,FALSE,873.610713107758,FALSE,TRUE
5928,531188.5791,4418139.11,,FALSE,850.293851004841,FALSE,TRUE
5929,531213.5791,4418139.11,,FALSE,827.075321876213,FALSE,TRUE
5930,531238.5791,4418139.11,,FALSE,803.963645357575,FALSE,TRUE
5931,531263.5791,4418139.11,,FALSE,780.968307971994,FALSE,TRUE
5932,531288.5791,4418139.11,,FALSE,758.099896489004,FALSE,TRUE
5933,531313.5791,4418139.11,,FALSE,734.340911468866,FALSE,TRUE
5934,531338.5791,4418139.11,,FALSE,709.655218579363,FALSE,TRUE
5935,531363.5791,4418139.11,,FALSE,684.99232423212,FALSE,TRUE
5936,531388.5791,4418139.11,,FALSE,660.35478286821,FALSE,TRUE
5937,531413.5791,4418139.11,,FALSE,635.7455420661,FALSE,TRUE
5938,531438.5791,4418139.11,,FALSE,611.168020479572,FALSE,TRUE
5939,531463.5791,4418139.11,,FALSE,586.626204884266,FALSE,TRUE
5940,531488.5791,4418139.11,,FALSE,562.124771965189,FALSE,TRUE
5941,531513.5791,4418139.11,,FALSE,537.309570040231,FALSE,TRUE
5942,531538.5791,4418139.11,,FALSE,512.352934076517,FALSE,TRUE
5943,531563.5791,4418139.11,,FALSE,487.400742774172,FALSE,TRUE
5944,531588.5791,4418139.11,,FALSE,462.453715583315,FALSE,TRUE
5945,531613.5791,4418139.11,,FALSE,437.512735879554,FALSE,TRUE
5946,531638.5791,4418139.11,,FALSE,412.578900401864,FALSE,TRUE
5947,531663.5791,4418139.11,,FALSE,387.653587700165,FALSE,TRUE
5948,531688.5791,4418139.11,,FALSE,362.738554687544,FALSE,TRUE
5949,531713.5791,4418139.11,,FALSE,337.836075718398,FALSE,TRUE
5950,531738.5791,4418139.11,,FALSE,312.949147717015,FALSE,TRUE
5951,531763.5791,4418139.11,,FALSE,288.081800981604,FALSE,TRUE
5952,531788.5791,4418139.11,,FALSE,263.239584897111,FALSE,TRUE
5953,531813.5791,4418139.11,,FALSE,238.430354730269,FALSE,TRUE
5954,531838.5791,4418139.11,,FALSE,213.665601014296,FALSE,TRUE
5955,531863.5791,4418139.11,,FALSE,188.96281130635,FALSE,TRUE
5956,531888.5791,4418139.11,,FALSE,164.349928679017,FALSE,TRUE
5957,531913.5791,4418139.11,,FALSE,139.874422453844,FALSE,TRUE
5958,531938.5791,4418139.11,,FALSE,115.623566182657,FALSE,TRUE
5959,531963.5791,4418139.11,,FALSE,91.7756179864448,FALSE,TRUE
5960,531988.5791,4418139.11,,FALSE,68.7511385854266,FALSE,TRUE
5961,532013.5791,4418139.11,,FALSE,47.7564033066898,TRUE,FALSE
5962,532038.5791,4418139.11,,FALSE,32.9337070004257,TRUE,FALSE
5963,532063.5791,4418139.11,,FALSE,33.7429112079644,TRUE,FALSE
5964,532088.5791,4418139.11,,FALSE,49.4220503094241,TRUE,FALSE
5965,532113.5791,4418139.11,,FALSE,70.685883009169,FALSE,TRUE
5966,532138.5791,4418139.11,,FALSE,93.8107086466391,FALSE,TRUE
5967,532163.5791,4418139.11,,FALSE,116.929115522221,FALSE,TRUE
5968,532188.5791,4418139.11,,FALSE,92.0672203165032,FALSE,TRUE
5969,532213.5791,4418139.11,,FALSE,67.3077117186895,FALSE,TRUE
5970,532238.5791,4418139.11,,FALSE,42.8285308737632,TRUE,FALSE
5971,532263.5791,4418139.11,,FALSE,19.7037574285608,TRUE,FALSE
5972,532288.5791,4418139.11,1,TRUE,13.8633710475571,TRUE,FALSE
5973,532313.5791,4418139.11,,FALSE,35.3008223247125,TRUE,FALSE
5974,532338.5791,4418139.11,,FALSE,59.5827412662392,FALSE,TRUE
5975,532363.5791,4418139.11,,FALSE,84.2855744288326,FALSE,TRUE
5976,532388.5791,4418139.11,,FALSE,109.123842751238,FALSE,TRUE
5977,532413.5791,4418139.11,,FALSE,134.022267018565,FALSE,TRUE
5978,532438.5791,4418139.11,,FALSE,158.952581158012,FALSE,TRUE
5979,532463.5791,4418139.11,,FALSE,183.901816349902,FALSE,TRUE
5980,532488.5791,4418139.11,,FALSE,208.863192201957,FALSE,TRUE
5981,532513.5791,4418139.11,,FALSE,233.832820743347,FALSE,TRUE
5982,532538.5791,4418139.11,,FALSE,258.80831334559,FALSE,TRUE
5983,532563.5791,4418139.11,,FALSE,283.788121768315,FALSE,TRUE
5984,532588.5791,4418139.11,,FALSE,308.771198554506,FALSE,TRUE
5985,532613.5791,4418139.11,,FALSE,333.756809753427,FALSE,TRUE
5986,532638.5791,4418139.11,,FALSE,358.744425819808,FALSE,TRUE
5987,532663.5791,4418139.11,,FALSE,383.733655100491,FALSE,TRUE
5988,532688.5791,4418139.11,,FALSE,408.724201701809,FALSE,TRUE
5989,532713.5791,4418139.11,,FALSE,433.715837913235,FALSE,TRUE
5990,532738.5791,4418139.11,,FALSE,458.708385640353,FALSE,TRUE
5991,532763.5791,4418139.11,,FALSE,483.70170359094,FALSE,TRUE
5992,532788.5791,4418139.11,,FALSE,508.695678236778,FALSE,TRUE
5993,532813.5791,4418139.11,,FALSE,533.690217314103,FALSE,TRUE
5994,532838.5791,4418139.11,,FALSE,558.685245068073,FALSE,TRUE
5995,532863.5791,4418139.11,,FALSE,583.680698718719,FALSE,TRUE
5996,532888.5791,4418139.11,,FALSE,608.676525797381,FALSE,TRUE
5997,532913.5791,4418139.11,,FALSE,633.672682113384,FALSE,TRUE
5998,532938.5791,4418139.11,,FALSE,658.66913018356,FALSE,TRUE
5999,532963.5791,4418139.11,,FALSE,683.665838006234,FALSE,TRUE
6000,532988.5791,4418139.11,,FALSE,708.662778094606,FALSE,TRUE
6001,531013.5791,4418114.11,,FALSE,1023.12826569137,FALSE,TRUE
6002,531038.5791,4418114.11,,FALSE,999.547599195073,FALSE,TRUE
6003,531063.5791,4418114.11,,FALSE,976.037580248134,FALSE,TRUE
6004,531088.5791,4418114.11,,FALSE,952.603439557423,FALSE,TRUE
6005,531113.5791,4418114.11,,FALSE,929.250917705563,FALSE,TRUE
6006,531138.5791,4418114.11,,FALSE,904.819534082304,FALSE,TRUE
6007,531163.5791,4418114.11,,FALSE,879.944512032955,FALSE,TRUE
6008,531188.5791,4418114.11,,FALSE,855.076779743734,FALSE,TRUE
6009,531213.5791,4418114.11,,FALSE,830.216992271848,FALSE,TRUE
6010,531238.5791,4418114.11,,FALSE,805.365885332196,FALSE,TRUE
6011,531263.5791,4418114.11,,FALSE,780.524288063421,FALSE,TRUE
6012,531288.5791,4418114.11,,FALSE,755.693138288889,FALSE,TRUE
6013,531313.5791,4418114.11,,FALSE,730.873500858328,FALSE,TRUE
6014,531338.5791,4418114.11,,FALSE,706.066589817778,FALSE,TRUE
6015,531363.5791,4418114.11,,FALSE,681.273795369311,FALSE,TRUE
6016,531388.5791,4418114.11,,FALSE,656.496716866813,FALSE,TRUE
6017,531413.5791,4418114.11,,FALSE,631.73720347697,FALSE,TRUE
6018,531438.5791,4418114.11,,FALSE,606.997404654173,FALSE,TRUE
6019,531463.5791,4418114.11,,FALSE,582.279833290575,FALSE,TRUE
6020,531488.5791,4418114.11,,FALSE,557.587445390316,FALSE,TRUE
6021,531513.5791,4418114.11,,FALSE,532.923741502382,FALSE,TRUE
6022,531538.5791,4418114.11,,FALSE,508.292897114347,FALSE,TRUE
6023,531563.5791,4418114.11,,FALSE,483.699932041441,FALSE,TRUE
6024,531588.5791,4418114.11,,FALSE,459.150932980533,FALSE,TRUE
6025,531613.5791,4418114.11,,FALSE,434.65334952913,FALSE,TRUE
6026,531638.5791,4418114.11,,FALSE,410.216393208378,FALSE,TRUE
6027,531663.5791,4418114.11,,FALSE,385.85158319863,FALSE,TRUE
6028,531688.5791,4418114.11,,FALSE,361.573504638944,FALSE,TRUE
6029,531713.5791,4418114.11,,FALSE,337.400880640355,FALSE,TRUE
6030,531738.5791,4418114.11,,FALSE,313.35811662838,FALSE,TRUE
6031,531763.5791,4418114.11,,FALSE,289.477571250148,FALSE,TRUE
6032,531788.5791,4418114.11,,FALSE,265.802970745029,FALSE,TRUE
6033,531813.5791,4418114.11,,FALSE,242.394666312775,FALSE,TRUE
6034,531838.5791,4418114.11,,FALSE,218.683536318543,FALSE,TRUE
6035,531863.5791,4418114.11,,FALSE,194.618714559475,FALSE,TRUE
6036,531888.5791,4418114.11,,FALSE,170.822712356352,FALSE,TRUE
6037,531913.5791,4418114.11,,FALSE,147.425757779228,FALSE,TRUE
6038,531938.5791,4418114.11,,FALSE,124.652753907719,FALSE,TRUE
6039,531963.5791,4418114.11,,FALSE,102.918725491414,FALSE,TRUE
6040,531988.5791,4418114.11,,FALSE,83.0434769068334,FALSE,TRUE
6041,532013.5791,4418114.11,,FALSE,66.7096249185562,FALSE,TRUE
6042,532038.5791,4418114.11,,FALSE,57.0449739834556,FALSE,TRUE
6043,532063.5791,4418114.11,,FALSE,57.5159461086385,FALSE,TRUE
6044,532088.5791,4418114.11,,FALSE,67.9119949402937,FALSE,TRUE
6045,532113.5791,4418114.11,,FALSE,84.6521946364603,FALSE,TRUE
6046,532138.5791,4418114.11,,FALSE,104.737524587742,FALSE,TRUE
6047,532163.5791,4418114.11,,FALSE,121.827410941841,FALSE,TRUE
6048,532188.5791,4418114.11,,FALSE,98.2134056877714,FALSE,TRUE
6049,532213.5791,4418114.11,,FALSE,75.4972056223901,FALSE,TRUE
6050,532238.5791,4418114.11,,FALSE,54.8067792958875,FALSE,TRUE
6051,532263.5791,4418114.11,,FALSE,39.4681904422638,TRUE,FALSE
6052,532288.5791,4418114.11,,FALSE,36.9011254135356,TRUE,FALSE
6053,532313.5791,4418114.11,,FALSE,49.1492426877989,TRUE,FALSE
6054,532338.5791,4418114.11,,FALSE,68.6993672225795,FALSE,TRUE
6055,532363.5791,4418114.11,,FALSE,90.959101011287,FALSE,TRUE
6056,532388.5791,4418114.11,,FALSE,114.356954562371,FALSE,TRUE
6057,532413.5791,4418114.11,,FALSE,138.316550191143,FALSE,TRUE
6058,532438.5791,4418114.11,,FALSE,162.589738473181,FALSE,TRUE
6059,532463.5791,4418114.11,,FALSE,187.054478847143,FALSE,TRUE
6060,532488.5791,4418114.11,,FALSE,211.644355126176,FALSE,TRUE
6061,532513.5791,4418114.11,,FALSE,236.320308176791,FALSE,TRUE
6062,532538.5791,4418114.11,,FALSE,261.057930461368,FALSE,TRUE
6063,532563.5791,4418114.11,,FALSE,285.841211263826,FALSE,TRUE
6064,532588.5791,4418114.11,,FALSE,310.659223356992,FALSE,TRUE
6065,532613.5791,4418114.11,,FALSE,335.504259372021,FALSE,TRUE
6066,532638.5791,4418114.11,,FALSE,360.370730022247,FALSE,TRUE
6067,532663.5791,4418114.11,,FALSE,385.254484797732,FALSE,TRUE
6068,532688.5791,4418114.11,,FALSE,410.152377850921,FALSE,TRUE
6069,532713.5791,4418114.11,,FALSE,435.061981856336,FALSE,TRUE
6070,532738.5791,4418114.11,,FALSE,459.981394250639,FALSE,TRUE
6071,532763.5791,4418114.11,,FALSE,484.909102880901,FALSE,TRUE
6072,532788.5791,4418114.11,,FALSE,509.843890869312,FALSE,TRUE
6073,532813.5791,4418114.11,,FALSE,534.784767973769,FALSE,TRUE
6074,532838.5791,4418114.11,,FALSE,559.730920225742,FALSE,TRUE
6075,532863.5791,4418114.11,,FALSE,584.681672413934,FALSE,TRUE
6076,532888.5791,4418114.11,,FALSE,609.636459750197,FALSE,TRUE
6077,532913.5791,4418114.11,,FALSE,634.594806200581,FALSE,TRUE
6078,532938.5791,4418114.11,,FALSE,659.556307722662,FALSE,TRUE
6079,532963.5791,4418114.11,,FALSE,684.52061916114,FALSE,TRUE
6080,532988.5791,4418114.11,,FALSE,709.487443903519,FALSE,TRUE
6081,531013.5791,4418089.11,,FALSE,1027.42304541844,FALSE,TRUE
6082,531038.5791,4418089.11,,FALSE,1002.47297682127,FALSE,TRUE
6083,531063.5791,4418089.11,,FALSE,977.525459646399,FALSE,TRUE
6084,531088.5791,4418089.11,,FALSE,952.580694354501,FALSE,TRUE
6085,531113.5791,4418089.11,,FALSE,927.638902944945,FALSE,TRUE
6086,531138.5791,4418089.11,,FALSE,902.700331924665,FALSE,TRUE
6087,531163.5791,4418089.11,,FALSE,877.76525578135,FALSE,TRUE
6088,531188.5791,4418089.11,,FALSE,852.833981063664,FALSE,TRUE
6089,531213.5791,4418089.11,,FALSE,827.906851195771,FALSE,TRUE
6090,531238.5791,4418089.11,,FALSE,802.98425218487,FALSE,TRUE
6091,531263.5791,4418089.11,,FALSE,778.066619420788,FALSE,TRUE
6092,531288.5791,4418089.11,,FALSE,753.154445818979,FALSE,TRUE
6093,531313.5791,4418089.11,,FALSE,728.248291626483,FALSE,TRUE
6094,531338.5791,4418089.11,,FALSE,703.348796300164,FALSE,TRUE
6095,531363.5791,4418089.11,,FALSE,678.45669298555,FALSE,TRUE
6096,531388.5791,4418089.11,,FALSE,653.572826284024,FALSE,TRUE
6097,531413.5791,4418089.11,,FALSE,628.69817421151,FALSE,TRUE
6098,531438.5791,4418089.11,,FALSE,603.833875545986,FALSE,TRUE
6099,531463.5791,4418089.11,,FALSE,578.981264167402,FALSE,TRUE
6100,531488.5791,4418089.11,,FALSE,554.141912561107,FALSE,TRUE
6101,531513.5791,4418089.11,,FALSE,529.317687458941,FALSE,TRUE
6102,531538.5791,4418089.11,,FALSE,504.510821744073,FALSE,TRUE
6103,531563.5791,4418089.11,,FALSE,479.724008422424,FALSE,TRUE
6104,531588.5791,4418089.11,,FALSE,454.960524943513,FALSE,TRUE
6105,531613.5791,4418089.11,,FALSE,430.224399885543,FALSE,TRUE
6106,531638.5791,4418089.11,,FALSE,405.52063974214,FALSE,TRUE
6107,531663.5791,4418089.11,,FALSE,380.855542505125,FALSE,TRUE
6108,531688.5791,4418089.11,,FALSE,356.237139075745,FALSE,TRUE
6109,531713.5791,4418089.11,,FALSE,331.67582706141,FALSE,TRUE
6110,531738.5791,4418089.11,,FALSE,307.185301173199,FALSE,TRUE
6111,531763.5791,4418089.11,,FALSE,282.783953322793,FALSE,TRUE
6112,531788.5791,4418089.11,,FALSE,258.497039164603,FALSE,TRUE
6113,531813.5791,4418089.11,,FALSE,234.360137943433,FALSE,TRUE
6114,531838.5791,4418089.11,,FALSE,210.4248779419,FALSE,TRUE
6115,531863.5791,4418089.11,,FALSE,186.768798938319,FALSE,TRUE
6116,531888.5791,4418089.11,,FALSE,163.513116467337,FALSE,TRUE
6117,531913.5791,4418089.11,,FALSE,140.856289376299,FALSE,TRUE
6118,531938.5791,4418089.11,,FALSE,119.1404602008,FALSE,TRUE
6119,531963.5791,4418089.11,,FALSE,98.9868893180151,FALSE,TRUE
6120,531988.5791,4418089.11,,FALSE,81.5619964006256,FALSE,TRUE
6121,532013.5791,4418089.11,,FALSE,68.9660369809251,FALSE,TRUE
6122,532038.5791,4418089.11,,FALSE,64.1113816482925,FALSE,TRUE
6123,532063.5791,4418089.11,,FALSE,68.6602086863395,FALSE,TRUE
6124,532088.5791,4418089.11,,FALSE,81.0443042838321,FALSE,TRUE
6125,532113.5791,4418089.11,,FALSE,98.3470093945365,FALSE,TRUE
6126,532138.5791,4418089.11,,FALSE,118.431791579996,FALSE,TRUE
6127,532163.5791,4418089.11,,FALSE,131.382715974269,FALSE,TRUE
6128,532188.5791,4418089.11,,FALSE,109.842492036434,FALSE,TRUE
6129,532213.5791,4418089.11,,FALSE,90.1073141136317,FALSE,TRUE
6130,532238.5791,4418089.11,,FALSE,73.6429430208446,FALSE,TRUE
6131,532263.5791,4418089.11,,FALSE,63.0653475116885,FALSE,TRUE
6132,532288.5791,4418089.11,,FALSE,61.4914063651883,FALSE,TRUE
6133,532313.5791,4418089.11,,FALSE,69.5352288898756,FALSE,TRUE
6134,532338.5791,4418089.11,,FALSE,84.4932130810876,FALSE,TRUE
6135,532363.5791,4418089.11,,FALSE,103.407243734493,FALSE,TRUE
6136,532388.5791,4418089.11,,FALSE,124.486999549204,FALSE,TRUE
6137,532413.5791,4418089.11,,FALSE,146.80247973642,FALSE,TRUE
6138,532438.5791,4418089.11,,FALSE,169.867369017009,FALSE,TRUE
6139,532463.5791,4418089.11,,FALSE,193.413748365413,FALSE,TRUE
6140,532488.5791,4418089.11,,FALSE,217.285142282573,FALSE,TRUE
6141,532513.5791,4418089.11,,FALSE,241.385144648043,FALSE,TRUE
6142,532538.5791,4418089.11,,FALSE,265.651544427574,FALSE,TRUE
6143,532563.5791,4418089.11,,FALSE,290.042579730553,FALSE,TRUE
6144,532588.5791,4418089.11,,FALSE,314.529256281117,FALSE,TRUE
6145,532613.5791,4418089.11,,FALSE,339.090855165325,FALSE,TRUE
6146,532638.5791,4418089.11,,FALSE,363.71219811377,FALSE,TRUE
6147,532663.5791,4418089.11,,FALSE,388.381922927354,FALSE,TRUE
6148,532688.5791,4418089.11,,FALSE,413.09136163414,FALSE,TRUE
6149,532713.5791,4418089.11,,FALSE,437.833790446496,FALSE,TRUE
6150,532738.5791,4418089.11,,FALSE,462.603915954832,FALSE,TRUE
6151,532763.5791,4418089.11,,FALSE,487.39751543965,FALSE,TRUE
6152,532788.5791,4418089.11,,FALSE,512.211180136418,FALSE,TRUE
6153,532813.5791,4418089.11,,FALSE,537.042128754105,FALSE,TRUE
6154,532838.5791,4418089.11,,FALSE,561.888069865111,FALSE,TRUE
6155,532863.5791,4418089.11,,FALSE,586.747098890773,FALSE,TRUE
6156,532888.5791,4418089.11,,FALSE,611.617619969158,FALSE,TRUE
6157,532913.5791,4418089.11,,FALSE,636.498285980988,FALSE,TRUE
6158,532938.5791,4418089.11,,FALSE,661.387952004521,FALSE,TRUE
6159,532963.5791,4418089.11,,FALSE,686.285638824486,FALSE,TRUE
6160,532988.5791,4418089.11,,FALSE,711.190504054105,FALSE,TRUE
6161,531013.5791,4418064.11,,FALSE,1026.16646517848,FALSE,TRUE
6162,531038.5791,4418064.11,,FALSE,1001.18508241828,FALSE,TRUE
6163,531063.5791,4418064.11,,FALSE,976.204652855582,FALSE,TRUE
6164,531088.5791,4418064.11,,FALSE,951.225251587071,FALSE,TRUE
6165,531113.5791,4418064.11,,FALSE,926.246961807101,FALSE,TRUE
6166,531138.5791,4418064.11,,FALSE,901.269875928894,FALSE,TRUE
6167,531163.5791,4418064.11,,FALSE,876.294096897202,FALSE,TRUE
6168,531188.5791,4418064.11,,FALSE,851.319739731719,FALSE,TRUE
6169,531213.5791,4418064.11,,FALSE,826.346933349958,FALSE,TRUE
6170,531238.5791,4418064.11,,FALSE,801.375822730433,FALSE,TRUE
6171,531263.5791,4418064.11,,FALSE,776.406571492589,FALSE,TRUE
6172,531288.5791,4418064.11,,FALSE,751.439364990201,FALSE,TRUE
6173,531313.5791,4418064.11,,FALSE,726.474414041454,FALSE,TRUE
6174,531338.5791,4418064.11,,FALSE,701.511959453916,FALSE,TRUE
6175,531363.5791,4418064.11,,FALSE,676.552277549098,FALSE,TRUE
6176,531388.5791,4418064.11,,FALSE,651.595686953858,FALSE,TRUE
6177,531413.5791,4418064.11,,FALSE,626.642557010669,FALSE,TRUE
6178,531438.5791,4418064.11,,FALSE,601.693318275073,FALSE,TRUE
6179,531463.5791,4418064.11,,FALSE,576.74847572999,FALSE,TRUE
6180,531488.5791,4418064.11,,FALSE,551.808625573092,FALSE,TRUE
6181,531513.5791,4418064.11,,FALSE,526.874476755958,FALSE,TRUE
6182,531538.5791,4418064.11,,FALSE,501.946878919336,FALSE,TRUE
6183,531563.5791,4418064.11,,FALSE,477.026859051837,FALSE,TRUE
6184,531588.5791,4418064.11,,FALSE,452.115670218209,FALSE,TRUE
6185,531613.5791,4418064.11,,FALSE,427.214857252014,FALSE,TRUE
6186,531638.5791,4418064.11,,FALSE,402.326346709804,FALSE,TRUE
6187,531663.5791,4418064.11,,FALSE,377.45257219531,FALSE,TRUE
6188,531688.5791,4418064.11,,FALSE,352.596652361951,FALSE,TRUE
6189,531713.5791,4418064.11,,FALSE,327.762649270556,FALSE,TRUE
6190,531738.5791,4418064.11,,FALSE,302.955952667796,FALSE,TRUE
6191,531763.5791,4418064.11,,FALSE,278.183867714954,FALSE,TRUE
6192,531788.5791,4418064.11,,FALSE,253.456543132841,FALSE,TRUE
6193,531813.5791,4418064.11,,FALSE,228.788492404771,FALSE,TRUE
6194,531838.5791,4418064.11,,FALSE,204.20119798093,FALSE,TRUE
6195,531863.5791,4418064.11,,FALSE,179.72780602023,FALSE,TRUE
6196,531888.5791,4418064.11,,FALSE,155.422132454951,FALSE,TRUE
6197,531913.5791,4418064.11,,FALSE,131.377297341827,FALSE,TRUE
6198,531938.5791,4418064.11,,FALSE,107.768034485378,FALSE,TRUE
6199,531963.5791,4418064.11,,FALSE,84.9582500810852,FALSE,TRUE
6200,531988.5791,4418064.11,,FALSE,63.8111217331187,FALSE,TRUE
6201,532013.5791,4418064.11,,FALSE,46.6456241981772,TRUE,FALSE
6202,532038.5791,4418064.11,,FALSE,39.1122647878673,TRUE,FALSE
6203,532063.5791,4418064.11,,FALSE,46.1922532123615,TRUE,FALSE
6204,532088.5791,4418064.11,,FALSE,63.1480740548245,FALSE,TRUE
6205,532113.5791,4418064.11,,FALSE,84.2118415475655,FALSE,TRUE
6206,532138.5791,4418064.11,,FALSE,106.984060760615,FALSE,TRUE
6207,532163.5791,4418064.11,,FALSE,130.573903429551,FALSE,TRUE
6208,532188.5791,4418064.11,,FALSE,125.43872231794,FALSE,TRUE
6209,532213.5791,4418064.11,,FALSE,108.576369697812,FALSE,TRUE
6210,532238.5791,4418064.11,,FALSE,95.3560855779777,FALSE,TRUE
6211,532263.5791,4418064.11,,FALSE,87.4456291460773,FALSE,TRUE
6212,532288.5791,4418064.11,,FALSE,86.317397184762,FALSE,TRUE
6213,532313.5791,4418064.11,,FALSE,92.2206487547698,FALSE,TRUE
6214,532338.5791,4418064.11,,FALSE,103.964431690599,FALSE,TRUE
6215,532363.5791,4418064.11,,FALSE,119.843890360535,FALSE,TRUE
6216,532388.5791,4418064.11,,FALSE,138.443176273685,FALSE,TRUE
6217,532413.5791,4418064.11,,FALSE,158.809533897513,FALSE,TRUE
6218,532438.5791,4418064.11,,FALSE,180.345288424023,FALSE,TRUE
6219,532463.5791,4418064.11,,FALSE,202.678015721347,FALSE,TRUE
6220,532488.5791,4418064.11,,FALSE,225.571126380885,FALSE,TRUE
6221,532513.5791,4418064.11,,FALSE,248.870022414794,FALSE,TRUE
6222,532538.5791,4418064.11,,FALSE,272.470627878931,FALSE,TRUE
6223,532563.5791,4418064.11,,FALSE,296.300857333787,FALSE,TRUE
6224,532588.5791,4418064.11,,FALSE,320.309464513205,FALSE,TRUE
6225,532613.5791,4418064.11,,FALSE,344.459152958279,FALSE,TRUE
6226,532638.5791,4418064.11,,FALSE,368.722203097038,FALSE,TRUE
6227,532663.5791,4418064.11,,FALSE,393.077623449532,FALSE,TRUE
6228,532688.5791,4418064.11,,FALSE,417.509249067288,FALSE,TRUE
6229,532713.5791,4418064.11,,FALSE,442.004443480752,FALSE,TRUE
6230,532738.5791,4418064.11,,FALSE,466.553194241266,FALSE,TRUE
6231,532763.5791,4418064.11,,FALSE,491.147470783192,FALSE,TRUE
6232,532788.5791,4418064.11,,FALSE,515.780760650032,FALSE,TRUE
6233,532813.5791,4418064.11,,FALSE,540.447729254851,FALSE,TRUE
6234,532838.5791,4418064.11,,FALSE,565.143966664002,FALSE,TRUE
6235,532863.5791,4418064.11,,FALSE,589.865796649307,FALSE,TRUE
6236,532888.5791,4418064.11,,FALSE,614.610130942145,FALSE,TRUE
6237,532913.5791,4418064.11,,FALSE,639.374356740023,FALSE,TRUE
6238,532938.5791,4418064.11,,FALSE,664.156248978143,FALSE,TRUE
6239,532963.5791,4418064.11,,FALSE,688.95390125662,FALSE,TRUE
6240,532988.5791,4418064.11,,FALSE,713.765670971023,FALSE,TRUE
6241,531013.5791,4418039.11,,FALSE,1025.51797363911,FALSE,TRUE
6242,531038.5791,4418039.11,,FALSE,1000.52039922076,FALSE,TRUE
6243,531063.5791,4418039.11,,FALSE,975.522949118508,FALSE,TRUE
6244,531088.5791,4418039.11,,FALSE,950.525633140353,FALSE,TRUE
6245,531113.5791,4418039.11,,FALSE,925.528462153849,FALSE,TRUE
6246,531138.5791,4418039.11,,FALSE,900.531448233135,FALSE,TRUE
6247,531163.5791,4418039.11,,FALSE,875.534604831166,FALSE,TRUE
6248,531188.5791,4418039.11,,FALSE,850.537946982299,FALSE,TRUE
6249,531213.5791,4418039.11,,FALSE,825.541491541681,FALSE,TRUE
6250,531238.5791,4418039.11,,FALSE,800.545257469471,FALSE,TRUE
6251,531263.5791,4418039.11,,FALSE,775.549266170023,FALSE,TRUE
6252,531288.5791,4418039.11,,FALSE,750.553541898817,FALSE,TRUE
6253,531313.5791,4418039.11,,FALSE,725.558112253497,FALSE,TRUE
6254,531338.5791,4418039.11,,FALSE,700.563008769987,FALSE,TRUE
6255,531363.5791,4418039.11,,FALSE,675.568267650913,FALSE,TRUE
6256,531388.5791,4418039.11,,FALSE,650.573930661884,FALSE,TRUE
6257,531413.5791,4418039.11,,FALSE,625.580046242567,FALSE,TRUE
6258,531438.5791,4418039.11,,FALSE,600.586670895093,FALSE,TRUE
6259,531463.5791,4418039.11,,FALSE,575.593870934055,FALSE,TRUE
6260,531488.5791,4418039.11,,FALSE,550.601724712926,FALSE,TRUE
6261,531513.5791,4418039.11,,FALSE,525.61032548538,FALSE,TRUE
6262,531538.5791,4418039.11,,FALSE,500.619785123247,FALSE,TRUE
6263,531563.5791,4418039.11,,FALSE,475.630239005937,FALSE,TRUE
6264,531588.5791,4418039.11,,FALSE,450.64185253574,FALSE,TRUE
6265,531613.5791,4418039.11,,FALSE,425.654829946568,FALSE,TRUE
6266,531638.5791,4418039.11,,FALSE,400.669426406409,FALSE,TRUE
6267,531663.5791,4418039.11,,FALSE,375.685964945244,FALSE,TRUE
6268,531688.5791,4418039.11,,FALSE,350.704860611937,FALSE,TRUE
6269,531713.5791,4418039.11,,FALSE,325.726655735813,FALSE,TRUE
6270,531738.5791,4418039.11,,FALSE,300.752072739051,FALSE,TRUE
6271,531763.5791,4418039.11,,FALSE,275.782095605995,FALSE,TRUE
6272,531788.5791,4418039.11,,FALSE,250.818099938646,FALSE,TRUE
6273,531813.5791,4418039.11,,FALSE,225.862069097118,FALSE,TRUE
6274,531838.5791,4418039.11,,FALSE,200.916971052298,FALSE,TRUE
6275,531863.5791,4418039.11,,FALSE,175.987454827976,FALSE,TRUE
6276,531888.5791,4418039.11,,FALSE,151.081233966457,FALSE,TRUE
6277,531913.5791,4418039.11,,FALSE,126.212100278959,FALSE,TRUE
6278,531938.5791,4418039.11,,FALSE,101.407343209576,FALSE,TRUE
6279,531963.5791,4418039.11,,FALSE,76.7294223673256,FALSE,TRUE
6280,531988.5791,4418039.11,,FALSE,52.3579913367781,FALSE,TRUE
6281,532013.5791,4418039.11,,FALSE,29.0742885866672,TRUE,FALSE
6282,532038.5791,4418039.11,,FALSE,14.1162763085554,TRUE,FALSE
6283,532063.5791,4418039.11,,FALSE,28.3412112800099,TRUE,FALSE
6284,532088.5791,4418039.11,,FALSE,51.5478346472171,FALSE,TRUE
6285,532113.5791,4418039.11,,FALSE,75.9021360490962,FALSE,TRUE
6286,532138.5791,4418039.11,,FALSE,100.573800051575,FALSE,TRUE
6287,532163.5791,4418039.11,,FALSE,125.375612687687,FALSE,TRUE
6288,532188.5791,4418039.11,,FALSE,143.716293636945,FALSE,TRUE
6289,532213.5791,4418039.11,,FALSE,129.260698035943,FALSE,TRUE
6290,532238.5791,4418039.11,,FALSE,118.373489670356,FALSE,TRUE
6291,532263.5791,4418039.11,,FALSE,112.099233078271,FALSE,TRUE
6292,532288.5791,4418039.11,,FALSE,111.221369604655,FALSE,TRUE
6293,532313.5791,4418039.11,,FALSE,115.862625797683,FALSE,TRUE
6294,532338.5791,4418039.11,,FALSE,125.411734126965,FALSE,TRUE
6295,532363.5791,4418039.11,,FALSE,138.859850413038,FALSE,TRUE
6296,532388.5791,4418039.11,,FALSE,155.196691513479,FALSE,TRUE
6297,532413.5791,4418039.11,,FALSE,173.608663541681,FALSE,TRUE
6298,532438.5791,4418039.11,,FALSE,193.504323095706,FALSE,TRUE
6299,532463.5791,4418039.11,,FALSE,214.471159032458,FALSE,TRUE
6300,532488.5791,4418039.11,,FALSE,236.224116162437,FALSE,TRUE
6301,532513.5791,4418039.11,,FALSE,258.564862378327,FALSE,TRUE
6302,532538.5791,4418039.11,,FALSE,281.353413088809,FALSE,TRUE
6303,532563.5791,4418039.11,,FALSE,304.489241282382,FALSE,TRUE
6304,532588.5791,4418039.11,,FALSE,327.898845769117,FALSE,TRUE
6305,532613.5791,4418039.11,,FALSE,351.527535275287,FALSE,TRUE
6306,532638.5791,4418039.11,,FALSE,375.333935391828,FALSE,TRUE
6307,532663.5791,4418039.11,,FALSE,399.286260791322,FALSE,TRUE
6308,532688.5791,4418039.11,,FALSE,423.359744256246,FALSE,TRUE
6309,532713.5791,4418039.11,,FALSE,447.534834461757,FALSE,TRUE
6310,532738.5791,4418039.11,,FALSE,471.795912505303,FALSE,TRUE
6311,532763.5791,4418039.11,,FALSE,496.130363973734,FALSE,TRUE
6312,532788.5791,4418039.11,,FALSE,520.527898442253,FALSE,TRUE
6313,532813.5791,4418039.11,,FALSE,544.980043723353,FALSE,TRUE
6314,532838.5791,4418039.11,,FALSE,569.479765274154,FALSE,TRUE
6315,532863.5791,4418039.11,,FALSE,594.021176437932,FALSE,TRUE
6316,532888.5791,4418039.11,,FALSE,618.599315435043,FALSE,TRUE
6317,532913.5791,4418039.11,,FALSE,643.209971981702,FALSE,TRUE
6318,532938.5791,4418039.11,,FALSE,667.84955121397,FALSE,TRUE
6319,532963.5791,4418039.11,,FALSE,692.514965944202,FALSE,TRUE
6320,532988.5791,4418039.11,,FALSE,717.203550644235,FALSE,TRUE
6321,531013.5791,4418014.11,,FALSE,1025.47872442916,FALSE,TRUE
6322,531038.5791,4418014.11,,FALSE,1000.48016934713,FALSE,TRUE
6323,531063.5791,4418014.11,,FALSE,975.481688324724,FALSE,TRUE
6324,531088.5791,4418014.11,,FALSE,950.483287205437,FALSE,TRUE
6325,531113.5791,4418014.11,,FALSE,925.484972464087,FALSE,TRUE
6326,531138.5791,4418014.11,,FALSE,900.48675129446,FALSE,TRUE
6327,531163.5791,4418014.11,,FALSE,875.488631711942,FALSE,TRUE
6328,531188.5791,4418014.11,,FALSE,850.490622674258,FALSE,TRUE
6329,531213.5791,4418014.11,,FALSE,825.49273422414,FALSE,TRUE
6330,531238.5791,4418014.11,,FALSE,800.494977658726,FALSE,TRUE
6331,531263.5791,4418014.11,,FALSE,775.497365731724,FALSE,TRUE
6332,531288.5791,4418014.11,,FALSE,750.499912895959,FALSE,TRUE
6333,531313.5791,4418014.11,,FALSE,725.502635596068,FALSE,TRUE
6334,531338.5791,4418014.11,,FALSE,700.505552623846,FALSE,TRUE
6335,531363.5791,4418014.11,,FALSE,675.508685552479,FALSE,TRUE
6336,531388.5791,4418014.11,,FALSE,650.512059270877,FALSE,TRUE
6337,531413.5791,4418014.11,,FALSE,625.515702646093,FALSE,TRUE
6338,531438.5791,4418014.11,,FALSE,600.519649351155,FALSE,TRUE
6339,531463.5791,4418014.11,,FALSE,575.523938908568,FALSE,TRUE
6340,531488.5791,4418014.11,,FALSE,550.528618018021,FALSE,TRUE
6341,531513.5791,4418014.11,,FALSE,525.533742262883,FALSE,TRUE
6342,531538.5791,4418014.11,,FALSE,500.539378327849,FALSE,TRUE
6343,531563.5791,4418014.11,,FALSE,475.545606915707,FALSE,TRUE
6344,531588.5791,4418014.11,,FALSE,450.552526634605,FALSE,TRUE
6345,531613.5791,4418014.11,,FALSE,425.56025925458,FALSE,TRUE
6346,531638.5791,4418014.11,,FALSE,400.568956931043,FALSE,TRUE
6347,531663.5791,4418014.11,,FALSE,375.578812310842,FALSE,TRUE
6348,531688.5791,4418014.11,,FALSE,350.590072958179,FALSE,TRUE
6349,531713.5791,4418014.11,,FALSE,325.60306241929,FALSE,TRUE
6350,531738.5791,4418014.11,,FALSE,300.618211785012,FALSE,TRUE
6351,531763.5791,4418014.11,,FALSE,275.636108405298,FALSE,TRUE
6352,531788.5791,4418014.11,,FALSE,250.657573707271,FALSE,TRUE
6353,531813.5791,4418014.11,,FALSE,225.683792632113,FALSE,TRUE
6354,531838.5791,4418014.11,,FALSE,200.716539569646,FALSE,TRUE
6355,531863.5791,4418014.11,,FALSE,175.758596537444,FALSE,TRUE
6356,531888.5791,4418014.11,,FALSE,150.814585689882,FALSE,TRUE
6357,531913.5791,4418014.11,,FALSE,125.892788740298,FALSE,TRUE
6358,531938.5791,4418014.11,,FALSE,101.00964932524,FALSE,TRUE
6359,531963.5791,4418014.11,,FALSE,76.2030462436161,FALSE,TRUE
6360,531988.5791,4418014.11,,FALSE,51.5835172977315,FALSE,TRUE
6361,532013.5791,4418014.11,,FALSE,27.6552753883241,TRUE,FALSE
6362,532038.5791,4418014.11,1,TRUE,10.89813088574,TRUE,FALSE
6363,532063.5791,4418014.11,,FALSE,26.8835313305636,TRUE,FALSE
6364,532088.5791,4418014.11,,FALSE,50.7610013376418,FALSE,TRUE
6365,532113.5791,4418014.11,,FALSE,75.3699824651615,FALSE,TRUE
6366,532138.5791,4418014.11,,FALSE,100.172796989988,FALSE,TRUE
6367,532163.5791,4418014.11,,FALSE,125.054165291669,FALSE,TRUE
6368,532188.5791,4418014.11,,FALSE,149.974995438556,FALSE,TRUE
6369,532213.5791,4418014.11,,FALSE,151.254183600727,FALSE,TRUE
6370,532238.5791,4418014.11,,FALSE,142.062602597309,FALSE,TRUE
6371,532263.5791,4418014.11,,FALSE,136.878552215896,FALSE,TRUE
6372,532288.5791,4418014.11,,FALSE,136.160541482173,FALSE,TRUE
6373,532313.5791,4418014.11,,FALSE,139.977312650004,FALSE,TRUE
6374,532338.5791,4418014.11,,FALSE,147.978387127025,FALSE,TRUE
6375,532363.5791,4418014.11,,FALSE,159.535444515363,FALSE,TRUE
6376,532388.5791,4418014.11,,FALSE,173.941119510923,FALSE,TRUE
6377,532413.5791,4418014.11,,FALSE,190.550434417536,FALSE,TRUE
6378,532438.5791,4418014.11,,FALSE,208.838270096049,FALSE,TRUE
6379,532463.5791,4418014.11,,FALSE,228.401790835162,FALSE,TRUE
6380,532488.5791,4418014.11,,FALSE,248.940420696816,FALSE,TRUE
6381,532513.5791,4418014.11,,FALSE,270.231915318503,FALSE,TRUE
6382,532538.5791,4418014.11,,FALSE,292.111696199767,FALSE,TRUE
6383,532563.5791,4418014.11,,FALSE,314.45698919996,FALSE,TRUE
6384,532588.5791,4418014.11,,FALSE,337.175255700507,FALSE,TRUE
6385,532613.5791,4418014.11,,FALSE,360.195930094582,FALSE,TRUE
6386,532638.5791,4418014.11,,FALSE,383.464552542605,FALSE,TRUE
6387,532663.5791,4418014.11,,FALSE,406.938592488718,FALSE,TRUE
6388,532688.5791,4418014.11,,FALSE,430.584455196303,FALSE,TRUE
6389,532713.5791,4418014.11,,FALSE,454.375316293365,FALSE,TRUE
6390,532738.5791,4418014.11,,FALSE,478.289538937132,FALSE,TRUE
6391,532763.5791,4418014.11,,FALSE,502.309504246827,FALSE,TRUE
6392,532788.5791,4418014.11,,FALSE,526.42073767728,FALSE,TRUE
6393,532813.5791,4418014.11,,FALSE,550.61124948251,FALSE,TRUE
6394,532838.5791,4418014.11,,FALSE,574.871031672922,FALSE,TRUE
6395,532863.5791,4418014.11,,FALSE,599.191670550157,FALSE,TRUE
6396,532888.5791,4418014.11,,FALSE,623.566045464862,FALSE,TRUE
6397,532913.5791,4418014.11,,FALSE,647.988092526927,FALSE,TRUE
6398,532938.5791,4418014.11,,FALSE,672.452617703793,FALSE,TRUE
6399,532963.5791,4418014.11,,FALSE,696.955147808439,FALSE,TRUE
6400,532988.5791,4418014.11,,FALSE,721.491810803616,FALSE,TRUE
6401,531013.5791,4417989.11,,FALSE,1026.04878746424,FALSE,TRUE
6402,531038.5791,4417989.11,,FALSE,1001.06446808227,FALSE,TRUE
6403,531063.5791,4417989.11,,FALSE,976.080951692449,FALSE,TRUE
6404,531088.5791,4417989.11,,FALSE,951.098301573942,FALSE,TRUE
6405,531113.5791,4417989.11,,FALSE,926.116587831594,FALSE,TRUE
6406,531138.5791,4417989.11,,FALSE,901.135888341394,FALSE,TRUE
6407,531163.5791,4417989.11,,FALSE,876.156289857484,FALSE,TRUE
6408,531188.5791,4417989.11,,FALSE,851.17788931388,FALSE,TRUE
6409,531213.5791,4417989.11,,FALSE,826.200795362017,FALSE,TRUE
6410,531238.5791,4417989.11,,FALSE,801.22513019552,FALSE,TRUE
6411,531263.5791,4417989.11,,FALSE,776.251031726739,FALSE,TRUE
6412,531288.5791,4417989.11,,FALSE,751.278656196771,FALSE,TRUE
6413,531313.5791,4417989.11,,FALSE,726.308181323069,FALSE,TRUE
6414,531338.5791,4417989.11,,FALSE,701.339810118336,FALSE,TRUE
6415,531363.5791,4417989.11,,FALSE,676.37377555374,FALSE,TRUE
6416,531388.5791,4417989.11,,FALSE,651.410346292427,FALSE,TRUE
6417,531413.5791,4417989.11,,FALSE,626.449833791038,FALSE,TRUE
6418,531438.5791,4417989.11,,FALSE,601.492601165482,FALSE,TRUE
6419,531463.5791,4417989.11,,FALSE,576.539074353869,FALSE,TRUE
6420,531488.5791,4417989.11,,FALSE,551.589756301561,FALSE,TRUE
6421,531513.5791,4417989.11,,FALSE,526.645245166814,FALSE,TRUE
6422,531538.5791,4417989.11,,FALSE,501.706257940652,FALSE,TRUE
6423,531563.5791,4417989.11,,FALSE,476.773661454585,FALSE,TRUE
6424,531588.5791,4417989.11,,FALSE,451.848513615802,FALSE,TRUE
6425,531613.5791,4417989.11,,FALSE,426.932119026911,FALSE,TRUE
6426,531638.5791,4417989.11,,FALSE,402.026105193192,FALSE,TRUE
6427,531663.5791,4417989.11,,FALSE,377.132528770465,FALSE,TRUE
6428,531688.5791,4417989.11,,FALSE,352.254026601265,FALSE,TRUE
6429,531713.5791,4417989.11,,FALSE,327.394035157642,FALSE,TRUE
6430,531738.5791,4417989.11,,FALSE,302.557117346133,FALSE,TRUE
6431,531763.5791,4417989.11,,FALSE,277.749463108033,FALSE,TRUE
6432,531788.5791,4417989.11,,FALSE,252.979681509799,FALSE,TRUE
6433,531813.5791,4417989.11,,FALSE,228.260102200971,FALSE,TRUE
6434,531838.5791,4417989.11,,FALSE,203.609010745587,FALSE,TRUE
6435,531863.5791,4417989.11,,FALSE,179.054696271266,FALSE,TRUE
6436,531888.5791,4417989.11,,FALSE,154.643264505099,FALSE,TRUE
6437,531913.5791,4417989.11,,FALSE,130.454951062781,FALSE,TRUE
6438,531938.5791,4417989.11,,FALSE,106.641686299454,FALSE,TRUE
6439,531963.5791,4417989.11,,FALSE,83.5248720848462,FALSE,TRUE
6440,531988.5791,4417989.11,,FALSE,61.8898962415401,FALSE,TRUE
6441,532013.5791,4417989.11,,FALSE,43.9808396553235,TRUE,FALSE
6442,532038.5791,4417989.11,,FALSE,35.892467967332,TRUE,FALSE
6443,532063.5791,4417989.11,,FALSE,43.4997040999664,TRUE,FALSE
6444,532088.5791,4417989.11,,FALSE,61.2060393816109,FALSE,TRUE
6445,532113.5791,4417989.11,,FALSE,82.7655378571419,FALSE,TRUE
6446,532138.5791,4417989.11,,FALSE,105.849370601722,FALSE,TRUE
6447,532163.5791,4417989.11,,FALSE,129.645841648621,FALSE,TRUE
6448,532188.5791,4417989.11,,FALSE,153.824572993973,FALSE,TRUE
6449,532213.5791,4417989.11,,FALSE,174.061276729506,FALSE,TRUE
6450,532238.5791,4417989.11,,FALSE,166.136338760382,FALSE,TRUE
6451,532263.5791,4417989.11,,FALSE,161.725811349651,FALSE,TRUE
6452,532288.5791,4417989.11,,FALSE,161.118568317564,FALSE,TRUE
6453,532313.5791,4417989.11,,FALSE,164.356770644535,FALSE,TRUE
6454,532338.5791,4417989.11,,FALSE,171.222378959933,FALSE,TRUE
6455,532363.5791,4417989.11,,FALSE,181.303772869452,FALSE,TRUE
6456,532388.5791,4417989.11,,FALSE,194.100523071671,FALSE,TRUE
6457,532413.5791,4417989.11,,FALSE,209.114724629078,FALSE,TRUE
6458,532438.5791,4417989.11,,FALSE,225.904676925233,FALSE,TRUE
6459,532463.5791,4417989.11,,FALSE,244.104236048235,FALSE,TRUE
6460,532488.5791,4417989.11,,FALSE,263.42139825134,FALSE,TRUE
6461,532513.5791,4417989.11,,FALSE,283.627904227863,FALSE,TRUE
6462,532538.5791,4417989.11,,FALSE,304.546783034542,FALSE,TRUE
6463,532563.5791,4417989.11,,FALSE,326.04094536835,FALSE,TRUE
6464,532588.5791,4417989.11,,FALSE,348.003811842178,FALSE,TRUE
6465,532613.5791,4417989.11,,FALSE,370.352005606402,FALSE,TRUE
6466,532638.5791,4417989.11,,FALSE,393.019799827799,FALSE,TRUE
6467,532663.5791,4417989.11,,FALSE,415.954947147743,FALSE,TRUE
6468,532688.5791,4417989.11,,FALSE,439.115557748391,FALSE,TRUE
6469,532713.5791,4417989.11,,FALSE,462.467758937506,FALSE,TRUE
6470,532738.5791,4417989.11,,FALSE,485.983932920295,FALSE,TRUE
6471,532763.5791,4417989.11,,FALSE,509.641381813405,FALSE,TRUE
6472,532788.5791,4417989.11,,FALSE,533.421309151289,FALSE,TRUE
6473,532813.5791,4417989.11,,FALSE,557.308036956829,FALSE,TRUE
6474,532838.5791,4417989.11,,FALSE,581.288399210472,FALSE,TRUE
6475,532863.5791,4417989.11,,FALSE,605.351268320032,FALSE,TRUE
6476,532888.5791,4417989.11,,FALSE,629.487182599193,FALSE,TRUE
6477,532913.5791,4417989.11,,FALSE,653.688051027911,FALSE,TRUE
6478,532938.5791,4417989.11,,FALSE,677.946917580327,FALSE,TRUE
6479,532963.5791,4417989.11,,FALSE,702.257771802254,FALSE,TRUE
6480,532988.5791,4417989.11,,FALSE,726.615395554391,FALSE,TRUE
6481,531013.5791,4417964.11,,FALSE,1027.22714832544,FALSE,TRUE
6482,531038.5791,4417964.11,,FALSE,1002.27220317478,FALSE,TRUE
6483,531063.5791,4417964.11,,FALSE,977.319560971139,FALSE,TRUE
6484,531088.5791,4417964.11,,FALSE,952.369402730274,FALSE,TRUE
6485,531113.5791,4417964.11,,FALSE,927.421928928154,FALSE,TRUE
6486,531138.5791,4417964.11,,FALSE,902.477362185233,FALSE,TRUE
6487,531163.5791,4417964.11,,FALSE,877.535950407056,FALSE,TRUE
6488,531188.5791,4417964.11,,FALSE,852.597970474252,FALSE,TRUE
6489,531213.5791,4417964.11,,FALSE,827.66373259725,FALSE,TRUE
6490,531238.5791,4417964.11,,FALSE,802.733585479524,FALSE,TRUE
6491,531263.5791,4417964.11,,FALSE,777.807922469815,FALSE,TRUE
6492,531288.5791,4417964.11,,FALSE,752.887188931256,FALSE,TRUE
6493,531313.5791,4417964.11,,FALSE,727.971891117238,FALSE,TRUE
6494,531338.5791,4417964.11,,FALSE,703.062606925447,FALSE,TRUE
6495,531363.5791,4417964.11,,FALSE,678.159999009677,FALSE,TRUE
6496,531388.5791,4417964.11,,FALSE,653.264830873975,FALSE,TRUE
6497,531413.5791,4417964.11,,FALSE,628.377986769749,FALSE,TRUE
6498,531438.5791,4417964.11,,FALSE,603.500496484304,FALSE,TRUE
6499,531463.5791,4417964.11,,FALSE,578.633566479512,FALSE,TRUE
6500,531488.5791,4417964.11,,FALSE,553.778619356867,FALSE,TRUE
6501,531513.5791,4417964.11,,FALSE,528.937344358287,FALSE,TRUE
6502,531538.5791,4417964.11,,FALSE,504.111762664586,FALSE,TRUE
6503,531563.5791,4417964.11,,FALSE,479.304312787601,FALSE,TRUE
6504,531588.5791,4417964.11,,FALSE,454.517963623874,FALSE,TRUE
6505,531613.5791,4417964.11,,FALSE,429.756366162029,FALSE,TRUE
6506,531638.5791,4417964.11,,FALSE,405.024060096175,FALSE,TRUE
6507,531663.5791,4417964.11,,FALSE,380.326759848409,FALSE,TRUE
6508,531688.5791,4417964.11,,FALSE,355.671757744114,FALSE,TRUE
6509,531713.5791,4417964.11,,FALSE,331.068503873121,FALSE,TRUE
6510,531738.5791,4417964.11,,FALSE,306.529459035808,FALSE,TRUE
6511,531763.5791,4417964.11,,FALSE,282.071381491962,FALSE,TRUE
6512,531788.5791,4417964.11,,FALSE,257.717324324118,FALSE,TRUE
6513,531813.5791,4417964.11,,FALSE,233.499837808897,FALSE,TRUE
6514,531838.5791,4417964.11,,FALSE,209.466296231112,FALSE,TRUE
6515,531863.5791,4417964.11,,FALSE,185.688137092218,FALSE,TRUE
6516,531888.5791,4417964.11,,FALSE,162.277660991207,FALSE,TRUE
6517,531913.5791,4417964.11,,FALSE,139.420207490793,FALSE,TRUE
6518,531938.5791,4417964.11,,FALSE,117.439130006887,FALSE,TRUE
6519,531963.5791,4417964.11,,FALSE,96.9324726640828,FALSE,TRUE
6520,531988.5791,4417964.11,,FALSE,79.0560513608657,FALSE,TRUE
6521,532013.5791,4417964.11,,FALSE,65.983439261458,FALSE,TRUE
6522,532038.5791,4417964.11,,FALSE,60.8914547105683,FALSE,TRUE
6523,532063.5791,4417964.11,,FALSE,65.6637210091529,FALSE,TRUE
6524,532088.5791,4417964.11,,FALSE,78.5218393618396,FALSE,TRUE
6525,532113.5791,4417964.11,,FALSE,96.2789398402643,FALSE,TRUE
6526,532138.5791,4417964.11,,FALSE,116.720132182773,FALSE,TRUE
6527,532163.5791,4417964.11,,FALSE,138.663420759631,FALSE,TRUE
6528,532188.5791,4417964.11,,FALSE,161.497675700802,FALSE,TRUE
6529,532213.5791,4417964.11,,FALSE,184.893088720914,FALSE,TRUE
6530,532238.5791,4417964.11,,FALSE,190.448898806708,FALSE,TRUE
6531,532263.5791,4417964.11,,FALSE,186.613874234169,FALSE,TRUE
6532,532288.5791,4417964.11,,FALSE,186.087863808162,FALSE,TRUE
6533,532313.5791,4417964.11,,FALSE,188.898512584625,FALSE,TRUE
6534,532338.5791,4417964.11,,FALSE,194.901521432446,FALSE,TRUE
6535,532363.5791,4417964.11,,FALSE,203.815009399899,FALSE,TRUE
6536,532388.5791,4417964.11,,FALSE,215.277757923757,FALSE,TRUE
6537,532413.5791,4417964.11,,FALSE,228.907116657998,FALSE,TRUE
6538,532438.5791,4417964.11,,FALSE,244.340792862504,FALSE,TRUE
6539,532463.5791,4417964.11,,FALSE,261.259216213851,FALSE,TRUE
6540,532488.5791,4417964.11,,FALSE,279.392793494525,FALSE,TRUE
6541,532513.5791,4417964.11,,FALSE,298.520163568013,FALSE,TRUE
6542,532538.5791,4417964.11,,FALSE,318.46231026084,FALSE,TRUE
6543,532563.5791,4417964.11,,FALSE,339.07550494937,FALSE,TRUE
6544,532588.5791,4417964.11,,FALSE,360.244573944798,FALSE,TRUE
6545,532613.5791,4417964.11,,FALSE,381.877085011221,FALSE,TRUE
6546,532638.5791,4417964.11,,FALSE,403.898580161736,FALSE,TRUE
6547,532663.5791,4417964.11,,FALSE,426.248774844767,FALSE,TRUE
6548,532688.5791,4417964.11,,FALSE,448.878572730604,FALSE,TRUE
6549,532713.5791,4417964.11,,FALSE,471.747737733487,FALSE,TRUE
6550,532738.5791,4417964.11,,FALSE,494.823082582716,FALSE,TRUE
6551,532763.5791,4417964.11,,FALSE,518.077058029652,FALSE,TRUE
6552,532788.5791,4417964.11,,FALSE,541.486650857303,FALSE,TRUE
6553,532813.5791,4417964.11,,FALSE,565.032519468267,FALSE,TRUE
6554,532838.5791,4417964.11,,FALSE,588.698312428918,FALSE,TRUE
6555,532863.5791,4417964.11,,FALSE,612.470128297417,FALSE,TRUE
6556,532888.5791,4417964.11,,FALSE,636.336084987056,FALSE,TRUE
6557,532913.5791,4417964.11,,FALSE,660.285974450959,FALSE,TRUE
6558,532938.5791,4417964.11,,FALSE,684.310984170684,FALSE,TRUE
6559,532963.5791,4417964.11,,FALSE,708.40347123419,FALSE,TRUE
6560,532988.5791,4417964.11,,FALSE,732.556778042936,FALSE,TRUE
6561,531013.5791,4417939.11,,FALSE,1029.01171725924,FALSE,TRUE
6562,531038.5791,4417939.11,,FALSE,1004.10112501521,FALSE,TRUE
6563,531063.5791,4417939.11,,FALSE,979.1950899881,FALSE,TRUE
6564,531088.5791,4417939.11,,FALSE,954.293968993204,FALSE,TRUE
6565,531113.5791,4417939.11,,FALSE,929.398157011731,FALSE,TRUE
6566,531138.5791,4417939.11,,FALSE,904.508092421953,FALSE,TRUE
6567,531163.5791,4417939.11,,FALSE,879.624263112835,FALSE,TRUE
6568,531188.5791,4417939.11,,FALSE,854.747213658399,FALSE,TRUE
6569,531213.5791,4417939.11,,FALSE,829.877553773324,FALSE,TRUE
6570,531238.5791,4417939.11,,FALSE,805.015968324104,FALSE,TRUE
6571,531263.5791,4417939.11,,FALSE,780.163229239108,FALSE,TRUE
6572,531288.5791,4417939.11,,FALSE,755.320209750005,FALSE,TRUE
6573,531313.5791,4417939.11,,FALSE,730.487901512948,FALSE,TRUE
6574,531338.5791,4417939.11,,FALSE,705.667435309856,FALSE,TRUE
6575,531363.5791,4417939.11,,FALSE,680.860106230926,FALSE,TRUE
6576,531388.5791,4417939.11,,FALSE,656.067404507179,FALSE,TRUE
6577,531413.5791,4417939.11,,FALSE,631.291053521896,FALSE,TRUE
6578,531438.5791,4417939.11,,FALSE,606.533057018976,FALSE,TRUE
6579,531463.5791,4417939.11,,FALSE,581.795758197654,FALSE,TRUE
6580,531488.5791,4417939.11,,FALSE,557.081914314925,FALSE,TRUE
6581,531513.5791,4417939.11,,FALSE,532.394791725821,FALSE,TRUE
6582,531538.5791,4417939.11,,FALSE,507.738288153236,FALSE,TRUE
6583,531563.5791,4417939.11,,FALSE,483.117091662857,FALSE,TRUE
6584,531588.5791,4417939.11,,FALSE,458.536889744736,FALSE,TRUE
6585,531613.5791,4417939.11,,FALSE,434.004647736375,FALSE,TRUE
6586,531638.5791,4417939.11,,FALSE,409.528984635732,FALSE,TRUE
6587,531663.5791,4417939.11,,FALSE,385.12068791065,FALSE,TRUE
6588,531688.5791,4417939.11,,FALSE,360.793430174069,FALSE,TRUE
6589,531713.5791,4417939.11,,FALSE,336.564784635543,FALSE,TRUE
6590,531738.5791,4417939.11,,FALSE,312.457691946875,FALSE,TRUE
6591,531763.5791,4417939.11,,FALSE,288.502624349878,FALSE,TRUE
6592,531788.5791,4417939.11,,FALSE,264.740853018127,FALSE,TRUE
6593,531813.5791,4417939.11,,FALSE,241.229505361107,FALSE,TRUE
6594,531838.5791,4417939.11,,FALSE,218.049602743878,FALSE,TRUE
6595,531863.5791,4417939.11,,FALSE,195.319185582886,FALSE,TRUE
6596,531888.5791,4417939.11,,FALSE,173.215297409785,FALSE,TRUE
6597,531913.5791,4417939.11,,FALSE,152.011493831088,FALSE,TRUE
6598,531938.5791,4417939.11,,FALSE,132.141777106098,FALSE,TRUE
6599,531963.5791,4417939.11,,FALSE,114.303999303421,FALSE,TRUE
6600,531988.5791,4417939.11,,FALSE,99.5959801234722,FALSE,TRUE
6601,532013.5791,4417939.11,,FALSE,89.5729549403934,FALSE,TRUE
6602,532038.5791,4417939.11,,FALSE,85.8910312940323,FALSE,TRUE
6603,532063.5791,4417939.11,,FALSE,89.3376978478352,FALSE,TRUE
6604,532088.5791,4417939.11,,FALSE,99.1724722730546,FALSE,TRUE
6605,532113.5791,4417939.11,,FALSE,113.750315413842,FALSE,TRUE
6606,532138.5791,4417939.11,,FALSE,131.503191051575,FALSE,TRUE
6607,532163.5791,4417939.11,,FALSE,151.317693138462,FALSE,TRUE
6608,532188.5791,4417939.11,,FALSE,172.484779782868,FALSE,TRUE
6609,532213.5791,4417939.11,,FALSE,194.563496722132,FALSE,TRUE
6610,532238.5791,4417939.11,,FALSE,214.919247757549,FALSE,TRUE
6611,532263.5791,4417939.11,,FALSE,211.528338660969,FALSE,TRUE
6612,532288.5791,4417939.11,,FALSE,211.064428686286,FALSE,TRUE
6613,532313.5791,4417939.11,,FALSE,213.546594579887,FALSE,TRUE
6614,532338.5791,4417939.11,,FALSE,218.874628627133,FALSE,TRUE
6615,532363.5791,4417939.11,,FALSE,226.848094672766,FALSE,TRUE
6616,532388.5791,4417939.11,,FALSE,237.200364790324,FALSE,TRUE
6617,532413.5791,4417939.11,,FALSE,249.63567064156,FALSE,TRUE
6618,532438.5791,4417939.11,,FALSE,263.859665459994,FALSE,TRUE
6619,532463.5791,4417939.11,,FALSE,279.599495809021,FALSE,TRUE
6620,532488.5791,4417939.11,,FALSE,296.613946160085,FALSE,TRUE
6621,532513.5791,4417939.11,,FALSE,314.696342617222,FALSE,TRUE
6622,532538.5791,4417939.11,,FALSE,333.67310808133,FALSE,TRUE
6623,532563.5791,4417939.11,,FALSE,353.400195326281,FALSE,TRUE
6624,532588.5791,4417939.11,,FALSE,373.758816694205,FALSE,TRUE
6625,532613.5791,4417939.11,,FALSE,394.651248644485,FALSE,TRUE
6626,532638.5791,4417939.11,,FALSE,415.997070971238,FALSE,TRUE
6627,532663.5791,4417939.11,,FALSE,437.729960199948,FALSE,TRUE
6628,532688.5791,4417939.11,,FALSE,459.795033745088,FALSE,TRUE
6629,532713.5791,4417939.11,,FALSE,482.146687281626,FALSE,TRUE
6630,532738.5791,4417939.11,,FALSE,504.746850467286,FALSE,TRUE
6631,532763.5791,4417939.11,,FALSE,527.56358674253,FALSE,TRUE
6632,532788.5791,4417939.11,,FALSE,550.569971081462,FALSE,TRUE
6633,532813.5791,4417939.11,,FALSE,573.743189987158,FALSE,TRUE
6634,532838.5791,4417939.11,,FALSE,597.063818244448,FALSE,TRUE
6635,532863.5791,4417939.11,,FALSE,620.515235958504,FALSE,TRUE
6636,532888.5791,4417939.11,,FALSE,644.083156942204,FALSE,TRUE
6637,532913.5791,4417939.11,,FALSE,667.755245622702,FALSE,TRUE
6638,532938.5791,4417939.11,,FALSE,691.520804500222,FALSE,TRUE
6639,532963.5791,4417939.11,,FALSE,715.370518023096,FALSE,TRUE
6640,532988.5791,4417939.11,,FALSE,739.296241743884,FALSE,TRUE
6641,531013.5791,4417914.11,,FALSE,1031.39934761313,FALSE,TRUE
6642,531038.5791,4417914.11,,FALSE,1006.54784747512,FALSE,TRUE
6643,531063.5791,4417914.11,,FALSE,981.70388827629,FALSE,TRUE
6644,531088.5791,4417914.11,,FALSE,956.868057391815,FALSE,TRUE
6645,531113.5791,4417914.11,,FALSE,932.04100460054,FALSE,TRUE
6646,531138.5791,4417914.11,,FALSE,907.223450565947,FALSE,TRUE
6647,531163.5791,4417914.11,,FALSE,882.416196733028,FALSE,TRUE
6648,531188.5791,4417914.11,,FALSE,857.620136923557,FALSE,TRUE
6649,531213.5791,4417914.11,,FALSE,832.836270978143,FALSE,TRUE
6650,531238.5791,4417914.11,,FALSE,808.065720877193,FALSE,TRUE
6651,531263.5791,4417914.11,,FALSE,783.309749879814,FALSE,TRUE
6652,531288.5791,4417914.11,,FALSE,758.569785357139,FALSE,TRUE
6653,531313.5791,4417914.11,,FALSE,733.847446174458,FALSE,TRUE
6654,531338.5791,4417914.11,,FALSE,709.144575708489,FALSE,TRUE
6655,531363.5791,4417914.11,,FALSE,684.463281890834,FALSE,TRUE
6656,531388.5791,4417914.11,,FALSE,659.805986072247,FALSE,TRUE
6657,531413.5791,4417914.11,,FALSE,635.175483041316,FALSE,TRUE
6658,531438.5791,4417914.11,,FALSE,610.575015257558,FALSE,TRUE
6659,531463.5791,4417914.11,,FALSE,586.008365347088,FALSE,TRUE
6660,531488.5791,4417914.11,,FALSE,561.479972266834,FALSE,TRUE
6661,531513.5791,4417914.11,,FALSE,536.99507842881,FALSE,TRUE
6662,531538.5791,4417914.11,,FALSE,512.55991772354,FALSE,TRUE
6663,531563.5791,4417914.11,,FALSE,488.181958143437,FALSE,TRUE
6664,531588.5791,4417914.11,,FALSE,463.870218117912,FALSE,TRUE
6665,531613.5791,4417914.11,,FALSE,439.635683557145,FALSE,TRUE
6666,531638.5791,4417914.11,,FALSE,415.491864248576,FALSE,TRUE
6667,531663.5791,4417914.11,,FALSE,391.455545696769,FALSE,TRUE
6668,531688.5791,4417914.11,,FALSE,367.547819006934,FALSE,TRUE
6669,531713.5791,4417914.11,,FALSE,343.795512269653,FALSE,TRUE
6670,531738.5791,4417914.11,,FALSE,320.233210733602,FALSE,TRUE
6671,531763.5791,4417914.11,,FALSE,296.906153955674,FALSE,TRUE
6672,531788.5791,4417914.11,,FALSE,273.874458934653,FALSE,TRUE
6673,531813.5791,4417914.11,,FALSE,251.219374763866,FALSE,TRUE
6674,531838.5791,4417914.11,,FALSE,229.052677907826,FALSE,TRUE
6675,531863.5791,4417914.11,,FALSE,207.530923615602,FALSE,TRUE
6676,531888.5791,4417914.11,,FALSE,186.877069906245,FALSE,TRUE
6677,531913.5791,4417914.11,,FALSE,167.412646645175,FALSE,TRUE
6678,531938.5791,4417914.11,,FALSE,149.602637866921,FALSE,TRUE
6679,531963.5791,4417914.11,,FALSE,134.107808336203,FALSE,TRUE
6680,531988.5791,4417914.11,,FALSE,121.814856469719,FALSE,TRUE
6681,532013.5791,4417914.11,,FALSE,113.766490043145,FALSE,TRUE
6682,532038.5791,4417914.11,,FALSE,110.890798792035,FALSE,TRUE
6683,532063.5791,4417914.11,,FALSE,113.581355233746,FALSE,TRUE
6684,532088.5791,4417914.11,,FALSE,121.468840682428,FALSE,TRUE
6685,532113.5791,4417914.11,,FALSE,133.636201145991,FALSE,TRUE
6686,532138.5791,4417914.11,,FALSE,149.038885049273,FALSE,TRUE
6687,532163.5791,4417914.11,,FALSE,166.782925555133,FALSE,TRUE
6688,532188.5791,4417914.11,,FALSE,186.200159121113,FALSE,TRUE
6689,532213.5791,4417914.11,,FALSE,206.819859435032,FALSE,TRUE
6690,532238.5791,4417914.11,,FALSE,228.316467335856,FALSE,TRUE
6691,532263.5791,4417914.11,,FALSE,236.460859460192,FALSE,TRUE
6692,532288.5791,4417914.11,,FALSE,236.045955391427,FALSE,TRUE
6693,532313.5791,4417914.11,,FALSE,238.268017276029,FALSE,TRUE
6694,532338.5791,4417914.11,,FALSE,243.054732635776,FALSE,TRUE
6695,532363.5791,4417914.11,,FALSE,250.258981969973,FALSE,TRUE
6696,532388.5791,4417914.11,,FALSE,259.679635429207,FALSE,TRUE
6697,532413.5791,4417914.11,,FALSE,271.085720864535,FALSE,TRUE
6698,532438.5791,4417914.11,,FALSE,284.238320879932,FALSE,TRUE
6699,532463.5791,4417914.11,,FALSE,298.906972244948,FALSE,TRUE
6700,532488.5791,4417914.11,,FALSE,314.879870834324,FALSE,TRUE
6701,532513.5791,4417914.11,,FALSE,331.968805848742,FALSE,TRUE
6702,532538.5791,4417914.11,,FALSE,350.010347070823,FALSE,TRUE
6703,532563.5791,4417914.11,,FALSE,368.864742224893,FALSE,TRUE
6704,532588.5791,4417914.11,,FALSE,388.413636548249,FALSE,TRUE
6705,532613.5791,4417914.11,,FALSE,408.55734977679,FALSE,TRUE
6706,532638.5791,4417914.11,,FALSE,429.212142252095,FALSE,TRUE
6707,532663.5791,4417914.11,,FALSE,450.307692646519,FALSE,TRUE
6708,532688.5791,4417914.11,,FALSE,471.784880063605,FALSE,TRUE
6709,532713.5791,4417914.11,,FALSE,493.593889808848,FALSE,TRUE
6710,532738.5791,4417914.11,,FALSE,515.692624590102,FALSE,TRUE
6711,532763.5791,4417914.11,,FALSE,538.045386614016,FALSE,TRUE
6712,532788.5791,4417914.11,,FALSE,560.621791457151,FALSE,TRUE
6713,532813.5791,4417914.11,,FALSE,583.39587593385,FALSE,TRUE
6714,532838.5791,4417914.11,,FALSE,606.34536615416,FALSE,TRUE
6715,532863.5791,4417914.11,,FALSE,629.451076777712,FALSE,TRUE
6716,532888.5791,4417914.11,,FALSE,652.696417223673,FALSE,TRUE
6717,532913.5791,4417914.11,,FALSE,676.066984888789,FALSE,TRUE
6718,532938.5791,4417914.11,,FALSE,699.550229116264,FALSE,TRUE
6719,532963.5791,4417914.11,,FALSE,723.135172742009,FALSE,TRUE
6720,532988.5791,4417914.11,,FALSE,746.812180575956,FALSE,TRUE
6721,531013.5791,4417889.11,,FALSE,1034.38586332991,FALSE,TRUE
6722,531038.5791,4417889.11,,FALSE,1009.60787895934,FALSE,TRUE
6723,531063.5791,4417889.11,,FALSE,984.841116250114,FALSE,TRUE
6724,531088.5791,4417889.11,,FALSE,960.086443637639,FALSE,TRUE
6725,531113.5791,4417889.11,,FALSE,935.344821045569,FALSE,TRUE
6726,531138.5791,4417889.11,,FALSE,910.617312188148,FALSE,TRUE
6727,531163.5791,4417889.11,,FALSE,885.905098899857,FALSE,TRUE
6728,531188.5791,4417889.11,,FALSE,861.209497890475,FALSE,TRUE
6729,531213.5791,4417889.11,,FALSE,836.531980414833,FALSE,TRUE
6730,531238.5791,4417889.11,,FALSE,811.87419546181,FALSE,TRUE
6731,531263.5791,4417889.11,,FALSE,787.237997213524,FALSE,TRUE
6732,531288.5791,4417889.11,,FALSE,762.625477712854,FALSE,TRUE
6733,531313.5791,4417889.11,,FALSE,738.039005918222,FALSE,TRUE
6734,531338.5791,4417889.11,,FALSE,713.481274636382,FALSE,TRUE
6735,531363.5791,4417889.11,,FALSE,688.955357230608,FALSE,TRUE
6736,531388.5791,4417889.11,,FALSE,664.464776535787,FALSE,TRUE
6737,531413.5791,4417889.11,,FALSE,640.013589118819,FALSE,TRUE
6738,531438.5791,4417889.11,,FALSE,615.60648896576,FALSE,TRUE
6739,531463.5791,4417889.11,,FALSE,591.248935945554,FALSE,TRUE
6740,531488.5791,4417889.11,,FALSE,566.94731612095,FALSE,TRUE
6741,531513.5791,4417889.11,,FALSE,542.709143332547,FALSE,TRUE
6742,531538.5791,4417889.11,,FALSE,518.54331473537,FALSE,TRUE
6743,531563.5791,4417889.11,,FALSE,494.460437504098,FALSE,TRUE
6744,531588.5791,4417889.11,,FALSE,470.473250309455,FALSE,TRUE
6745,531613.5791,4417889.11,,FALSE,446.597172244453,FALSE,TRUE
6746,531638.5791,4417889.11,,FALSE,422.851024897351,FALSE,TRUE
6747,531663.5791,4417889.11,,FALSE,399.257992101271,FALSE,TRUE
6748,531688.5791,4417889.11,,FALSE,375.846909335087,FALSE,TRUE
6749,531713.5791,4417889.11,,FALSE,352.654014944869,FALSE,TRUE
6750,531738.5791,4417889.11,,FALSE,329.725354282522,FALSE,TRUE
6751,531763.5791,4417889.11,,FALSE,307.120113728706,FALSE,TRUE
6752,531788.5791,4417889.11,,FALSE,284.915284350861,FALSE,TRUE
6753,531813.5791,4417889.11,,FALSE,263.212222848277,FALSE,TRUE
6754,531838.5791,4417889.11,,FALSE,242.145884244869,FALSE,TRUE
6755,531863.5791,4417889.11,,FALSE,221.897688714254,FALSE,TRUE
6756,531888.5791,4417889.11,,FALSE,202.712947925698,FALSE,TRUE
6757,531913.5791,4417889.11,,FALSE,184.922941401886,FALSE,TRUE
6758,531938.5791,4417889.11,,FALSE,168.968781899865,FALSE,TRUE
6759,531963.5791,4417889.11,,FALSE,155.416872496917,FALSE,TRUE
6760,531988.5791,4417889.11,,FALSE,144.942606768064,FALSE,TRUE
6761,532013.5791,4417889.11,,FALSE,138.247293849537,FALSE,TRUE
6762,532038.5791,4417889.11,,FALSE,135.890651837126,FALSE,TRUE
6763,532063.5791,4417889.11,,FALSE,138.094982735498,FALSE,TRUE
6764,532088.5791,4417889.11,,FALSE,144.651924483279,FALSE,TRUE
6765,532113.5791,4417889.11,,FALSE,155.010110175804,FALSE,TRUE
6766,532138.5791,4417889.11,,FALSE,168.469846728468,FALSE,TRUE
6767,532163.5791,4417889.11,,FALSE,184.353042439533,FALSE,TRUE
6768,532188.5791,4417889.11,,FALSE,202.089087426093,FALSE,TRUE
6769,532213.5791,4417889.11,,FALSE,221.23280556172,FALSE,TRUE
6770,532238.5791,4417889.11,,FALSE,241.449599827186,FALSE,TRUE
6771,532263.5791,4417889.11,,FALSE,261.406270117295,FALSE,TRUE
6772,532288.5791,4417889.11,,FALSE,261.031019337999,FALSE,TRUE
6773,532313.5791,4417889.11,,FALSE,263.042103201433,FALSE,TRUE
6774,532338.5791,4417889.11,,FALSE,267.385682220705,FALSE,TRUE
6775,532363.5791,4417889.11,,FALSE,273.950831458185,FALSE,TRUE
6776,532388.5791,4417889.11,,FALSE,282.582754351056,FALSE,TRUE
6777,532413.5791,4417889.11,,FALSE,293.098904905201,FALSE,TRUE
6778,532438.5791,4417889.11,,FALSE,305.30463975614,FALSE,TRUE
6779,532463.5791,4417889.11,,FALSE,319.00607840075,FALSE,TRUE
6780,532488.5791,4417889.11,,FALSE,334.019210610144,FALSE,TRUE
6781,532513.5791,4417889.11,,FALSE,350.17536757548,FALSE,TRUE
6782,532538.5791,4417889.11,,FALSE,367.323757816754,FALSE,TRUE
6783,532563.5791,4417889.11,,FALSE,385.331932308523,FALSE,TRUE
6784,532588.5791,4417889.11,,FALSE,404.084957721293,FALSE,TRUE
6785,532613.5791,4417889.11,,FALSE,423.483893503186,FALSE,TRUE
6786,532638.5791,4417889.11,,FALSE,443.443979614806,FALSE,TRUE
6787,532663.5791,4417889.11,,FALSE,463.892787243577,FALSE,TRUE
6788,532688.5791,4417889.11,,FALSE,484.768473662029,FALSE,TRUE
6789,532713.5791,4417889.11,,FALSE,506.018209214463,FALSE,TRUE
6790,532738.5791,4417889.11,,FALSE,527.596799702776,FALSE,TRUE
6791,532763.5791,4417889.11,,FALSE,549.465502153329,FALSE,TRUE
6792,532788.5791,4417889.11,,FALSE,571.591019048242,FALSE,TRUE
6793,532813.5791,4417889.11,,FALSE,593.944650667557,FALSE,TRUE
6794,532838.5791,4417889.11,,FALSE,616.50158398548,FALSE,TRUE
6795,532863.5791,4417889.11,,FALSE,639.240297585035,FALSE,TRUE
6796,532888.5791,4417889.11,,FALSE,662.142064104527,FALSE,TRUE
6797,532913.5791,4417889.11,,FALSE,685.190534126531,FALSE,TRUE
6798,532938.5791,4417889.11,,FALSE,708.371387802049,FALSE,TRUE
6799,532963.5791,4417889.11,,FALSE,731.672042691669,FALSE,TRUE
6800,532988.5791,4417889.11,,FALSE,755.081408231323,FALSE,TRUE
6801,531013.5791,4417864.11,,FALSE,1037.96609494567,FALSE,TRUE
6802,531038.5791,4417864.11,,FALSE,1013.27566301414,FALSE,TRUE
6803,531063.5791,4417864.11,,FALSE,988.600791147141,FALSE,TRUE
6804,531088.5791,4417864.11,,FALSE,963.942674258564,FALSE,TRUE
6805,531113.5791,4417864.11,,FALSE,939.30263188003,FALSE,TRUE
6806,531138.5791,4417864.11,,FALSE,914.682124706037,FALSE,TRUE
6807,531163.5791,4417864.11,,FALSE,890.08277382317,FALSE,TRUE
6808,531188.5791,4417864.11,,FALSE,865.506383140383,FALSE,TRUE
6809,531213.5791,4417864.11,,FALSE,840.954965653183,FALSE,TRUE
6810,531238.5791,4417864.11,,FALSE,816.430774319994,FALSE,TRUE
6811,531263.5791,4417864.11,,FALSE,791.9363385126,FALSE,TRUE
6812,531288.5791,4417864.11,,FALSE,767.47450723574,FALSE,TRUE
6813,531313.5791,4417864.11,,FALSE,743.048500608635,FALSE,TRUE
6814,531338.5791,4417864.11,,FALSE,718.661971483631,FALSE,TRUE
6815,531363.5791,4417864.11,,FALSE,694.3190795713,FALSE,TRUE
6816,531388.5791,4417864.11,,FALSE,670.02458108396,FALSE,TRUE
6817,531413.5791,4417864.11,,FALSE,645.78393775065,FALSE,TRUE
6818,531438.5791,4417864.11,,FALSE,621.60345016476,FALSE,TRUE
6819,531463.5791,4417864.11,,FALSE,597.490421895391,FALSE,TRUE
6820,531488.5791,4417864.11,,FALSE,573.453362756494,FALSE,TRUE
6821,531513.5791,4417864.11,,FALSE,549.502242267245,FALSE,TRUE
6822,531538.5791,4417864.11,,FALSE,525.648807909548,FALSE,TRUE
6823,531563.5791,4417864.11,,FALSE,501.906987654812,FALSE,TRUE
6824,531588.5791,4417864.11,,FALSE,478.293402899022,FALSE,TRUE
6825,531613.5791,4417864.11,,FALSE,454.828027123137,FALSE,TRUE
6826,531638.5791,4417864.11,,FALSE,431.535038272355,FALSE,TRUE
6827,531663.5791,4417864.11,,FALSE,408.443930370769,FALSE,TRUE
6828,531688.5791,4417864.11,,FALSE,385.590974034301,FALSE,TRUE
6829,531713.5791,4417864.11,,FALSE,363.021148497879,FALSE,TRUE
6830,531738.5791,4417864.11,,FALSE,340.790711811103,FALSE,TRUE
6831,531763.5791,4417864.11,,FALSE,318.970632279394,FALSE,TRUE
6832,531788.5791,4417864.11,,FALSE,297.651170427256,FALSE,TRUE
6833,531813.5791,4417864.11,,FALSE,276.947963084609,FALSE,TRUE
6834,531838.5791,4417864.11,,FALSE,257.00997890493,FALSE,TRUE
6835,531863.5791,4417864.11,,FALSE,238.029586935556,FALSE,TRUE
6836,531888.5791,4417864.11,,FALSE,220.254487483706,FALSE,TRUE
6837,531913.5791,4417864.11,,FALSE,203.999985923305,FALSE,TRUE
6838,531938.5791,4417864.11,,FALSE,189.65745241542,FALSE,TRUE
6839,531963.5791,4417864.11,,FALSE,177.690473173736,FALSE,TRUE
6840,531988.5791,4417864.11,,FALSE,168.605632339803,FALSE,TRUE
6841,532013.5791,4417864.11,,FALSE,162.885893363125,FALSE,TRUE
6842,532038.5791,4417864.11,,FALSE,160.890550551305,FALSE,TRUE
6843,532063.5791,4417864.11,,FALSE,162.75664120613,FALSE,TRUE
6844,532088.5791,4417864.11,,FALSE,168.355811472903,FALSE,TRUE
6845,532113.5791,4417864.11,,FALSE,177.334808361749,FALSE,TRUE
6846,532138.5791,4417864.11,,FALSE,189.213078978957,FALSE,TRUE
6847,532163.5791,4417864.11,,FALSE,203.483523305194,FALSE,TRUE
6848,532188.5791,4417864.11,,FALSE,219.680448052835,FALSE,TRUE
6849,532213.5791,4417864.11,,FALSE,237.409886602671,FALSE,TRUE
6850,532238.5791,4417864.11,,FALSE,256.354070099719,FALSE,TRUE
6851,532263.5791,4417864.11,,FALSE,276.263215533104,FALSE,TRUE
6852,532288.5791,4417864.11,,FALSE,286.018693544002,FALSE,TRUE
6853,532313.5791,4417864.11,,FALSE,287.855255391693,FALSE,TRUE
6854,532338.5791,4417864.11,,FALSE,291.829750122593,FALSE,TRUE
6855,532363.5791,4417864.11,,FALSE,297.856606535114,FALSE,TRUE
6856,532388.5791,4417864.11,,FALSE,305.814507596701,FALSE,TRUE
6857,532413.5791,4417864.11,,FALSE,315.557392650864,FALSE,TRUE
6858,532438.5791,4417864.11,,FALSE,326.925714890417,FALSE,TRUE
6859,532463.5791,4417864.11,,FALSE,339.756351017326,FALSE,TRUE
6860,532488.5791,4417864.11,,FALSE,353.890283925127,FALSE,TRUE
6861,532513.5791,4417864.11,,FALSE,369.177854233709,FALSE,TRUE
6862,532538.5791,4417864.11,,FALSE,385.481832330143,FALSE,TRUE
6863,532563.5791,4417864.11,,FALSE,402.678777757909,FALSE,TRUE
6864,532588.5791,4417864.11,,FALSE,420.659188722417,FALSE,TRUE
6865,532613.5791,4417864.11,,FALSE,439.326880644243,FALSE,TRUE
6866,532638.5791,4417864.11,,FALSE,458.597931805846,FALSE,TRUE
6867,532663.5791,4417864.11,,FALSE,478.399433587246,FALSE,TRUE
6868,532688.5791,4417864.11,,FALSE,498.668199363662,FALSE,TRUE
6869,532713.5791,4417864.11,,FALSE,519.349523978404,FALSE,TRUE
6870,532738.5791,4417864.11,,FALSE,540.396042783988,FALSE,TRUE
6871,532763.5791,4417864.11,,FALSE,561.766711417286,FALSE,TRUE
6872,532788.5791,4417864.11,,FALSE,583.425910511859,FALSE,TRUE
6873,532813.5791,4417864.11,,FALSE,605.342669945371,FALSE,TRUE
6874,532838.5791,4417864.11,,FALSE,627.490002355885,FALSE,TRUE
6875,532863.5791,4417864.11,,FALSE,649.844333711226,FALSE,TRUE
6876,532888.5791,4417864.11,,FALSE,672.385018465303,FALSE,TRUE
6877,532913.5791,4417864.11,,FALSE,695.093927506625,FALSE,TRUE
6878,532938.5791,4417864.11,,FALSE,717.955098217558,FALSE,TRUE
6879,532963.5791,4417864.11,,FALSE,740.954437233884,FALSE,TRUE
6880,532988.5791,4417864.11,,FALSE,764.079467762733,FALSE,TRUE
6881,531013.5791,4417839.11,,FALSE,1042.13392337873,FALSE,TRUE
6882,531038.5791,4417839.11,,FALSE,1017.5446276487,FALSE,TRUE
6883,531063.5791,4417839.11,,FALSE,992.975842735732,FALSE,TRUE
6884,531088.5791,4417839.11,,FALSE,968.429129702703,FALSE,TRUE
6885,531113.5791,4417839.11,,FALSE,943.90621051921,FALSE,TRUE
6886,531138.5791,4417839.11,,FALSE,919.408989110251,FALSE,TRUE
6887,531163.5791,4417839.11,,FALSE,894.939575757342,FALSE,TRUE
6888,531188.5791,4417839.11,,FALSE,870.500315483418,FALSE,TRUE
6889,531213.5791,4417839.11,,FALSE,846.093821190492,FALSE,TRUE
6890,531238.5791,4417839.11,,FALSE,821.723012490661,FALSE,TRUE
6891,531263.5791,4417839.11,,FALSE,797.391161386133,FALSE,TRUE
6892,531288.5791,4417839.11,,FALSE,773.101946224898,FALSE,TRUE
6893,531313.5791,4417839.11,,FALSE,748.859515701526,FALSE,TRUE
6894,531338.5791,4417839.11,,FALSE,724.668565108714,FALSE,TRUE
6895,531363.5791,4417839.11,,FALSE,700.534427602756,FALSE,TRUE
6896,531388.5791,4417839.11,,FALSE,676.463183962527,FALSE,TRUE
6897,531413.5791,4417839.11,,FALSE,652.461795246832,FALSE,TRUE
6898,531438.5791,4417839.11,,FALSE,628.538263955916,FALSE,TRUE
6899,531463.5791,4417839.11,,FALSE,604.701830869327,FALSE,TRUE
6900,531488.5791,4417839.11,,FALSE,580.963216784604,FALSE,TRUE
6901,531513.5791,4417839.11,,FALSE,557.334921081313,FALSE,TRUE
6902,531538.5791,4417839.11,,FALSE,533.831592598932,FALSE,TRUE
6903,531563.5791,4417839.11,,FALSE,510.47049303237,FALSE,TRUE
6904,531588.5791,4417839.11,,FALSE,487.272079291138,FALSE,TRUE
6905,531613.5791,4417839.11,,FALSE,464.260739516823,FALSE,TRUE
6906,531638.5791,4417839.11,,FALSE,441.465728292363,FALSE,TRUE
6907,531663.5791,4417839.11,,FALSE,418.922360654937,FALSE,TRUE
6908,531688.5791,4417839.11,,FALSE,396.673542420847,FALSE,TRUE
6909,531713.5791,4417839.11,,FALSE,374.771736203122,FALSE,TRUE
6910,531738.5791,4417839.11,,FALSE,353.281487282735,FALSE,TRUE
6911,531763.5791,4417839.11,,FALSE,332.28265717112,FALSE,TRUE
6912,531788.5791,4417839.11,,FALSE,311.874524860077,FALSE,TRUE
6913,531813.5791,4417839.11,,FALSE,292.180893038366,FALSE,TRUE
6914,531838.5791,4417839.11,,FALSE,273.356231421008,FALSE,TRUE
6915,531863.5791,4417839.11,,FALSE,255.59261385395,FALSE,TRUE
6916,531888.5791,4417839.11,,FALSE,239.126617624833,FALSE,TRUE
6917,531913.5791,4417839.11,,FALSE,224.244273631886,FALSE,TRUE
6918,531938.5791,4417839.11,,FALSE,211.280498997637,FALSE,TRUE
6919,531963.5791,4417839.11,,FALSE,200.607587734585,FALSE,TRUE
6920,531988.5791,4417839.11,,FALSE,192.606747692515,FALSE,TRUE
6921,532013.5791,4417839.11,,FALSE,187.620132866083,FALSE,TRUE
6922,532038.5791,4417839.11,,FALSE,185.890476508845,FALSE,TRUE
6923,532063.5791,4417839.11,,FALSE,187.507931183414,FALSE,TRUE
6924,532088.5791,4417839.11,,FALSE,192.388095413107,FALSE,TRUE
6925,532113.5791,4417839.11,,FALSE,200.292621573241,FALSE,TRUE
6926,532138.5791,4417839.11,,FALSE,210.881694930309,FALSE,TRUE
6927,532163.5791,4417839.11,,FALSE,223.774538892785,FALSE,TRUE
6928,532188.5791,4417839.11,,FALSE,238.597986698709,FALSE,TRUE
6929,532213.5791,4417839.11,,FALSE,255.01559610478,FALSE,TRUE
6930,532238.5791,4417839.11,,FALSE,272.739636387297,FALSE,TRUE
6931,532263.5791,4417839.11,,FALSE,291.531926650707,FALSE,TRUE
6932,532288.5791,4417839.11,,FALSE,311.008348853533,FALSE,TRUE
6933,532313.5791,4417839.11,,FALSE,312.698174053831,FALSE,TRUE
6934,532338.5791,4417839.11,,FALSE,316.360716677337,FALSE,TRUE
6935,532363.5791,4417839.11,,FALSE,321.928653674377,FALSE,TRUE
6936,532388.5791,4417839.11,,FALSE,329.305349268116,FALSE,TRUE
6937,532413.5791,4417839.11,,FALSE,338.372528519374,FALSE,TRUE
6938,532438.5791,4417839.11,,FALSE,348.998457097726,FALSE,TRUE
6939,532463.5791,4417839.11,,FALSE,361.045534602759,FALSE,TRUE
6940,532488.5791,4417839.11,,FALSE,374.376592559672,FALSE,TRUE
6941,532513.5791,4417839.11,,FALSE,388.859599414222,FALSE,TRUE
6942,532538.5791,4417839.11,,FALSE,404.370798966231,FALSE,TRUE
6943,532563.5791,4417839.11,,FALSE,420.796504330284,FALSE,TRUE
6944,532588.5791,4417839.11,,FALSE,438.03384921326,FALSE,TRUE
6945,532613.5791,4417839.11,,FALSE,455.990798214815,FALSE,TRUE
6946,532638.5791,4417839.11,,FALSE,474.585675148948,FALSE,TRUE
6947,532663.5791,4417839.11,,FALSE,493.746410677163,FALSE,TRUE
6948,532688.5791,4417839.11,,FALSE,513.409654230011,FALSE,TRUE
6949,532713.5791,4417839.11,,FALSE,533.519847856271,FALSE,TRUE
6950,532738.5791,4417839.11,,FALSE,554.028323334265,FALSE,TRUE
6951,532763.5791,4417839.11,,FALSE,574.892457818483,FALSE,TRUE
6952,532788.5791,4417839.11,,FALSE,596.074905575276,FALSE,TRUE
6953,532813.5791,4417839.11,,FALSE,617.542911915094,FALSE,TRUE
6954,532838.5791,4417839.11,,FALSE,639.267708441911,FALSE,TRUE
6955,532863.5791,4417839.11,,FALSE,661.223984786223,FALSE,TRUE
6956,532888.5791,4417839.11,,FALSE,683.389430015251,FALSE,TRUE
6957,532913.5791,4417839.11,,FALSE,705.744336184548,FALSE,TRUE
6958,532938.5791,4417839.11,,FALSE,728.271256508567,FALSE,TRUE
6959,532963.5791,4417839.11,,FALSE,750.954711055577,FALSE,TRUE
6960,532988.5791,4417839.11,,FALSE,773.780933505449,FALSE,TRUE
6961,531013.5791,4417814.11,,FALSE,1046.88233066411,FALSE,TRUE
6962,531038.5791,4417814.11,,FALSE,1022.40724237298,FALSE,TRUE
6963,531063.5791,4417814.11,,FALSE,997.958177609022,FALSE,TRUE
6964,531088.5791,4417814.11,,FALSE,973.537097011058,FALSE,TRUE
6965,531113.5791,4417814.11,,FALSE,949.146160639507,FALSE,TRUE
6966,531138.5791,4417814.11,,FALSE,924.78775362605,FALSE,TRUE
6967,531163.5791,4417814.11,,FALSE,900.464515823203,FALSE,TRUE
6968,531188.5791,4417814.11,,FALSE,876.179376187727,FALSE,TRUE
6969,531213.5791,4417814.11,,FALSE,851.935592786633,FALSE,TRUE
6970,531238.5791,4417814.11,,FALSE,827.736799506166,FALSE,TRUE
6971,531263.5791,4417814.11,,FALSE,803.587060782284,FALSE,TRUE
6972,531288.5791,4417814.11,,FALSE,779.490935968282,FALSE,TRUE
6973,531313.5791,4417814.11,,FALSE,755.453555327332,FALSE,TRUE
6974,531338.5791,4417814.11,,FALSE,731.480710105677,FALSE,TRUE
6975,531363.5791,4417814.11,,FALSE,707.578959732908,FALSE,TRUE
6976,531388.5791,4417814.11,,FALSE,683.755759944078,FALSE,TRUE
6977,531413.5791,4417814.11,,FALSE,660.019616569615,FALSE,TRUE
6978,531438.5791,4417814.11,,FALSE,636.380270951811,FALSE,TRUE
6979,531463.5791,4417814.11,,FALSE,612.848924496649,FALSE,TRUE
6980,531488.5791,4417814.11,,FALSE,589.438511854034,FALSE,TRUE
6981,531513.5791,4417814.11,,FALSE,566.16403476086,FALSE,TRUE
6982,531538.5791,4417814.11,,FALSE,543.04297183252,FALSE,TRUE
6983,531563.5791,4417814.11,,FALSE,520.095783732856,FALSE,TRUE
6984,531588.5791,4417814.11,,FALSE,497.34653839822,FALSE,TRUE
6985,531613.5791,4417814.11,,FALSE,474.823687548011,FALSE,TRUE
6986,531638.5791,4417814.11,,FALSE,452.561033736545,FALSE,TRUE
6987,531663.5791,4417814.11,,FALSE,430.598936664605,FALSE,TRUE
6988,531688.5791,4417814.11,,FALSE,408.985817916327,FALSE,TRUE
6989,531713.5791,4417814.11,,FALSE,387.780033339374,FALSE,TRUE
6990,531738.5791,4417814.11,,FALSE,367.052188737085,FALSE,TRUE
6991,531763.5791,4417814.11,,FALSE,346.887970758115,FALSE,TRUE
6992,531788.5791,4417814.11,,FALSE,327.39153815681,FALSE,TRUE
6993,531813.5791,4417814.11,,FALSE,308.689446299482,FALSE,TRUE
6994,531838.5791,4417814.11,,FALSE,290.934922717571,FALSE,TRUE
6995,531863.5791,4417814.11,,FALSE,274.312019890995,FALSE,TRUE
6996,531888.5791,4417814.11,,FALSE,259.038682934956,FALSE,TRUE
6997,531913.5791,4417814.11,,FALSE,245.367060251932,FALSE,TRUE
6998,531938.5791,4417814.11,,FALSE,233.578571912481,FALSE,TRUE
6999,531963.5791,4417814.11,,FALSE,223.970766522492,FALSE,TRUE
7000,531988.5791,4417814.11,,FALSE,216.833713376567,FALSE,TRUE
7001,532013.5791,4417814.11,,FALSE,212.416605416502,FALSE,TRUE
7002,532038.5791,4417814.11,,FALSE,210.890420021083,FALSE,TRUE
7003,532063.5791,4417814.11,,FALSE,212.317508125607,FALSE,TRUE
7004,532088.5791,4417814.11,,FALSE,216.639514532012,FALSE,TRUE
7005,532113.5791,4417814.11,,FALSE,223.688699438896,FALSE,TRUE
7006,532138.5791,4417814.11,,FALSE,233.217900806656,FALSE,TRUE
7007,532163.5791,4417814.11,,FALSE,244.937837535694,FALSE,TRUE
7008,532188.5791,4417814.11,,FALSE,258.55076727146,FALSE,TRUE
7009,532213.5791,4417814.11,,FALSE,273.774458736858,FALSE,TRUE
7010,532238.5791,4417814.11,,FALSE,290.355659935635,FALSE,TRUE
7011,532263.5791,4417814.11,,FALSE,308.075257456123,FALSE,TRUE
7012,532288.5791,4417814.11,,FALSE,326.748097556291,FALSE,TRUE
7013,532313.5791,4417814.11,,FALSE,337.56428729441,FALSE,TRUE
7014,532338.5791,4417814.11,,FALSE,340.959826162235,FALSE,TRUE
7015,532363.5791,4417814.11,,FALSE,346.132284042648,FALSE,TRUE
7016,532388.5791,4417814.11,,FALSE,353.003559552278,FALSE,TRUE
7017,532413.5791,4417814.11,,FALSE,361.476787714755,FALSE,TRUE
7018,532438.5791,4417814.11,,FALSE,371.442354957773,FALSE,TRUE
7019,532463.5791,4417814.11,,FALSE,382.783722298343,FALSE,TRUE
7020,532488.5791,4417814.11,,FALSE,395.382514859438,FALSE,TRUE
7021,532513.5791,4417814.11,,FALSE,409.122583166186,FALSE,TRUE
7022,532538.5791,4417814.11,,FALSE,423.892961791737,FALSE,TRUE
7023,532563.5791,4417814.11,,FALSE,439.589806588563,FALSE,TRUE
7024,532588.5791,4417814.11,,FALSE,456.117477254017,FALSE,TRUE
7025,532613.5791,4417814.11,,FALSE,473.38896064079,FALSE,TRUE
7026,532638.5791,4417814.11,,FALSE,491.325821687163,FALSE,TRUE
7027,532663.5791,4417814.11,,FALSE,509.857841026854,FALSE,TRUE
7028,532688.5791,4417814.11,,FALSE,528.922464125474,FALSE,TRUE
7029,532713.5791,4417814.11,,FALSE,548.464153848327,FALSE,TRUE
7030,532738.5791,4417814.11,,FALSE,568.43371034498,FALSE,TRUE
7031,532763.5791,4417814.11,,FALSE,588.787600121265,FALSE,TRUE
7032,532788.5791,4417814.11,,FALSE,609.487319848869,FALSE,TRUE
7033,532813.5791,4417814.11,,FALSE,630.498808925565,FALSE,TRUE
7034,532838.5791,4417814.11,,FALSE,651.791916992344,FALSE,TRUE
7035,532863.5791,4417814.11,,FALSE,673.339927567461,FALSE,TRUE
7036,532888.5791,4417814.11,,FALSE,695.119135872803,FALSE,TRUE
7037,532913.5791,4417814.11,,FALSE,717.108477189157,FALSE,TRUE
7038,532938.5791,4417814.11,,FALSE,739.289201230851,FALSE,TRUE
7039,532963.5791,4417814.11,,FALSE,761.644587755042,FALSE,TRUE
7040,532988.5791,4417814.11,,FALSE,784.159698694435,FALSE,TRUE
7041,531013.5791,4417789.11,,FALSE,1052.2034566835,FALSE,TRUE
7042,531038.5791,4417789.11,,FALSE,1027.8550818363,FALSE,TRUE
7043,531063.5791,4417789.11,,FALSE,1003.53875074992,FALSE,TRUE
7044,531088.5791,4417789.11,,FALSE,979.25685050282,FALSE,TRUE
7045,531113.5791,4417789.11,,FALSE,955.012007388756,FALSE,TRUE
7046,531138.5791,4417789.11,,FALSE,930.807117106815,FALSE,TRUE
7047,531163.5791,4417789.11,,FALSE,906.64537954853,FALSE,TRUE
7048,531188.5791,4417789.11,,FALSE,882.530339000704,FALSE,TRUE
7049,531213.5791,4417789.11,,FALSE,858.46593074897,FALSE,TRUE
7050,531238.5791,4417789.11,,FALSE,834.456535271127,FALSE,TRUE
7051,531263.5791,4417789.11,,FALSE,810.507041460278,FALSE,TRUE
7052,531288.5791,4417789.11,,FALSE,786.622920627598,FALSE,TRUE
7053,531313.5791,4417789.11,,FALSE,762.810313417884,FALSE,TRUE
7054,531338.5791,4417789.11,,FALSE,739.076132246664,FALSE,TRUE
7055,531363.5791,4417789.11,,FALSE,715.428182459069,FALSE,TRUE
7056,531388.5791,4417789.11,,FALSE,691.875306147492,FALSE,TRUE
7057,531413.5791,4417789.11,,FALSE,668.427553484059,FALSE,TRUE
7058,531438.5791,4417789.11,,FALSE,645.096387570635,FALSE,TRUE
7059,531463.5791,4417789.11,,FALSE,621.894930238768,FALSE,TRUE
7060,531488.5791,4417789.11,,FALSE,598.838258010192,FALSE,TRUE
7061,531513.5791,4417789.11,,FALSE,575.943759629948,FALSE,TRUE
7062,531538.5791,4417789.11,,FALSE,553.231569287833,FALSE,TRUE
7063,531563.5791,4417789.11,,FALSE,530.725092921634,FALSE,TRUE
7064,531588.5791,4417789.11,,FALSE,508.451648887754,FALSE,TRUE
7065,531613.5791,4417789.11,,FALSE,486.443248752282,FALSE,TRUE
7066,531638.5791,4417789.11,,FALSE,464.737548791437,FALSE,TRUE
7067,531663.5791,4417789.11,,FALSE,443.379007460515,FALSE,TRUE
7068,531688.5791,4417789.11,,FALSE,422.420287458676,FALSE,TRUE
7069,531713.5791,4417789.11,,FALSE,401.923940885174,FALSE,TRUE
7070,531738.5791,4417789.11,,FALSE,381.964408363748,FALSE,TRUE
7071,531763.5791,4417789.11,,FALSE,362.630341059137,FALSE,TRUE
7072,531788.5791,4417789.11,,FALSE,344.027207145983,FALSE,TRUE
7073,531813.5791,4417789.11,,FALSE,326.280054947684,FALSE,TRUE
7074,531838.5791,4417789.11,,FALSE,309.536151776594,FALSE,TRUE
7075,531863.5791,4417789.11,,FALSE,293.966978173844,FALSE,TRUE
7076,531888.5791,4417789.11,,FALSE,279.768724586326,FALSE,TRUE
7077,531913.5791,4417789.11,,FALSE,267.16005363201,FALSE,TRUE
7078,531938.5791,4417789.11,,FALSE,256.375601913788,FALSE,TRUE
7079,531963.5791,4417789.11,,FALSE,247.653799196895,FALSE,TRUE
7080,531988.5791,4417789.11,,FALSE,241.218488629405,FALSE,TRUE
7081,532013.5791,4417789.11,,FALSE,237.255799205527,FALSE,TRUE
7082,532038.5791,4417789.11,,FALSE,235.890375506615,FALSE,TRUE
7083,532063.5791,4417789.11,,FALSE,237.1670808874,FALSE,TRUE
7084,532088.5791,4417789.11,,FALSE,241.043936361505,FALSE,TRUE
7085,532113.5791,4417789.11,,FALSE,247.398735357818,FALSE,TRUE
7086,532138.5791,4417789.11,,FALSE,256.047045006668,FALSE,TRUE
7087,532163.5791,4417789.11,,FALSE,266.76589785174,FALSE,TRUE
7088,532188.5791,4417789.11,,FALSE,279.317022855113,FALSE,TRUE
7089,532213.5791,4417789.11,,FALSE,293.465422591219,FALSE,TRUE
7090,532238.5791,4417789.11,,FALSE,308.991762441398,FALSE,TRUE
7091,532263.5791,4417789.11,,FALSE,325.699039385504,FALSE,TRUE
7092,532288.5791,4417789.11,,FALSE,343.414937439592,FALSE,TRUE
7093,532313.5791,4417789.11,,FALSE,361.991400804822,FALSE,TRUE
7094,532338.5791,4417789.11,,FALSE,365.613324506322,FALSE,TRUE
7095,532363.5791,4417789.11,,FALSE,370.441706691571,FALSE,TRUE
7096,532388.5791,4417789.11,,FALSE,376.870021435192,FALSE,TRUE
7097,532413.5791,4417789.11,,FALSE,384.818097361027,FALSE,TRUE
7098,532438.5791,4417789.11,,FALSE,394.194017022785,FALSE,TRUE
7099,532463.5791,4417789.11,,FALSE,404.898602191411,FALSE,TRUE
7100,532488.5791,4417789.11,,FALSE,416.829501183106,FALSE,TRUE
7101,532513.5791,4417789.11,,FALSE,429.884621795844,FALSE,TRUE
7102,532538.5791,4417789.11,,FALSE,443.964799343996,FALSE,TRUE
7103,532563.5791,4417789.11,,FALSE,458.975705301003,FALSE,TRUE
7104,532588.5791,4417789.11,,FALSE,474.829077728557,FALSE,TRUE
7105,532613.5791,4417789.11,,FALSE,491.44339252507,FALSE,TRUE
7106,532638.5791,4417789.11,,FALSE,508.744103706912,FALSE,TRUE
7107,532663.5791,4417789.11,,FALSE,526.663571985521,FALSE,TRUE
7108,532688.5791,4417789.11,,FALSE,545.140782786012,FALSE,TRUE
7109,532713.5791,4417789.11,,FALSE,564.120933893208,FALSE,TRUE
7110,532738.5791,4417789.11,,FALSE,583.554952902076,FALSE,TRUE
7111,532763.5791,4417789.11,,FALSE,603.39898745071,FALSE,TRUE
7112,532788.5791,4417789.11,,FALSE,623.613897420945,FALSE,TRUE
7113,532813.5791,4417789.11,,FALSE,644.164767785805,FALSE,TRUE
7114,532838.5791,4417789.11,,FALSE,665.020453111435,FALSE,TRUE
7115,532863.5791,4417789.11,,FALSE,686.15315932854,FALSE,TRUE
7116,532888.5791,4417789.11,,FALSE,707.538064740361,FALSE,TRUE
7117,532913.5791,4417789.11,,FALSE,729.152979872218,FALSE,TRUE
7118,532938.5791,4417789.11,,FALSE,750.978044323889,FALSE,TRUE
7119,532963.5791,4417789.11,,FALSE,772.995457979238,FALSE,TRUE
7120,532988.5791,4417789.11,,FALSE,795.189243549314,FALSE,TRUE
7121,531013.5791,4417764.11,,FALSE,1058.08866086765,FALSE,TRUE
7122,531038.5791,4417764.11,,FALSE,1033.87889486955,FALSE,TRUE
7123,531063.5791,4417764.11,,FALSE,1009.7076429624,FALSE,TRUE
7124,531088.5791,4417764.11,,FALSE,985.577738819564,FALSE,TRUE
7125,531113.5791,4417764.11,,FALSE,961.492295474428,FALSE,TRUE
7126,531138.5791,4417764.11,,FALSE,937.454739844374,FALSE,TRUE
7127,531163.5791,4417764.11,,FALSE,913.468852373567,FALSE,TRUE
7128,531188.5791,4417764.11,,FALSE,889.538812675804,FALSE,TRUE
7129,531213.5791,4417764.11,,FALSE,865.669252230134,FALSE,TRUE
7130,531238.5791,4417764.11,,FALSE,841.865315389984,FALSE,TRUE
7131,531263.5791,4417764.11,,FALSE,818.132730219661,FALSE,TRUE
7132,531288.5791,4417764.11,,FALSE,794.477890980407,FALSE,TRUE
7133,531313.5791,4417764.11,,FALSE,770.907954464522,FALSE,TRUE
7134,531338.5791,4417764.11,,FALSE,747.430952835559,FALSE,TRUE
7135,531363.5791,4417764.11,,FALSE,724.055926194014,FALSE,TRUE
7136,531388.5791,4417764.11,,FALSE,700.793078773378,FALSE,TRUE
7137,531413.5791,4417764.11,,FALSE,677.653963506942,FALSE,TRUE
7138,531438.5791,4417764.11,,FALSE,654.651700720824,FALSE,TRUE
7139,531463.5791,4417764.11,,FALSE,631.80123793537,FALSE,TRUE
7140,531488.5791,4417764.11,,FALSE,609.119659226875,FALSE,TRUE
7141,531513.5791,4417764.11,,FALSE,586.626554339865,FALSE,TRUE
7142,531538.5791,4417764.11,,FALSE,564.344459755442,FALSE,TRUE
7143,531563.5791,4417764.11,,FALSE,542.29938618503,FALSE,TRUE
7144,531588.5791,4417764.11,,FALSE,520.521449372318,FALSE,TRUE
7145,531613.5791,4417764.11,,FALSE,499.045623422005,FALSE,TRUE
7146,531638.5791,4417764.11,,FALSE,477.912637682512,FALSE,TRUE
7147,531663.5791,4417764.11,,FALSE,457.170038669044,FALSE,TRUE
7148,531688.5791,4417764.11,,FALSE,436.87343619938,FALSE,TRUE
7149,531713.5791,4417764.11,,FALSE,417.08794547032,FALSE,TRUE
7150,531738.5791,4417764.11,,FALSE,397.889820498905,FALSE,TRUE
7151,531763.5791,4417764.11,,FALSE,379.368243605932,FALSE,TRUE
7152,531788.5791,4417764.11,,FALSE,361.627182684942,FALSE,TRUE
7153,531813.5791,4417764.11,,FALSE,344.787143403937,FALSE,TRUE
7154,531838.5791,4417764.11,,FALSE,328.986518350898,FALSE,TRUE
7155,531863.5791,4417764.11,,FALSE,314.382067326755,FALSE,TRUE
7156,531888.5791,4417764.11,,FALSE,301.147869420727,FALSE,TRUE
7157,531913.5791,4417764.11,,FALSE,289.471923088651,FALSE,TRUE
7158,531938.5791,4417764.11,,FALSE,279.549547051396,FALSE,TRUE
7159,531963.5791,4417764.11,,FALSE,271.57301827803,FALSE,TRUE
7160,531988.5791,4417764.11,,FALSE,265.7176306846,FALSE,TRUE
7161,532013.5791,4417764.11,,FALSE,262.125569635311,FALSE,TRUE
7162,532038.5791,4417764.11,,FALSE,260.8903395234,FALSE,TRUE
7163,532063.5791,4417764.11,,FALSE,262.045271387663,FALSE,TRUE
7164,532088.5791,4417764.11,,FALSE,265.559182211108,FALSE,TRUE
7165,532113.5791,4417764.11,,FALSE,271.340439773785,FALSE,TRUE
7166,532138.5791,4417764.11,,FALSE,279.248257392289,FALSE,TRUE
7167,532163.5791,4417764.11,,FALSE,289.108187806275,FALSE,TRUE
7168,532188.5791,4417764.11,,FALSE,300.728281437957,FALSE,TRUE
7169,532213.5791,4417764.11,,FALSE,313.913131704658,FALSE,TRUE
7170,532238.5791,4417764.11,,FALSE,328.474366209335,FALSE,TRUE
7171,532263.5791,4417764.11,,FALSE,344.237366153971,FALSE,TRUE
7172,532288.5791,4417764.11,,FALSE,361.044760738363,FALSE,TRUE
7173,532313.5791,4417764.11,,FALSE,378.757540197711,FALSE,TRUE
7174,532338.5791,4417764.11,,FALSE,390.310905633635,FALSE,TRUE
7175,532363.5791,4417764.11,,FALSE,394.837381787169,FALSE,TRUE
7176,532388.5791,4417764.11,,FALSE,400.874684978418,FALSE,TRUE
7177,532413.5791,4417764.11,,FALSE,408.355810607054,FALSE,TRUE
7178,532438.5791,4417764.11,,FALSE,417.203095693863,FALSE,TRUE
7179,532463.5791,4417764.11,,FALSE,427.331695590839,FALSE,TRUE
7180,532488.5791,4417764.11,,FALSE,438.652861675996,FALSE,TRUE
7181,532513.5791,4417764.11,,FALSE,451.076809486521,FALSE,TRUE
7182,532538.5791,4417764.11,,FALSE,464.515062249372,FALSE,TRUE
7183,532563.5791,4417764.11,,FALSE,478.88223819279,FALSE,TRUE
7184,532588.5791,4417764.11,,FALSE,494.097311322916,FALSE,TRUE
7185,532613.5791,4417764.11,,FALSE,510.084412677484,FALSE,TRUE
7186,532638.5791,4417764.11,,FALSE,526.773255828855,FALSE,TRUE
7187,532663.5791,4417764.11,,FALSE,544.099272244074,FALSE,TRUE
7188,532688.5791,4417764.11,,FALSE,562.003534736686,FALSE,TRUE
7189,532713.5791,4417764.11,,FALSE,580.43253531873,FALSE,TRUE
7190,532738.5791,4417764.11,,FALSE,599.337870534248,FALSE,TRUE
7191,532763.5791,4417764.11,,FALSE,618.67587479756,FALSE,TRUE
7192,532788.5791,4417764.11,,FALSE,638.407231362963,FALSE,TRUE
7193,532813.5791,4417764.11,,FALSE,658.496581658951,FALSE,TRUE
7194,532838.5791,4417764.11,,FALSE,678.91214678817,FALSE,TRUE
7195,532863.5791,4417764.11,,FALSE,699.625369791948,FALSE,TRUE
7196,532888.5791,4417764.11,,FALSE,720.61058350299,FALSE,TRUE
7197,532913.5791,4417764.11,,FALSE,741.844706159259,FALSE,TRUE
7198,532938.5791,4417764.11,,FALSE,763.306965156559,FALSE,TRUE
7199,532963.5791,4417764.11,,FALSE,784.978648153257,FALSE,TRUE
7200,532988.5791,4417764.11,,FALSE,806.842880030873,FALSE,TRUE
7201,531013.5791,4417739.11,,FALSE,1064.5285878062,FALSE,TRUE
7202,531038.5791,4417739.11,,FALSE,1040.46867769129,FALSE,TRUE
7203,531063.5791,4417739.11,,FALSE,1016.45414272198,FALSE,TRUE
7204,531088.5791,4417739.11,,FALSE,992.488276634373,FALSE,TRUE
7205,531113.5791,4417739.11,,FALSE,968.574692141327,FALSE,TRUE
7206,531138.5791,4417739.11,,FALSE,944.71735945555,FALSE,TRUE
7207,531163.5791,4417739.11,,FALSE,920.920650358468,FALSE,TRUE
7208,531188.5791,4417739.11,,FALSE,897.189388733874,FALSE,TRUE
7209,531213.5791,4417739.11,,FALSE,873.528908655382,FALSE,TRUE
7210,531238.5791,4417739.11,,FALSE,849.945121320583,FALSE,TRUE
7211,531263.5791,4417739.11,,FALSE,826.444592369422,FALSE,TRUE
7212,531288.5791,4417739.11,,FALSE,803.034631418009,FALSE,TRUE
7213,531313.5791,4417739.11,,FALSE,779.723395991589,FALSE,TRUE
7214,531338.5791,4417739.11,,FALSE,756.520012462761,FALSE,TRUE
7215,531363.5791,4417739.11,,FALSE,733.434717106202,FALSE,TRUE
7216,531388.5791,4417739.11,,FALSE,710.479020982782,FALSE,TRUE
7217,531413.5791,4417739.11,,FALSE,687.665903078415,FALSE,TRUE
7218,531438.5791,4417739.11,,FALSE,665.01003695933,FALSE,TRUE
7219,531463.5791,4417739.11,,FALSE,642.528057174664,FALSE,TRUE
7220,531488.5791,4417739.11,,FALSE,620.238872739082,FALSE,TRUE
7221,531513.5791,4417739.11,,FALSE,598.16403624478,FALSE,TRUE
7222,531538.5791,4417739.11,,FALSE,576.328178433646,FALSE,TRUE
7223,531563.5791,4417739.11,,FALSE,554.759519302412,FALSE,TRUE
7224,531588.5791,4417739.11,,FALSE,533.490467821724,FALSE,TRUE
7225,531613.5791,4417739.11,,FALSE,512.558322785457,FALSE,TRUE
7226,531638.5791,4417739.11,,FALSE,492.006086605277,FALSE,TRUE
7227,531663.5791,4417739.11,,FALSE,471.883401124301,FALSE,TRUE
7228,531688.5791,4417739.11,,FALSE,452.247608348167,FALSE,TRUE
7229,531713.5791,4417739.11,,FALSE,433.164927315954,FALSE,TRUE
7230,531738.5791,4417739.11,,FALSE,414.711718253336,FALSE,TRUE
7231,531763.5791,4417739.11,,FALSE,396.975772883728,FALSE,TRUE
7232,531788.5791,4417739.11,,FALSE,380.057520984168,FALSE,TRUE
7233,531813.5791,4417739.11,,FALSE,364.070974202325,FALSE,TRUE
7234,531838.5791,4417739.11,,FALSE,349.144138224643,FALSE,TRUE
7235,531863.5791,4417739.11,,FALSE,335.41852103995,FALSE,TRUE
7236,531888.5791,4417739.11,,FALSE,323.047270932021,FALSE,TRUE
7237,531913.5791,4417739.11,,FALSE,312.191438474256,FALSE,TRUE
7238,531938.5791,4417739.11,,FALSE,303.013942346922,FALSE,TRUE
7239,531963.5791,4417739.11,,FALSE,295.671108254801,FALSE,TRUE
7240,531988.5791,4417739.11,,FALSE,290.302186103758,FALSE,TRUE
7241,532013.5791,4417739.11,,FALSE,287.0179685257,FALSE,TRUE
7242,532038.5791,4417739.11,,FALSE,285.890309833367,FALSE,TRUE
7243,532063.5791,4417739.11,,FALSE,286.944636222072,FALSE,TRUE
7244,532088.5791,4417739.11,,FALSE,290.157163028273,FALSE,TRUE
7245,532113.5791,4417739.11,,FALSE,295.457499916002,FALSE,TRUE
7246,532138.5791,4417739.11,,FALSE,302.736005880723,FALSE,TRUE
7247,532163.5791,4417739.11,,FALSE,311.854203525641,FALSE,TRUE
7248,532188.5791,4417739.11,,FALSE,322.656162588924,FALSE,TRUE
7249,532213.5791,4417739.11,,FALSE,334.979035547912,FALSE,TRUE
7250,532238.5791,4417739.11,,FALSE,348.661597048783,FALSE,TRUE
7251,532263.5791,4417739.11,,FALSE,363.550360000656,FALSE,TRUE
7252,532288.5791,4417739.11,,FALSE,379.503385039719,FALSE,TRUE
7253,532313.5791,4417739.11,,FALSE,396.392197522358,FALSE,TRUE
7254,532338.5791,4417739.11,,FALSE,414.102317376518,FALSE,TRUE
7255,532363.5791,4417739.11,,FALSE,419.304254756054,FALSE,TRUE
7256,532388.5791,4417739.11,,FALSE,424.994132967184,FALSE,TRUE
7257,532413.5791,4417739.11,,FALSE,432.057829528094,FALSE,TRUE
7258,532438.5791,4417739.11,,FALSE,440.429248638787,FALSE,TRUE
7259,532463.5791,4417739.11,,FALSE,450.035418668936,FALSE,TRUE
7260,532488.5791,4417739.11,,FALSE,460.799124409458,FALSE,TRUE
7261,532513.5791,4417739.11,,FALSE,472.6412889883,FALSE,TRUE
7262,532538.5791,4417739.11,,FALSE,485.482999760569,FALSE,TRUE
7263,532563.5791,4417739.11,,FALSE,499.247131245158,FALSE,TRUE
7264,532588.5791,4417739.11,,FALSE,513.859565500651,FALSE,TRUE
7265,532613.5791,4417739.11,,FALSE,529.250043038748,FALSE,TRUE
7266,532638.5791,4417739.11,,FALSE,545.352696020214,FALSE,TRUE
7267,532663.5791,4417739.11,,FALSE,562.106322733088,FALSE,TRUE
7268,532688.5791,4417739.11,,FALSE,579.454461589962,FALSE,TRUE
7269,532713.5791,4417739.11,,FALSE,597.3453172634,FALSE,TRUE
7270,532738.5791,4417739.11,,FALSE,615.731583611325,FALSE,TRUE
7271,532763.5791,4417739.11,,FALSE,634.570199470877,FALSE,TRUE
7272,532788.5791,4417739.11,,FALSE,653.822065287267,FALSE,TRUE
7273,532813.5791,4417739.11,,FALSE,673.451741445893,FALSE,TRUE
7274,532838.5791,4417739.11,,FALSE,693.427143293731,FALSE,TRUE
7275,532863.5791,4417739.11,,FALSE,713.719243159734,FALSE,TRUE
7276,532888.5791,4417739.11,,FALSE,734.301786091047,FALSE,TRUE
7277,532913.5791,4417739.11,,FALSE,755.151023343345,FALSE,TRUE
7278,532938.5791,4417739.11,,FALSE,776.245465723633,FALSE,TRUE
7279,532963.5791,4417739.11,,FALSE,797.565657520745,FALSE,TRUE
7280,532988.5791,4417739.11,,FALSE,819.093970833931,FALSE,TRUE
7281,531013.5791,4417714.11,,FALSE,1071.51323568897,FALSE,TRUE
7282,531038.5791,4417714.11,,FALSE,1047.61375003226,FALSE,TRUE
7283,531063.5791,4417714.11,,FALSE,1023.76683100043,FALSE,TRUE
7284,531088.5791,4417714.11,,FALSE,999.976239346042,FALSE,TRUE
7285,531113.5791,4417714.11,,FALSE,976.246093081376,FALSE,TRUE
7286,531138.5791,4417714.11,,FALSE,952.580909559209,FALSE,TRUE
7287,531163.5791,4417714.11,,FALSE,928.985653418097,FALSE,TRUE
7288,531188.5791,4417714.11,,FALSE,905.465791323254,FALSE,TRUE
7289,531213.5791,4417714.11,,FALSE,882.027354596582,FALSE,TRUE
7290,531238.5791,4417714.11,,FALSE,858.677011021399,FALSE,TRUE
7291,531263.5791,4417714.11,,FALSE,835.422147334294,FALSE,TRUE
7292,531288.5791,4417714.11,,FALSE,812.270964184145,FALSE,TRUE
7293,531313.5791,4417714.11,,FALSE,789.232585653076,FALSE,TRUE
7294,531338.5791,4417714.11,,FALSE,766.317185802745,FALSE,TRUE
7295,531363.5791,4417714.11,,FALSE,743.536135138459,FALSE,TRUE
7296,531388.5791,4417714.11,,FALSE,720.902170378642,FALSE,TRUE
7297,531413.5791,4417714.11,,FALSE,698.429591481228,FALSE,TRUE
7298,531438.5791,4417714.11,,FALSE,676.134490509568,FALSE,TRUE
7299,531463.5791,4417714.11,,FALSE,654.035017607339,FALSE,TRUE
7300,531488.5791,4417714.11,,FALSE,632.151690068634,FALSE,TRUE
7301,531513.5791,4417714.11,,FALSE,610.507751184724,FALSE,TRUE
7302,531538.5791,4417714.11,,FALSE,589.129586132481,FALSE,TRUE
7303,531563.5791,4417714.11,,FALSE,568.047202489922,FALSE,TRUE
7304,531588.5791,4417714.11,,FALSE,547.294782778555,FALSE,TRUE
7305,531613.5791,4417714.11,,FALSE,526.911315362105,FALSE,TRUE
7306,531638.5791,4417714.11,,FALSE,506.94130750672,FALSE,TRUE
7307,531663.5791,4417714.11,,FALSE,487.435579596547,FALSE,TRUE
7308,531688.5791,4417714.11,,FALSE,468.452131232872,FALSE,TRUE
7309,531713.5791,4417714.11,,FALSE,450.05705666795,FALSE,TRUE
7310,531738.5791,4417714.11,,FALSE,432.32546681478,FALSE,TRUE
7311,531763.5791,4417714.11,,FALSE,415.342345850524,FALSE,TRUE
7312,531788.5791,4417714.11,,FALSE,399.203230518761,FALSE,TRUE
7313,531813.5791,4417714.11,,FALSE,384.014549537662,FALSE,TRUE
7314,531838.5791,4417714.11,,FALSE,369.893402558916,FALSE,TRUE
7315,531863.5791,4417714.11,,FALSE,356.966502989581,FALSE,TRUE
7316,531888.5791,4417714.11,,FALSE,345.367976593965,FALSE,TRUE
7317,531913.5791,4417714.11,,FALSE,335.23572938547,FALSE,TRUE
7318,531938.5791,4417714.11,,FALSE,326.70621245487,FALSE,TRUE
7319,531963.5791,4417714.11,,FALSE,319.907649575007,FALSE,TRUE
7320,531988.5791,4417714.11,,FALSE,314.952153916439,FALSE,TRUE
7321,532013.5791,4417714.11,,FALSE,311.927578544448,FALSE,TRUE
7322,532038.5791,4417714.11,,FALSE,310.890284918332,FALSE,TRUE
7323,532063.5791,4417714.11,,FALSE,311.860103662845,FALSE,TRUE
7324,532088.5791,4417714.11,,FALSE,314.818486205304,FALSE,TRUE
7325,532113.5791,4417714.11,,FALSE,319.710234832414,FALSE,TRUE
7326,532138.5791,4417714.11,,FALSE,326.448448084221,FALSE,TRUE
7327,532163.5791,4417714.11,,FALSE,334.921698694777,FALSE,TRUE
7328,532188.5791,4417714.11,,FALSE,345.002172828801,FALSE,TRUE
7329,532213.5791,4417714.11,,FALSE,356.553578381416,FALSE,TRUE
7330,532238.5791,4417714.11,,FALSE,369.437964016411,FALSE,TRUE
7331,532263.5791,4417714.11,,FALSE,383.521008885549,FALSE,TRUE
7332,532288.5791,4417714.11,,FALSE,398.675706880402,FALSE,TRUE
7333,532313.5791,4417714.11,,FALSE,414.784611884996,FALSE,TRUE
7334,532338.5791,4417714.11,,FALSE,431.740928401033,FALSE,TRUE
7335,532363.5791,4417714.11,,FALSE,443.83055106258,FALSE,TRUE
7336,532388.5791,4417714.11,,FALSE,449.209876401345,FALSE,TRUE
7337,532413.5791,4417714.11,,FALSE,455.898528245607,FALSE,TRUE
7338,532438.5791,4417714.11,,FALSE,463.839867903255,FALSE,TRUE
7339,532463.5791,4417714.11,,FALSE,472.970800426948,FALSE,TRUE
7340,532488.5791,4417714.11,,FALSE,483.223895369948,FALSE,TRUE
7341,532513.5791,4417714.11,,FALSE,494.529360156205,FALSE,TRUE
7342,532538.5791,4417714.11,,FALSE,506.816774640011,FALSE,TRUE
7343,532563.5791,4417714.11,,FALSE,520.016536329858,FALSE,TRUE
7344,532588.5791,4417714.11,,FALSE,534.061001250327,FALSE,TRUE
7345,532613.5791,4417714.11,,FALSE,548.885332338641,FALSE,TRUE
7346,532638.5791,4417714.11,,FALSE,564.428084928894,FALSE,TRUE
7347,532663.5791,4417714.11,,FALSE,580.631568256926,FALSE,TRUE
7348,532688.5791,4417714.11,,FALSE,597.442024849689,FALSE,TRUE
7349,532713.5791,4417714.11,,FALSE,614.809668154702,FALSE,TRUE
7350,532738.5791,4417714.11,,FALSE,632.688614609504,FALSE,TRUE
7351,532763.5791,4417714.11,,FALSE,651.036740942086,FALSE,TRUE
7352,532788.5791,4417714.11,,FALSE,669.815491800907,FALSE,TRUE
7353,532813.5791,4417714.11,,FALSE,688.989657437969,FALSE,TRUE
7354,532838.5791,4417714.11,,FALSE,708.527136429148,FALSE,TRUE
7355,532863.5791,4417714.11,,FALSE,728.398694436287,FALSE,TRUE
7356,532888.5791,4417714.11,,FALSE,748.577726796948,FALSE,TRUE
7357,532913.5791,4417714.11,,FALSE,769.040030204205,FALSE,TRUE
7358,532938.5791,4417714.11,,FALSE,789.763586813473,FALSE,TRUE
7359,532963.5791,4417714.11,,FALSE,810.728362681658,FALSE,TRUE
7360,532988.5791,4417714.11,,FALSE,831.916121406768,FALSE,TRUE
7361,531013.5791,4417689.11,,FALSE,1079.03202652036,FALSE,TRUE
7362,531038.5791,4417689.11,,FALSE,1055.30283296153,FALSE,TRUE
7363,531063.5791,4417689.11,,FALSE,1031.6336676634,FALSE,TRUE
7364,531088.5791,4417689.11,,FALSE,1008.02875914164,FALSE,TRUE
7365,531113.5791,4417689.11,,FALSE,984.492729407705,FALSE,TRUE
7366,531138.5791,4417689.11,,FALSE,961.030639083184,FALSE,TRUE
7367,531163.5791,4417689.11,,FALSE,937.648038581978,FALSE,TRUE
7368,531188.5791,4417689.11,,FALSE,914.351026278546,FALSE,TRUE
7369,531213.5791,4417689.11,,FALSE,891.14631472987,FALSE,TRUE
7370,531238.5791,4417689.11,,FALSE,868.041306192642,FALSE,TRUE
7371,531263.5791,4417689.11,,FALSE,845.044178878611,FALSE,TRUE
7372,531288.5791,4417689.11,,FALSE,822.163985623686,FALSE,TRUE
7373,531313.5791,4417689.11,,FALSE,799.41076691312,FALSE,TRUE
7374,531338.5791,4417689.11,,FALSE,776.795680508473,FALSE,TRUE
7375,531363.5791,4417689.11,,FALSE,754.331150262682,FALSE,TRUE
7376,531388.5791,4417689.11,,FALSE,732.0310370856,FALSE,TRUE
7377,531413.5791,4417689.11,,FALSE,709.91083542697,FALSE,TRUE
7378,531438.5791,4417689.11,,FALSE,687.987899062634,FALSE,TRUE
7379,531463.5791,4417689.11,,FALSE,666.281700376511,FALSE,TRUE
7380,531488.5791,4417689.11,,FALSE,644.814127680694,FALSE,TRUE
7381,531513.5791,4417689.11,,FALSE,623.609825336815,FALSE,TRUE
7382,531538.5791,4417689.11,,FALSE,602.696581421042,FALSE,TRUE
7383,531563.5791,4417689.11,,FALSE,582.105767242183,FALSE,TRUE
7384,531588.5791,4417689.11,,FALSE,561.872831926058,FALSE,TRUE
7385,531613.5791,4417689.11,,FALSE,542.037853158437,FALSE,TRUE
7386,531638.5791,4417689.11,,FALSE,522.646141530391,FALSE,TRUE
7387,531663.5791,4417689.11,,FALSE,503.748890079774,FALSE,TRUE
7388,531688.5791,4417689.11,,FALSE,485.403851711751,FALSE,TRUE
7389,531713.5791,4417689.11,,FALSE,467.676014198507,FALSE,TRUE
7390,531738.5791,4417689.11,,FALSE,450.638224362515,FALSE,TRUE
7391,531763.5791,4417689.11,,FALSE,434.371689059726,FALSE,TRUE
7392,531788.5791,4417689.11,,FALSE,418.966250736975,FALSE,TRUE
7393,531813.5791,4417689.11,,FALSE,404.520301414647,FALSE,TRUE
7394,531838.5791,4417689.11,,FALSE,391.140165741893,FALSE,TRUE
7395,531863.5791,4417689.11,,FALSE,378.938760562434,FALSE,TRUE
7396,531888.5791,4417689.11,,FALSE,368.033339870986,FALSE,TRUE
7397,531913.5791,4417689.11,,FALSE,358.542179187598,FALSE,TRUE
7398,531938.5791,4417689.11,,FALSE,350.580160956934,FALSE,TRUE
7399,531963.5791,4417689.11,,FALSE,344.253401227335,FALSE,TRUE
7400,531988.5791,4417689.11,,FALSE,339.653292721545,FALSE,TRUE
7401,532013.5791,4417689.11,,FALSE,336.850581499552,FALSE,TRUE
7402,532038.5791,4417689.11,,FALSE,335.890263712101,FALSE,TRUE
7403,532063.5791,4417689.11,,FALSE,336.788099933153,FALSE,TRUE
7404,532088.5791,4417689.11,,FALSE,339.529349624715,FALSE,TRUE
7405,532113.5791,4417689.11,,FALSE,344.069955469205,FALSE,TRUE
7406,532138.5791,4417689.11,,FALSE,350.339962403063,FALSE,TRUE
7407,532163.5791,4417689.11,,FALSE,358.24857886191,FALSE,TRUE
7408,532188.5791,4417689.11,,FALSE,367.690085882903,FALSE,TRUE
7409,532213.5791,4417689.11,,FALSE,378.549804195664,FALSE,TRUE
7410,532238.5791,4417689.11,,FALSE,390.709494710039,FALSE,TRUE
7411,532263.5791,4417689.11,,FALSE,404.051808876749,FALSE,TRUE
7412,532288.5791,4417689.11,,FALSE,418.463641498962,FALSE,TRUE
7413,532313.5791,4417689.11,,FALSE,433.838419525715,FALSE,TRUE
7414,532338.5791,4417689.11,,FALSE,450.077470283249,FALSE,TRUE
7415,532363.5791,4417689.11,,FALSE,467.090659568962,FALSE,TRUE
7416,532388.5791,4417689.11,,FALSE,473.507141505274,FALSE,TRUE
7417,532413.5791,4417689.11,,FALSE,479.857237161735,FALSE,TRUE
7418,532438.5791,4417689.11,,FALSE,487.408374011457,FALSE,TRUE
7419,532463.5791,4417689.11,,FALSE,496.105712581997,FALSE,TRUE
7420,532488.5791,4417689.11,,FALSE,505.890139315336,FALSE,TRUE
7421,532513.5791,4417689.11,,FALSE,516.699901351344,FALSE,TRUE
7422,532538.5791,4417689.11,,FALSE,528.472083516705,FALSE,TRUE
7423,532563.5791,4417689.11,,FALSE,541.143879256234,FALSE,TRUE
7424,532588.5791,4417689.11,,FALSE,554.653633411415,FALSE,TRUE
7425,532613.5791,4417689.11,,FALSE,568.941656109379,FALSE,TRUE
7426,532638.5791,4417689.11,,FALSE,583.950822464086,FALSE,TRUE
7427,532663.5791,4417689.11,,FALSE,599.626982428643,FALSE,TRUE
7428,532688.5791,4417689.11,,FALSE,615.919209845317,FALSE,TRUE
7429,532713.5791,4417689.11,,FALSE,632.779920712152,FALSE,TRUE
7430,532738.5791,4417689.11,,FALSE,650.164889129271,FALSE,TRUE
7431,532763.5791,4417689.11,,FALSE,668.033186343669,FALSE,TRUE
7432,532788.5791,4417689.11,,FALSE,686.347064579192,FALSE,TRUE
7433,532813.5791,4417689.11,,FALSE,705.071803475698,FALSE,TRUE
7434,532838.5791,4417689.11,,FALSE,724.175533318043,FALSE,TRUE
7435,532863.5791,4417689.11,,FALSE,743.629046001076,FALSE,TRUE
7436,532888.5791,4417689.11,,FALSE,763.405601928928,FALSE,TRUE
7437,532913.5791,4417689.11,,FALSE,783.480738790985,FALSE,TRUE
7438,532938.5791,4417689.11,,FALSE,803.832086356638,FALSE,TRUE
7439,532963.5791,4417689.11,,FALSE,824.43919002948,FALSE,TRUE
7440,532988.5791,4417689.11,,FALSE,845.283344835602,FALSE,TRUE
7441,531013.5791,4417664.11,,FALSE,1087.07387709236,FALSE,TRUE
7442,531038.5791,4417664.11,,FALSE,1063.52412725646,FALSE,TRUE
7443,531063.5791,4417664.11,,FALSE,1040.04207811829,FALSE,TRUE
7444,531088.5791,4417664.11,,FALSE,1016.63242091555,FALSE,TRUE
7445,531113.5791,4417664.11,,FALSE,993.300273963829,FALSE,TRUE
7446,531138.5791,4417664.11,,FALSE,970.051230222722,FALSE,TRUE
7447,531163.5791,4417664.11,,FALSE,946.891411016392,FALSE,TRUE
7448,531188.5791,4417664.11,,FALSE,923.827526790912,FALSE,TRUE
7449,531213.5791,4417664.11,,FALSE,900.866945922988,FALSE,TRUE
7450,531238.5791,4417664.11,,FALSE,878.017772745296,FALSE,TRUE
7451,531263.5791,4417664.11,,FALSE,855.288936124284,FALSE,TRUE
7452,531288.5791,4417664.11,,FALSE,832.690290117885,FALSE,TRUE
7453,531313.5791,4417664.11,,FALSE,810.232728453132,FALSE,TRUE
7454,531338.5791,4417664.11,,FALSE,787.928314795582,FALSE,TRUE
7455,531363.5791,4417664.11,,FALSE,765.790431029667,FALSE,TRUE
7456,531388.5791,4417664.11,,FALSE,743.833946023306,FALSE,TRUE
7457,531413.5791,4417664.11,,FALSE,722.075407597157,FALSE,TRUE
7458,531438.5791,4417664.11,,FALSE,700.533260635496,FALSE,TRUE
7459,531463.5791,4417664.11,,FALSE,679.228094425281,FALSE,TRUE
7460,531488.5791,4417664.11,,FALSE,658.182922337398,FALSE,TRUE
7461,531513.5791,4417664.11,,FALSE,637.423496787337,FALSE,TRUE
7462,531538.5791,4417664.11,,FALSE,616.978661913517,FALSE,TRUE
7463,531563.5791,4417664.11,,FALSE,596.880745422897,FALSE,TRUE
7464,531588.5791,4417664.11,,FALSE,577.165989344999,FALSE,TRUE
7465,531613.5791,4417664.11,,FALSE,557.875016698714,FALSE,TRUE
7466,531638.5791,4417664.11,,FALSE,539.053326913571,FALSE,TRUE
7467,531663.5791,4417664.11,,FALSE,520.751806772274,FALSE,TRUE
7468,531688.5791,4417664.11,,FALSE,503.02723510421,FALSE,TRUE
7469,531713.5791,4417664.11,,FALSE,485.94274792056,FALSE,TRUE
7470,531738.5791,4417664.11,,FALSE,469.568215764849,FALSE,TRUE
7471,531763.5791,4417664.11,,FALSE,453.980466822729,FALSE,TRUE
7472,531788.5791,4417664.11,,FALSE,439.263268731385,FALSE,TRUE
7473,531813.5791,4417664.11,,FALSE,425.506961466649,FALSE,TRUE
7474,531838.5791,4417664.11,,FALSE,412.8076177308,FALSE,TRUE
7475,531863.5791,4417664.11,,FALSE,401.265603131613,FALSE,TRUE
7476,531888.5791,4417664.11,,FALSE,390.983425808021,FALSE,TRUE
7477,531913.5791,4417664.11,,FALSE,382.062814543073,FALSE,TRUE
7478,531938.5791,4417664.11,,FALSE,374.601053464313,FALSE,TRUE
7479,531963.5791,4417664.11,,FALSE,368.686729157115,FALSE,TRUE
7480,531988.5791,4417664.11,,FALSE,364.395196533339,FALSE,TRUE
7481,532013.5791,4417664.11,,FALSE,361.784209518007,FALSE,TRUE
7482,532038.5791,4417664.11,,FALSE,360.890245443913,FALSE,TRUE
7483,532063.5791,4417664.11,,FALSE,361.726034806132,FALSE,TRUE
7484,532088.5791,4417664.11,,FALSE,364.279671758616,FALSE,TRUE
7485,532113.5791,4417664.11,,FALSE,368.515446428727,FALSE,TRUE
7486,532138.5791,4417664.11,,FALSE,374.376266951529,FALSE,TRUE
7487,532163.5791,4417664.11,,FALSE,381.787302377333,FALSE,TRUE
7488,532188.5791,4417664.11,,FALSE,390.660337450016,FALSE,TRUE
7489,532213.5791,4417664.11,,FALSE,400.898309121601,FALSE,TRUE
7490,532238.5791,4417664.11,,FALSE,412.399574753124,FALSE,TRUE
7491,532263.5791,4417664.11,,FALSE,425.061600543446,FALSE,TRUE
7492,532288.5791,4417664.11,,FALSE,438.783909523304,FALSE,TRUE
7493,532313.5791,4417664.11,,FALSE,453.47025730091,FALSE,TRUE
7494,532338.5791,4417664.11,,FALSE,469.030094190716,FALSE,TRUE
7495,532363.5791,4417664.11,,FALSE,485.379422984278,FALSE,TRUE
7496,532388.5791,4417664.11,,FALSE,497.873993151358,FALSE,TRUE
7497,532413.5791,4417664.11,,FALSE,503.917124194522,FALSE,TRUE
7498,532438.5791,4417664.11,,FALSE,511.112925933669,FALSE,TRUE
7499,532463.5791,4417664.11,,FALSE,519.413494295705,FALSE,TRUE
7500,532488.5791,4417664.11,,FALSE,528.7668040417,FALSE,TRUE
7501,532513.5791,4417664.11,,FALSE,539.118065043708,FALSE,TRUE
7502,532538.5791,4417664.11,,FALSE,550.410976504349,FALSE,TRUE
7503,532563.5791,4417664.11,,FALSE,562.588835701944,FALSE,TRUE
7504,532588.5791,4417664.11,,FALSE,575.595476924956,FALSE,TRUE
7505,532613.5791,4417664.11,,FALSE,589.376032814761,FALSE,TRUE
7506,532638.5791,4417664.11,,FALSE,603.877523225087,FALSE,TRUE
7507,532663.5791,4417664.11,,FALSE,619.049285644095,FALSE,TRUE
7508,532688.5791,4417664.11,,FALSE,634.843266528411,FALSE,TRUE
7509,532713.5791,4417664.11,,FALSE,651.214195220329,FALSE,TRUE
7510,532738.5791,4417664.11,,FALSE,668.119662228601,FALSE,TRUE
7511,532763.5791,4417664.11,,FALSE,685.520122284137,FALSE,TRUE
7512,532788.5791,4417664.11,,FALSE,703.37884035309,FALSE,TRUE
7513,532813.5791,4417664.11,,FALSE,721.661796173565,FALSE,TRUE
7514,532838.5791,4417664.11,,FALSE,740.337560209162,FALSE,TRUE
7515,532863.5791,4417664.11,,FALSE,759.377151392148,FALSE,TRUE
7516,532888.5791,4417664.11,,FALSE,778.75388477776,FALSE,TRUE
7517,532913.5791,4417664.11,,FALSE,798.443215298653,FALSE,TRUE
7518,532938.5791,4417664.11,,FALSE,818.422582200937,FALSE,TRUE
7519,532963.5791,4417664.11,,FALSE,838.671257440273,FALSE,TRUE
7520,532988.5791,4417664.11,,FALSE,859.170200284232,FALSE,TRUE
7521,531013.5791,4417639.11,,FALSE,1095.62726976678,FALSE,TRUE
7522,531038.5791,4417639.11,,FALSE,1072.26539124258,FALSE,TRUE
7523,531063.5791,4417639.11,,FALSE,1048.97903899773,FALSE,TRUE
7524,531088.5791,4417639.11,,FALSE,1025.77335667125,FALSE,TRUE
7525,531113.5791,4417639.11,,FALSE,1002.65394541517,FALSE,TRUE
7526,531138.5791,4417639.11,,FALSE,979.626913297404,FALSE,TRUE
7527,531163.5791,4417639.11,,FALSE,956.698930832787,FALSE,TRUE
7528,531188.5791,4417639.11,,FALSE,933.877293468792,FALSE,TRUE
7529,531213.5791,4417639.11,,FALSE,911.169991964504,FALSE,TRUE
7530,531238.5791,4417639.11,,FALSE,888.58579172559,FALSE,TRUE
7531,531263.5791,4417639.11,,FALSE,866.134322294523,FALSE,TRUE
7532,531288.5791,4417639.11,,FALSE,843.826178342786,FALSE,TRUE
7533,531313.5791,4417639.11,,FALSE,821.673033667644,FALSE,TRUE
7534,531338.5791,4417639.11,,FALSE,799.687769855578,FALSE,TRUE
7535,531363.5791,4417639.11,,FALSE,777.884621429545,FALSE,TRUE
7536,531388.5791,4417639.11,,FALSE,756.279339435229,FALSE,TRUE
7537,531413.5791,4417639.11,,FALSE,734.889375523,FALSE,TRUE
7538,531438.5791,4417639.11,,FALSE,713.734088618852,FALSE,TRUE
7539,531463.5791,4417639.11,,FALSE,692.834976207597,FALSE,TRUE
7540,531488.5791,4417639.11,,FALSE,672.215932016328,FALSE,TRUE
7541,531513.5791,4417639.11,,FALSE,651.903531403673,FALSE,TRUE
7542,531538.5791,4417639.11,,FALSE,631.927344919159,FALSE,TRUE
7543,531563.5791,4417639.11,,FALSE,612.320279148565,FALSE,TRUE
7544,531588.5791,4417639.11,,FALSE,593.118941913488,FALSE,TRUE
7545,531613.5791,4417639.11,,FALSE,574.364025907415,FALSE,TRUE
7546,531638.5791,4417639.11,,FALSE,556.100700643842,FALSE,TRUE
7547,531663.5791,4417639.11,,FALSE,538.378996856834,FALSE,TRUE
7548,531688.5791,4417639.11,,FALSE,521.254159941741,FALSE,TRUE
7549,531713.5791,4417639.11,,FALSE,504.786939467107,FALSE,TRUE
7550,531738.5791,4417639.11,,FALSE,489.043770287044,FALSE,TRUE
7551,531763.5791,4417639.11,,FALSE,474.096787857254,FALSE,TRUE
7552,531788.5791,4417639.11,,FALSE,460.023607281805,FALSE,TRUE
7553,531813.5791,4417639.11,,FALSE,446.906784751097,FALSE,TRUE
7554,531838.5791,4417639.11,,FALSE,434.832875087156,FALSE,TRUE
7555,531863.5791,4417639.11,,FALSE,423.891005161186,FALSE,TRUE
7556,531888.5791,4417639.11,,FALSE,414.170905854768,FALSE,TRUE
7557,531913.5791,4417639.11,,FALSE,405.760390201604,FALSE,TRUE
7558,531938.5791,4417639.11,,FALSE,398.742334417298,FALSE,TRUE
7559,531963.5791,4417639.11,,FALSE,393.191307452944,FALSE,TRUE
7560,531988.5791,4417639.11,,FALSE,389.170090393075,FALSE,TRUE
7561,532013.5791,4417639.11,,FALSE,386.726407498315,FALSE,TRUE
7562,532038.5791,4417639.11,,FALSE,385.890229542743,FALSE,TRUE
7563,532063.5791,4417639.11,,FALSE,386.671985352637,FALSE,TRUE
7564,532088.5791,4417639.11,,FALSE,389.061922136501,FALSE,TRUE
7565,532113.5791,4417639.11,,FALSE,393.030703961595,FALSE,TRUE
7566,532138.5791,4417639.11,,FALSE,398.531164724349,FALSE,TRUE
7567,532163.5791,4417639.11,,FALSE,405.500979353373,FALSE,TRUE
7568,532188.5791,4417639.11,,FALSE,413.865919419011,FALSE,TRUE
7569,532213.5791,4417639.11,,FALSE,423.543332206449,FALSE,TRUE
7570,532238.5791,4417639.11,,FALSE,434.445519319213,FALSE,TRUE
7571,532263.5791,4417639.11,,FALSE,446.482770391579,FALSE,TRUE
7572,532288.5791,4417639.11,,FALSE,459.565903061289,FALSE,TRUE
7573,532313.5791,4417639.11,,FALSE,473.608249776687,FALSE,TRUE
7574,532338.5791,4417639.11,,FALSE,488.527101864917,FALSE,TRUE
7575,532363.5791,4417639.11,,FALSE,504.2446670581,FALSE,TRUE
7576,532388.5791,4417639.11,,FALSE,520.688620248736,FALSE,TRUE
7577,532413.5791,4417639.11,,FALSE,528.064359767311,FALSE,TRUE
7578,532438.5791,4417639.11,,FALSE,534.935438213304,FALSE,TRUE
7579,532463.5791,4417639.11,,FALSE,542.871879964746,FALSE,TRUE
7580,532488.5791,4417639.11,,FALSE,551.827720449468,FALSE,TRUE
7581,532513.5791,4417639.11,,FALSE,561.754206087017,FALSE,TRUE
7582,532538.5791,4417639.11,,FALSE,572.600858414004,FALSE,TRUE
7583,532563.5791,4417639.11,,FALSE,584.316436579062,FALSE,TRUE
7584,532588.5791,4417639.11,,FALSE,596.84977427863,FALSE,TRUE
7585,532613.5791,4417639.11,,FALSE,610.150479846119,FALSE,TRUE
7586,532638.5791,4417639.11,,FALSE,624.169498659177,FALSE,TRUE
7587,532663.5791,4417639.11,,FALSE,638.859544858216,FALSE,TRUE
7588,532688.5791,4417639.11,,FALSE,654.175414591871,FALSE,TRUE
7589,532713.5791,4417639.11,,FALSE,670.074195933886,FALSE,TRUE
7590,532738.5791,4417639.11,,FALSE,686.515391711244,FALSE,TRUE
7591,532763.5791,4417639.11,,FALSE,703.460971238947,FALSE,TRUE
7592,532788.5791,4417639.11,,FALSE,720.875365827159,FALSE,TRUE
7593,532813.5791,4417639.11,,FALSE,738.72542128753,FALSE,TRUE
7594,532838.5791,4417639.11,,FALSE,756.980318803889,FALSE,TRUE
7595,532863.5791,4417639.11,,FALSE,775.611473649299,FALSE,TRUE
7596,532888.5791,4417639.11,,FALSE,794.592419455682,FALSE,TRUE
7597,532913.5791,4417639.11,,FALSE,813.898684147133,FALSE,TRUE
7598,532938.5791,4417639.11,,FALSE,833.50766226618,FALSE,TRUE
7599,532963.5791,4417639.11,,FALSE,853.398487259282,FALSE,TRUE
7600,532988.5791,4417639.11,,FALSE,873.551906332091,FALSE,TRUE
7601,531013.5791,4417614.11,,FALSE,1104.68032220031,FALSE,TRUE
7602,531038.5791,4417614.11,,FALSE,1081.51401713366,FALSE,TRUE
7603,531063.5791,4417614.11,,FALSE,1058.43116179399,FALSE,TRUE
7604,531088.5791,4417614.11,,FALSE,1035.43733719457,FALSE,TRUE
7605,531113.5791,4417614.11,,FALSE,1012.53860877331,FALSE,TRUE
7606,531138.5791,4417614.11,,FALSE,989.741577007141,FALSE,TRUE
7607,531163.5791,4417614.11,,FALSE,967.053434023467,FALSE,TRUE
7608,531188.5791,4417614.11,,FALSE,944.482026963234,FALSE,TRUE
7609,531213.5791,4417614.11,,FALSE,922.035928940179,FALSE,TRUE
7610,531238.5791,4417614.11,,FALSE,899.724518536967,FALSE,TRUE
7611,531263.5791,4417614.11,,FALSE,877.558068880103,FALSE,TRUE
7612,531288.5791,4417614.11,,FALSE,855.547847438455,FALSE,TRUE
7613,531313.5791,4417614.11,,FALSE,833.706227790445,FALSE,TRUE
7614,531338.5791,4417614.11,,FALSE,812.04681469517,FALSE,TRUE
7615,531363.5791,4417614.11,,FALSE,790.584583872321,FALSE,TRUE
7616,531388.5791,4417614.11,,FALSE,769.33603792918,FALSE,TRUE
7617,531413.5791,4417614.11,,FALSE,748.319379848316,FALSE,TRUE
7618,531438.5791,4417614.11,,FALSE,727.554705336009,FALSE,TRUE
7619,531463.5791,4417614.11,,FALSE,707.064215086978,FALSE,TRUE
7620,531488.5791,4417614.11,,FALSE,686.872447588752,FALSE,TRUE
7621,531513.5791,4417614.11,,FALSE,667.00653239422,FALSE,TRUE
7622,531538.5791,4417614.11,,FALSE,647.496462736717,FALSE,TRUE
7623,531563.5791,4417614.11,,FALSE,628.375384827063,FALSE,TRUE
7624,531588.5791,4417614.11,,FALSE,609.679899009766,FALSE,TRUE
7625,531613.5791,4417614.11,,FALSE,591.450364998245,FALSE,TRUE
7626,531638.5791,4417614.11,,FALSE,573.731199479822,FALSE,TRUE
7627,531663.5791,4417614.11,,FALSE,556.57114932105,FALSE,TRUE
7628,531688.5791,4417614.11,,FALSE,540.023517318045,FALSE,TRUE
7629,531713.5791,4417614.11,,FALSE,524.146309971321,FALSE,TRUE
7630,531738.5791,4417614.11,,FALSE,509.002268419847,FALSE,TRUE
7631,531763.5791,4417614.11,,FALSE,494.658735146312,FALSE,TRUE
7632,531788.5791,4417614.11,,FALSE,481.187301636845,FALSE,TRUE
7633,531813.5791,4417614.11,,FALSE,468.663177833022,FALSE,TRUE
7634,531838.5791,4417614.11,,FALSE,457.164225696352,FALSE,TRUE
7635,531863.5791,4417614.11,,FALSE,446.76960981757,FALSE,TRUE
7636,531888.5791,4417614.11,,FALSE,437.558041014609,FALSE,TRUE
7637,531913.5791,4417614.11,,FALSE,429.60562642561,FALSE,TRUE
7638,531938.5791,4417614.11,,FALSE,422.983391230128,FALSE,TRUE
7639,531963.5791,4417614.11,,FALSE,417.754598127344,FALSE,TRUE
7640,531988.5791,4417614.11,,FALSE,413.972051298801,FALSE,TRUE
7641,532013.5791,4417614.11,,FALSE,411.675617758127,FALSE,TRUE
7642,532038.5791,4417614.11,,FALSE,410.890215576539,FALSE,TRUE
7643,532063.5791,4417614.11,,FALSE,411.62449423781,FALSE,TRUE
7644,532088.5791,4417614.11,,FALSE,413.870365279434,FALSE,TRUE
7645,532113.5791,4417614.11,,FALSE,417.603441384923,FALSE,TRUE
7646,532138.5791,4417614.11,,FALSE,422.784329483165,FALSE,TRUE
7647,532163.5791,4417614.11,,FALSE,429.360622619876,FALSE,TRUE
7648,532188.5791,4417614.11,,FALSE,437.269366931331,FALSE,TRUE
7649,532213.5791,4417614.11,,FALSE,446.43975434153,FALSE,TRUE
7650,532238.5791,4417614.11,,FALSE,456.795806960313,FALSE,TRUE
7651,532263.5791,4417614.11,,FALSE,468.258864578689,FALSE,TRUE
7652,532288.5791,4417614.11,,FALSE,480.749747016596,FALSE,TRUE
7653,532313.5791,4417614.11,,FALSE,494.190524248007,FALSE,TRUE
7654,532338.5791,4417614.11,,FALSE,508.50587927429,FALSE,TRUE
7655,532363.5791,4417614.11,,FALSE,523.624086780314,FALSE,TRUE
7656,532388.5791,4417614.11,,FALSE,539.477654084501,FALSE,TRUE
7657,532413.5791,4417614.11,,FALSE,552.287486782422,FALSE,TRUE
7658,532438.5791,4417614.11,,FALSE,558.86082619597,FALSE,TRUE
7659,532463.5791,4417614.11,,FALSE,566.462159421475,FALSE,TRUE
7660,532488.5791,4417614.11,,FALSE,575.050722159741,FALSE,TRUE
7661,532513.5791,4417614.11,,FALSE,584.583003564454,FALSE,TRUE
7662,532538.5791,4417614.11,,FALSE,595.013649470697,FALSE,TRUE
7663,532563.5791,4417614.11,,FALSE,606.296295598477,FALSE,TRUE
7664,532588.5791,4417614.11,,FALSE,618.38430854642,FALSE,TRUE
7665,532613.5791,4417614.11,,FALSE,631.231421949536,FALSE,TRUE
7666,532638.5791,4417614.11,,FALSE,644.792263489902,FALSE,TRUE
7667,532663.5791,4417614.11,,FALSE,659.02277506656,FALSE,TRUE
7668,532688.5791,4417614.11,,FALSE,673.88053322264,FALSE,TRUE
7669,532713.5791,4417614.11,,FALSE,689.324980003211,FALSE,TRUE
7670,532738.5791,4417614.11,,FALSE,705.31757602971,FALSE,TRUE
7671,532763.5791,4417614.11,,FALSE,721.821888041936,FALSE,TRUE
7672,532788.5791,4417614.11,,FALSE,738.803622795952,FALSE,TRUE
7673,532813.5791,4417614.11,,FALSE,756.230618301337,FALSE,TRUE
7674,532838.5791,4417614.11,,FALSE,774.07280216813,FALSE,TRUE
7675,532863.5791,4417614.11,,FALSE,792.302125490283,FALSE,TRUE
7676,532888.5791,4417614.11,,FALSE,810.892479343851,FALSE,TRUE
7677,532913.5791,4417614.11,,FALSE,829.819599706115,FALSE,TRUE
7678,532938.5791,4417614.11,,FALSE,849.060965453256,FALSE,TRUE
7679,532963.5791,4417614.11,,FALSE,868.595693091103,FALSE,TRUE
7680,532988.5791,4417614.11,,FALSE,888.404431020249,FALSE,TRUE
7681,531013.5791,4417589.11,,FALSE,1114.22085524216,FALSE,TRUE
7682,531038.5791,4417589.11,,FALSE,1091.25710501997,FALSE,TRUE
7683,531063.5791,4417589.11,,FALSE,1068.38477350464,FALSE,TRUE
7684,531088.5791,4417589.11,,FALSE,1045.60985996526,FALSE,TRUE
7685,531113.5791,4417589.11,,FALSE,1022.93887122182,FALSE,TRUE
7686,531138.5791,4417589.11,,FALSE,1000.37887285596,FALSE,TRUE
7687,531163.5791,4417589.11,,FALSE,977.937546194318,FALSE,TRUE
7688,531188.5791,4417589.11,,FALSE,955.623251734993,FALSE,TRUE
7689,531213.5791,4417589.11,,FALSE,933.445099754968,FALSE,TRUE
7690,531238.5791,4417589.11,,FALSE,911.413028904327,FALSE,TRUE
7691,531263.5791,4417589.11,,FALSE,889.537893659713,FALSE,TRUE
7692,531288.5791,4417589.11,,FALSE,867.831561569731,FALSE,TRUE
7693,531313.5791,4417589.11,,FALSE,846.307021273342,FALSE,TRUE
7694,531338.5791,4417589.11,,FALSE,824.978502299639,FALSE,TRUE
7695,531363.5791,4417589.11,,FALSE,803.861607651811,FALSE,TRUE
7696,531388.5791,4417589.11,,FALSE,782.973460122725,FALSE,TRUE
7697,531413.5791,4417589.11,,FALSE,762.332863161855,FALSE,TRUE
7698,531438.5791,4417589.11,,FALSE,741.960476883068,FALSE,TRUE
7699,531463.5791,4417589.11,,FALSE,721.87900943063,FALSE,TRUE
7700,531488.5791,4417589.11,,FALSE,702.113423355904,FALSE,TRUE
7701,531513.5791,4417589.11,,FALSE,682.691155835892,FALSE,TRUE
7702,531538.5791,4417589.11,,FALSE,663.642350409122,FALSE,TRUE
7703,531563.5791,4417589.11,,FALSE,645.000096322894,FALSE,TRUE
7704,531588.5791,4417589.11,,FALSE,626.800669476782,FALSE,TRUE
7705,531613.5791,4417589.11,,FALSE,609.083766206702,FALSE,TRUE
7706,531638.5791,4417589.11,,FALSE,591.892717691761,FALSE,TRUE
7707,531663.5791,4417589.11,,FALSE,575.274668533682,FALSE,TRUE
7708,531688.5791,4417589.11,,FALSE,559.280698090446,FALSE,TRUE
7709,531713.5791,4417589.11,,FALSE,543.965857620251,FALSE,TRUE
7710,531738.5791,4417589.11,,FALSE,529.38909060967,FALSE,TRUE
7711,531763.5791,4417589.11,,FALSE,515.61299853333,FALSE,TRUE
7712,531788.5791,4417589.11,,FALSE,502.703410826434,FALSE,TRUE
7713,531813.5791,4417589.11,,FALSE,490.728717578796,FALSE,TRUE
7714,531838.5791,4417589.11,,FALSE,479.758928271823,FALSE,TRUE
7715,531863.5791,4417589.11,,FALSE,469.864431784879,FALSE,TRUE
7716,531888.5791,4417589.11,,FALSE,461.114453532445,FALSE,TRUE
7717,531913.5791,4417589.11,,FALSE,453.575235497403,FALSE,TRUE
7718,531938.5791,4417589.11,,FALSE,447.308002674358,FALSE,TRUE
7719,531963.5791,4417589.11,,FALSE,442.366820926391,FALSE,TRUE
7720,531988.5791,4417589.11,,FALSE,438.796489567226,FALSE,TRUE
7721,532013.5791,4417589.11,,FALSE,436.630638247614,FALSE,TRUE
7722,532038.5791,4417589.11,,FALSE,435.890203212366,FALSE,TRUE
7723,532063.5791,4417589.11,,FALSE,436.582436953797,FALSE,TRUE
7724,532088.5791,4417589.11,,FALSE,438.700557620474,FALSE,TRUE
7725,532113.5791,4417589.11,,FALSE,442.224076975139,FALSE,TRUE
7726,532138.5791,4417589.11,,FALSE,447.119770594538,FALSE,TRUE
7727,532163.5791,4417589.11,,FALSE,453.343185960163,FALSE,TRUE
7728,532188.5791,4417589.11,,FALSE,460.84053560479,FALSE,TRUE
7729,532213.5791,4417589.11,,FALSE,469.550800506727,FALSE,TRUE
7730,532238.5791,4417589.11,,FALSE,479.407873586268,FALSE,TRUE
7731,532263.5791,4417589.11,,FALSE,490.342598859722,FALSE,TRUE
7732,532288.5791,4417589.11,,FALSE,502.284599859984,FALSE,TRUE
7733,532313.5791,4417589.11,,FALSE,515.163832442169,FALSE,TRUE
7734,532338.5791,4417589.11,,FALSE,528.911835050514,FALSE,TRUE
7735,532363.5791,4417589.11,,FALSE,543.462679727413,FALSE,TRUE
7736,532388.5791,4417589.11,,FALSE,558.753648092341,FALSE,TRUE
7737,532413.5791,4417589.11,,FALSE,574.725668694637,FALSE,TRUE
7738,532438.5791,4417589.11,,FALSE,582.876421770881,FALSE,TRUE
7739,532463.5791,4417589.11,,FALSE,590.168516659796,FALSE,TRUE
7740,532488.5791,4417589.11,,FALSE,598.416939145628,FALSE,TRUE
7741,532513.5791,4417589.11,,FALSE,607.582741736812,FALSE,TRUE
7742,532538.5791,4417589.11,,FALSE,617.62508292363,FALSE,TRUE
7743,532563.5791,4417589.11,,FALSE,628.5019475359,FALSE,TRUE
7744,532588.5791,4417589.11,,FALSE,640.170799909225,FALSE,TRUE
7745,532613.5791,4417589.11,,FALSE,652.589157170433,FALSE,TRUE
7746,532638.5791,4417589.11,,FALSE,665.715076482736,FALSE,TRUE
7747,532663.5791,4417589.11,,FALSE,679.50755555506,FALSE,TRUE
7748,532688.5791,4417589.11,,FALSE,693.926849931902,FALSE,TRUE
7749,532713.5791,4417589.11,,FALSE,708.934713536029,FALSE,TRUE
7750,532738.5791,4417589.11,,FALSE,724.494570757028,FALSE,TRUE
7751,532763.5791,4417589.11,,FALSE,740.571629254327,FALSE,TRUE
7752,532788.5791,4417589.11,,FALSE,757.13294278905,FALSE,TRUE
7753,532813.5791,4417589.11,,FALSE,774.147433023197,FALSE,TRUE
7754,532838.5791,4417589.11,,FALSE,791.585878509972,FALSE,TRUE
7755,532863.5791,4417589.11,,FALSE,809.420878194035,FALSE,TRUE
7756,532888.5791,4417589.11,,FALSE,827.626795757847,FALSE,TRUE
7757,532913.5791,4417589.11,,FALSE,846.17969017012,FALSE,TRUE
7758,532938.5791,4417589.11,,FALSE,865.057236867249,FALSE,TRUE
7759,532963.5791,4417589.11,,FALSE,884.238643159412,FALSE,TRUE
7760,532988.5791,4417589.11,,FALSE,903.704560714616,FALSE,TRUE
7761,531013.5791,4417564.11,,FALSE,1124.23645833808,FALSE,TRUE
7762,531038.5791,4417564.11,,FALSE,1101.48153377919,FALSE,TRUE
7763,531063.5791,4417564.11,,FALSE,1078.82599350245,FALSE,TRUE
7764,531088.5791,4417564.11,,FALSE,1056.27623245842,FALSE,TRUE
7765,531113.5791,4417564.11,,FALSE,1033.83917233608,FALSE,TRUE
7766,531138.5791,4417564.11,,FALSE,1011.52231278235,FALSE,TRUE
7767,531163.5791,4417564.11,,FALSE,989.333788090019,FALSE,TRUE
7768,531188.5791,4417564.11,,FALSE,967.282429932719,FALSE,TRUE
7769,531213.5791,4417564.11,,FALSE,945.377836770328,FALSE,TRUE
7770,531238.5791,4417564.11,,FALSE,923.630450589706,FALSE,TRUE
7771,531263.5791,4417564.11,,FALSE,902.051641679423,FALSE,TRUE
7772,531288.5791,4417564.11,,FALSE,880.653802158681,FALSE,TRUE
7773,531313.5791,4417564.11,,FALSE,859.450448982685,FALSE,TRUE
7774,531338.5791,4417564.11,,FALSE,838.456337119911,FALSE,TRUE
7775,531363.5791,4417564.11,,FALSE,817.687583528414,FALSE,TRUE
7776,531388.5791,4417564.11,,FALSE,797.161802431938,FALSE,TRUE
7777,531413.5791,4417564.11,,FALSE,776.898252190423,FALSE,TRUE
7778,531438.5791,4417564.11,,FALSE,756.917993746042,FALSE,TRUE
7779,531463.5791,4417564.11,,FALSE,737.244060170397,FALSE,TRUE
7780,531488.5791,4417564.11,,FALSE,717.901636198533,FALSE,TRUE
7781,531513.5791,4417564.11,,FALSE,698.91824576021,FALSE,TRUE
7782,531538.5791,4417564.11,,FALSE,680.32394435043,FALSE,TRUE
7783,531563.5791,4417564.11,,FALSE,662.151511556476,FALSE,TRUE
7784,531588.5791,4417564.11,,FALSE,644.436637115337,FALSE,TRUE
7785,531613.5791,4417564.11,,FALSE,627.218091461434,FALSE,TRUE
7786,531638.5791,4417564.11,,FALSE,610.537868814476,FALSE,TRUE
7787,531663.5791,4417564.11,,FALSE,594.441287476333,FALSE,TRUE
7788,531688.5791,4417564.11,,FALSE,578.977028263229,FALSE,TRUE
7789,531713.5791,4417564.11,,FALSE,564.197088131903,FALSE,TRUE
7790,531738.5791,4417564.11,,FALSE,550.156622478106,FALSE,TRUE
7791,531763.5791,4417564.11,,FALSE,536.91364692706,FALSE,TRUE
7792,531788.5791,4417564.11,,FALSE,524.528568579934,FALSE,TRUE
7793,531813.5791,4417564.11,,FALSE,513.063518734779,FALSE,TRUE
7794,531838.5791,4417564.11,,FALSE,502.58146529345,FALSE,TRUE
7795,531863.5791,4417564.11,,FALSE,493.145094527473,FALSE,TRUE
7796,531888.5791,4417564.11,,FALSE,484.815469283426,FALSE,TRUE
7797,531913.5791,4417564.11,,FALSE,477.650493830486,FALSE,TRUE
7798,531938.5791,4417564.11,,FALSE,471.703242787779,FALSE,TRUE
7799,531963.5791,4417564.11,,FALSE,467.020239664733,FALSE,TRUE
7800,531988.5791,4417564.11,,FALSE,463.639794729166,FALSE,TRUE
7801,532013.5791,4417564.11,,FALSE,461.590526610439,FALSE,TRUE
7802,532038.5791,4417564.11,,FALSE,460.890192189529,FALSE,TRUE
7803,532063.5791,4417564.11,,FALSE,461.54493200175,FALSE,TRUE
7804,532088.5791,4417564.11,,FALSE,463.549004158674,FALSE,TRUE
7805,532113.5791,4417564.11,,FALSE,466.885033232483,FALSE,TRUE
7806,532138.5791,4417564.11,,FALSE,471.524749357333,FALSE,TRUE
7807,532163.5791,4417564.11,,FALSE,477.430145944403,FALSE,TRUE
7808,532188.5791,4417564.11,,FALSE,484.554949677013,FALSE,TRUE
7809,532213.5791,4417564.11,,FALSE,492.846278525558,FALSE,TRUE
7810,532238.5791,4417564.11,,FALSE,502.246363109272,FALSE,TRUE
7811,532263.5791,4417564.11,,FALSE,512.694221009452,FALSE,TRUE
7812,532288.5791,4417564.11,,FALSE,524.127197592805,FALSE,TRUE
7813,532313.5791,4417564.11,,FALSE,536.482314952214,FALSE,TRUE
7814,532338.5791,4417564.11,,FALSE,549.697397898594,FALSE,TRUE
7815,532363.5791,4417564.11,,FALSE,563.711969232944,FALSE,TRUE
7816,532388.5791,4417564.11,,FALSE,578.467924137962,FALSE,TRUE
7817,532413.5791,4417564.11,,FALSE,593.910005183008,FALSE,TRUE
7818,532438.5791,4417564.11,,FALSE,606.971517500128,FALSE,TRUE
7819,532463.5791,4417564.11,,FALSE,613.977506148562,FALSE,TRUE
7820,532488.5791,4417564.11,,FALSE,621.910229097742,FALSE,TRUE
7821,532513.5791,4417564.11,,FALSE,630.734720826755,FALSE,TRUE
7822,532538.5791,4417564.11,,FALSE,640.414118408084,FALSE,TRUE
7823,532563.5791,4417564.11,,FALSE,650.910284183928,FALSE,TRUE
7824,532588.5791,4417564.11,,FALSE,662.18437995501,FALSE,TRUE
7825,532613.5791,4417564.11,,FALSE,674.197380635967,FALSE,TRUE
7826,532638.5791,4417564.11,,FALSE,686.910520414703,FALSE,TRUE
7827,532663.5791,4417564.11,,FALSE,700.285668892629,FALSE,TRUE
7828,532688.5791,4417564.11,,FALSE,714.28563828233,FALSE,TRUE
7829,532713.5791,4417564.11,,FALSE,728.87442543719,FALSE,TRUE
7830,532738.5791,4417564.11,,FALSE,744.017394323811,FALSE,TRUE
7831,532763.5791,4417564.11,,FALSE,759.681405627643,FALSE,TRUE
7832,532788.5791,4417564.11,,FALSE,775.834900643423,FALSE,TRUE
7833,532813.5791,4417564.11,,FALSE,792.447946591061,FALSE,TRUE
7834,532838.5791,4417564.11,,FALSE,809.492250152148,FALSE,TRUE
7835,532863.5791,4417564.11,,FALSE,826.941145461022,FALSE,TRUE
7836,532888.5791,4417564.11,,FALSE,844.769562103409,FALSE,TRUE
7837,532913.5791,4417564.11,,FALSE,862.953977948062,FALSE,TRUE
7838,532938.5791,4417564.11,,FALSE,881.472360914613,FALSE,TRUE
7839,532963.5791,4417564.11,,FALSE,900.304103098715,FALSE,TRUE
7840,532988.5791,4417564.11,,FALSE,919.429950054043,FALSE,TRUE
7841,531013.5791,4417539.11,,FALSE,1134.71455188366,FALSE,TRUE
7842,531038.5791,4417539.11,,FALSE,1112.17402831416,FALSE,TRUE
7843,531063.5791,4417539.11,,FALSE,1089.74080599771,FALSE,TRUE
7844,531088.5791,4417539.11,,FALSE,1067.42165017229,FALSE,TRUE
7845,531113.5791,4417539.11,,FALSE,1045.2238680094,FALSE,TRUE
7846,531138.5791,4417539.11,,FALSE,1023.1553592962,FALSE,TRUE
7847,531163.5791,4417539.11,,FALSE,1001.22467221725,FALSE,TRUE
7848,531188.5791,4417539.11,,FALSE,979.441064718306,FALSE,TRUE
7849,531213.5791,4417539.11,,FALSE,957.814571958752,FALSE,TRUE
7850,531238.5791,4417539.11,,FALSE,936.35608037569,FALSE,TRUE
7851,531263.5791,4417539.11,,FALSE,915.077408887644,FALSE,TRUE
7852,531288.5791,4417539.11,,FALSE,893.99139775309,FALSE,TRUE
7853,531313.5791,4417539.11,,FALSE,873.112005562014,FALSE,TRUE
7854,531338.5791,4417539.11,,FALSE,852.454414767453,FALSE,TRUE
7855,531363.5791,4417539.11,,FALSE,832.03514604644,FALSE,TRUE
7856,531388.5791,4417539.11,,FALSE,811.872181600354,FALSE,TRUE
7857,531413.5791,4417539.11,,FALSE,791.985097243955,FALSE,TRUE
7858,531438.5791,4417539.11,,FALSE,772.395202766379,FALSE,TRUE
7859,531463.5791,4417539.11,,FALSE,753.125689547578,FALSE,TRUE
7860,531488.5791,4417539.11,,FALSE,734.20178374648,FALSE,TRUE
7861,531513.5791,4417539.11,,FALSE,715.650902505203,FALSE,TRUE
7862,531538.5791,4417539.11,,FALSE,697.502809497217,FALSE,TRUE
7863,531563.5791,4417539.11,,FALSE,679.789764748271,FALSE,TRUE
7864,531588.5791,4417539.11,,FALSE,662.546661946544,FALSE,TRUE
7865,531613.5791,4417539.11,,FALSE,645.811144419564,FALSE,TRUE
7866,531638.5791,4417539.11,,FALSE,629.623688608128,FALSE,TRUE
7867,531663.5791,4417539.11,,FALSE,614.027641280508,FALSE,TRUE
7868,531688.5791,4417539.11,,FALSE,599.069194047318,FALSE,TRUE
7869,531713.5791,4417539.11,,FALSE,584.797276204756,FALSE,TRUE
7870,531738.5791,4417539.11,,FALSE,571.263344926401,FALSE,TRUE
7871,531763.5791,4417539.11,,FALSE,558.521050862453,FALSE,TRUE
7872,531788.5791,4417539.11,,FALSE,546.625757951908,FALSE,TRUE
7873,531813.5791,4417539.11,,FALSE,535.633899465387,FALSE,TRUE
7874,531838.5791,4417539.11,,FALSE,525.602158725109,FALSE,TRUE
7875,531863.5791,4417539.11,,FALSE,516.586473164458,FALSE,TRUE
7876,531888.5791,4417539.11,,FALSE,508.640874543614,FALSE,TRUE
7877,531913.5791,4417539.11,,FALSE,501.816195689708,FALSE,TRUE
7878,531938.5791,4417539.11,,FALSE,496.158693621798,FALSE,TRUE
7879,531963.5791,4417539.11,,FALSE,491.708657902714,FALSE,TRUE
7880,531988.5791,4417539.11,,FALSE,488.499088286239,FALSE,TRUE
7881,532013.5791,4417539.11,,FALSE,486.554533692253,FALSE,TRUE
7882,532038.5791,4417539.11,,FALSE,485.890182300985,FALSE,TRUE
7883,532063.5791,4417539.11,,FALSE,486.511278652903,FALSE,TRUE
7884,532088.5791,4417539.11,,FALSE,488.412918805882,FALSE,TRUE
7885,532113.5791,4417539.11,,FALSE,491.580241930532,FALSE,TRUE
7886,532138.5791,4417539.11,,FALSE,495.989001144661,FALSE,TRUE
7887,532163.5791,4417539.11,,FALSE,501.6064635314,FALSE,TRUE
7888,532188.5791,4417539.11,,FALSE,508.392564123903,FALSE,TRUE
7889,532213.5791,4417539.11,,FALSE,516.301224341445,FALSE,TRUE
7890,532238.5791,4417539.11,,FALSE,525.281742740478,FALSE,TRUE
7891,532263.5791,4417539.11,,FALSE,535.28017360675,FALSE,TRUE
7892,532288.5791,4417539.11,,FALSE,546.240623952916,FALSE,TRUE
7893,532313.5791,4417539.11,,FALSE,558.106418397486,FALSE,TRUE
7894,532338.5791,4417539.11,,FALSE,570.82110092083,FALSE,TRUE
7895,532363.5791,4417539.11,,FALSE,584.329260140605,FALSE,TRUE
7896,532388.5791,4417539.11,,FALSE,598.577179030796,FALSE,TRUE
7897,532413.5791,4417539.11,,FALSE,613.51332035781,FALSE,TRUE
7898,532438.5791,4417539.11,,FALSE,629.088665655695,FALSE,TRUE
7899,532463.5791,4417539.11,,FALSE,637.877635645263,FALSE,TRUE
7900,532488.5791,4417539.11,,FALSE,645.516717875215,FALSE,TRUE
7901,532513.5791,4417539.11,,FALSE,654.022773346913,FALSE,TRUE
7902,532538.5791,4417539.11,,FALSE,663.362452250945,FALSE,TRUE
7903,532563.5791,4417539.11,,FALSE,673.501075022442,FALSE,TRUE
7904,532588.5791,4417539.11,,FALSE,684.403136357793,FALSE,TRUE
7905,532613.5791,4417539.11,,FALSE,696.03276363716,FALSE,TRUE
7906,532638.5791,4417539.11,,FALSE,708.35412263668,FALSE,TRUE
7907,532663.5791,4417539.11,,FALSE,721.331766981311,FALSE,TRUE
7908,532688.5791,4417539.11,,FALSE,734.930930806684,FALSE,TRUE
7909,532713.5791,4417539.11,,FALSE,749.117766480263,FALSE,TRUE
7910,532738.5791,4417539.11,,FALSE,763.859530971746,FALSE,TRUE
7911,532763.5791,4417539.11,,FALSE,779.12472560969,FALSE,TRUE
7912,532788.5791,4417539.11,,FALSE,794.883194599291,FALSE,TRUE
7913,532813.5791,4417539.11,,FALSE,811.106187904131,FALSE,TRUE
7914,532838.5791,4417539.11,,FALSE,827.766394012448,FALSE,TRUE
7915,532863.5791,4417539.11,,FALSE,844.837947807962,FALSE,TRUE
7916,532888.5791,4417539.11,,FALSE,862.296418325142,FALSE,TRUE
7917,532913.5791,4417539.11,,FALSE,880.118780652002,FALSE,TRUE
7918,532938.5791,4417539.11,,FALSE,898.283375698541,FALSE,TRUE
7919,532963.5791,4417539.11,,FALSE,916.769861010038,FALSE,TRUE
7920,532988.5791,4417539.11,,FALSE,935.559155295037,FALSE,TRUE
7921,531013.5791,4417514.11,,FALSE,1145.64244607841,FALSE,TRUE
7922,531038.5791,4417514.11,,FALSE,1123.32122265028,FALSE,TRUE
7923,531063.5791,4417514.11,,FALSE,1101.11512761224,FALSE,TRUE
7924,531088.5791,4417514.11,,FALSE,1079.03126889656,FALSE,TRUE
7925,531113.5791,4417514.11,,FALSE,1057.07730760646,FALSE,TRUE
7926,531138.5791,4417514.11,,FALSE,1035.26150766679,FALSE,TRUE
7927,531163.5791,4417514.11,,FALSE,1013.59279015614,FALSE,TRUE
7928,531188.5791,4417514.11,,FALSE,992.080792706175,FALSE,TRUE
7929,531213.5791,4417514.11,,FALSE,970.735934359345,FALSE,TRUE
7930,531238.5791,4417514.11,,FALSE,949.569486270757,FALSE,TRUE
7931,531263.5791,4417514.11,,FALSE,928.593648619518,FALSE,TRUE
7932,531288.5791,4417514.11,,FALSE,907.821634054018,FALSE,TRUE
7933,531313.5791,4417514.11,,FALSE,887.267757926831,FALSE,TRUE
7934,531338.5791,4417514.11,,FALSE,866.947535469422,FALSE,TRUE
7935,531363.5791,4417514.11,,FALSE,846.877785903316,FALSE,TRUE
7936,531388.5791,4417514.11,,FALSE,827.076743269028,FALSE,TRUE
7937,531413.5791,4417514.11,,FALSE,807.564173460228,FALSE,TRUE
7938,531438.5791,4417514.11,,FALSE,788.361496558843,FALSE,TRUE
7939,531463.5791,4417514.11,,FALSE,769.491913054645,FALSE,TRUE
7940,531488.5791,4417514.11,,FALSE,750.980531875825,FALSE,TRUE
7941,531513.5791,4417514.11,,FALSE,732.854497329787,FALSE,TRUE
7942,531538.5791,4417514.11,,FALSE,715.143111031977,FALSE,TRUE
7943,531563.5791,4417514.11,,FALSE,697.877943666722,FALSE,TRUE
7944,531588.5791,4417514.11,,FALSE,681.092929971007,FALSE,TRUE
7945,531613.5791,4417514.11,,FALSE,664.824438672715,FALSE,TRUE
7946,531638.5791,4417514.11,,FALSE,649.111307293663,FALSE,TRUE
7947,531663.5791,4417514.11,,FALSE,633.994829834193,FALSE,TRUE
7948,531688.5791,4417514.11,,FALSE,619.518683541091,FALSE,TRUE
7949,531713.5791,4417514.11,,FALSE,605.728779452062,FALSE,TRUE
7950,531738.5791,4417514.11,,FALSE,592.673020523529,FALSE,TRUE
7951,531763.5791,4417514.11,,FALSE,580.400951288402,FALSE,TRUE
7952,531788.5791,4417514.11,,FALSE,568.96328462958,FALSE,TRUE
7953,531813.5791,4417514.11,,FALSE,558.411294886197,FALSE,TRUE
7954,531838.5791,4417514.11,,FALSE,548.796072559269,FALSE,TRUE
7955,531863.5791,4417514.11,,FALSE,540.167644584972,FALSE,TRUE
7956,531888.5791,4417514.11,,FALSE,532.573975384148,FALSE,TRUE
7957,531913.5791,4417514.11,,FALSE,526.059877063889,FALSE,TRUE
7958,531938.5791,4417514.11,,FALSE,520.665871031003,FALSE,TRUE
7959,531963.5791,4417514.11,,FALSE,516.427056084856,FALSE,TRUE
7960,531988.5791,4417514.11,,FALSE,513.372047599468,FALSE,TRUE
7961,532013.5791,4417514.11,,FALSE,511.522056471145,FALSE,TRUE
7962,532038.5791,4417514.11,,FALSE,510.890173380216,FALSE,TRUE
7963,532063.5791,4417514.11,,FALSE,511.480912895551,FALSE,TRUE
7964,532088.5791,4417514.11,,FALSE,513.290053728362,FALSE,TRUE
7965,532113.5791,4417514.11,,FALSE,516.304788140168,FALSE,TRUE
7966,532138.5791,4417514.11,,FALSE,520.50416833726,FALSE,TRUE
7967,532163.5791,4417514.11,,FALSE,525.859814262757,FALSE,TRUE
7968,532188.5791,4417514.11,,FALSE,532.336828762072,FALSE,TRUE
7969,532213.5791,4417514.11,,FALSE,539.894854815693,FALSE,TRUE
7970,532238.5791,4417514.11,,FALSE,548.489206143983,FALSE,TRUE
7971,532263.5791,4417514.11,,FALSE,558.072006336508,FALSE,TRUE
7972,532288.5791,4417514.11,,FALSE,568.593281051099,FALSE,TRUE
7973,532313.5791,4417514.11,,FALSE,580.001960562594,FALSE,TRUE
7974,532338.5791,4417514.11,,FALSE,592.246763821004,FALSE,TRUE
7975,532363.5791,4417514.11,,FALSE,605.27694839342,FALSE,TRUE
7976,532388.5791,4417514.11,,FALSE,619.042921982352,FALSE,TRUE
7977,532413.5791,4417514.11,,FALSE,633.49672000449,FALSE,TRUE
7978,532438.5791,4417514.11,,FALSE,648.592359850505,FALSE,TRUE
7979,532463.5791,4417514.11,,FALSE,661.859031861297,FALSE,TRUE
7980,532488.5791,4417514.11,,FALSE,669.224426523997,FALSE,TRUE
7981,532513.5791,4417514.11,,FALSE,677.432866088125,FALSE,TRUE
7982,532538.5791,4417514.11,,FALSE,686.454108485316,FALSE,TRUE
7983,532563.5791,4417514.11,,FALSE,696.256560512264,FALSE,TRUE
7984,532588.5791,4417514.11,,FALSE,706.807720003374,FALSE,TRUE
7985,532613.5791,4417514.11,,FALSE,718.074583909197,FALSE,TRUE
7986,532638.5791,4417514.11,,FALSE,730.024015397004,FALSE,TRUE
7987,532663.5791,4417514.11,,FALSE,742.623065933427,FALSE,TRUE
7988,532688.5791,4417514.11,,FALSE,755.839250804271,FALSE,TRUE
7989,532713.5791,4417514.11,,FALSE,769.640778582035,FALSE,TRUE
7990,532738.5791,4417514.11,,FALSE,783.996736636294,FALSE,TRUE
7991,532763.5791,4417514.11,,FALSE,798.877235910724,FALSE,TRUE
7992,532788.5791,4417514.11,,FALSE,814.25351890941,FALSE,TRUE
7993,532813.5791,4417514.11,,FALSE,830.098035208104,FALSE,TRUE
7994,532838.5791,4417514.11,,FALSE,846.38448890345,FALSE,TRUE
7995,532863.5791,4417514.11,,FALSE,863.087862303921,FALSE,TRUE
7996,532888.5791,4417514.11,,FALSE,880.1844199123,FALSE,TRUE
7997,532913.5791,4417514.11,,FALSE,897.65169640365,FALSE,TRUE
7998,532938.5791,4417514.11,,FALSE,915.468471907334,FALSE,TRUE
7999,532963.5791,4417514.11,,FALSE,933.614737488836,FALSE,TRUE
8000,532988.5791,4417514.11,,FALSE,952.071653320456,FALSE,TRUE
8001,531013.5791,4417489.11,,FALSE,1157.00739593855,FALSE,TRUE
8002,531038.5791,4417489.11,,FALSE,1134.90971854879,FALSE,TRUE
8003,531063.5791,4417489.11,,FALSE,1112.93486972801,FALSE,TRUE
8004,531088.5791,4417489.11,,FALSE,1091.09027090177,FALSE,TRUE
8005,531113.5791,4417489.11,,FALSE,1069.38390405714,FALSE,TRUE
8006,531138.5791,4417489.11,,FALSE,1047.82435992703,FALSE,TRUE
8007,531163.5791,4417489.11,,FALSE,1026.42089040339,FALSE,TRUE
8008,531188.5791,4417489.11,,FALSE,1005.1834654711,FALSE,TRUE
8009,531213.5791,4417489.11,,FALSE,984.122834943126,FALSE,TRUE
8010,531238.5791,4417489.11,,FALSE,963.250595253641,FALSE,TRUE
8011,531263.5791,4417489.11,,FALSE,942.579261524723,FALSE,TRUE
8012,531288.5791,4417489.11,,FALSE,922.122345058664,FALSE,TRUE
8013,531313.5791,4417489.11,,FALSE,901.894436315298,FALSE,TRUE
8014,531338.5791,4417489.11,,FALSE,881.911293303634,FALSE,TRUE
8015,531363.5791,4417489.11,,FALSE,862.189935139866,FALSE,TRUE
8016,531388.5791,4417489.11,,FALSE,842.748740287688,FALSE,TRUE
8017,531413.5791,4417489.11,,FALSE,823.607548688381,FALSE,TRUE
8018,531438.5791,4417489.11,,FALSE,804.787766592213,FALSE,TRUE
8019,531463.5791,4417489.11,,FALSE,786.312472402976,FALSE,TRUE
8020,531488.5791,4417489.11,,FALSE,768.206521227515,FALSE,TRUE
8021,531513.5791,4417489.11,,FALSE,750.496645066771,FALSE,TRUE
8022,531538.5791,4417489.11,,FALSE,733.211544683032,FALSE,TRUE
8023,531563.5791,4417489.11,,FALSE,716.381968126275,FALSE,TRUE
8024,531588.5791,4417489.11,,FALSE,700.040769710218,FALSE,TRUE
8025,531613.5791,4417489.11,,FALSE,684.222941924979,FALSE,TRUE
8026,531638.5791,4417489.11,,FALSE,668.965611415469,FALSE,TRUE
8027,531663.5791,4417489.11,,FALSE,654.307988837421,FALSE,TRUE
8028,531688.5791,4417489.11,,FALSE,640.291261268237,FALSE,TRUE
8029,531713.5791,4417489.11,,FALSE,626.958415093432,FALSE,TRUE
8030,531738.5791,4417489.11,,FALSE,614.353977163383,FALSE,TRUE
8031,531763.5791,4417489.11,,FALSE,602.523662818702,FALSE,TRUE
8032,531788.5791,4417489.11,,FALSE,591.513921439271,FALSE,TRUE
8033,531813.5791,4417489.11,,FALSE,581.371373784832,FALSE,TRUE
8034,531838.5791,4417489.11,,FALSE,572.142140780122,FALSE,TRUE
8035,531863.5791,4417489.11,,FALSE,563.871070597224,FALSE,TRUE
8036,531888.5791,4417489.11,,FALSE,556.600879676325,FALSE,TRUE
8037,531913.5791,4417489.11,,FALSE,550.371233129473,FALSE,TRUE
8038,531938.5791,4417489.11,,FALSE,545.217799834576,FALSE,TRUE
8039,531963.5791,4417489.11,,FALSE,541.171326158782,FALSE,TRUE
8040,531988.5791,4417489.11,,FALSE,538.256778179758,FALSE,TRUE
8041,532013.5791,4417489.11,,FALSE,536.492604102286,FALSE,TRUE
8042,532038.5791,4417489.11,,FALSE,535.890165291779,FALSE,TRUE
8043,532063.5791,4417489.11,,FALSE,536.453375659478,FALSE,TRUE
8044,532088.5791,4417489.11,,FALSE,538.178575620071,FALSE,TRUE
8045,532113.5791,4417489.11,,FALSE,541.054649972114,FALSE,TRUE
8046,532138.5791,4417489.11,,FALSE,545.063380953486,FALSE,TRUE
8047,532163.5791,4417489.11,,FALSE,550.180010775059,FALSE,TRUE
8048,532188.5791,4417489.11,,FALSE,556.373974280288,FALSE,TRUE
8049,532213.5791,4417489.11,,FALSE,563.609753514292,FALSE,TRUE
8050,532238.5791,4417489.11,,FALSE,571.847802528295,FALSE,TRUE
8051,532263.5791,4417489.11,,FALSE,581.045492415558,FALSE,TRUE
8052,532288.5791,4417489.11,,FALSE,591.15803238765,FALSE,TRUE
8053,532313.5791,4417489.11,,FALSE,602.139331265145,FALSE,TRUE
8054,532338.5791,4417489.11,,FALSE,613.94277360063,FALSE,TRUE
8055,532363.5791,4417489.11,,FALSE,626.521894474913,FALSE,TRUE
8056,532388.5791,4417489.11,,FALSE,639.830945841503,FALSE,TRUE
8057,532413.5791,4417489.11,,FALSE,653.825354553057,FALSE,TRUE
8058,532438.5791,4417489.11,,FALSE,668.462077650206,FALSE,TRUE
8059,532463.5791,4417489.11,,FALSE,683.699864162944,FALSE,TRUE
8060,532488.5791,4417489.11,,FALSE,693.022967192542,FALSE,TRUE
8061,532513.5791,4417489.11,,FALSE,700.952771630411,FALSE,TRUE
8062,532538.5791,4417489.11,,FALSE,709.675096826959,FALSE,TRUE
8063,532563.5791,4417489.11,,FALSE,719.161107163306,FALSE,TRUE
8064,532588.5791,4417489.11,,FALSE,729.381006783389,FALSE,TRUE
8065,532613.5791,4417489.11,,FALSE,740.304402294319,FALSE,TRUE
8066,532638.5791,4417489.11,,FALSE,751.900633765093,FALSE,TRUE
8067,532663.5791,4417489.11,,FALSE,764.139069840266,FALSE,TRUE
8068,532688.5791,4417489.11,,FALSE,776.989364828339,FALSE,TRUE
8069,532713.5791,4417489.11,,FALSE,790.421677369962,FALSE,TRUE
8070,532738.5791,4417489.11,,FALSE,804.406851696542,FALSE,TRUE
8071,532763.5791,4417489.11,,FALSE,818.916563549878,FALSE,TRUE
8072,532788.5791,4417489.11,,FALSE,833.923433569497,FALSE,TRUE
8073,532813.5791,4417489.11,,FALSE,849.40111140517,FALSE,TRUE
8074,532838.5791,4417489.11,,FALSE,865.324334025305,FALSE,TRUE
8075,532863.5791,4417489.11,,FALSE,881.668961717682,FALSE,TRUE
8076,532888.5791,4417489.11,,FALSE,898.411995164988,FALSE,TRUE
8077,532913.5791,4417489.11,,FALSE,915.53157676638,FALSE,TRUE
8078,532938.5791,4417489.11,,FALSE,933.006979103764,FALSE,TRUE
8079,532963.5791,4417489.11,,FALSE,950.818583146296,FALSE,TRUE
8080,532988.5791,4417489.11,,FALSE,968.947848470871,FALSE,TRUE
8081,531013.5791,4417464.11,,FALSE,1168.79665222676,FALSE,TRUE
8082,531038.5791,4417464.11,,FALSE,1146.92613940763,FALSE,TRUE
8083,531063.5791,4417464.11,,FALSE,1125.18599540542,FALSE,TRUE
8084,531088.5791,4417464.11,,FALSE,1103.58392488133,FALSE,TRUE
8085,531113.5791,4417464.11,,FALSE,1082.12819677545,FALSE,TRUE
8086,531138.5791,4417464.11,,FALSE,1060.82769065314,FALSE,TRUE
8087,531163.5791,4417464.11,,FALSE,1039.69194680755,FALSE,TRUE
8088,531188.5791,4417464.11,,FALSE,1018.73122032088,FALSE,TRUE
8089,531213.5791,4417464.11,,FALSE,997.956539262346,FALSE,TRUE
8090,531238.5791,4417464.11,,FALSE,977.379767161402,FALSE,TRUE
8091,531263.5791,4417464.11,,FALSE,957.013669837832,FALSE,TRUE
8092,531288.5791,4417464.11,,FALSE,936.871986589669,FALSE,TRUE
8093,531313.5791,4417464.11,,FALSE,916.969505630625,FALSE,TRUE
8094,531338.5791,4417464.11,,FALSE,897.322143522866,FALSE,TRUE
8095,531363.5791,4417464.11,,FALSE,877.947028160851,FALSE,TRUE
8096,531388.5791,4417464.11,,FALSE,858.862584617859,FALSE,TRUE
8097,531413.5791,4417464.11,,FALSE,840.088622858605,FALSE,TRUE
8098,531438.5791,4417464.11,,FALSE,821.646425937864,FALSE,TRUE
8099,531463.5791,4417464.11,,FALSE,803.558836835527,FALSE,TRUE
8100,531488.5791,4417464.11,,FALSE,785.850341513232,FALSE,TRUE
8101,531513.5791,4417464.11,,FALSE,768.547145109825,FALSE,TRUE
8102,531538.5791,4417464.11,,FALSE,751.67723742073,FALSE,TRUE
8103,531563.5791,4417464.11,,FALSE,735.270442936787,FALSE,TRUE
8104,531588.5791,4417464.11,,FALSE,719.358449770667,FALSE,TRUE
8105,531613.5791,4417464.11,,FALSE,703.974810811052,FALSE,TRUE
8106,531638.5791,4417464.11,,FALSE,689.154909477147,FALSE,TRUE
8107,531663.5791,4417464.11,,FALSE,674.935881589099,FALSE,TRUE
8108,531688.5791,4417464.11,,FALSE,661.35648424768,FALSE,TRUE
8109,531713.5791,4417464.11,,FALSE,648.456902389396,FALSE,TRUE
8110,531738.5791,4417464.11,,FALSE,636.278484043308,FALSE,TRUE
8111,531763.5791,4417464.11,,FALSE,624.863396476741,FALSE,TRUE
8112,531788.5791,4417464.11,,FALSE,614.254197589603,FALSE,TRUE
8113,531813.5791,4417464.11,,FALSE,604.493320274464,FALSE,TRUE
8114,531838.5791,4417464.11,,FALSE,595.622472088188,FALSE,TRUE
8115,531863.5791,4417464.11,,FALSE,587.681958423468,FALSE,TRUE
8116,531888.5791,4417464.11,,FALSE,580.709944168723,FALSE,TRUE
8117,531913.5791,4417464.11,,FALSE,574.741676108876,FALSE,TRUE
8118,531938.5791,4417464.11,,FALSE,569.808695314874,FALSE,TRUE
8119,531963.5791,4417464.11,,FALSE,565.938074577456,FALSE,TRUE
8120,531988.5791,4417464.11,,FALSE,563.151719571588,FALSE,TRUE
8121,532013.5791,4417464.11,,FALSE,561.465773005297,FALSE,TRUE
8122,532038.5791,4417464.11,,FALSE,560.890157924378,FALSE,TRUE
8123,532063.5791,4417464.11,,FALSE,561.428289504931,FALSE,TRUE
8124,532088.5791,4417464.11,,FALSE,563.076974539389,FALSE,TRUE
8125,532113.5791,4417464.11,,FALSE,565.826505438222,FALSE,TRUE
8126,532138.5791,4417464.11,,FALSE,569.660942365218,FALSE,TRUE
8127,532163.5791,4417464.11,,FALSE,574.558564688081,FALSE,TRUE
8128,532188.5791,4417464.11,,FALSE,580.492462704234,FALSE,TRUE
8129,532213.5791,4417464.11,,FALSE,587.431233640521,FALSE,TRUE
8130,532238.5791,4417464.11,,FALSE,595.339742715387,FALSE,TRUE
8131,532263.5791,4417464.11,,FALSE,604.179910503835,FALSE,TRUE
8132,532288.5791,4417464.11,,FALSE,613.91149138652,FALSE,TRUE
8133,532313.5791,4417464.11,,FALSE,624.492813614712,FALSE,TRUE
8134,532338.5791,4417464.11,,FALSE,635.88145849397,FALSE,TRUE
8135,532363.5791,4417464.11,,FALSE,648.034863457528,FALSE,TRUE
8136,532388.5791,4417464.11,,FALSE,660.910840625583,FALSE,TRUE
8137,532413.5791,4417464.11,,FALSE,674.468008326869,FALSE,TRUE
8138,532438.5791,4417464.11,,FALSE,688.666137730332,FALSE,TRUE
8139,532463.5791,4417464.11,,FALSE,703.466420134189,FALSE,TRUE
8140,532488.5791,4417464.11,,FALSE,716.903294075525,FALSE,TRUE
8141,532513.5791,4417464.11,,FALSE,724.571796343425,FALSE,TRUE
8142,532538.5791,4417464.11,,FALSE,733.013126114626,FALSE,TRUE
8143,532563.5791,4417464.11,,FALSE,742.200914885138,FALSE,TRUE
8144,532588.5791,4417464.11,,FALSE,752.107806804539,FALSE,TRUE
8145,532613.5791,4417464.11,,FALSE,762.705780793834,FALSE,TRUE
8146,532638.5791,4417464.11,,FALSE,773.96644827559,FALSE,TRUE
8147,532663.5791,4417464.11,,FALSE,785.861322407669,FALSE,TRUE
8148,532688.5791,4417464.11,,FALSE,798.362056373127,FALSE,TRUE
8149,532713.5791,4417464.11,,FALSE,811.440649743607,FALSE,TRUE
8150,532738.5791,4417464.11,,FALSE,825.069623156934,FALSE,TRUE
8151,532763.5791,4417464.11,,FALSE,839.222162514983,FALSE,TRUE
8152,532788.5791,4417464.11,,FALSE,853.872234620803,FALSE,TRUE
8153,532813.5791,4417464.11,,FALSE,868.994676655917,FALSE,TRUE
8154,532838.5791,4417464.11,,FALSE,884.565262180423,FALSE,TRUE
8155,532863.5791,4417464.11,,FALSE,900.560746455407,FALSE,TRUE
8156,532888.5791,4417464.11,,FALSE,916.958893874921,FALSE,TRUE
8157,532913.5791,4417464.11,,FALSE,933.738490186796,FALSE,TRUE
8158,532938.5791,4417464.11,,FALSE,950.879342007342,FALSE,TRUE
8159,532963.5791,4417464.11,,FALSE,968.362265919276,FALSE,TRUE
8160,532988.5791,4417464.11,,FALSE,986.169069204826,FALSE,TRUE
8161,531013.5791,4417439.11,,FALSE,1180.99750814998,FALSE,TRUE
8162,531038.5791,4417439.11,,FALSE,1159.35717932675,FALSE,TRUE
8163,531063.5791,4417439.11,,FALSE,1137.85457078507,FALSE,TRUE
8164,531088.5791,4417439.11,,FALSE,1116.49763961079,FALSE,TRUE
8165,531113.5791,4417439.11,,FALSE,1095.29490743656,FALSE,TRUE
8166,531138.5791,4417439.11,,FALSE,1074.25550464332,FALSE,TRUE
8167,531163.5791,4417439.11,,FALSE,1053.38921783758,FALSE,TRUE
8168,531188.5791,4417439.11,,FALSE,1032.70654072513,FALSE,TRUE
8169,531213.5791,4417439.11,,FALSE,1012.21872846557,FALSE,TRUE
8170,531238.5791,4417439.11,,FALSE,991.937855541596,FALSE,TRUE
8171,531263.5791,4417439.11,,FALSE,971.876877107619,FALSE,TRUE
8172,531288.5791,4417439.11,,FALSE,952.049693690648,FALSE,TRUE
8173,531313.5791,4417439.11,,FALSE,932.471218996305,FALSE,TRUE
8174,531338.5791,4417439.11,,FALSE,913.157450419397,FALSE,TRUE
8175,531363.5791,4417439.11,,FALSE,894.125541664286,FALSE,TRUE
8176,531388.5791,4417439.11,,FALSE,875.393876638654,FALSE,TRUE
8177,531413.5791,4417439.11,,FALSE,856.982143487512,FALSE,TRUE
8178,531438.5791,4417439.11,,FALSE,838.911407275196,FALSE,TRUE
8179,531463.5791,4417439.11,,FALSE,821.204179395385,FALSE,TRUE
8180,531488.5791,4417439.11,,FALSE,803.884481288479,FALSE,TRUE
8181,531513.5791,4417439.11,,FALSE,786.977899471418,FALSE,TRUE
8182,531538.5791,4417439.11,,FALSE,770.511628242198,FALSE,TRUE
8183,531563.5791,4417439.11,,FALSE,754.514495723205,FALSE,TRUE
8184,531588.5791,4417439.11,,FALSE,739.016968178973,FALSE,TRUE
8185,531613.5791,4417439.11,,FALSE,724.051126824922,FALSE,TRUE
8186,531638.5791,4417439.11,,FALSE,709.650610692641,FALSE,TRUE
8187,531663.5791,4417439.11,,FALSE,695.850518614765,FALSE,TRUE
8188,531688.5791,4417439.11,,FALSE,682.687263142089,FALSE,TRUE
8189,531713.5791,4417439.11,,FALSE,670.198369332867,FALSE,TRUE
8190,531738.5791,4417439.11,,FALSE,658.422212001109,FALSE,TRUE
8191,531763.5791,4417439.11,,FALSE,647.397686323045,FALSE,TRUE
8192,531788.5791,4417439.11,,FALSE,637.163808809344,FALSE,TRUE
8193,531813.5791,4417439.11,,FALSE,627.759248642686,FALSE,TRUE
8194,531838.5791,4417439.11,,FALSE,619.2217932667,FALSE,TRUE
8195,531863.5791,4417439.11,,FALSE,611.587756790819,FALSE,TRUE
8196,531888.5791,4417439.11,,FALSE,604.891345000427,FALSE,TRUE
8197,531913.5791,4417439.11,,FALSE,599.163996128292,FALSE,TRUE
8198,531938.5791,4417439.11,,FALSE,594.43372150007,FALSE,TRUE
8199,531963.5791,4417439.11,,FALSE,590.724474062503,FALSE,TRUE
8200,531988.5791,4417439.11,,FALSE,588.055574972655,FALSE,TRUE
8201,532013.5791,4417439.11,,FALSE,586.441228305462,FALSE,TRUE
8202,532038.5791,4417439.11,,FALSE,585.890151185713,FALSE,TRUE
8203,532063.5791,4417439.11,,FALSE,586.40534125843,FALSE,TRUE
8204,532088.5791,4417439.11,,FALSE,587.983995748536,FALSE,TRUE
8205,532113.5791,4417439.11,,FALSE,590.617587154678,FALSE,TRUE
8206,532138.5791,4417439.11,,FALSE,594.292090858032,FALSE,TRUE
8207,532163.5791,4417439.11,,FALSE,598.988350685062,FALSE,TRUE
8208,532188.5791,4417439.11,,FALSE,604.682560734481,FALSE,TRUE
8209,532213.5791,4417439.11,,FALSE,611.346836301954,FALSE,TRUE
8210,532238.5791,4417439.11,,FALSE,618.949843894,FALSE,TRUE
8211,532263.5791,4417439.11,,FALSE,627.457460116943,FALSE,TRUE
8212,532288.5791,4417439.11,,FALSE,636.833431327536,FALSE,TRUE
8213,532313.5791,4417439.11,,FALSE,647.040009780232,FALSE,TRUE
8214,532338.5791,4417439.11,,FALSE,658.038546938096,FALSE,TRUE
8215,532363.5791,4417439.11,,FALSE,669.790029976858,FALSE,TRUE
8216,532388.5791,4417439.11,,FALSE,682.255552748674,FALSE,TRUE
8217,532413.5791,4417439.11,,FALSE,695.396717174015,FALSE,TRUE
8218,532438.5791,4417439.11,,FALSE,709.17596494551,FALSE,TRUE
8219,532463.5791,4417439.11,,FALSE,723.556842450125,FALSE,TRUE
8220,532488.5791,4417439.11,,FALSE,738.504203953094,FALSE,TRUE
8221,532513.5791,4417439.11,,FALSE,748.280554375377,FALSE,TRUE
8222,532538.5791,4417439.11,,FALSE,756.457363673803,FALSE,TRUE
8223,532563.5791,4417439.11,,FALSE,765.363768450218,FALSE,TRUE
8224,532588.5791,4417439.11,,FALSE,774.974614459285,FALSE,TRUE
8225,532613.5791,4417439.11,,FALSE,785.264037159678,FALSE,TRUE
8226,532638.5791,4417439.11,,FALSE,796.205729102921,FALSE,TRUE
8227,532663.5791,4417439.11,,FALSE,807.77318478414,FALSE,TRUE
8228,532688.5791,4417439.11,,FALSE,819.939920394361,FALSE,TRUE
8229,532713.5791,4417439.11,,FALSE,832.679667132752,FALSE,TRUE
8230,532738.5791,4417439.11,,FALSE,845.966537787582,FALSE,TRUE
8231,532763.5791,4417439.11,,FALSE,859.775167154942,FALSE,TRUE
8232,532788.5791,4417439.11,,FALSE,874.080827530444,FALSE,TRUE
8233,532813.5791,4417439.11,,FALSE,888.859520990975,FALSE,TRUE
8234,532838.5791,4417439.11,,FALSE,904.088050499676,FALSE,TRUE
8235,532863.5791,4417439.11,,FALSE,919.744072041947,FALSE,TRUE
8236,532888.5791,4417439.11,,FALSE,935.80613005916,FALSE,TRUE
8237,532913.5791,4417439.11,,FALSE,952.253678415736,FALSE,TRUE
8238,532938.5791,4417439.11,,FALSE,969.067089037853,FALSE,TRUE
8239,532963.5791,4417439.11,,FALSE,986.227650218902,FALSE,TRUE
8240,532988.5791,4417439.11,,FALSE,1003.7175564153,FALSE,TRUE
8241,531013.5791,4417414.11,,FALSE,1193.59734175997,FALSE,TRUE
8242,531038.5791,4417414.11,,FALSE,1172.18964730817,FALSE,TRUE
8243,531063.5791,4417414.11,,FALSE,1150.92681099037,FALSE,TRUE
8244,531088.5791,4417414.11,,FALSE,1129.81701140337,FALSE,TRUE
8245,531113.5791,4417414.11,,FALSE,1108.86898877029,FALSE,TRUE
8246,531138.5791,4417414.11,,FALSE,1088.0920867539,FALSE,TRUE
8247,531163.5791,4417414.11,,FALSE,1067.4962970692,FALSE,TRUE
8248,531188.5791,4417414.11,,FALSE,1047.09230694168,FALSE,TRUE
8249,531213.5791,4417414.11,,FALSE,1026.8915494133,FALSE,TRUE
8250,531238.5791,4417414.11,,FALSE,1006.90625643922,FALSE,TRUE
8251,531263.5791,4417414.11,,FALSE,987.149514641243,FALSE,TRUE
8252,531288.5791,4417414.11,,FALSE,967.635323485268,FALSE,TRUE
8253,531313.5791,4417414.11,,FALSE,948.378655525544,FALSE,TRUE
8254,531338.5791,4417414.11,,FALSE,929.395518203331,FALSE,TRUE
8255,531363.5791,4417414.11,,FALSE,910.703016496836,FALSE,TRUE
8256,531388.5791,4417414.11,,FALSE,892.31941548777,FALSE,TRUE
8257,531413.5791,4417414.11,,FALSE,874.264201632683,FALSE,TRUE
8258,531438.5791,4417414.11,,FALSE,856.558141200253,FALSE,TRUE
8259,531463.5791,4417414.11,,FALSE,839.223333956123,FALSE,TRUE
8260,531488.5791,4417414.11,,FALSE,822.283259744736,FALSE,TRUE
8261,531513.5791,4417414.11,,FALSE,805.762815136333,FALSE,TRUE
8262,531538.5791,4417414.11,,FALSE,789.688336786372,FALSE,TRUE
8263,531563.5791,4417414.11,,FALSE,774.08760761068,FALSE,TRUE
8264,531588.5791,4417414.11,,FALSE,758.989841339411,FALSE,TRUE
8265,531613.5791,4417414.11,,FALSE,744.425640515171,FALSE,TRUE
8266,531638.5791,4417414.11,,FALSE,730.426922598299,FALSE,TRUE
8267,531663.5791,4417414.11,,FALSE,717.026808603709,FALSE,TRUE
8268,531688.5791,4417414.11,,FALSE,704.259468701997,FALSE,TRUE
8269,531713.5791,4417414.11,,FALSE,692.159919568027,FALSE,TRUE
8270,531738.5791,4417414.11,,FALSE,680.763769053859,FALSE,TRUE
8271,531763.5791,4417414.11,,FALSE,670.10690509531,FALSE,TRUE
8272,531788.5791,4417414.11,,FALSE,660.225127707522,FALSE,TRUE
8273,531813.5791,4417414.11,,FALSE,651.153725518339,FALSE,TRUE
8274,531838.5791,4417414.11,,FALSE,642.927001498934,FALSE,TRUE
8275,531863.5791,4417414.11,,FALSE,635.577756263079,FALSE,TRUE
8276,531888.5791,4417414.11,,FALSE,629.136741302245,FALSE,TRUE
8277,531913.5791,4417414.11,,FALSE,623.632098481474,FALSE,TRUE
8278,531938.5791,4417414.11,,FALSE,619.088805630021,FALSE,TRUE
8279,531963.5791,4417414.11,,FALSE,615.528150661206,FALSE,TRUE
8280,531988.5791,4417414.11,,FALSE,612.96725789915,FALSE,TRUE
8281,532013.5791,4417414.11,,FALSE,611.418689816072,FALSE,TRUE
8282,532038.5791,4417414.11,,FALSE,610.890144998592,FALSE,TRUE
8283,532063.5791,4417414.11,,FALSE,611.384268898374,FALSE,TRUE
8284,532088.5791,4417414.11,,FALSE,612.89858806853,FALSE,TRUE
8285,532113.5791,4417414.11,,FALSE,615.425571662729,FALSE,TRUE
8286,532138.5791,4417414.11,,FALSE,618.952816664077,FALSE,TRUE
8287,532163.5791,4417414.11,,FALSE,623.463346361591,FALSE,TRUE
8288,532188.5791,4417414.11,,FALSE,628.936005692465,FALSE,TRUE
8289,532213.5791,4417414.11,,FALSE,635.345932745612,FALSE,TRUE
8290,532238.5791,4417414.11,,FALSE,642.66508327152,FALSE,TRUE
8291,532263.5791,4417414.11,,FALSE,650.862784507141,FALSE,TRUE
8292,532288.5791,4417414.11,,FALSE,659.906295815086,FALSE,TRUE
8293,532313.5791,4417414.11,,FALSE,669.76135619815,FALSE,TRUE
8294,532338.5791,4417414.11,,FALSE,680.392702236278,FALSE,TRUE
8295,532363.5791,4417414.11,,FALSE,691.764543942795,FALSE,TRUE
8296,532388.5791,4417414.11,,FALSE,703.840990037083,FALSE,TRUE
8297,532413.5791,4417414.11,,FALSE,716.586417856479,FALSE,TRUE
8298,532438.5791,4417414.11,,FALSE,729.965786360141,FALSE,TRUE
8299,532463.5791,4417414.11,,FALSE,743.944893292761,FALSE,TRUE
8300,532488.5791,4417414.11,,FALSE,758.490579543594,FALSE,TRUE
8301,532513.5791,4417414.11,,FALSE,772.070779175267,FALSE,TRUE
8302,532538.5791,4417414.11,,FALSE,779.998232726397,FALSE,TRUE
8303,532563.5791,4417414.11,,FALSE,788.638826115162,FALSE,TRUE
8304,532588.5791,4417414.11,,FALSE,797.969393558613,FALSE,TRUE
8305,532613.5791,4417414.11,,FALSE,807.966031499035,FALSE,TRUE
8306,532638.5791,4417414.11,,FALSE,818.604338527654,FALSE,TRUE
8307,532663.5791,4417414.11,,FALSE,829.859637563062,FALSE,TRUE
8308,532688.5791,4417414.11,,FALSE,841.707177738372,FALSE,TRUE
8309,532713.5791,4417414.11,,FALSE,854.122314458704,FALSE,TRUE
8310,532738.5791,4417414.11,,FALSE,867.080666983351,FALSE,TRUE
8311,532763.5791,4417414.11,,FALSE,880.55825364157,FALSE,TRUE
8312,532788.5791,4417414.11,,FALSE,894.531605398205,FALSE,TRUE
8313,532813.5791,4417414.11,,FALSE,908.977858947229,FALSE,TRUE
8314,532838.5791,4417414.11,,FALSE,923.874830838186,FALSE,TRUE
8315,532863.5791,4417414.11,,FALSE,939.201074347919,FALSE,TRUE
8316,532888.5791,4417414.11,,FALSE,954.935920916312,FALSE,TRUE
8317,532913.5791,4417414.11,,FALSE,971.059507989229,FALSE,TRUE
8318,532938.5791,4417414.11,,FALSE,987.552795072892,FALSE,TRUE
8319,532963.5791,4417414.11,,FALSE,1004.39756971843,FALSE,TRUE
8320,532988.5791,4417414.11,,FALSE,1021.5764450379,FALSE,TRUE
8321,531013.5791,4417389.11,,FALSE,1206.58365406483,FALSE,TRUE
8322,531038.5791,4417389.11,,FALSE,1185.41050664166,FALSE,TRUE
8323,531063.5791,4417389.11,,FALSE,1164.38912063641,FALSE,TRUE
8324,531088.5791,4417389.11,,FALSE,1143.52786553561,FALSE,TRUE
8325,531113.5791,4417389.11,,FALSE,1122.83566663,FALSE,TRUE
8326,531138.5791,4417389.11,,FALSE,1102.32204425768,FALSE,TRUE
8327,531163.5791,4417389.11,,FALSE,1081.99715538278,FALSE,TRUE
8328,531188.5791,4417389.11,,FALSE,1061.87183749096,FALSE,TRUE
8329,531213.5791,4417389.11,,FALSE,1041.95765473287,FALSE,TRUE
8330,531238.5791,4417389.11,,FALSE,1022.26694618208,FALSE,TRUE
8331,531263.5791,4417389.11,,FALSE,1002.81287599254,FALSE,TRUE
8332,531288.5791,4417389.11,,FALSE,983.609485139516,FALSE,TRUE
8333,531313.5791,4417389.11,,FALSE,964.671744302912,FALSE,TRUE
8334,531338.5791,4417389.11,,FALSE,946.015607300652,FALSE,TRUE
8335,531363.5791,4417389.11,,FALSE,927.658064297627,FALSE,TRUE
8336,531388.5791,4417389.11,,FALSE,909.617193799907,FALSE,TRUE
8337,531413.5791,4417389.11,,FALSE,891.912212191546,FALSE,TRUE
8338,531438.5791,4417389.11,,FALSE,874.56351928057,FALSE,TRUE
8339,531463.5791,4417389.11,,FALSE,857.592737991883,FALSE,TRUE
8340,531488.5791,4417389.11,,FALSE,841.0227459804,FALSE,TRUE
8341,531513.5791,4417389.11,,FALSE,824.87769654441,FALSE,TRUE
8342,531538.5791,4417389.11,,FALSE,809.183025808383,FALSE,TRUE
8343,531563.5791,4417389.11,,FALSE,793.965442734386,FALSE,TRUE
8344,531588.5791,4417389.11,,FALSE,779.252898137958,FALSE,TRUE
8345,531613.5791,4417389.11,,FALSE,765.074528563333,FALSE,TRUE
8346,531638.5791,4417389.11,,FALSE,751.460570659835,FALSE,TRUE
8347,531663.5791,4417389.11,,FALSE,738.442241652252,FALSE,TRUE
8348,531688.5791,4417389.11,,FALSE,726.051581677502,FALSE,TRUE
8349,531713.5791,4417389.11,,FALSE,714.321254238176,FALSE,TRUE
8350,531738.5791,4417389.11,,FALSE,703.284301869734,FALSE,TRUE
8351,531763.5791,4417389.11,,FALSE,692.973855391672,FALSE,TRUE
8352,531788.5791,4417389.11,,FALSE,683.422796851551,FALSE,TRUE
8353,531813.5791,4417389.11,,FALSE,674.663378475811,FALSE,TRUE
8354,531838.5791,4417389.11,,FALSE,666.726802563384,FALSE,TRUE
8355,531863.5791,4417389.11,,FALSE,659.642770184282,FALSE,TRUE
8356,531888.5791,4417389.11,,FALSE,653.43900959186,FALSE,TRUE
8357,531913.5791,4417389.11,,FALSE,648.140798173044,FALSE,TRUE
8358,531938.5791,4417389.11,,FALSE,643.770494241845,FALSE,TRUE
8359,531963.5791,4417389.11,,FALSE,640.347096703333,FALSE,TRUE
8360,531988.5791,4417389.11,,FALSE,637.885851274651,FALSE,TRUE
8361,532013.5791,4417389.11,,FALSE,636.397921316832,FALSE,TRUE
8362,532038.5791,4417389.11,,FALSE,635.890139297964,FALSE,TRUE
8363,532063.5791,4417389.11,,FALSE,636.364851524958,FALSE,TRUE
8364,532088.5791,4417389.11,,FALSE,637.8198642692,FALSE,TRUE
8365,532113.5791,4417389.11,,FALSE,640.248494146124,FALSE,TRUE
8366,532138.5791,4417389.11,,FALSE,643.639720073566,FALSE,TRUE
8367,532163.5791,4417389.11,,FALSE,647.978428851128,FALSE,TRUE
8368,532188.5791,4417389.11,,FALSE,653.245741858587,FALSE,TRUE
8369,532213.5791,4417389.11,,FALSE,659.419406945515,FALSE,TRUE
8370,532238.5791,4417389.11,,FALSE,666.474237503876,FALSE,TRUE
8371,532263.5791,4417389.11,,FALSE,674.382580036267,FALSE,TRUE
8372,532288.5791,4417389.11,,FALSE,683.114792151634,FALSE,TRUE
8373,532313.5791,4417389.11,,FALSE,692.639714610972,FALSE,TRUE
8374,532338.5791,4417389.11,,FALSE,702.925123506315,FALSE,TRUE
8375,532363.5791,4417389.11,,FALSE,713.938151562421,FALSE,TRUE
8376,532388.5791,4417389.11,,FALSE,725.645670597135,FALSE,TRUE
8377,532413.5791,4417389.11,,FALSE,738.014630109975,FALSE,TRUE
8378,532438.5791,4417389.11,,FALSE,751.012349603096,FALSE,TRUE
8379,532463.5791,4417389.11,,FALSE,764.606764458935,FALSE,TRUE
8380,532488.5791,4417389.11,,FALSE,778.76662695339,FALSE,TRUE
8381,532513.5791,4417389.11,,FALSE,793.46166527209,FALSE,TRUE
8382,532538.5791,4417389.11,,FALSE,803.62724136025,FALSE,TRUE
8383,532563.5791,4417389.11,,FALSE,812.016439523416,FALSE,TRUE
8384,532588.5791,4417389.11,,FALSE,821.081392467448,FALSE,TRUE
8385,532613.5791,4417389.11,,FALSE,830.799980775326,FALSE,TRUE
8386,532638.5791,4417389.11,,FALSE,841.149548568078,FALSE,TRUE
8387,532663.5791,4417389.11,,FALSE,852.10710480331,FALSE,TRUE
8388,532688.5791,4417389.11,,FALSE,863.649508224417,FALSE,TRUE
8389,532713.5791,4417389.11,,FALSE,875.753634338035,FALSE,TRUE
8390,532738.5791,4417389.11,,FALSE,888.396523550309,FALSE,TRUE
8391,532763.5791,4417389.11,,FALSE,901.555510246748,FALSE,TRUE
8392,532788.5791,4417389.11,,FALSE,915.20833314403,FALSE,TRUE
8393,532813.5791,4417389.11,,FALSE,929.333227672546,FALSE,TRUE
8394,532838.5791,4417389.11,,FALSE,943.909001470094,FALSE,TRUE
8395,532863.5791,4417389.11,,FALSE,958.915094289515,FALSE,TRUE
8396,532888.5791,4417389.11,,FALSE,974.331623758701,FALSE,TRUE
8397,532913.5791,4417389.11,,FALSE,990.139418494318,FALSE,TRUE
8398,532938.5791,4417389.11,,FALSE,1006.32004007486,FALSE,TRUE
8399,532963.5791,4417389.11,,FALSE,1022.85579533787,FALSE,TRUE
8400,532988.5791,4417389.11,,FALSE,1039.72974039231,FALSE,TRUE
8401,531013.5791,4417364.11,,FALSE,1219.94410292293,FALSE,TRUE
8402,531038.5791,4417364.11,,FALSE,1199.00690959494,FALSE,TRUE
8403,531063.5791,4417364.11,,FALSE,1178.22812912289,FALSE,TRUE
8404,531088.5791,4417364.11,,FALSE,1157.61629189314,FALSE,TRUE
8405,531113.5791,4417364.11,,FALSE,1137.180475675,FALSE,TRUE
8406,531138.5791,4417364.11,,FALSE,1116.9303421684,FALSE,TRUE
8407,531163.5791,4417364.11,,FALSE,1096.87617544389,FALSE,TRUE
8408,531188.5791,4417364.11,,FALSE,1077.02892220052,FALSE,TRUE
8409,531213.5791,4417364.11,,FALSE,1057.40023371305,FALSE,TRUE
8410,531238.5791,4417364.11,,FALSE,1038.00250927269,FALSE,TRUE
8411,531263.5791,4417364.11,,FALSE,1018.84894084276,FALSE,TRUE
8412,531288.5791,4417364.11,,FALSE,999.953558549799,FALSE,TRUE
8413,531313.5791,4417364.11,,FALSE,981.331276509826,FALSE,TRUE
8414,531338.5791,4417364.11,,FALSE,962.997938344836,FALSE,TRUE
8415,531363.5791,4417364.11,,FALSE,944.970361575644,FALSE,TRUE
8416,531388.5791,4417364.11,,FALSE,927.266379880346,FALSE,TRUE
8417,531413.5791,4417364.11,,FALSE,909.904881982947,FALSE,TRUE
8418,531438.5791,4417364.11,,FALSE,892.905845683854,FALSE,TRUE
8419,531463.5791,4417364.11,,FALSE,876.290365265074,FALSE,TRUE
8420,531488.5791,4417364.11,,FALSE,860.080670202741,FALSE,TRUE
8421,531513.5791,4417364.11,,FALSE,844.300132806098,FALSE,TRUE
8422,531538.5791,4417364.11,,FALSE,828.973262087743,FALSE,TRUE
8423,531563.5791,4417364.11,,FALSE,814.125680872672,FALSE,TRUE
8424,531588.5791,4417364.11,,FALSE,799.784082897622,FALSE,TRUE
8425,531613.5791,4417364.11,,FALSE,785.976166468417,FALSE,TRUE
8426,531638.5791,4417364.11,,FALSE,772.730541169681,FALSE,TRUE
8427,531663.5791,4417364.11,,FALSE,760.076604202752,FALSE,TRUE
8428,531688.5791,4417364.11,,FALSE,748.044383212912,FALSE,TRUE
8429,531713.5791,4417364.11,,FALSE,736.664343005947,FALSE,TRUE
8430,531738.5791,4417364.11,,FALSE,725.967154392251,FALSE,TRUE
8431,531763.5791,4417364.11,,FALSE,715.983424568182,FALSE,TRUE
8432,531788.5791,4417364.11,,FALSE,706.743389962991,FALSE,TRUE
8433,531813.5791,4417364.11,,FALSE,698.27657432881,FALSE,TRUE
8434,531838.5791,4417364.11,,FALSE,690.611416975116,FALSE,TRUE
8435,531863.5791,4417364.11,,FALSE,683.77487834548,FALSE,TRUE
8436,531888.5791,4417364.11,,FALSE,677.792032452709,FALSE,TRUE
8437,531913.5791,4417364.11,,FALSE,672.685657834604,FALSE,TRUE
8438,531938.5791,4417364.11,,FALSE,668.475840443297,FALSE,TRUE
8439,531963.5791,4417364.11,,FALSE,665.179603006865,FALSE,TRUE
8440,531988.5791,4417364.11,,FALSE,662.810575697438,FALSE,TRUE
8441,532013.5791,4417364.11,,FALSE,661.378722258562,FALSE,TRUE
8442,532038.5791,4417364.11,,FALSE,660.89013402862,FALSE,TRUE
8443,532063.5791,4417364.11,,FALSE,661.346901600337,FALSE,TRUE
8444,532088.5791,4417364.11,,FALSE,662.747070349137,FALSE,TRUE
8445,532113.5791,4417364.11,,FALSE,665.084682019036,FALSE,TRUE
8446,532138.5791,4417364.11,,FALSE,668.349900318958,FALSE,TRUE
8447,532163.5791,4417364.11,,FALSE,672.529214425931,FALSE,TRUE
8448,532188.5791,4417364.11,,FALSE,677.605710761324,FALSE,TRUE
8449,532213.5791,4417364.11,,FALSE,683.559400678798,FALSE,TRUE
8450,532238.5791,4417364.11,,FALSE,690.367589952162,FALSE,TRUE
8451,532263.5791,4417364.11,,FALSE,698.005275235334,FALSE,TRUE
8452,532288.5791,4417364.11,,FALSE,706.44555293126,FALSE,TRUE
8453,532313.5791,4417364.11,,FALSE,715.660027007484,FALSE,TRUE
8454,532338.5791,4417364.11,,FALSE,725.619204029463,FALSE,TRUE
8455,532363.5791,4417364.11,,FALSE,736.292865819267,FALSE,TRUE
8456,532388.5791,4417364.11,,FALSE,747.65041246317,FALSE,TRUE
8457,532413.5791,4417364.11,,FALSE,759.661170691478,FALSE,TRUE
8458,532438.5791,4417364.11,,FALSE,772.294664785628,FALSE,TRUE
8459,532463.5791,4417364.11,,FALSE,785.520849027156,FALSE,TRUE
8460,532488.5791,4417364.11,,FALSE,799.310302233334,FALSE,TRUE
8461,532513.5791,4417364.11,,FALSE,813.634386107385,FALSE,TRUE
8462,532538.5791,4417364.11,,FALSE,827.336837724677,FALSE,TRUE
8463,532563.5791,4417364.11,,FALSE,835.487999947497,FALSE,TRUE
8464,532588.5791,4417364.11,,FALSE,844.300984872259,FALSE,TRUE
8465,532613.5791,4417364.11,,FALSE,853.755297527497,FALSE,TRUE
8466,532638.5791,4417364.11,,FALSE,863.829880854016,FALSE,TRUE
8467,532663.5791,4417364.11,,FALSE,874.503297910455,FALSE,TRUE
8468,532688.5791,4417364.11,,FALSE,885.753900954583,FALSE,TRUE
8469,532713.5791,4417364.11,,FALSE,897.559985770455,FALSE,TRUE
8470,532738.5791,4417364.11,,FALSE,909.899930243023,FALSE,TRUE
8471,532763.5791,4417364.11,,FALSE,922.752316743912,FALSE,TRUE
8472,532788.5791,4417364.11,,FALSE,936.096038372269,FALSE,TRUE
8473,532813.5791,4417364.11,,FALSE,949.910389487479,FALSE,TRUE
8474,532838.5791,4417364.11,,FALSE,964.17514127686,FALSE,TRUE
8475,532863.5791,4417364.11,,FALSE,978.870603326227,FALSE,TRUE
8476,532888.5791,4417364.11,,FALSE,993.977672312739,FALSE,TRUE
8477,532913.5791,4417364.11,,FALSE,1009.47786902747,FALSE,TRUE
8478,532938.5791,4417364.11,,FALSE,1025.35336497046,FALSE,TRUE
8479,532963.5791,4417364.11,,FALSE,1041.58699975386,FALSE,TRUE
8480,532988.5791,4417364.11,,FALSE,1058.16229050947,FALSE,TRUE
8481,531013.5791,4417339.11,,FALSE,1233.66653284281,FALSE,TRUE
8482,531038.5791,4417339.11,,FALSE,1212.96622758278,FALSE,TRUE
8483,531063.5791,4417339.11,,FALSE,1192.43072094625,FALSE,TRUE
8484,531088.5791,4417339.11,,FALSE,1172.0686751451,FALSE,TRUE
8485,531113.5791,4417339.11,,FALSE,1151.88928906228,FALSE,TRUE
8486,531138.5791,4417339.11,,FALSE,1131.90233203064,FALSE,TRUE
8487,531163.5791,4417339.11,,FALSE,1112.11817908728,FALSE,TRUE
8488,531188.5791,4417339.11,,FALSE,1092.54784758215,FALSE,TRUE
8489,531213.5791,4417339.11,,FALSE,1073.20303496421,FALSE,TRUE
8490,531238.5791,4417339.11,,FALSE,1054.09615750006,FALSE,TRUE
8491,531263.5791,4417339.11,,FALSE,1035.24038959866,FALSE,TRUE
8492,531288.5791,4417339.11,,FALSE,1016.64970331791,FALSE,TRUE
8493,531313.5791,4417339.11,,FALSE,998.338907514071,FALSE,TRUE
8494,531338.5791,4417339.11,,FALSE,980.323685961115,FALSE,TRUE
8495,531363.5791,4417339.11,,FALSE,962.620633612425,FALSE,TRUE
8496,531388.5791,4417339.11,,FALSE,945.247290002137,FALSE,TRUE
8497,531413.5791,4417339.11,,FALSE,928.222168587016,FALSE,TRUE
8498,531438.5791,4417339.11,,FALSE,911.564780614292,FALSE,TRUE
8499,531463.5791,4417339.11,,FALSE,895.295651869471,FALSE,TRUE
8500,531488.5791,4417339.11,,FALSE,879.436330416466,FALSE,TRUE
8501,531513.5791,4417339.11,,FALSE,864.009383199267,FALSE,TRUE
8502,531538.5791,4417339.11,,FALSE,849.038379142178,FALSE,TRUE
8503,531563.5791,4417339.11,,FALSE,834.547856181043,FALSE,TRUE
8504,531588.5791,4417339.11,,FALSE,820.563269502342,FALSE,TRUE
8505,531613.5791,4417339.11,,FALSE,807.110918186821,FALSE,TRUE
8506,531638.5791,4417339.11,,FALSE,794.217847480382,FALSE,TRUE
8507,531663.5791,4417339.11,,FALSE,781.91172408167,FALSE,TRUE
8508,531688.5791,4417339.11,,FALSE,770.220682179055,FALSE,TRUE
8509,531713.5791,4417339.11,,FALSE,759.173138523991,FALSE,TRUE
8510,531738.5791,4417339.11,,FALSE,748.79757562132,FALSE,TRUE
8511,531763.5791,4417339.11,,FALSE,739.122293166946,FALSE,TRUE
8512,531788.5791,4417339.11,,FALSE,730.175129168587,FALSE,TRUE
8513,531813.5791,4417339.11,,FALSE,721.983153720613,FALSE,TRUE
8514,531838.5791,4417339.11,,FALSE,714.572340114254,FALSE,TRUE
8515,531863.5791,4417339.11,,FALSE,707.967219761169,FALSE,TRUE
8516,531888.5791,4417339.11,,FALSE,702.190529170223,FALSE,TRUE
8517,531913.5791,4417339.11,,FALSE,697.26285879599,FALSE,TRUE
8518,531938.5791,4417339.11,,FALSE,693.202314808855,FALSE,TRUE
8519,531963.5791,4417339.11,,FALSE,690.024205558293,FALSE,TRUE
8520,531988.5791,4417339.11,,FALSE,687.740764573653,FALSE,TRUE
8521,532013.5791,4417339.11,,FALSE,686.360921277101,FALSE,TRUE
8522,532038.5791,4417339.11,,FALSE,685.8901291434,FALSE,TRUE
8523,532063.5791,4417339.11,,FALSE,686.330258881501,FALSE,TRUE
8524,532088.5791,4417339.11,,FALSE,687.679561464748,FALSE,TRUE
8525,532113.5791,4417339.11,,FALSE,689.932702701029,FALSE,TRUE
8526,532138.5791,4417339.11,,FALSE,693.080867761003,FALSE,TRUE
8527,532163.5791,4417339.11,,FALSE,697.11193093817,FALSE,TRUE
8528,532188.5791,4417339.11,,FALSE,702.010683149724,FALSE,TRUE
8529,532213.5791,4417339.11,,FALSE,707.759107505047,FALSE,TRUE
8530,532238.5791,4417339.11,,FALSE,714.3366918032,FALSE,TRUE
8531,532263.5791,4417339.11,,FALSE,721.720766125195,FALSE,TRUE
8532,532288.5791,4417339.11,,FALSE,729.886853735794,FALSE,TRUE
8533,532313.5791,4417339.11,,FALSE,738.809024211491,FALSE,TRUE
8534,532338.5791,4417339.11,,FALSE,748.460238928117,FALSE,TRUE
8535,532363.5791,4417339.11,,FALSE,758.812680611185,FALSE,TRUE
8536,532388.5791,4417339.11,,FALSE,769.838060410325,FALSE,TRUE
8537,532413.5791,4417339.11,,FALSE,781.50789775685,FALSE,TRUE
8538,532438.5791,4417339.11,,FALSE,793.793769978279,FALSE,TRUE
8539,532463.5791,4417339.11,,FALSE,806.667530185967,FALSE,TRUE
8540,532488.5791,4417339.11,,FALSE,820.101493265514,FALSE,TRUE
8541,532513.5791,4417339.11,,FALSE,834.068590858285,FALSE,TRUE
8542,532538.5791,4417339.11,,FALSE,848.542497024353,FALSE,TRUE
8543,532563.5791,4417339.11,,FALSE,859.045806727587,FALSE,TRUE
8544,532588.5791,4417339.11,,FALSE,867.619532431267,FALSE,TRUE
8545,532613.5791,4417339.11,,FALSE,876.822449562195,FALSE,TRUE
8546,532638.5791,4417339.11,,FALSE,886.63496606904,FALSE,TRUE
8547,532663.5791,4417339.11,,FALSE,897.037077302965,FALSE,TRUE
8548,532688.5791,4417339.11,,FALSE,908.008520365445,FALSE,TRUE
8549,532713.5791,4417339.11,,FALSE,919.528916378513,FALSE,TRUE
8550,532738.5791,4417339.11,,FALSE,931.577899617763,FALSE,TRUE
8551,532763.5791,4417339.11,,FALSE,944.135232928123,FALSE,TRUE
8552,532788.5791,4417339.11,,FALSE,957.180909262319,FALSE,TRUE
8553,532813.5791,4417339.11,,FALSE,970.695239535168,FALSE,TRUE
8554,532838.5791,4417339.11,,FALSE,984.658927271894,FALSE,TRUE
8555,532863.5791,4417339.11,,FALSE,999.053130747427,FALSE,TRUE
8556,532888.5791,4417339.11,,FALSE,1013.85951347129,FALSE,TRUE
8557,532913.5791,4417339.11,,FALSE,1029.06028397574,FALSE,TRUE
8558,532938.5791,4417339.11,,FALSE,1044.63822592141,FALSE,TRUE
8559,532963.5791,4417339.11,,FALSE,1060.57671955226,FALSE,TRUE
8560,532988.5791,4417339.11,,FALSE,1076.8597555189,FALSE,TRUE
8561,531013.5791,4417314.11,,FALSE,1247.7390008557,FALSE,TRUE
8562,531038.5791,4417314.11,,FALSE,1227.27607703254,FALSE,TRUE
8563,531063.5791,4417314.11,,FALSE,1206.98406131,FALSE,TRUE
8564,531088.5791,4417314.11,,FALSE,1186.87171979805,FALSE,TRUE
8565,531113.5791,4417314.11,,FALSE,1166.94834258264,FALSE,TRUE
8566,531138.5791,4417314.11,,FALSE,1147.22377470848,FALSE,TRUE
8567,531163.5791,4417314.11,,FALSE,1127.70844825087,FALSE,TRUE
8568,531188.5791,4417314.11,,FALSE,1108.41341531776,FALSE,TRUE
8569,531213.5791,4417314.11,,FALSE,1089.35038176721,FALSE,TRUE
8570,531238.5791,4417314.11,,FALSE,1070.53174135865,FALSE,TRUE
8571,531263.5791,4417314.11,,FALSE,1051.97060997747,FALSE,TRUE
8572,531288.5791,4417314.11,,FALSE,1033.68085948051,FALSE,TRUE
8573,531313.5791,4417314.11,,FALSE,1015.67715060268,FALSE,TRUE
8574,531338.5791,4417314.11,,FALSE,997.974964243277,FALSE,TRUE
8575,531363.5791,4417314.11,,FALSE,980.590630312349,FALSE,TRUE
8576,531388.5791,4417314.11,,FALSE,963.541353163614,FALSE,TRUE
8577,531413.5791,4417314.11,,FALSE,946.845232472745,FALSE,TRUE
8578,531438.5791,4417314.11,,FALSE,930.521278239442,FALSE,TRUE
8579,531463.5791,4417314.11,,FALSE,914.589418403889,FALSE,TRUE
8580,531488.5791,4417314.11,,FALSE,899.070497378466,FALSE,TRUE
8581,531513.5791,4417314.11,,FALSE,883.986263612937,FALSE,TRUE
8582,531538.5791,4417314.11,,FALSE,869.359344147378,FALSE,TRUE
8583,531563.5791,4417314.11,,FALSE,855.213203976855,FALSE,TRUE
8584,531588.5791,4417314.11,,FALSE,841.572087973667,FALSE,TRUE
8585,531613.5791,4417314.11,,FALSE,828.460943108579,FALSE,TRUE
8586,531638.5791,4417314.11,,FALSE,815.905318806266,FALSE,TRUE
8587,531663.5791,4417314.11,,FALSE,803.931243488119,FALSE,TRUE
8588,531688.5791,4417314.11,,FALSE,792.565075723345,FALSE,TRUE
8589,531713.5791,4417314.11,,FALSE,781.83332894956,FALSE,TRUE
8590,531738.5791,4417314.11,,FALSE,771.762469453101,FALSE,TRUE
8591,531763.5791,4417314.11,,FALSE,762.37868822282,FALSE,TRUE
8592,531788.5791,4417314.11,,FALSE,753.707648399793,FALSE,TRUE
8593,531813.5791,4417314.11,,FALSE,745.774211310867,FALSE,TRUE
8594,531838.5791,4417314.11,,FALSE,738.602145445262,FALSE,TRUE
8595,531863.5791,4417314.11,,FALSE,732.213824136326,FALSE,TRUE
8596,531888.5791,4417314.11,,FALSE,726.629919048439,FALSE,TRUE
8597,531913.5791,4417314.11,,FALSE,721.86909772918,FALSE,TRUE
8598,531938.5791,4417314.11,,FALSE,717.947734348635,FALSE,TRUE
8599,531963.5791,4417314.11,,FALSE,714.879643196208,FALSE,TRUE
8600,531988.5791,4417314.11,,FALSE,712.675844445661,FALSE,TRUE
8601,532013.5791,4417314.11,,FALSE,711.344371072362,FALSE,TRUE
8602,532038.5791,4417314.11,,FALSE,710.890124601779,FALSE,TRUE
8603,532063.5791,4417314.11,,FALSE,711.314785630337,FALSE,TRUE
8604,532088.5791,4417314.11,,FALSE,712.616782889886,FALSE,TRUE
8605,532113.5791,4417314.11,,FALSE,714.791322174751,FALSE,TRUE
8606,532138.5791,4417314.11,,FALSE,717.830473897792,FALSE,TRUE
8607,532163.5791,4417314.11,,FALSE,721.723315583144,FALSE,TRUE
8608,532188.5791,4417314.11,,FALSE,726.456123421315,FALSE,TRUE
8609,532213.5791,4417314.11,,FALSE,732.012605257808,FALSE,TRUE
8610,532238.5791,4417314.11,,FALSE,738.374166162605,FALSE,TRUE
8611,532263.5791,4417314.11,,FALSE,745.520197081421,FALSE,TRUE
8612,532288.5791,4417314.11,,FALSE,753.428376991682,FALSE,TRUE
8613,532313.5791,4417314.11,,FALSE,762.074979418901,FALSE,TRUE
8614,532338.5791,4417314.11,,FALSE,771.43517501882,FALSE,TRUE
8615,532363.5791,4417314.11,,FALSE,781.483323082659,FALSE,TRUE
8616,532388.5791,4417314.11,,FALSE,792.193246156716,FALSE,TRUE
8617,532413.5791,4417314.11,,FALSE,803.538483369847,FALSE,TRUE
8618,532438.5791,4417314.11,,FALSE,815.492519436146,FALSE,TRUE
8619,532463.5791,4417314.11,,FALSE,828.028987570067,FALSE,TRUE
8620,532488.5791,4417314.11,,FALSE,841.12184566584,FALSE,TRUE
8621,532513.5791,4417314.11,,FALSE,854.745526022984,FALSE,TRUE
8622,532538.5791,4417314.11,,FALSE,868.875059635335,FALSE,TRUE
8623,532563.5791,4417314.11,,FALSE,882.682954438475,FALSE,TRUE
8624,532588.5791,4417314.11,,FALSE,891.029266105347,FALSE,TRUE
8625,532613.5791,4417314.11,,FALSE,899.992837780519,FALSE,TRUE
8626,532638.5791,4417314.11,,FALSE,909.555420552388,FALSE,TRUE
8627,532663.5791,4417314.11,,FALSE,919.698329919235,FALSE,TRUE
8628,532688.5791,4417314.11,,FALSE,930.402586548548,FALSE,TRUE
8629,532713.5791,4417314.11,,FALSE,941.64904718065,FALSE,TRUE
8630,532738.5791,4417314.11,,FALSE,953.418524603034,FALSE,TRUE
8631,532763.5791,4417314.11,,FALSE,965.691896029072,FALSE,TRUE
8632,532788.5791,4417314.11,,FALSE,978.450199579019,FALSE,TRUE
8633,532813.5791,4417314.11,,FALSE,991.674718875207,FALSE,TRUE
8634,532838.5791,4417314.11,,FALSE,1005.34705602405,FALSE,TRUE
8635,532863.5791,4417314.11,,FALSE,1019.44919346489,FALSE,TRUE
8636,532888.5791,4417314.11,,FALSE,1033.96354532267,FALSE,TRUE
8637,532913.5791,4417314.11,,FALSE,1048.8729990119,FALSE,TRUE
8638,532938.5791,4417314.11,,FALSE,1064.16094790977,FALSE,TRUE
8639,532963.5791,4417314.11,,FALSE,1079.81131595118,FALSE,TRUE
8640,532988.5791,4417314.11,,FALSE,1095.80857500579,FALSE,TRUE
8641,531013.5791,4417289.11,,FALSE,1262.14979865956,FALSE,TRUE
8642,531038.5791,4417289.11,,FALSE,1241.9243411965,FALSE,TRUE
8643,531063.5791,4417289.11,,FALSE,1221.8756173426,FALSE,TRUE
8644,531088.5791,4417289.11,,FALSE,1202.01247050784,FALSE,TRUE
8645,531113.5791,4417289.11,,FALSE,1182.34425369956,FALSE,TRUE
8646,531138.5791,4417289.11,,FALSE,1162.88085772205,FALSE,TRUE
8647,531163.5791,4417289.11,,FALSE,1143.63274011212,FALSE,TRUE
8648,531188.5791,4417289.11,,FALSE,1124.61095462225,FALSE,TRUE
8649,531213.5791,4417289.11,,FALSE,1105.82718100812,FALSE,TRUE
8650,531238.5791,4417289.11,,FALSE,1087.29375481346,FALSE,TRUE
8651,531263.5791,4417289.11,,FALSE,1069.02369677026,FALSE,TRUE
8652,531288.5791,4417289.11,,FALSE,1051.03074134697,FALSE,TRUE
8653,531313.5791,4417289.11,,FALSE,1033.32936387986,FALSE,TRUE
8654,531338.5791,4417289.11,,FALSE,1015.93480561321,FALSE,TRUE
8655,531363.5791,4417289.11,,FALSE,998.863095852656,FALSE,TRUE
8656,531388.5791,4417289.11,,FALSE,982.131070303934,FALSE,TRUE
8657,531413.5791,4417289.11,,FALSE,965.756384527873,FALSE,TRUE
8658,531438.5791,4417289.11,,FALSE,949.757521294961,FALSE,TRUE
8659,531463.5791,4417289.11,,FALSE,934.153790473682,FALSE,TRUE
8660,531488.5791,4417289.11,,FALSE,918.965319942132,FALSE,TRUE
8661,531513.5791,4417289.11,,FALSE,904.213035880563,FALSE,TRUE
8662,531538.5791,4417289.11,,FALSE,889.918630694033,FALSE,TRUE
8663,531563.5791,4417289.11,,FALSE,876.104516742347,FALSE,TRUE
8664,531588.5791,4417289.11,,FALSE,862.793764034222,FALSE,TRUE
8665,531613.5791,4417289.11,,FALSE,850.010020091728,FALSE,TRUE
8666,531638.5791,4417289.11,,FALSE,837.777410328267,FALSE,TRUE
8667,531663.5791,4417289.11,,FALSE,826.120417527818,FALSE,TRUE
8668,531688.5791,4417289.11,,FALSE,815.063739382593,FALSE,TRUE
8669,531713.5791,4417289.11,,FALSE,804.632123554817,FALSE,TRUE
8670,531738.5791,4417289.11,,FALSE,794.850180383909,FALSE,TRUE
8671,531763.5791,4417289.11,,FALSE,785.742174161685,FALSE,TRUE
8672,531788.5791,4417289.11,,FALSE,777.331794831737,FALSE,TRUE
8673,531813.5791,4417289.11,,FALSE,769.641913006515,FALSE,TRUE
8674,531838.5791,4417289.11,,FALSE,762.694322291917,FALSE,TRUE
8675,531863.5791,4417289.11,,FALSE,756.50947400302,FALSE,TRUE
8676,531888.5791,4417289.11,,FALSE,751.106210369961,FALSE,TRUE
8677,531913.5791,4417289.11,,FALSE,746.501503184236,FALSE,TRUE
8678,531938.5791,4417289.11,,FALSE,742.710205434342,FALSE,TRUE
8679,531963.5791,4417289.11,,FALSE,739.744823744189,FALSE,TRUE
8680,531988.5791,4417289.11,,FALSE,737.61531929341,FALSE,TRUE
8681,532013.5791,4417289.11,,FALSE,736.328944328768,FALSE,TRUE
8682,532038.5791,4417289.11,,FALSE,735.890120368739,FALSE,TRUE
8683,532063.5791,4417289.11,,FALSE,736.300362797897,FALSE,TRUE
8684,532088.5791,4417289.11,,FALSE,737.558254822162,FALSE,TRUE
8685,532113.5791,4417289.11,,FALSE,739.659471822211,FALSE,TRUE
8686,532138.5791,4417289.11,,FALSE,742.596855134946,FALSE,TRUE
8687,532163.5791,4417289.11,,FALSE,746.360532354378,FALSE,TRUE
8688,532188.5791,4417289.11,,FALSE,750.938079508763,FALSE,TRUE
8689,532213.5791,4417289.11,,FALSE,756.314719053059,FALSE,TRUE
8690,532238.5791,4417289.11,,FALSE,762.473546594442,FALSE,TRUE
8691,532263.5791,4417289.11,,FALSE,769.395778683705,FALSE,TRUE
8692,532288.5791,4417289.11,,FALSE,777.061013856894,FALSE,TRUE
8693,532313.5791,4417289.11,,FALSE,785.447499363453,FALSE,TRUE
8694,532338.5791,4417289.11,,FALSE,794.532396605891,FALSE,TRUE
8695,532363.5791,4417289.11,,FALSE,804.292039160092,FALSE,TRUE
8696,532388.5791,4417289.11,,FALSE,814.702178256753,FALSE,TRUE
8697,532413.5791,4417289.11,,FALSE,825.738211696841,FALSE,TRUE
8698,532438.5791,4417289.11,,FALSE,837.375393271319,FALSE,TRUE
8699,532463.5791,4417289.11,,FALSE,849.589020795522,FALSE,TRUE
8700,532488.5791,4417289.11,,FALSE,862.354601806179,FALSE,TRUE
8701,532513.5791,4417289.11,,FALSE,875.647996775126,FALSE,TRUE
8702,532538.5791,4417289.11,,FALSE,889.445540354377,FALSE,TRUE
8703,532563.5791,4417289.11,,FALSE,903.724141680573,FALSE,TRUE
8704,532588.5791,4417289.11,,FALSE,914.523183443819,FALSE,TRUE
8705,532613.5791,4417289.11,,FALSE,923.258689672735,FALSE,TRUE
8706,532638.5791,4417289.11,,FALSE,932.582737914558,FALSE,TRUE
8707,532663.5791,4417289.11,,FALSE,942.477860777755,FALSE,TRUE
8708,532688.5791,4417289.11,,FALSE,952.926268425953,FALSE,TRUE
8709,532713.5791,4417289.11,,FALSE,963.909968854047,FALSE,TRUE
8710,532738.5791,4417289.11,,FALSE,975.410879094655,FALSE,TRUE
8711,532763.5791,4417289.11,,FALSE,987.410926644124,FALSE,TRUE
8712,532788.5791,4417289.11,,FALSE,999.89214071129,FALSE,TRUE
8713,532813.5791,4417289.11,,FALSE,1012.83673316888,FALSE,TRUE
8714,532838.5791,4417289.11,,FALSE,1026.22716932276,FALSE,TRUE
8715,532863.5791,4417289.11,,FALSE,1040.04622880726,FALSE,TRUE
8716,532888.5791,4417289.11,,FALSE,1054.27705706622,FALSE,TRUE
8717,532913.5791,4417289.11,,FALSE,1068.90320799229,FALSE,TRUE
8718,532938.5791,4417289.11,,FALSE,1083.9086783748,FALSE,TRUE
8719,532963.5791,4417289.11,,FALSE,1099.27793485369,FALSE,TRUE
8720,532988.5791,4417289.11,,FALSE,1114.9959340985,FALSE,TRUE
8721,531013.5791,4417264.11,,FALSE,1276.88747125828,FALSE,TRUE
8722,531038.5791,4417264.11,,FALSE,1256.8991881835,FALSE,TRUE
8723,531063.5791,4417264.11,,FALSE,1237.09317525252,FALSE,TRUE
8724,531088.5791,4417264.11,,FALSE,1217.47832804381,FALSE,TRUE
8725,531113.5791,4417264.11,,FALSE,1198.06403595816,FALSE,TRUE
8726,531138.5791,4417264.11,,FALSE,1178.86020768213,FALSE,TRUE
8727,531163.5791,4417264.11,,FALSE,1159.87729706911,FALSE,TRUE
8728,531188.5791,4417264.11,,FALSE,1141.12632922755,FALSE,TRUE
8729,531213.5791,4417264.11,,FALSE,1122.61892655359,FALSE,TRUE
8730,531238.5791,4417264.11,,FALSE,1104.36733438487,FALSE,TRUE
8731,531263.5791,4417264.11,,FALSE,1086.38444588292,FALSE,TRUE
8732,531288.5791,4417264.11,,FALSE,1068.68382567359,FALSE,TRUE
8733,531313.5791,4417264.11,,FALSE,1051.27973168721,FALSE,TRUE
8734,531338.5791,4417264.11,,FALSE,1034.187134544,FALSE,TRUE
8735,531363.5791,4417264.11,,FALSE,1017.42173372517,FALSE,TRUE
8736,531388.5791,4417264.11,,FALSE,1000.99996965851,FALSE,TRUE
8737,531413.5791,4417264.11,,FALSE,984.939030730498,FALSE,TRUE
8738,531438.5791,4417264.11,,FALSE,969.25685411883,FALSE,TRUE
8739,531463.5791,4417264.11,,FALSE,953.972119223791,FALSE,TRUE
8740,531488.5791,4417264.11,,FALSE,939.104232370576,FALSE,TRUE
8741,531513.5791,4417264.11,,FALSE,924.673301364502,FALSE,TRUE
8742,531538.5791,4417264.11,,FALSE,910.700098416776,FALSE,TRUE
8743,531563.5791,4417264.11,,FALSE,897.206009931011,FALSE,TRUE
8744,531588.5791,4417264.11,,FALSE,884.212971662554,FALSE,TRUE
8745,531613.5791,4417264.11,,FALSE,871.743387847778,FALSE,TRUE
8746,531638.5791,4417264.11,,FALSE,859.82003306292,FALSE,TRUE
8747,531663.5791,4417264.11,,FALSE,848.465935825546,FALSE,TRUE
8748,531688.5791,4417264.11,,FALSE,837.704243308053,FALSE,TRUE
8749,531713.5791,4417264.11,,FALSE,827.558066999722,FALSE,TRUE
8750,531738.5791,4417264.11,,FALSE,818.050309734258,FALSE,TRUE
8751,531763.5791,4417264.11,,FALSE,809.203475187987,FALSE,TRUE
8752,531788.5791,4417264.11,,FALSE,801.039461734759,FALSE,TRUE
8753,531813.5791,4417264.11,,FALSE,793.579343390635,FALSE,TRUE
8754,531838.5791,4417264.11,,FALSE,786.843141455977,FALSE,TRUE
8755,531863.5791,4417264.11,,FALSE,780.849591314684,FALSE,TRUE
8756,531888.5791,4417264.11,,FALSE,775.615909620418,FALSE,TRUE
8757,531913.5791,4417264.11,,FALSE,771.157567722905,FALSE,TRUE
8758,531938.5791,4417264.11,,FALSE,767.488077598802,FALSE,TRUE
8759,531963.5791,4417264.11,,FALSE,764.618796693034,FALSE,TRUE
8760,531988.5791,4417264.11,,FALSE,762.558757904138,FALSE,TRUE
8761,532013.5791,4417264.11,,FALSE,761.314530438176,FALSE,TRUE
8762,532038.5791,4417264.11,,FALSE,760.890116413862,FALSE,TRUE
8763,532063.5791,4417264.11,,FALSE,761.286886959376,FALSE,TRUE
8764,532088.5791,4417264.11,,FALSE,762.503560159752,FALSE,TRUE
8765,532113.5791,4417264.11,,FALSE,764.5362216771,FALSE,TRUE
8766,532138.5791,4417264.11,,FALSE,767.378387274684,FALSE,TRUE
8767,532163.5791,4417264.11,,FALSE,771.021104935716,FALSE,TRUE
8768,532188.5791,4417264.11,,FALSE,775.453092879442,FALSE,TRUE
8769,532213.5791,4417264.11,,FALSE,780.660908625692,FALSE,TRUE
8770,532238.5791,4417264.11,,FALSE,786.629143406402,FALSE,TRUE
8771,532263.5791,4417264.11,,FALSE,793.340635702148,FALSE,TRUE
8772,532288.5791,4417264.11,,FALSE,800.776697498302,FALSE,TRUE
8773,532313.5791,4417264.11,,FALSE,808.917346986876,FALSE,TRUE
8774,532338.5791,4417264.11,,FALSE,817.741541843316,FALSE,TRUE
8775,532363.5791,4417264.11,,FALSE,827.227407824646,FALSE,TRUE
8776,532388.5791,4417264.11,,FALSE,837.352458201611,FALSE,TRUE
8777,532413.5791,4417264.11,,FALSE,848.093800387834,FALSE,TRUE
8778,532438.5791,4417264.11,,FALSE,859.428327003642,FALSE,TRUE
8779,532463.5791,4417264.11,,FALSE,871.332889460898,FALSE,TRUE
8780,532488.5791,4417264.11,,FALSE,883.784452938767,FALSE,TRUE
8781,532513.5791,4417264.11,,FALSE,896.760232312001,FALSE,TRUE
8782,532538.5791,4417264.11,,FALSE,910.23780917751,FALSE,TRUE
8783,532563.5791,4417264.11,,FALSE,924.195230595934,FALSE,TRUE
8784,532588.5791,4417264.11,,FALSE,938.094959509004,FALSE,TRUE
8785,532613.5791,4417264.11,,FALSE,946.612966346964,FALSE,TRUE
8786,532638.5791,4417264.11,,FALSE,955.70919376984,FALSE,TRUE
8787,532663.5791,4417264.11,,FALSE,965.367296968462,FALSE,TRUE
8788,532688.5791,4417264.11,,FALSE,975.570588453852,FALSE,TRUE
8789,532713.5791,4417264.11,,FALSE,986.302148459686,FALSE,TRUE
8790,532738.5791,4417264.11,,FALSE,997.544927838437,FALSE,TRUE
8791,532763.5791,4417264.11,,FALSE,1009.2818427259,FALSE,TRUE
8792,532788.5791,4417264.11,,FALSE,1021.49586051838,FALSE,TRUE
8793,532813.5791,4417264.11,,FALSE,1034.17007694875,FALSE,TRUE
8794,532838.5791,4417264.11,,FALSE,1047.28778425807,FALSE,TRUE
8795,532863.5791,4417264.11,,FALSE,1060.83253063629,FALSE,TRUE
8796,532888.5791,4417264.11,,FALSE,1074.78817124873,FALSE,TRUE
8797,532913.5791,4417264.11,,FALSE,1089.13891127633,FALSE,TRUE
8798,532938.5791,4417264.11,,FALSE,1103.8693414785,FALSE,TRUE
8799,532963.5791,4417264.11,,FALSE,1118.96446684253,FALSE,TRUE
8800,532988.5791,4417264.11,,FALSE,1134.40972891464,FALSE,TRUE
8801,531013.5791,4417239.11,,FALSE,1291.94083233573,FALSE,TRUE
8802,531038.5791,4417239.11,,FALSE,1272.18908549647,FALSE,TRUE
8803,531063.5791,4417239.11,,FALSE,1252.62485375963,FALSE,TRUE
8804,531088.5791,4417239.11,,FALSE,1233.25706130406,FALSE,TRUE
8805,531113.5791,4417239.11,,FALSE,1214.09510923005,FALSE,TRUE
8806,531138.5791,4417239.11,,FALSE,1195.14889836218,FALSE,TRUE
8807,531163.5791,4417239.11,,FALSE,1176.42885218628,FALSE,TRUE
8808,531188.5791,4417239.11,,FALSE,1157.94593969508,FALSE,TRUE
8809,531213.5791,4417239.11,,FALSE,1139.71169786763,FALSE,TRUE
8810,531238.5791,4417239.11,,FALSE,1121.73825345146,FALSE,TRUE
8811,531263.5791,4417239.11,,FALSE,1104.03834365312,FALSE,TRUE
8812,531288.5791,4417239.11,,FALSE,1086.62533527261,FALSE,TRUE
8813,531313.5791,4417239.11,,FALSE,1069.51324173959,FALSE,TRUE
8814,531338.5791,4417239.11,,FALSE,1052.71673742575,FALSE,TRUE
8815,531363.5791,4417239.11,,FALSE,1036.25116851867,FALSE,TRUE
8816,531388.5791,4417239.11,,FALSE,1020.13255964915,FALSE,TRUE
8817,531413.5791,4417239.11,,FALSE,1004.37761536999,FALSE,TRUE
8818,531438.5791,4417239.11,,FALSE,989.003715491663,FALSE,TRUE
8819,531463.5791,4417239.11,,FALSE,974.02890319349,FALSE,TRUE
8820,531488.5791,4417239.11,,FALSE,959.471864754935,FALSE,TRUE
8821,531513.5791,4417239.11,,FALSE,945.351899694664,FALSE,TRUE
8822,531538.5791,4417239.11,,FALSE,931.688880075484,FALSE,TRUE
8823,531563.5791,4417239.11,,FALSE,918.503197738749,FALSE,TRUE
8824,531588.5791,4417239.11,,FALSE,905.815698283214,FALSE,TRUE
8825,531613.5791,4417239.11,,FALSE,893.647600710876,FALSE,TRUE
8826,531638.5791,4417239.11,,FALSE,882.020401836774,FALSE,TRUE
8827,531663.5791,4417239.11,,FALSE,870.955764810305,FALSE,TRUE
8828,531688.5791,4417239.11,,FALSE,860.47539142982,FALSE,TRUE
8829,531713.5791,4417239.11,,FALSE,850.600878353826,FALSE,TRUE
8830,531738.5791,4417239.11,,FALSE,841.353557819957,FALSE,TRUE
8831,531763.5791,4417239.11,,FALSE,832.754324069409,FALSE,TRUE
8832,531788.5791,4417239.11,,FALSE,824.823447324515,FALSE,TRUE
8833,531813.5791,4417239.11,,FALSE,817.580377856694,FALSE,TRUE
8834,531838.5791,4417239.11,,FALSE,811.04354337871,FALSE,TRUE
8835,531863.5791,4417239.11,,FALSE,805.230143658502,FALSE,TRUE
8836,531888.5791,4417239.11,,FALSE,800.155946835547,FALSE,TRUE
8837,531913.5791,4417239.11,,FALSE,795.835092375481,FALSE,TRUE
8838,531938.5791,4417239.11,,FALSE,792.279905876887,FALSE,TRUE
8839,531963.5791,4417239.11,,FALSE,789.500731004277,FALSE,TRUE
8840,531988.5791,4417239.11,,FALSE,787.505783633546,FALSE,TRUE
8841,532013.5791,4417239.11,,FALSE,786.301032847016,FALSE,TRUE
8842,532038.5791,4417239.11,,FALSE,785.890112710602,FALSE,TRUE
8843,532063.5791,4417239.11,,FALSE,786.274267832976,FALSE,TRUE
8844,532088.5791,4417239.11,,FALSE,787.4523345932,FALSE,TRUE
8845,532113.5791,4417239.11,,FALSE,789.420758693537,FALSE,TRUE
8846,532138.5791,4417239.11,,FALSE,792.173648423297,FALSE,TRUE
8847,532163.5791,4417239.11,,FALSE,795.70286178716,FALSE,TRUE
8848,532188.5791,4417239.11,,FALSE,799.998124532974,FALSE,TRUE
8849,532213.5791,4417239.11,,FALSE,805.047175174396,FALSE,TRUE
8850,532238.5791,4417239.11,,FALSE,810.835932390932,FALSE,TRUE
8851,532263.5791,4417239.11,,FALSE,817.348679729937,FALSE,TRUE
8852,532288.5791,4417239.11,,FALSE,824.568262338704,FALSE,TRUE
8853,532313.5791,4417239.11,,FALSE,832.476290506984,FALSE,TRUE
8854,532338.5791,4417239.11,,FALSE,841.053345071683,FALSE,TRUE
8855,532363.5791,4417239.11,,FALSE,850.279180185112,FALSE,TRUE
8856,532388.5791,4417239.11,,FALSE,860.132919528293,FALSE,TRUE
8857,532413.5791,4417239.11,,FALSE,870.593242712269,FALSE,TRUE
8858,532438.5791,4417239.11,,FALSE,881.638559306625,FALSE,TRUE
8859,532463.5791,4417239.11,,FALSE,893.247168624822,FALSE,TRUE
8860,532488.5791,4417239.11,,FALSE,905.39740404767,FALSE,TRUE
8861,532513.5791,4417239.11,,FALSE,918.067761255267,FALSE,TRUE
8862,532538.5791,4417239.11,,FALSE,931.237010248335,FALSE,TRUE
8863,532563.5791,4417239.11,,FALSE,944.884291464439,FALSE,TRUE
8864,532588.5791,4417239.11,,FALSE,958.989196631669,FALSE,TRUE
8865,532613.5791,4417239.11,,FALSE,970.049281251309,FALSE,TRUE
8866,532638.5791,4417239.11,,FALSE,978.927761919224,FALSE,TRUE
8867,532663.5791,4417239.11,,FALSE,988.359002618066,FALSE,TRUE
8868,532688.5791,4417239.11,,FALSE,998.327337628384,FALSE,TRUE
8869,532713.5791,4417239.11,,FALSE,1008.81684564453,FALSE,TRUE
8870,532738.5791,4417239.11,,FALSE,1019.81144485448,FALSE,TRUE
8871,532763.5791,4417239.11,,FALSE,1031.29498110685,FALSE,TRUE
8872,532788.5791,4417239.11,,FALSE,1043.25130867695,FALSE,TRUE
8873,532813.5791,4417239.11,,FALSE,1055.66436335427,FALSE,TRUE
8874,532838.5791,4417239.11,,FALSE,1068.51822776037,FALSE,TRUE
8875,532863.5791,4417239.11,,FALSE,1081.79718896666,FALSE,TRUE
8876,532888.5791,4417239.11,,FALSE,1095.48578861442,FALSE,TRUE
8877,532913.5791,4417239.11,,FALSE,1109.56886584662,FALSE,TRUE
8878,532938.5791,4417239.11,,FALSE,1124.03159344218,FALSE,TRUE
8879,532963.5791,4417239.11,,FALSE,1138.8595076023,FALSE,TRUE
8880,532988.5791,4417239.11,,FALSE,1154.03853187671,FALSE,TRUE
8881,531013.5791,4417214.11,,FALSE,1307.29897661412,FALSE,TRUE
8882,531038.5791,4417214.11,,FALSE,1287.78281136856,FALSE,TRUE
8883,531063.5791,4417214.11,,FALSE,1268.45911414453,FALSE,TRUE
8884,531088.5791,4417214.11,,FALSE,1249.3368157772,FALSE,TRUE
8885,531113.5791,4417214.11,,FALSE,1230.42530624834,FALSE,TRUE
8886,531138.5791,4417214.11,,FALSE,1211.73445492662,FALSE,TRUE
8887,531163.5791,4417214.11,,FALSE,1193.27463069333,FALSE,TRUE
8888,531188.5791,4417214.11,,FALSE,1175.05672171871,FALSE,TRUE
8889,531213.5791,4417214.11,,FALSE,1157.0921546084,FALSE,TRUE
8890,531238.5791,4417214.11,,FALSE,1139.39291258824,FALSE,TRUE
8891,531263.5791,4417214.11,,FALSE,1121.97155233825,FALSE,TRUE
8892,531288.5791,4417214.11,,FALSE,1104.84121902485,FALSE,TRUE
8893,531313.5791,4417214.11,,FALSE,1088.01565901245,FALSE,TRUE
8894,531338.5791,4417214.11,,FALSE,1071.50922966454,FALSE,TRUE
8895,531363.5791,4417214.11,,FALSE,1055.33690556917,FALSE,TRUE
8896,531388.5791,4417214.11,,FALSE,1039.51428044847,FALSE,TRUE
8897,531413.5791,4417214.11,,FALSE,1024.05756393686,FALSE,TRUE
8898,531438.5791,4417214.11,,FALSE,1008.98357234214,FALSE,TRUE
8899,531463.5791,4417214.11,,FALSE,994.309712441901,FALSE,TRUE
8900,531488.5791,4417214.11,,FALSE,980.053957318828,FALSE,TRUE
8901,531513.5791,4417214.11,,FALSE,966.234813208619,FALSE,TRUE
8902,531538.5791,4417214.11,,FALSE,952.871276330803,FALSE,TRUE
8903,531563.5791,4417214.11,,FALSE,939.982778701978,FALSE,TRUE
8904,531588.5791,4417214.11,,FALSE,927.589122001919,FALSE,TRUE
8905,531613.5791,4417214.11,,FALSE,915.71039868306,FALSE,TRUE
8906,531638.5791,4417214.11,,FALSE,904.366899690766,FALSE,TRUE
8907,531663.5791,4417214.11,,FALSE,893.579008401768,FALSE,TRUE
8908,531688.5791,4417214.11,,FALSE,883.367080695384,FALSE,TRUE
8909,531713.5791,4417214.11,,FALSE,873.751311447533,FALSE,TRUE
8910,531738.5791,4417214.11,,FALSE,864.751588177947,FALSE,TRUE
8911,531763.5791,4417214.11,,FALSE,856.387333077902,FALSE,TRUE
8912,531788.5791,4417214.11,,FALSE,848.677335184745,FALSE,TRUE
8913,531813.5791,4417214.11,,FALSE,841.639575029762,FALSE,TRUE
8914,531838.5791,4417214.11,,FALSE,835.291044640296,FALSE,TRUE
8915,531863.5791,4417214.11,,FALSE,829.647566293228,FALSE,TRUE
8916,531888.5791,4417214.11,,FALSE,824.723613858773,FALSE,TRUE
8917,531913.5791,4417214.11,,FALSE,820.532140903861,FALSE,TRUE
8918,531938.5791,4417214.11,,FALSE,817.084419907926,FALSE,TRUE
8919,531963.5791,4417214.11,,FALSE,814.389896951252,FALSE,TRUE
8920,531988.5791,4417214.11,,FALSE,812.456066046816,FALSE,TRUE
8921,532013.5791,4417214.11,,FALSE,811.28836689322,FALSE,TRUE
8922,532038.5791,4417214.11,,FALSE,810.890109235688,FALSE,TRUE
8923,532063.5791,4417214.11,,FALSE,811.26242625692,FALSE,TRUE
8924,532088.5791,4417214.11,,FALSE,812.40425851682,FALSE,TRUE
8925,532113.5791,4417214.11,,FALSE,814.31236896922,FALSE,TRUE
8926,532138.5791,4417214.11,,FALSE,816.981388561735,FALSE,TRUE
8927,532163.5791,4417214.11,,FALSE,820.403890931936,FALSE,TRUE
8928,532188.5791,4417214.11,,FALSE,824.570493806478,FALSE,TRUE
8929,532213.5791,4417214.11,,FALSE,829.469983939297,FALSE,TRUE
8930,532238.5791,4417214.11,,FALSE,835.089461828046,FALSE,TRUE
8931,532263.5791,4417214.11,,FALSE,841.414502047745,FALSE,TRUE
8932,532288.5791,4417214.11,,FALSE,848.429324844594,FALSE,TRUE
8933,532313.5791,4417214.11,,FALSE,856.116974633871,FALSE,TRUE
8934,532338.5791,4417214.11,,FALSE,864.459501223886,FALSE,TRUE
8935,532363.5791,4417214.11,,FALSE,873.438139913897,FALSE,TRUE
8936,532388.5791,4417214.11,,FALSE,883.033487052585,FALSE,TRUE
8937,532413.5791,4417214.11,,FALSE,893.225668157967,FALSE,TRUE
8938,532438.5791,4417214.11,,FALSE,903.994496253293,FALSE,TRUE
8939,532463.5791,4417214.11,,FALSE,915.319618633974,FALSE,TRUE
8940,532488.5791,4417214.11,,FALSE,927.180650820671,FALSE,TRUE
8941,532513.5791,4417214.11,,FALSE,939.557296952262,FALSE,TRUE
8942,532538.5791,4417214.11,,FALSE,952.429456314871,FALSE,TRUE
8943,532563.5791,4417214.11,,FALSE,965.777316080803,FALSE,TRUE
8944,532588.5791,4417214.11,,FALSE,979.58143064078,FALSE,TRUE
8945,532613.5791,4417214.11,,FALSE,993.561829005203,FALSE,TRUE
8946,532638.5791,4417214.11,,FALSE,1002.23204052563,FALSE,TRUE
8947,532663.5791,4417214.11,,FALSE,1011.44600352968,FALSE,TRUE
8948,532688.5791,4417214.11,,FALSE,1021.18899967448,FALSE,TRUE
8949,532713.5791,4417214.11,,FALSE,1031.44603739418,FALSE,TRUE
8950,532738.5791,4417214.11,,FALSE,1042.20193967204,FALSE,TRUE
8951,532763.5791,4417214.11,,FALSE,1053.44142602052,FALSE,TRUE
8952,532788.5791,4417214.11,,FALSE,1065.14918816857,FALSE,TRUE
8953,532813.5791,4417214.11,,FALSE,1077.30995913718,FALSE,TRUE
8954,532838.5791,4417214.11,,FALSE,1089.90857554941,FALSE,TRUE
8955,532863.5791,4417214.11,,FALSE,1102.93003316446,FALSE,TRUE
8956,532888.5791,4417214.11,,FALSE,1116.3595357483,FALSE,TRUE
8957,532913.5791,4417214.11,,FALSE,1130.1825374939,FALSE,TRUE
8958,532938.5791,4417214.11,,FALSE,1144.38477928368,FALSE,TRUE
8959,532963.5791,4417214.11,,FALSE,1158.95231914697,FALSE,TRUE
8960,532988.5791,4417214.11,,FALSE,1173.87155730776,FALSE,TRUE
8961,531013.5791,4417189.11,,FALSE,1322.95128944958,FALSE,TRUE
8962,531038.5791,4417189.11,,FALSE,1303.66946319084,FALSE,TRUE
8963,531063.5791,4417189.11,,FALSE,1284.58476725217,FALSE,TRUE
8964,531088.5791,4417189.11,,FALSE,1265.70611883498,FALSE,TRUE
8965,531113.5791,4417189.11,,FALSE,1247.04287586927,FALSE,TRUE
8966,531138.5791,4417189.11,,FALSE,1228.60485480739,FALSE,TRUE
8967,531163.5791,4417189.11,,FALSE,1210.40234808773,FALSE,TRUE
8968,531188.5791,4417189.11,,FALSE,1192.44614102956,FALSE,TRUE
8969,531213.5791,4417189.11,,FALSE,1174.74752787835,FALSE,TRUE
8970,531238.5791,4417189.11,,FALSE,1157.31832667434,FALSE,TRUE
8971,531263.5791,4417189.11,,FALSE,1140.17089256668,FALSE,TRUE
8972,531288.5791,4417189.11,,FALSE,1123.31812914076,FALSE,TRUE
8973,531313.5791,4417189.11,,FALSE,1106.77349726865,FALSE,TRUE
8974,531338.5791,4417189.11,,FALSE,1090.55102093221,FALSE,TRUE
8975,531363.5791,4417189.11,,FALSE,1074.66528940703,FALSE,TRUE
8976,531388.5791,4417189.11,,FALSE,1059.13145513495,FALSE,TRUE
8977,531413.5791,4417189.11,,FALSE,1043.96522655512,FALSE,TRUE
8978,531438.5791,4417189.11,,FALSE,1029.1828551119,FALSE,TRUE
8979,531463.5791,4417189.11,,FALSE,1014.8011156164,FALSE,TRUE
8980,531488.5791,4417189.11,,FALSE,1000.83727910999,FALSE,TRUE
8981,531513.5791,4417189.11,,FALSE,987.309077369532,FALSE,TRUE
8982,531538.5791,4417189.11,,FALSE,974.234658209343,FALSE,TRUE
8983,531563.5791,4417189.11,,FALSE,961.632530781002,FALSE,TRUE
8984,531588.5791,4417189.11,,FALSE,949.521500154827,FALSE,TRUE
8985,531613.5791,4417189.11,,FALSE,937.920590591907,FALSE,TRUE
8986,531638.5791,4417189.11,,FALSE,926.848957088624,FALSE,TRUE
8987,531663.5791,4417189.11,,FALSE,916.32578500022,FALSE,TRUE
8988,531688.5791,4417189.11,,FALSE,906.37017782817,FALSE,TRUE
8989,531713.5791,4417189.11,,FALSE,897.001033587067,FALSE,TRUE
8990,531738.5791,4417189.11,,FALSE,888.236910545979,FALSE,TRUE
8991,531763.5791,4417189.11,,FALSE,880.0958835583,FALSE,TRUE
8992,531788.5791,4417189.11,,FALSE,872.595392639832,FALSE,TRUE
8993,531813.5791,4417189.11,,FALSE,865.752085909275,FALSE,TRUE
8994,531838.5791,4417189.11,,FALSE,859.581659446187,FALSE,TRUE
8995,531863.5791,4417189.11,,FALSE,854.098697022925,FALSE,TRUE
8996,531888.5791,4417189.11,,FALSE,849.316513001047,FALSE,TRUE
8997,531913.5791,4417189.11,,FALSE,845.247001920892,FALSE,TRUE
8998,531938.5791,4417189.11,,FALSE,841.900498429746,FALSE,TRUE
8999,531963.5791,4417189.11,,FALSE,839.285651167857,FALSE,TRUE
9000,531988.5791,4417189.11,,FALSE,837.409314049141,FALSE,TRUE
9001,532013.5791,4417189.11,,FALSE,836.276458030627,FALSE,TRUE
9002,532038.5791,4417189.11,,FALSE,835.890105968631,FALSE,TRUE
9003,532063.5791,4417189.11,,FALSE,836.251292528895,FALSE,TRUE
9004,532088.5791,4417189.11,,FALSE,837.359050381762,FALSE,TRUE
9005,532113.5791,4417189.11,,FALSE,839.210423109869,FALSE,TRUE
9006,532138.5791,4417189.11,,FALSE,841.800504428599,FALSE,TRUE
9007,532163.5791,4417189.11,,FALSE,845.122502514424,FALSE,TRUE
9008,532188.5791,4417189.11,,FALSE,849.167827497157,FALSE,TRUE
9009,532213.5791,4417189.11,,FALSE,853.926199537314,FALSE,TRUE
9010,532238.5791,4417189.11,,FALSE,859.385774408815,FALSE,TRUE
9011,532263.5791,4417189.11,,FALSE,865.533283159139,FALSE,TRUE
9012,532288.5791,4417189.11,,FALSE,872.354182231183,FALSE,TRUE
9013,532313.5791,4417189.11,,FALSE,879.832810399928,FALSE,TRUE
9014,532338.5791,4417189.11,,FALSE,887.952548989096,FALSE,TRUE
9015,532363.5791,4417189.11,,FALSE,896.695982067631,FALSE,TRUE
9016,532388.5791,4417189.11,,FALSE,906.045053656953,FALSE,TRUE
9017,532413.5791,4417189.11,,FALSE,915.98121937965,FALSE,TRUE
9018,532438.5791,4417189.11,,FALSE,926.485590420179,FALSE,TRUE
9019,532463.5791,4417189.11,,FALSE,937.539068122618,FALSE,TRUE
9020,532488.5791,4417189.11,,FALSE,949.122467996742,FALSE,TRUE
9021,532513.5791,4417189.11,,FALSE,961.216632323965,FALSE,TRUE
9022,532538.5791,4417189.11,,FALSE,973.802530935417,FALSE,TRUE
9023,532563.5791,4417189.11,,FALSE,986.861350067081,FALSE,TRUE
9024,532588.5791,4417189.11,,FALSE,1000.37456947696,FALSE,TRUE
9025,532613.5791,4417189.11,,FALSE,1014.32402823566,FALSE,TRUE
9026,532638.5791,4417189.11,,FALSE,1025.61618700962,FALSE,TRUE
9027,532663.5791,4417189.11,,FALSE,1034.62192034392,FALSE,TRUE
9028,532688.5791,4417189.11,,FALSE,1044.14868340488,FALSE,TRUE
9029,532713.5791,4417189.11,,FALSE,1054.18235047649,FALSE,TRUE
9030,532738.5791,4417189.11,,FALSE,1064.70859067453,FALSE,TRUE
9031,532763.5791,4417189.11,,FALSE,1075.71294407762,FALSE,TRUE
9032,532788.5791,4417189.11,,FALSE,1087.18089251796,FALSE,TRUE
9033,532813.5791,4417189.11,,FALSE,1099.09792468921,FALSE,TRUE
9034,532838.5791,4417189.11,,FALSE,1111.4495953736,FALSE,TRUE
9035,532863.5791,4417189.11,,FALSE,1124.22157871842,FALSE,TRUE
9036,532888.5791,4417189.11,,FALSE,1137.39971560403,FALSE,TRUE
9037,532913.5791,4417189.11,,FALSE,1150.97005523868,FALSE,TRUE
9038,532938.5791,4417189.11,,FALSE,1164.91889119206,FALSE,TRUE
9039,532963.5791,4417189.11,,FALSE,1179.23279213908,FALSE,TRUE
9040,532988.5791,4417189.11,,FALSE,1193.89862762972,FALSE,TRUE
9041,531013.5791,4417164.11,,FALSE,1338.88745391698,FALSE,TRUE
9042,531038.5791,4417164.11,,FALSE,1319.83846331901,FALSE,TRUE
9043,531063.5791,4417164.11,,FALSE,1300.99097777667,FALSE,TRUE
9044,531088.5791,4417164.11,,FALSE,1282.35388222451,FALSE,TRUE
9045,531113.5791,4417164.11,,FALSE,1263.93648347387,FALSE,TRUE
9046,531138.5791,4417164.11,,FALSE,1245.74852568899,FALSE,TRUE
9047,531163.5791,4417164.11,,FALSE,1227.8002053495,FALSE,TRUE
9048,531188.5791,4417164.11,,FALSE,1210.1021854605,FALSE,TRUE
9049,531213.5791,4417164.11,,FALSE,1192.66560873376,FALSE,TRUE
9050,531238.5791,4417164.11,,FALSE,1175.5021094223,FALSE,TRUE
9051,531263.5791,4417164.11,,FALSE,1158.62382344585,FALSE,TRUE
9052,531288.5791,4417164.11,,FALSE,1142.043396398,FALSE,TRUE
9053,531313.5791,4417164.11,,FALSE,1125.77398897659,FALSE,TRUE
9054,531338.5791,4417164.11,,FALSE,1109.82927932915,FALSE,TRUE
9055,531363.5791,4417164.11,,FALSE,1094.22346175554,FALSE,TRUE
9056,531388.5791,4417164.11,,FALSE,1078.97124116274,FALSE,TRUE
9057,531413.5791,4417164.11,,FALSE,1064.0878226238,FALSE,TRUE
9058,531438.5791,4417164.11,,FALSE,1049.58889535678,FALSE,TRUE
9059,531463.5791,4417164.11,,FALSE,1035.49061041434,FALSE,TRUE
9060,531488.5791,4417164.11,,FALSE,1021.80955136281,FALSE,TRUE
9061,531513.5791,4417164.11,,FALSE,1008.56269723615,FALSE,TRUE
9062,531538.5791,4417164.11,,FALSE,995.767377079737,FALSE,TRUE
9063,531563.5791,4417164.11,,FALSE,983.441215455331,FALSE,TRUE
9064,531588.5791,4417164.11,,FALSE,971.60206836763,FALSE,TRUE
9065,531613.5791,4417164.11,,FALSE,960.267949197647,FALSE,TRUE
9066,531638.5791,4417164.11,,FALSE,949.456944393085,FALSE,TRUE
9067,531663.5791,4417164.11,,FALSE,939.18711887262,FALSE,TRUE
9068,531688.5791,4417164.11,,FALSE,929.476411350095,FALSE,TRUE
9069,531713.5791,4417164.11,,FALSE,920.342520074048,FALSE,TRUE
9070,531738.5791,4417164.11,,FALSE,911.802779802874,FALSE,TRUE
9071,531763.5791,4417164.11,,FALSE,903.874031188112,FALSE,TRUE
9072,531788.5791,4417164.11,,FALSE,896.572484106135,FALSE,TRUE
9073,531813.5791,4417164.11,,FALSE,889.913576846788,FALSE,TRUE
9074,531838.5791,4417164.11,,FALSE,883.911833417928,FALSE,TRUE
9075,531863.5791,4417164.11,,FALSE,878.580721536867,FALSE,TRUE
9076,531888.5791,4417164.11,,FALSE,873.932514131521,FALSE,TRUE
9077,531913.5791,4417164.11,,FALSE,869.978157344332,FALSE,TRUE
9078,531938.5791,4417164.11,,FALSE,866.727148101545,FALSE,TRUE
9079,531963.5791,4417164.11,,FALSE,864.18742426411,FALSE,TRUE
9080,531988.5791,4417164.11,,FALSE,862.365270205286,FALSE,TRUE
9081,532013.5791,4417164.11,,FALSE,861.265240362244,FALSE,TRUE
9082,532038.5791,4417164.11,,FALSE,860.890102891323,FALSE,TRUE
9083,532063.5791,4417164.11,,FALSE,861.240805034359,FALSE,TRUE
9084,532088.5791,4417164.11,,FALSE,862.316461199849,FALSE,TRUE
9085,532113.5791,4417164.11,,FALSE,864.114364107106,FALSE,TRUE
9086,532138.5791,4417164.11,,FALSE,866.630018667844,FALSE,TRUE
9087,532163.5791,4417164.11,,FALSE,869.85719762282,FALSE,TRUE
9088,532188.5791,4417164.11,,FALSE,873.788017345297,FALSE,TRUE
9089,532213.5791,4417164.11,,FALSE,878.413031697631,FALSE,TRUE
9090,532238.5791,4417164.11,,FALSE,883.721341405888,FALSE,TRUE
9091,532263.5791,4417164.11,,FALSE,889.70071611538,FALSE,TRUE
9092,532288.5791,4417164.11,,FALSE,896.33772611456,FALSE,TRUE
9093,532313.5791,4417164.11,,FALSE,903.617880664287,FALSE,TRUE
9094,532338.5791,4417164.11,,FALSE,911.525769935341,FALSE,TRUE
9095,532363.5791,4417164.11,,FALSE,920.045207724172,FALSE,TRUE
9096,532388.5791,4417164.11,,FALSE,929.159372366342,FALSE,TRUE
9097,532413.5791,4417164.11,,FALSE,938.850943577421,FALSE,TRUE
9098,532438.5791,4417164.11,,FALSE,949.102233300613,FALSE,TRUE
9099,532463.5791,4417164.11,,FALSE,959.895309008337,FALSE,TRUE
9100,532488.5791,4417164.11,,FALSE,971.212108273064,FALSE,TRUE
9101,532513.5791,4417164.11,,FALSE,983.034543775654,FALSE,TRUE
9102,532538.5791,4417164.11,,FALSE,995.344598245355,FALSE,TRUE
9103,532563.5791,4417164.11,,FALSE,1008.12440911636,FALSE,TRUE
9104,532588.5791,4417164.11,,FALSE,1021.3563429363,FALSE,TRUE
9105,532613.5791,4417164.11,,FALSE,1035.02305977027,FALSE,TRUE
9106,532638.5791,4417164.11,,FALSE,1049.07486055864,FALSE,TRUE
9107,532663.5791,4417164.11,,FALSE,1057.88090920298,FALSE,TRUE
9108,532688.5791,4417164.11,,FALSE,1067.20006233889,FALSE,TRUE
9109,532713.5791,4417164.11,,FALSE,1077.01900078695,FALSE,TRUE
9110,532738.5791,4417164.11,,FALSE,1087.32418489433,FALSE,TRUE
9111,532763.5791,4417164.11,,FALSE,1098.1019251673,FALSE,TRUE
9112,532788.5791,4417164.11,,FALSE,1109.33844838089,FALSE,TRUE
9113,532813.5791,4417164.11,,FALSE,1121.01995881256,FALSE,TRUE
9114,532838.5791,4417164.11,,FALSE,1133.1326943726,FALSE,TRUE
9115,532863.5791,4417164.11,,FALSE,1145.66297751831,FALSE,TRUE
9116,532888.5791,4417164.11,,FALSE,1158.59726093933,FALSE,TRUE
9117,532913.5791,4417164.11,,FALSE,1171.92216808802,FALSE,TRUE
9118,532938.5791,4417164.11,,FALSE,1185.62452870043,FALSE,TRUE
9119,532963.5791,4417164.11,,FALSE,1199.69140951168,FALSE,TRUE
9120,532988.5791,4417164.11,,FALSE,1214.110140414,FALSE,TRUE
9121,531013.5791,4417139.11,,FALSE,1355.09745563051,FALSE,TRUE
9122,531038.5791,4417139.11,,FALSE,1336.27956253782,FALSE,TRUE
9123,531063.5791,4417139.11,,FALSE,1317.66726613977,FALSE,TRUE
9124,531088.5791,4417139.11,,FALSE,1299.26940210884,FALSE,TRUE
9125,531113.5791,4417139.11,,FALSE,1281.09520889599,FALSE,TRUE
9126,531138.5791,4417139.11,,FALSE,1263.15434102736,FALSE,TRUE
9127,531163.5791,4417139.11,,FALSE,1245.45688173307,FALSE,TRUE
9128,531188.5791,4417139.11,,FALSE,1228.01335467342,FALSE,TRUE
9129,531213.5791,4417139.11,,FALSE,1210.83473449363,FALSE,TRUE
9130,531238.5791,4417139.11,,FALSE,1193.93245590203,FALSE,TRUE
9131,531263.5791,4417139.11,,FALSE,1177.31842092794,FALSE,TRUE
9132,531288.5791,4417139.11,,FALSE,1161.00500397555,FALSE,TRUE
9133,531313.5791,4417139.11,,FALSE,1145.00505424922,FALSE,TRUE
9134,531338.5791,4417139.11,,FALSE,1129.33189508499,FALSE,TRUE
9135,531363.5791,4417139.11,,FALSE,1113.99931968393,FALSE,TRUE
9136,531388.5791,4417139.11,,FALSE,1099.02158270721,FALSE,TRUE
9137,531413.5791,4417139.11,,FALSE,1084.41338716204,FALSE,TRUE
9138,531438.5791,4417139.11,,FALSE,1070.18986598465,FALSE,TRUE
9139,531463.5791,4417139.11,,FALSE,1056.36655771387,FALSE,TRUE
9140,531488.5791,4417139.11,,FALSE,1042.95937565,FALSE,TRUE
9141,531513.5791,4417139.11,,FALSE,1029.98456991173,FALSE,TRUE
9142,531538.5791,4417139.11,,FALSE,1017.45868184229,FALSE,TRUE
9143,531563.5791,4417139.11,,FALSE,1005.39849027947,FALSE,TRUE
9144,531588.5791,4417139.11,,FALSE,993.820949294308,FALSE,TRUE
9145,531613.5791,4417139.11,,FALSE,982.743117124836,FALSE,TRUE
9146,531638.5791,4417139.11,,FALSE,972.182076185442,FALSE,TRUE
9147,531663.5791,4417139.11,,FALSE,962.154844220116,FALSE,TRUE
9148,531688.5791,4417139.11,,FALSE,952.678276889021,FALSE,TRUE
9149,531713.5791,4417139.11,,FALSE,943.768962329358,FALSE,TRUE
9150,531738.5791,4417139.11,,FALSE,935.4431085086,FALSE,TRUE
9151,531763.5791,4417139.11,,FALSE,927.716424483382,FALSE,TRUE
9152,531788.5791,4417139.11,,FALSE,920.603996980368,FALSE,TRUE
9153,531813.5791,4417139.11,,FALSE,914.120164013587,FALSE,TRUE
9154,531838.5791,4417139.11,,FALSE,908.278387531172,FALSE,TRUE
9155,531863.5791,4417139.11,,FALSE,903.091127326708,FALSE,TRUE
9156,531888.5791,4417139.11,,FALSE,898.569718639697,FALSE,TRUE
9157,531913.5791,4417139.11,,FALSE,894.724255989644,FALSE,TRUE
9158,531938.5791,4417139.11,,FALSE,891.563485824886,FALSE,TRUE
9159,531963.5791,4417139.11,,FALSE,889.09471050964,FALSE,TRUE
9160,531988.5791,4417139.11,,FALSE,887.323706015014,FALSE,TRUE
9161,532013.5791,4417139.11,,FALSE,886.254655421464,FALSE,TRUE
9162,532038.5791,4417139.11,,FALSE,885.890099987699,FALSE,TRUE
9163,532063.5791,4417139.11,,FALSE,886.230909106771,FALSE,TRUE
9164,532088.5791,4417139.11,,FALSE,887.276269972444,FALSE,TRUE
9165,532113.5791,4417139.11,,FALSE,889.023697241087,FALSE,TRUE
9166,532138.5791,4417139.11,,FALSE,891.469062422365,FALSE,TRUE
9167,532163.5791,4417139.11,,FALSE,894.60664219321,FALSE,TRUE
9168,532188.5791,4417139.11,,FALSE,898.429184330189,FALSE,TRUE
9169,532213.5791,4417139.11,,FALSE,902.927989518659,FALSE,TRUE
9170,532238.5791,4417139.11,,FALSE,908.093006941583,FALSE,TRUE
9171,532263.5791,4417139.11,,FALSE,913.912941289379,FALSE,TRUE
9172,532288.5791,4417139.11,,FALSE,920.375368670959,FALSE,TRUE
9173,532313.5791,4417139.11,,FALSE,927.46685884521,FALSE,TRUE
9174,532338.5791,4417139.11,,FALSE,935.173101225757,FALSE,TRUE
9175,532363.5791,4417139.11,,FALSE,943.479032229227,FALSE,TRUE
9176,532388.5791,4417139.11,,FALSE,952.368961724498,FALSE,TRUE
9177,532413.5791,4417139.11,,FALSE,961.826696581144,FALSE,TRUE
9178,532438.5791,4417139.11,,FALSE,971.835659592811,FALSE,TRUE
9179,532463.5791,4417139.11,,FALSE,982.379002348988,FALSE,TRUE
9180,532488.5791,4417139.11,,FALSE,993.439710931767,FALSE,TRUE
9181,532513.5791,4417139.11,,FALSE,1005.0007036098,FALSE,TRUE
9182,532538.5791,4417139.11,,FALSE,1017.04491997954,FALSE,TRUE
9183,532563.5791,4417139.11,,FALSE,1029.55540125638,FALSE,TRUE
9184,532588.5791,4417139.11,,FALSE,1042.51536164039,FALSE,TRUE
9185,532613.5791,4417139.11,,FALSE,1055.9082508704,FALSE,TRUE
9186,532638.5791,4417139.11,,FALSE,1069.71780823551,FALSE,TRUE
9187,532663.5791,4417139.11,,FALSE,1081.21760902055,FALSE,TRUE
9188,532688.5791,4417139.11,,FALSE,1090.33732076643,FALSE,TRUE
9189,532713.5791,4417139.11,,FALSE,1099.94973887724,FALSE,TRUE
9190,532738.5791,4417139.11,,FALSE,1110.04206364268,FALSE,TRUE
9191,532763.5791,4417139.11,,FALSE,1120.6013287767,FALSE,TRUE
9192,532788.5791,4417139.11,,FALSE,1131.61446308189,FALSE,TRUE
9193,532813.5791,4417139.11,,FALSE,1143.0683479373,FALSE,TRUE
9194,532838.5791,4417139.11,,FALSE,1154.94987036499,FALSE,TRUE
9195,532863.5791,4417139.11,,FALSE,1167.24597153132,FALSE,TRUE
9196,532888.5791,4417139.11,,FALSE,1179.94369062939,FALSE,TRUE
9197,532913.5791,4417139.11,,FALSE,1193.03020416756,FALSE,TRUE
9198,532938.5791,4417139.11,,FALSE,1206.49286075637,FALSE,TRUE
9199,532963.5791,4417139.11,,FALSE,1220.31921154102,FALSE,TRUE
9200,532988.5791,4417139.11,,FALSE,1234.49703647117,FALSE,TRUE
9201,531013.5791,4417114.11,,FALSE,1371.57158553838,FALSE,TRUE
9202,531038.5791,4417114.11,,FALSE,1352.98284144931,FALSE,TRUE
9203,531063.5791,4417114.11,,FALSE,1334.60350825863,FALSE,TRUE
9204,531088.5791,4417114.11,,FALSE,1316.44235698197,FALSE,TRUE
9205,531113.5791,4417114.11,,FALSE,1298.50854223461,FALSE,TRUE
9206,531138.5791,4417114.11,,FALSE,1280.8116134921,FALSE,TRUE
9207,531163.5791,4417114.11,,FALSE,1263.36152555642,FALSE,TRUE
9208,531188.5791,4417114.11,,FALSE,1246.16864799924,FALSE,TRUE
9209,531213.5791,4417114.11,,FALSE,1229.24377332417,FALSE,TRUE
9210,531238.5791,4417114.11,,FALSE,1212.59812355794,FALSE,TRUE
9211,531263.5791,4417114.11,,FALSE,1196.24335494758,FALSE,TRUE
9212,531288.5791,4417114.11,,FALSE,1180.19156040714,FALSE,TRUE
9213,531313.5791,4417114.11,,FALSE,1164.45526932392,FALSE,TRUE
9214,531338.5791,4417114.11,,FALSE,1149.04744430169,FALSE,TRUE
9215,531363.5791,4417114.11,,FALSE,1133.98147438846,FALSE,TRUE
9216,531388.5791,4417114.11,,FALSE,1119.27116431017,FALSE,TRUE
9217,531413.5791,4417114.11,,FALSE,1104.93071921104,FALSE,TRUE
9218,531438.5791,4417114.11,,FALSE,1090.97472438926,FALSE,TRUE
9219,531463.5791,4417114.11,,FALSE,1077.4181195136,FALSE,TRUE
9220,531488.5791,4417114.11,,FALSE,1064.27616681772,FALSE,TRUE
9221,531513.5791,4417114.11,,FALSE,1051.56441279468,FALSE,TRUE
9222,531538.5791,4417114.11,,FALSE,1039.29864295891,FALSE,TRUE
9223,531563.5791,4417114.11,,FALSE,1027.49482930875,FALSE,TRUE
9224,531588.5791,4417114.11,,FALSE,1016.16907021235,FALSE,TRUE
9225,531613.5791,4417114.11,,FALSE,1005.3375225546,FALSE,TRUE
9226,531638.5791,4417114.11,,FALSE,995.016326125466,FALSE,TRUE
9227,531663.5791,4417114.11,,FALSE,985.221520398443,FALSE,TRUE
9228,531688.5791,4417114.11,,FALSE,975.96895404322,FALSE,TRUE
9229,531713.5791,4417114.11,,FALSE,967.274187733869,FALSE,TRUE
9230,531738.5791,4417114.11,,FALSE,959.152391049626,FALSE,TRUE
9231,531763.5791,4417114.11,,FALSE,951.618234512251,FALSE,TRUE
9232,531788.5791,4417114.11,,FALSE,944.685778053323,FALSE,TRUE
9233,531813.5791,4417114.11,,FALSE,938.368357446164,FALSE,TRUE
9234,531838.5791,4417114.11,,FALSE,932.67847045818,FALSE,TRUE
9235,531863.5791,4417114.11,,FALSE,927.627664667354,FALSE,TRUE
9236,531888.5791,4417114.11,,FALSE,923.226429028225,FALSE,TRUE
9237,531913.5791,4417114.11,,FALSE,919.484091355694,FALSE,TRUE
9238,531938.5791,4417114.11,,FALSE,916.408723908827,FALSE,TRUE
9239,531963.5791,4417114.11,,FALSE,914.007059193857,FALSE,TRUE
9240,531988.5791,4417114.11,,FALSE,912.284417961965,FALSE,TRUE
9241,532013.5791,4417114.11,,FALSE,911.244651153685,FALSE,TRUE
9242,532038.5791,4417114.11,,FALSE,910.89009724346,FALSE,TRUE
9243,532063.5791,4417114.11,,FALSE,911.221556075249,FALSE,TRUE
9244,532088.5791,4417114.11,,FALSE,912.238279867819,FALSE,TRUE
9245,532113.5791,4417114.11,,FALSE,913.937981624681,FALSE,TRUE
9246,532138.5791,4417114.11,,FALSE,916.31686072897,FALSE,TRUE
9247,532163.5791,4417114.11,,FALSE,919.369645059153,FALSE,TRUE
9248,532188.5791,4417114.11,,FALSE,923.089648547849,FALSE,TRUE
9249,532213.5791,4417114.11,,FALSE,927.468842741464,FALSE,TRUE
9250,532238.5791,4417114.11,,FALSE,932.497940617666,FALSE,TRUE
9251,532263.5791,4417114.11,,FALSE,938.166490691384,FALSE,TRUE
9252,532288.5791,4417114.11,,FALSE,944.462979293623,FALSE,TRUE
9253,532313.5791,4417114.11,,FALSE,951.374938841772,FALSE,TRUE
9254,532338.5791,4417114.11,,FALSE,958.889059931431,FALSE,TRUE
9255,532363.5791,4417114.11,,FALSE,966.99130516059,FALSE,TRUE
9256,532388.5791,4417114.11,,FALSE,975.667022736846,FALSE,TRUE
9257,532413.5791,4417114.11,,FALSE,984.901058104914,FALSE,TRUE
9258,532438.5791,4417114.11,,FALSE,994.67786205192,FALSE,TRUE
9259,532463.5791,4417114.11,,FALSE,1004.98159398875,FALSE,TRUE
9260,532488.5791,4417114.11,,FALSE,1015.79621935513,FALSE,TRUE
9261,532513.5791,4417114.11,,FALSE,1027.10560034311,FALSE,TRUE
9262,532538.5791,4417114.11,,FALSE,1038.89357936998,FALSE,TRUE
9263,532563.5791,4417114.11,,FALSE,1051.14405494973,FALSE,TRUE
9264,532588.5791,4417114.11,,FALSE,1063.8410498078,FALSE,TRUE
9265,532613.5791,4417114.11,,FALSE,1076.96877125392,FALSE,TRUE
9266,532638.5791,4417114.11,,FALSE,1090.51166397071,FALSE,TRUE
9267,532663.5791,4417114.11,,FALSE,1104.45445549202,FALSE,TRUE
9268,532688.5791,4417114.11,,FALSE,1113.55510553187,FALSE,TRUE
9269,532713.5791,4417114.11,,FALSE,1122.96880101635,FALSE,TRUE
9270,532738.5791,4417114.11,,FALSE,1132.85607340743,FALSE,TRUE
9271,532763.5791,4417114.11,,FALSE,1143.20463524956,FALSE,TRUE
9272,532788.5791,4417114.11,,FALSE,1154.00207671221,FALSE,TRUE
9273,532813.5791,4417114.11,,FALSE,1165.23591948416,FALSE,TRUE
9274,532838.5791,4417114.11,,FALSE,1176.89366684339,FALSE,TRUE
9275,532863.5791,4417114.11,,FALSE,1188.96284973757,FALSE,TRUE
9276,532888.5791,4417114.11,,FALSE,1201.43106879092,FALSE,TRUE
9277,532913.5791,4417114.11,,FALSE,1214.28603222473,FALSE,TRUE
9278,532938.5791,4417114.11,,FALSE,1227.51558974055,FALSE,TRUE
9279,532963.5791,4417114.11,,FALSE,1241.10776246709,FALSE,TRUE
9280,532988.5791,4417114.11,,FALSE,1255.05076911497,FALSE,TRUE
9281,531013.5791,4417089.11,,FALSE,1388.30044091912,FALSE,TRUE
9282,531038.5791,4417089.11,,FALSE,1369.93871003641,FALSE,TRUE
9283,531063.5791,4417089.11,,FALSE,1351.7899334794,FALSE,TRUE
9284,531088.5791,4417089.11,,FALSE,1333.86280376065,FALSE,TRUE
9285,531113.5791,4417089.11,,FALSE,1316.1663778779,FALSE,TRUE
9286,531138.5791,4417089.11,,FALSE,1298.71008668456,FALSE,TRUE
9287,531163.5791,4417089.11,,FALSE,1281.50374336411,FALSE,TRUE
9288,531188.5791,4417089.11,,FALSE,1264.55755078851,FALSE,TRUE
9289,531213.5791,4417089.11,,FALSE,1247.88210751506,FALSE,TRUE
9290,531238.5791,4417089.11,,FALSE,1231.48841214858,FALSE,TRUE
9291,531263.5791,4417089.11,,FALSE,1215.38786576805,FALSE,TRUE
9292,531288.5791,4417089.11,,FALSE,1199.59227208924,FALSE,TRUE
9293,531313.5791,4417089.11,,FALSE,1184.11383500752,FALSE,TRUE
9294,531338.5791,4417089.11,,FALSE,1168.96515314025,FALSE,TRUE
9295,531363.5791,4417089.11,,FALSE,1154.15921096538,FALSE,TRUE
9296,531388.5791,4417089.11,,FALSE,1139.70936613516,FALSE,TRUE
9297,531413.5791,4417089.11,,FALSE,1125.6293325319,FALSE,TRUE
9298,531438.5791,4417089.11,,FALSE,1111.9331586279,FALSE,TRUE
9299,531463.5791,4417089.11,,FALSE,1098.63520071779,FALSE,TRUE
9300,531488.5791,4417089.11,,FALSE,1085.75009060843,FALSE,TRUE
9301,531513.5791,4417089.11,,FALSE,1073.29269738325,FALSE,TRUE
9302,531538.5791,4417089.11,,FALSE,1061.2780829058,FALSE,TRUE
9303,531563.5791,4417089.11,,FALSE,1049.72145079359,FALSE,TRUE
9304,531588.5791,4417089.11,,FALSE,1038.63808867969,FALSE,TRUE
9305,531613.5791,4417089.11,,FALSE,1028.04330368725,FALSE,TRUE
9306,531638.5791,4417089.11,,FALSE,1017.9523511718,FALSE,TRUE
9307,531663.5791,4417089.11,,FALSE,1008.38035693691,FALSE,TRUE
9308,531688.5791,4417089.11,,FALSE,999.342233299584,FALSE,TRUE
9309,531713.5791,4417089.11,,FALSE,990.852589569306,FALSE,TRUE
9310,531738.5791,4417089.11,,FALSE,982.925637704195,FALSE,TRUE
9311,531763.5791,4417089.11,,FALSE,975.575094114337,FALSE,TRUE
9312,531788.5791,4417089.11,,FALSE,968.814078787151,FALSE,TRUE
9313,531813.5791,4417089.11,,FALSE,962.655013105003,FALSE,TRUE
9314,531838.5791,4417089.11,,FALSE,957.109517900743,FALSE,TRUE
9315,531863.5791,4417089.11,,FALSE,952.188313442353,FALSE,TRUE
9316,531888.5791,4417089.11,,FALSE,947.901123143227,FALSE,TRUE
9317,531913.5791,4417089.11,,FALSE,944.256582850334,FALSE,TRUE
9318,531938.5791,4417089.11,,FALSE,941.262157560893,FALSE,TRUE
9319,531963.5791,4417089.11,,FALSE,938.924067353791,FALSE,TRUE
9320,531988.5791,4417089.11,,FALSE,937.247224192307,FALSE,TRUE
9321,532013.5791,4417089.11,,FALSE,936.235181060925,FALSE,TRUE
9322,532038.5791,4417089.11,,FALSE,935.890094645831,FALSE,TRUE
9323,532063.5791,4417089.11,,FALSE,936.21270246466,FALSE,TRUE
9324,532088.5791,4417089.11,,FALSE,937.202315007907,FALSE,TRUE
9325,532113.5791,4417089.11,,FALSE,938.856823086555,FALSE,TRUE
9326,532138.5791,4417089.11,,FALSE,941.17272020399,FALSE,TRUE
9327,532163.5791,4417089.11,,FALSE,944.14513940187,FALSE,TRUE
9328,532188.5791,4417089.11,,FALSE,947.767903685377,FALSE,TRUE
9329,532213.5791,4417089.11,,FALSE,952.033588827712,FALSE,TRUE
9330,532238.5791,4417089.11,,FALSE,956.933597098655,FALSE,TRUE
9331,532263.5791,4417089.11,,FALSE,962.458240266127,FALSE,TRUE
9332,532288.5791,4417089.11,,FALSE,968.596830087818,FALSE,TRUE
9333,532313.5791,4417089.11,,FALSE,975.337774443381,FALSE,TRUE
9334,532338.5791,4417089.11,,FALSE,982.668677254021,FALSE,TRUE
9335,532363.5791,4417089.11,,FALSE,990.576440390223,FALSE,TRUE
9336,532388.5791,4417089.11,,FALSE,999.047365872191,FALSE,TRUE
9337,532413.5791,4417089.11,,FALSE,1008.06725681185,FALSE,TRUE
9338,532438.5791,4417089.11,,FALSE,1017.62151571995,FALSE,TRUE
9339,532463.5791,4417089.11,,FALSE,1027.69523899654,FALSE,TRUE
9340,532488.5791,4417089.11,,FALSE,1038.27330662796,FALSE,TRUE
9341,532513.5791,4417089.11,,FALSE,1049.34046631975,FALSE,TRUE
9342,532538.5791,4417089.11,,FALSE,1060.88141149525,FALSE,TRUE
9343,532563.5791,4417089.11,,FALSE,1072.8808527773,FALSE,TRUE
9344,532588.5791,4417089.11,,FALSE,1085.3235827421,FALSE,TRUE
9345,532613.5791,4417089.11,,FALSE,1098.19453388557,FALSE,TRUE
9346,532638.5791,4417089.11,,FALSE,1111.47882987313,FALSE,TRUE
9347,532663.5791,4417089.11,,FALSE,1125.16183025205,FALSE,TRUE
9348,532688.5791,4417089.11,,FALSE,1136.84848289298,FALSE,TRUE
9349,532713.5791,4417089.11,,FALSE,1146.07086519817,FALSE,TRUE
9350,532738.5791,4417089.11,,FALSE,1155.76052149919,FALSE,TRUE
9351,532763.5791,4417089.11,,FALSE,1165.90580153633,FALSE,TRUE
9352,532788.5791,4417089.11,,FALSE,1176.4949184149,FALSE,TRUE
9353,532813.5791,4417089.11,,FALSE,1187.51599907373,FALSE,TRUE
9354,532838.5791,4417089.11,,FALSE,1198.95713145052,FALSE,TRUE
9355,532863.5791,4417089.11,,FALSE,1210.80640816609,FALSE,TRUE
9356,532888.5791,4417089.11,,FALSE,1223.05196662123,FALSE,TRUE
9357,532913.5791,4417089.11,,FALSE,1235.68202546451,FALSE,TRUE
9358,532938.5791,4417089.11,,FALSE,1248.68491744558,FALSE,TRUE
9359,532963.5791,4417089.11,,FALSE,1262.04911871768,FALSE,TRUE
9360,532988.5791,4417089.11,,FALSE,1275.76327469326,FALSE,TRUE
9361,531013.5791,4417064.11,,FALSE,1405.27492479451,FALSE,TRUE
9362,531038.5791,4417064.11,,FALSE,1387.13790563744,FALSE,TRUE
9363,531063.5791,4417064.11,,FALSE,1369.21712093306,FALSE,TRUE
9364,531088.5791,4417064.11,,FALSE,1351.52117232998,FALSE,TRUE
9365,531113.5791,4417064.11,,FALSE,1334.05900703688,FALSE,TRUE
9366,531138.5791,4417064.11,,FALSE,1316.83992544888,FALSE,TRUE
9367,531163.5791,4417064.11,,FALSE,1299.87358779853,FALSE,TRUE
9368,531188.5791,4417064.11,,FALSE,1283.1700196218,FALSE,TRUE
9369,531213.5791,4417064.11,,FALSE,1266.73961580753,FALSE,TRUE
9370,531238.5791,4417064.11,,FALSE,1250.59314297505,FALSE,TRUE
9371,531263.5791,4417064.11,,FALSE,1234.741739902,FALSE,TRUE
9372,531288.5791,4417064.11,,FALSE,1219.19691570156,FALSE,TRUE
9373,531313.5791,4417064.11,,FALSE,1203.97054542717,FALSE,TRUE
9374,531338.5791,4417064.11,,FALSE,1189.07486276357,FALSE,TRUE
9375,531363.5791,4417064.11,,FALSE,1174.52244944752,FALSE,TRUE
9376,531388.5791,4417064.11,,FALSE,1160.32622105001,FALSE,TRUE
9377,531413.5791,4417064.11,,FALSE,1146.49940874655,FALSE,TRUE
9378,531438.5791,4417064.11,,FALSE,1133.05553670427,FALSE,TRUE
9379,531463.5791,4417064.11,,FALSE,1120.00839472577,FALSE,TRUE
9380,531488.5791,4417064.11,,FALSE,1107.37200581205,FALSE,TRUE
9381,531513.5791,4417064.11,,FALSE,1095.16058834136,FALSE,TRUE
9382,531538.5791,4417064.11,,FALSE,1083.38851261041,FALSE,TRUE
9383,531563.5791,4417064.11,,FALSE,1072.07025154893,FALSE,TRUE
9384,531588.5791,4417064.11,,FALSE,1061.22032550088,FALSE,TRUE
9385,531613.5791,4417064.11,,FALSE,1050.8532410647,FALSE,TRUE
9386,531638.5791,4417064.11,,FALSE,1040.98342410251,FALSE,TRUE
9387,531663.5791,4417064.11,,FALSE,1031.6251471616,FALSE,TRUE
9388,531688.5791,4417064.11,,FALSE,1022.79245170082,FALSE,TRUE
9389,531713.5791,4417064.11,,FALSE,1014.49906567536,FALSE,TRUE
9390,531738.5791,4417064.11,,FALSE,1006.75831720239,FALSE,TRUE
9391,531763.5791,4417064.11,,FALSE,999.583045202438,FALSE,TRUE
9392,531788.5791,4417064.11,,FALSE,992.985508079639,FALSE,TRUE
9393,531813.5791,4417064.11,,FALSE,986.977291661859,FALSE,TRUE
9394,531838.5791,4417064.11,,FALSE,981.56921776112,FALSE,TRUE
9395,531863.5791,4417064.11,,FALSE,976.77125482693,FALSE,TRUE
9396,531888.5791,4417064.11,,FALSE,972.592432242907,FALSE,TRUE
9397,531913.5791,4417064.11,,FALSE,969.040759852841,FALSE,TRUE
9398,531938.5791,4417064.11,,FALSE,966.123154290472,FALSE,TRUE
9399,531963.5791,4417064.11,,FALSE,963.845373623887,FALSE,TRUE
9400,531988.5791,4417064.11,,FALSE,962.211961709149,FALSE,TRUE
9401,532013.5791,4417064.11,,FALSE,961.226203479788,FALSE,TRUE
9402,532038.5791,4417064.11,,FALSE,960.89009218337,FALSE,TRUE
9403,532063.5791,4417064.11,,FALSE,961.20430932043,FALSE,TRUE
9404,532088.5791,4417064.11,,FALSE,962.168217754132,FALSE,TRUE
9405,532113.5791,4417064.11,,FALSE,963.779868152558,FALSE,TRUE
9406,532138.5791,4417064.11,,FALSE,966.036018612226,FALSE,TRUE
9407,532163.5791,4417064.11,,FALSE,968.932167004563,FALSE,TRUE
9408,532188.5791,4417064.11,,FALSE,972.462595299252,FALSE,TRUE
9409,532213.5791,4417064.11,,FALSE,976.620424861244,FALSE,TRUE
9410,532238.5791,4417064.11,,FALSE,981.397681501314,FALSE,TRUE
9411,532263.5791,4417064.11,,FALSE,986.785368890395,FALSE,TRUE
9412,532288.5791,4417064.11,,FALSE,992.773548829819,FALSE,TRUE
9413,532313.5791,4417064.11,,FALSE,999.351426804481,FALSE,TRUE
9414,532338.5791,4417064.11,,FALSE,1006.50744123238,FALSE,TRUE
9415,532363.5791,4417064.11,,FALSE,1014.22935485823,FALSE,TRUE
9416,532388.5791,4417064.11,,FALSE,1022.50434681528,FALSE,TRUE
9417,532413.5791,4417064.11,,FALSE,1031.31910399068,FALSE,TRUE
9418,532438.5791,4417064.11,,FALSE,1040.65991046842,FALSE,TRUE
9419,532463.5791,4417064.11,,FALSE,1050.51273398096,FALSE,TRUE
9420,532488.5791,4417064.11,,FALSE,1060.86330846916,FALSE,TRUE
9421,532513.5791,4417064.11,,FALSE,1071.69721202219,FALSE,TRUE
9422,532538.5791,4417064.11,,FALSE,1082.99993963811,FALSE,TRUE
9423,532563.5791,4417064.11,,FALSE,1094.75697040765,FALSE,TRUE
9424,532588.5791,4417064.11,,FALSE,1106.95382887279,FALSE,TRUE
9425,532613.5791,4417064.11,,FALSE,1119.57614044608,FALSE,TRUE
9426,532638.5791,4417064.11,,FALSE,1132.60968089459,FALSE,TRUE
9427,532663.5791,4417064.11,,FALSE,1146.0404199923,FALSE,TRUE
9428,532688.5791,4417064.11,,FALSE,1159.85455952724,FALSE,TRUE
9429,532713.5791,4417064.11,,FALSE,1169.2510115694,FALSE,TRUE
9430,532738.5791,4417064.11,,FALSE,1178.75013597287,FALSE,TRUE
9431,532763.5791,4417064.11,,FALSE,1188.69922102105,FALSE,TRUE
9432,532788.5791,4417064.11,,FALSE,1199.08706650354,FALSE,TRUE
9433,532813.5791,4417064.11,,FALSE,1209.90237129119,FALSE,TRUE
9434,532838.5791,4417064.11,,FALSE,1221.13377770662,FALSE,TRUE
9435,532863.5791,4417064.11,,FALSE,1232.7699128613,FALSE,TRUE
9436,532888.5791,4417064.11,,FALSE,1244.79942683793,FALSE,TRUE
9437,532913.5791,4417064.11,,FALSE,1257.21102765449,FALSE,TRUE
9438,532938.5791,4417064.11,,FALSE,1269.99351299762,FALSE,TRUE
9439,532963.5791,4417064.11,,FALSE,1283.13579875867,FALSE,TRUE
9440,532988.5791,4417064.11,,FALSE,1296.62694444318,FALSE,TRUE
9441,531013.5791,4417039.11,,FALSE,1422.48624396027,FALSE,TRUE
9442,531038.5791,4417039.11,,FALSE,1404.57148954982,FALSE,TRUE
9443,531063.5791,4417039.11,,FALSE,1386.87599454897,FALSE,TRUE
9444,531088.5791,4417039.11,,FALSE,1369.40825879509,FALSE,TRUE
9445,531113.5791,4417039.11,,FALSE,1352.17710905643,FALSE,TRUE
9446,531138.5791,4417039.11,,FALSE,1335.19170505819,FALSE,TRUE
9447,531163.5791,4417039.11,,FALSE,1318.46154447378,FALSE,TRUE
9448,531188.5791,4417039.11,,FALSE,1301.99646668345,FALSE,TRUE
9449,531213.5791,4417039.11,,FALSE,1285.80665508318,FALSE,TRUE
9450,531238.5791,4417039.11,,FALSE,1269.90263770739,FALSE,TRUE
9451,531263.5791,4417039.11,,FALSE,1254.29528591006,FALSE,TRUE
9452,531288.5791,4417039.11,,FALSE,1238.99581083077,FALSE,TRUE
9453,531313.5791,4417039.11,,FALSE,1224.01575735617,FALSE,TRUE
9454,531338.5791,4417039.11,,FALSE,1209.36699527322,FALSE,TRUE
9455,531363.5791,4417039.11,,FALSE,1195.06170730058,FALSE,TRUE
9456,531388.5791,4417039.11,,FALSE,1181.11237367838,FALSE,TRUE
9457,531413.5791,4417039.11,,FALSE,1167.53175299697,FALSE,TRUE
9458,531438.5791,4417039.11,,FALSE,1154.33285895195,FALSE,TRUE
9459,531463.5791,4417039.11,,FALSE,1141.52893272846,FALSE,TRUE
9460,531488.5791,4417039.11,,FALSE,1129.13341074303,FALSE,TRUE
9461,531513.5791,4417039.11,,FALSE,1117.15988750768,FALSE,TRUE
9462,531538.5791,4417039.11,,FALSE,1105.62207343024,FALSE,TRUE
9463,531563.5791,4417039.11,,FALSE,1094.53374742681,FALSE,TRUE
9464,531588.5791,4417039.11,,FALSE,1083.90870429948,FALSE,TRUE
9465,531613.5791,4417039.11,,FALSE,1073.76069692282,FALSE,TRUE
9466,531638.5791,4417039.11,,FALSE,1064.10337338821,FALSE,TRUE
9467,531663.5791,4417039.11,,FALSE,1054.95020937302,FALSE,TRUE
9468,531688.5791,4417039.11,,FALSE,1046.31443613102,FALSE,TRUE
9469,531713.5791,4417039.11,,FALSE,1038.2089646387,FALSE,TRUE
9470,531738.5791,4417039.11,,FALSE,1030.64630657475,FALSE,TRUE
9471,531763.5791,4417039.11,,FALSE,1023.63849295352,FALSE,TRUE
9472,531788.5791,4417039.11,,FALSE,1017.19699137196,FALSE,TRUE
9473,531813.5791,4417039.11,,FALSE,1011.33262295654,FALSE,TRUE
9474,531838.5791,4417039.11,,FALSE,1006.05548020781,FALSE,TRUE
9475,531863.5791,4417039.11,,FALSE,1001.37484702591,FALSE,TRUE
9476,531888.5791,4417039.11,,FALSE,997.299122257789,FALSE,TRUE
9477,531913.5791,4417039.11,,FALSE,993.835748127504,FALSE,TRUE
9478,531938.5791,4417039.11,,FALSE,990.991144892907,FALSE,TRUE
9479,531963.5791,4417039.11,,FALSE,988.770653011179,FALSE,TRUE
9480,531988.5791,4417039.11,,FALSE,987.1784839917,FALSE,TRUE
9481,532013.5791,4417039.11,,FALSE,986.217680969141,FALSE,TRUE
9482,532038.5791,4417039.11,,FALSE,985.890089845795,FALSE,TRUE
9483,532063.5791,4417039.11,,FALSE,986.196341635958,FALSE,TRUE
9484,532088.5791,4417039.11,,FALSE,987.135846404205,FALSE,TRUE
9485,532113.5791,4417039.11,,FALSE,988.706798932902,FALSE,TRUE
9486,532138.5791,4417039.11,,FALSE,990.906195992408,FALSE,TRUE
9487,532163.5791,4417039.11,,FALSE,993.72986483055,FALSE,TRUE
9488,532188.5791,4417039.11,,FALSE,997.172502256325,FALSE,TRUE
9489,532213.5791,4417039.11,,FALSE,1001.2277234756,FALSE,TRUE
9490,532238.5791,4417039.11,,FALSE,1005.88811965155,FALSE,TRUE
9491,532263.5791,4417039.11,,FALSE,1011.14532301551,FALSE,TRUE
9492,532288.5791,4417039.11,,FALSE,1016.99007824862,FALSE,TRUE
9493,532313.5791,4417039.11,,FALSE,1023.41231879245,FALSE,TRUE
9494,532338.5791,4417039.11,,FALSE,1030.40124672679,FALSE,TRUE
9495,532363.5791,4417039.11,,FALSE,1037.94541487312,FALSE,TRUE
9496,532388.5791,4417039.11,,FALSE,1046.03280983731,FALSE,TRUE
9497,532413.5791,4417039.11,,FALSE,1054.65093479128,FALSE,TRUE
9498,532438.5791,4417039.11,,FALSE,1063.78689090256,FALSE,TRUE
9499,532463.5791,4417039.11,,FALSE,1073.42745644786,FALSE,TRUE
9500,532488.5791,4417039.11,,FALSE,1083.55916278537,FALSE,TRUE
9501,532513.5791,4417039.11,,FALSE,1094.16836650313,FALSE,TRUE
9502,532538.5791,4417039.11,,FALSE,1105.24131720458,FALSE,TRUE
9503,532563.5791,4417039.11,,FALSE,1116.76422053006,FALSE,TRUE
9504,532588.5791,4417039.11,,FALSE,1128.72329614309,FALSE,TRUE
9505,532613.5791,4417039.11,,FALSE,1141.10483052878,FALSE,TRUE
9506,532638.5791,4417039.11,,FALSE,1153.89522455729,FALSE,TRUE
9507,532663.5791,4417039.11,,FALSE,1167.0810358566,FALSE,TRUE
9508,532688.5791,4417039.11,,FALSE,1180.64901611618,FALSE,TRUE
9509,532713.5791,4417039.11,,FALSE,1192.50468680674,FALSE,TRUE
9510,532738.5791,4417039.11,,FALSE,1201.82002939543,FALSE,TRUE
9511,532763.5791,4417039.11,,FALSE,1211.57968704334,FALSE,TRUE
9512,532788.5791,4417039.11,,FALSE,1221.77301208368,FALSE,TRUE
9513,532813.5791,4417039.11,,FALSE,1232.38924372782,FALSE,TRUE
9514,532838.5791,4417039.11,,FALSE,1243.41754976196,FALSE,TRUE
9515,532863.5791,4417039.11,,FALSE,1254.84706560442,FALSE,TRUE
9516,532888.5791,4417039.11,,FALSE,1266.66693059227,FALSE,TRUE
9517,532913.5791,4417039.11,,FALSE,1278.86632141754,FALSE,TRUE
9518,532938.5791,4417039.11,,FALSE,1291.43448268041,FALSE,TRUE
9519,532963.5791,4417039.11,,FALSE,1304.36075456755,FALSE,TRUE
9520,532988.5791,4417039.11,,FALSE,1317.6345977,FALSE,TRUE
9521,531013.5791,4417014.11,,FALSE,1439.92590582161,FALSE,TRUE
9522,531038.5791,4417014.11,,FALSE,1422.23084246411,FALSE,TRUE
9523,531063.5791,4417014.11,,FALSE,1404.75781694076,FALSE,TRUE
9524,531088.5791,4417014.11,,FALSE,1387.51521766652,FALSE,TRUE
9525,531113.5791,4417014.11,,FALSE,1370.51174174327,FALSE,TRUE
9526,531138.5791,4417014.11,,FALSE,1353.75639952548,FALSE,TRUE
9527,531163.5791,4417014.11,,FALSE,1337.25851810941,FALSE,TRUE
9528,531188.5791,4417014.11,,FALSE,1321.02774356036,FALSE,TRUE
9529,531213.5791,4417014.11,,FALSE,1305.07404167586,FALSE,TRUE
9530,531238.5791,4417014.11,,FALSE,1289.40769706721,FALSE,TRUE
9531,531263.5791,4417014.11,,FALSE,1274.03931032609,FALSE,TRUE
9532,531288.5791,4417014.11,,FALSE,1258.97979302933,FALSE,TRUE
9533,531313.5791,4417014.11,,FALSE,1244.24036032278,FALSE,TRUE
9534,531338.5791,4417014.11,,FALSE,1229.83252081581,FALSE,TRUE
9535,531363.5791,4417014.11,,FALSE,1215.76806351218,FALSE,TRUE
9536,531388.5791,4417014.11,,FALSE,1202.05904150178,FALSE,TRUE
9537,531413.5791,4417014.11,,FALSE,1188.71775214143,FALSE,TRUE
9538,531438.5791,4417014.11,,FALSE,1175.75671346421,FALSE,TRUE
9539,531463.5791,4417014.11,,FALSE,1163.18863657455,FALSE,TRUE
9540,531488.5791,4417014.11,,FALSE,1151.02639381387,FALSE,TRUE
9541,531513.5791,4417014.11,,FALSE,1139.28298251846,FALSE,TRUE
9542,531538.5791,4417014.11,,FALSE,1127.97148423892,FALSE,TRUE
9543,531563.5791,4417014.11,,FALSE,1117.10501934964,FALSE,TRUE
9544,531588.5791,4417014.11,,FALSE,1106.69669704764,FALSE,TRUE
9545,531613.5791,4417014.11,,FALSE,1096.75956082277,FALSE,TRUE
9546,531638.5791,4417014.11,,FALSE,1087.30652957487,FALSE,TRUE
9547,531663.5791,4417014.11,,FALSE,1078.3503346576,FALSE,TRUE
9548,531688.5791,4417014.11,,FALSE,1069.9034532406,FALSE,TRUE
9549,531713.5791,4417014.11,,FALSE,1061.97803849993,FALSE,TRUE
9550,531738.5791,4417014.11,,FALSE,1054.58584726714,FALSE,TRUE
9551,531763.5791,4417014.11,,FALSE,1047.73816588695,FALSE,TRUE
9552,531788.5791,4417014.11,,FALSE,1041.44573514713,FALSE,TRUE
9553,531813.5791,4417014.11,,FALSE,1035.71867524736,FALSE,TRUE
9554,531838.5791,4417014.11,,FALSE,1030.56641186104,FALSE,TRUE
9555,531863.5791,4417014.11,,FALSE,1025.99760441053,FALSE,TRUE
9556,531888.5791,4417014.11,,FALSE,1022.02007771674,FALSE,TRUE
9557,531913.5791,4417014.11,,FALSE,1018.64075819503,FALSE,TRUE
9558,531938.5791,4417014.11,,FALSE,1015.86561574656,FALSE,TRUE
9559,531963.5791,4417014.11,,FALSE,1013.6996124376,FALSE,TRUE
9560,531988.5791,4417014.11,,FALSE,1012.14665896605,FALSE,TRUE
9561,532013.5791,4417014.11,,FALSE,1011.20957978855,FALSE,TRUE
9562,532038.5791,4417014.11,,FALSE,1010.89008762384,FALSE,TRUE
9563,532063.5791,4417014.11,,FALSE,1011.1887678649,FALSE,TRUE
9564,532088.5791,4417014.11,,FALSE,1012.10507322912,FALSE,TRUE
9565,532113.5791,4417014.11,,FALSE,1013.63732876021,FALSE,TRUE
9566,532138.5791,4417014.11,,FALSE,1015.78274707544,FALSE,TRUE
9567,532163.5791,4417014.11,,FALSE,1018.53745353626,FALSE,TRUE
9568,532188.5791,4417014.11,,FALSE,1021.89652081614,FALSE,TRUE
9569,532213.5791,4417014.11,,FALSE,1025.85401215579,FALSE,TRUE
9570,532238.5791,4417014.11,,FALSE,1030.40303243737,FALSE,TRUE
9571,532263.5791,4417014.11,,FALSE,1035.53578608183,FALSE,TRUE
9572,532288.5791,4417014.11,,FALSE,1041.2436406798,FALSE,TRUE
9573,532313.5791,4417014.11,,FALSE,1047.51719520785,FALSE,TRUE
9574,532338.5791,4417014.11,,FALSE,1054.34635165875,FALSE,TRUE
9575,532363.5791,4417014.11,,FALSE,1061.72038892362,FALSE,TRUE
9576,532388.5791,4417014.11,,FALSE,1069.62803780385,FALSE,TRUE
9577,532413.5791,4417014.11,,FALSE,1078.0575560962,FALSE,TRUE
9578,532438.5791,4417014.11,,FALSE,1086.996802781,FALSE,TRUE
9579,532463.5791,4417014.11,,FALSE,1096.43331044624,FALSE,TRUE
9580,532488.5791,4417014.11,,FALSE,1106.35435519372,FALSE,TRUE
9581,532513.5791,4417014.11,,FALSE,1116.74702339254,FALSE,TRUE
9582,532538.5791,4417014.11,,FALSE,1127.59827476638,FALSE,TRUE
9583,532563.5791,4417014.11,,FALSE,1138.89500141853,FALSE,TRUE
9584,532588.5791,4417014.11,,FALSE,1150.62408251179,FALSE,TRUE
9585,532613.5791,4417014.11,,FALSE,1162.77243442391,FALSE,TRUE
9586,532638.5791,4417014.11,,FALSE,1175.32705629374,FALSE,TRUE
9587,532663.5791,4417014.11,,FALSE,1188.27507095626,FALSE,TRUE
9588,532688.5791,4417014.11,,FALSE,1201.6037613357,FALSE,TRUE
9589,532713.5791,4417014.11,,FALSE,1215.30060242563,FALSE,TRUE
9590,532738.5791,4417014.11,,FALSE,1224.96566607233,FALSE,TRUE
9591,532763.5791,4417014.11,,FALSE,1234.54235976576,FALSE,TRUE
9592,532788.5791,4417014.11,,FALSE,1244.54762586894,FALSE,TRUE
9593,532813.5791,4417014.11,,FALSE,1254.97121403482,FALSE,TRUE
9594,532838.5791,4417014.11,,FALSE,1265.80278995427,FALSE,TRUE
9595,532863.5791,4417014.11,,FALSE,1277.0319722137,FALSE,TRUE
9596,532888.5791,4417014.11,,FALSE,1288.64836672229,FALSE,TRUE
9597,532913.5791,4417014.11,,FALSE,1300.64159861816,FALSE,TRUE
9598,532938.5791,4417014.11,,FALSE,1313.0013416048,FALSE,TRUE
9599,532963.5791,4417014.11,,FALSE,1325.71734470664,FALSE,TRUE
9600,532988.5791,4417014.11,,FALSE,1338.77945646623,FALSE,TRUE
