"Algorithm","Run_ID","Repeat","Fold_ID","Grid_ID","Kernel","Cost","Gamma","Inner_nfold","Inner_CV_Logloss"
"SVM","Repeat_01_Fold_01",1,"Fold_01",1,"radial",0.1,0.01,4,0.17538820628318
"SVM","Repeat_01_Fold_01",1,"Fold_01",2,"radial",1,0.01,4,0.16635086225093
"SVM","Repeat_01_Fold_01",1,"Fold_01",3,"radial",10,0.01,4,0.167788246195432
"SVM","Repeat_01_Fold_01",1,"Fold_01",4,"radial",100,0.01,4,0.180553704856346
"SVM","Repeat_01_Fold_01",1,"Fold_01",5,"radial",0.1,0.1,4,0.165364089874819
"SVM","Repeat_01_Fold_01",1,"Fold_01",6,"radial",1,0.1,4,0.198574034734069
"SVM","Repeat_01_Fold_01",1,"Fold_01",7,"radial",10,0.1,4,0.188470519329691
"SVM","Repeat_01_Fold_01",1,"Fold_01",8,"radial",100,0.1,4,0.187272994733371
"SVM","Repeat_01_Fold_01",1,"Fold_01",9,"radial",0.1,1,4,0.218242097536935
"SVM","Repeat_01_Fold_01",1,"Fold_01",10,"radial",1,1,4,0.189609649690021
"SVM","Repeat_01_Fold_01",1,"Fold_01",11,"radial",10,1,4,0.17502823776504
"SVM","Repeat_01_Fold_01",1,"Fold_01",12,"radial",100,1,4,0.179995775518215
"SVM","Repeat_01_Fold_02",1,"Fold_02",1,"radial",0.1,0.01,4,0.184369643288794
"SVM","Repeat_01_Fold_02",1,"Fold_02",2,"radial",1,0.01,4,0.171453268729953
"SVM","Repeat_01_Fold_02",1,"Fold_02",3,"radial",10,0.01,4,0.161756232398978
"SVM","Repeat_01_Fold_02",1,"Fold_02",4,"radial",100,0.01,4,0.199829882187525
"SVM","Repeat_01_Fold_02",1,"Fold_02",5,"radial",0.1,0.1,4,0.191566789449853
"SVM","Repeat_01_Fold_02",1,"Fold_02",6,"radial",1,0.1,4,0.174437688230971
"SVM","Repeat_01_Fold_02",1,"Fold_02",7,"radial",10,0.1,4,0.206769854744496
"SVM","Repeat_01_Fold_02",1,"Fold_02",8,"radial",100,0.1,4,0.184227721901241
"SVM","Repeat_01_Fold_02",1,"Fold_02",9,"radial",0.1,1,4,0.221957357714379
"SVM","Repeat_01_Fold_02",1,"Fold_02",10,"radial",1,1,4,0.17465113839926
"SVM","Repeat_01_Fold_02",1,"Fold_02",11,"radial",10,1,4,0.174293967662863
"SVM","Repeat_01_Fold_02",1,"Fold_02",12,"radial",100,1,4,0.183237857724573
"SVM","Repeat_01_Fold_03",1,"Fold_03",1,"radial",0.1,0.01,4,0.182773164991022
"SVM","Repeat_01_Fold_03",1,"Fold_03",2,"radial",1,0.01,4,0.160409191243294
"SVM","Repeat_01_Fold_03",1,"Fold_03",3,"radial",10,0.01,4,0.160914694313717
"SVM","Repeat_01_Fold_03",1,"Fold_03",4,"radial",100,0.01,4,0.170931535467613
"SVM","Repeat_01_Fold_03",1,"Fold_03",5,"radial",0.1,0.1,4,0.167962735592162
"SVM","Repeat_01_Fold_03",1,"Fold_03",6,"radial",1,0.1,4,0.171181429272431
"SVM","Repeat_01_Fold_03",1,"Fold_03",7,"radial",10,0.1,4,0.170100586444837
"SVM","Repeat_01_Fold_03",1,"Fold_03",8,"radial",100,0.1,4,0.171827096884262
"SVM","Repeat_01_Fold_03",1,"Fold_03",9,"radial",0.1,1,4,0.173520376281041
"SVM","Repeat_01_Fold_03",1,"Fold_03",10,"radial",1,1,4,0.167883932503921
"SVM","Repeat_01_Fold_03",1,"Fold_03",11,"radial",10,1,4,0.165058187519975
"SVM","Repeat_01_Fold_03",1,"Fold_03",12,"radial",100,1,4,0.165311526478067
"SVM","Repeat_01_Fold_04",1,"Fold_04",1,"radial",0.1,0.01,4,0.183663815979017
"SVM","Repeat_01_Fold_04",1,"Fold_04",2,"radial",1,0.01,4,0.171606056086282
"SVM","Repeat_01_Fold_04",1,"Fold_04",3,"radial",10,0.01,4,0.177783339580355
"SVM","Repeat_01_Fold_04",1,"Fold_04",4,"radial",100,0.01,4,0.169885993160494
"SVM","Repeat_01_Fold_04",1,"Fold_04",5,"radial",0.1,0.1,4,0.174369478945135
"SVM","Repeat_01_Fold_04",1,"Fold_04",6,"radial",1,0.1,4,0.176201638814759
"SVM","Repeat_01_Fold_04",1,"Fold_04",7,"radial",10,0.1,4,0.201222048607838
"SVM","Repeat_01_Fold_04",1,"Fold_04",8,"radial",100,0.1,4,0.170825096231687
"SVM","Repeat_01_Fold_04",1,"Fold_04",9,"radial",0.1,1,4,0.171196662719068
"SVM","Repeat_01_Fold_04",1,"Fold_04",10,"radial",1,1,4,0.177714648790011
"SVM","Repeat_01_Fold_04",1,"Fold_04",11,"radial",10,1,4,0.167168945995242
"SVM","Repeat_01_Fold_04",1,"Fold_04",12,"radial",100,1,4,0.161549640820855
"SVM","Repeat_01_Fold_05",1,"Fold_05",1,"radial",0.1,0.01,4,0.203354427314972
"SVM","Repeat_01_Fold_05",1,"Fold_05",2,"radial",1,0.01,4,0.157081277944525
"SVM","Repeat_01_Fold_05",1,"Fold_05",3,"radial",10,0.01,4,0.165431063061176
"SVM","Repeat_01_Fold_05",1,"Fold_05",4,"radial",100,0.01,4,0.158743101086408
"SVM","Repeat_01_Fold_05",1,"Fold_05",5,"radial",0.1,0.1,4,0.167418758518065
"SVM","Repeat_01_Fold_05",1,"Fold_05",6,"radial",1,0.1,4,0.174005410828147
"SVM","Repeat_01_Fold_05",1,"Fold_05",7,"radial",10,0.1,4,0.188120518649213
"SVM","Repeat_01_Fold_05",1,"Fold_05",8,"radial",100,0.1,4,0.171592628052314
"SVM","Repeat_01_Fold_05",1,"Fold_05",9,"radial",0.1,1,4,0.176752934327653
"SVM","Repeat_01_Fold_05",1,"Fold_05",10,"radial",1,1,4,0.166159136915538
"SVM","Repeat_01_Fold_05",1,"Fold_05",11,"radial",10,1,4,0.162997466500336
"SVM","Repeat_01_Fold_05",1,"Fold_05",12,"radial",100,1,4,0.169487903202078
"SVM","Repeat_02_Fold_01",2,"Fold_01",1,"radial",0.1,0.01,4,0.16861085970612
"SVM","Repeat_02_Fold_01",2,"Fold_01",2,"radial",1,0.01,4,0.163033046214954
"SVM","Repeat_02_Fold_01",2,"Fold_01",3,"radial",10,0.01,4,0.168147544848009
"SVM","Repeat_02_Fold_01",2,"Fold_01",4,"radial",100,0.01,4,0.208233053861959
"SVM","Repeat_02_Fold_01",2,"Fold_01",5,"radial",0.1,0.1,4,0.169683201537604
"SVM","Repeat_02_Fold_01",2,"Fold_01",6,"radial",1,0.1,4,0.177483469053105
"SVM","Repeat_02_Fold_01",2,"Fold_01",7,"radial",10,0.1,4,0.20401380776346
"SVM","Repeat_02_Fold_01",2,"Fold_01",8,"radial",100,0.1,4,0.203649445711366
"SVM","Repeat_02_Fold_01",2,"Fold_01",9,"radial",0.1,1,4,0.204289541619116
"SVM","Repeat_02_Fold_01",2,"Fold_01",10,"radial",1,1,4,0.178347717704618
"SVM","Repeat_02_Fold_01",2,"Fold_01",11,"radial",10,1,4,0.132020785157697
"SVM","Repeat_02_Fold_01",2,"Fold_01",12,"radial",100,1,4,0.13668192023314
"SVM","Repeat_02_Fold_02",2,"Fold_02",1,"radial",0.1,0.01,4,0.197028463859355
"SVM","Repeat_02_Fold_02",2,"Fold_02",2,"radial",1,0.01,4,0.150337419552723
"SVM","Repeat_02_Fold_02",2,"Fold_02",3,"radial",10,0.01,4,0.13320488218436
"SVM","Repeat_02_Fold_02",2,"Fold_02",4,"radial",100,0.01,4,0.14330332975478
"SVM","Repeat_02_Fold_02",2,"Fold_02",5,"radial",0.1,0.1,4,0.170375803804218
"SVM","Repeat_02_Fold_02",2,"Fold_02",6,"radial",1,0.1,4,0.156024153798714
"SVM","Repeat_02_Fold_02",2,"Fold_02",7,"radial",10,0.1,4,0.169381878251101
"SVM","Repeat_02_Fold_02",2,"Fold_02",8,"radial",100,0.1,4,0.163146413324678
"SVM","Repeat_02_Fold_02",2,"Fold_02",9,"radial",0.1,1,4,0.181203632604493
"SVM","Repeat_02_Fold_02",2,"Fold_02",10,"radial",1,1,4,0.154244566507617
"SVM","Repeat_02_Fold_02",2,"Fold_02",11,"radial",10,1,4,0.151308925353753
"SVM","Repeat_02_Fold_02",2,"Fold_02",12,"radial",100,1,4,0.152249581675093
"SVM","Repeat_02_Fold_03",2,"Fold_03",1,"radial",0.1,0.01,4,0.183168115203641
"SVM","Repeat_02_Fold_03",2,"Fold_03",2,"radial",1,0.01,4,0.151410233147171
"SVM","Repeat_02_Fold_03",2,"Fold_03",3,"radial",10,0.01,4,0.155221474295285
"SVM","Repeat_02_Fold_03",2,"Fold_03",4,"radial",100,0.01,4,0.178609440393723
"SVM","Repeat_02_Fold_03",2,"Fold_03",5,"radial",0.1,0.1,4,0.173300765955267
"SVM","Repeat_02_Fold_03",2,"Fold_03",6,"radial",1,0.1,4,0.213952440833064
"SVM","Repeat_02_Fold_03",2,"Fold_03",7,"radial",10,0.1,4,0.225467984113527
"SVM","Repeat_02_Fold_03",2,"Fold_03",8,"radial",100,0.1,4,0.22029432410949
"SVM","Repeat_02_Fold_03",2,"Fold_03",9,"radial",0.1,1,4,0.167756956941804
"SVM","Repeat_02_Fold_03",2,"Fold_03",10,"radial",1,1,4,0.177514185435204
"SVM","Repeat_02_Fold_03",2,"Fold_03",11,"radial",10,1,4,0.166688644901467
"SVM","Repeat_02_Fold_03",2,"Fold_03",12,"radial",100,1,4,0.179118014841209
"SVM","Repeat_02_Fold_04",2,"Fold_04",1,"radial",0.1,0.01,4,0.162610132457371
"SVM","Repeat_02_Fold_04",2,"Fold_04",2,"radial",1,0.01,4,0.134689522508648
"SVM","Repeat_02_Fold_04",2,"Fold_04",3,"radial",10,0.01,4,0.147299508137611
"SVM","Repeat_02_Fold_04",2,"Fold_04",4,"radial",100,0.01,4,0.180498011165384
"SVM","Repeat_02_Fold_04",2,"Fold_04",5,"radial",0.1,0.1,4,0.142514607844266
"SVM","Repeat_02_Fold_04",2,"Fold_04",6,"radial",1,0.1,4,0.120335233197445
"SVM","Repeat_02_Fold_04",2,"Fold_04",7,"radial",10,0.1,4,0.113692803601954
"SVM","Repeat_02_Fold_04",2,"Fold_04",8,"radial",100,0.1,4,0.11049542612021
"SVM","Repeat_02_Fold_04",2,"Fold_04",9,"radial",0.1,1,4,0.242968251839927
"SVM","Repeat_02_Fold_04",2,"Fold_04",10,"radial",1,1,4,0.194721070708294
"SVM","Repeat_02_Fold_04",2,"Fold_04",11,"radial",10,1,4,0.234310950816058
"SVM","Repeat_02_Fold_04",2,"Fold_04",12,"radial",100,1,4,0.151813645752676
"SVM","Repeat_02_Fold_05",2,"Fold_05",1,"radial",0.1,0.01,4,0.186190846065038
"SVM","Repeat_02_Fold_05",2,"Fold_05",2,"radial",1,0.01,4,0.154698516713028
"SVM","Repeat_02_Fold_05",2,"Fold_05",3,"radial",10,0.01,4,0.154964954116734
"SVM","Repeat_02_Fold_05",2,"Fold_05",4,"radial",100,0.01,4,0.163519339355193
"SVM","Repeat_02_Fold_05",2,"Fold_05",5,"radial",0.1,0.1,4,0.163976549756104
"SVM","Repeat_02_Fold_05",2,"Fold_05",6,"radial",1,0.1,4,0.168698470026135
"SVM","Repeat_02_Fold_05",2,"Fold_05",7,"radial",10,0.1,4,0.167998509481887
"SVM","Repeat_02_Fold_05",2,"Fold_05",8,"radial",100,0.1,4,0.159390751515864
"SVM","Repeat_02_Fold_05",2,"Fold_05",9,"radial",0.1,1,4,0.172184822350568
"SVM","Repeat_02_Fold_05",2,"Fold_05",10,"radial",1,1,4,0.183073479968536
"SVM","Repeat_02_Fold_05",2,"Fold_05",11,"radial",10,1,4,0.173995890902509
"SVM","Repeat_02_Fold_05",2,"Fold_05",12,"radial",100,1,4,0.164735182347027
"SVM","Repeat_03_Fold_01",3,"Fold_01",1,"radial",0.1,0.01,4,0.190180875070853
"SVM","Repeat_03_Fold_01",3,"Fold_01",2,"radial",1,0.01,4,0.16656814031841
"SVM","Repeat_03_Fold_01",3,"Fold_01",3,"radial",10,0.01,4,0.179473372981281
"SVM","Repeat_03_Fold_01",3,"Fold_01",4,"radial",100,0.01,4,0.202905272532659
"SVM","Repeat_03_Fold_01",3,"Fold_01",5,"radial",0.1,0.1,4,0.181101967009653
"SVM","Repeat_03_Fold_01",3,"Fold_01",6,"radial",1,0.1,4,0.208979402675631
"SVM","Repeat_03_Fold_01",3,"Fold_01",7,"radial",10,0.1,4,0.196281132001184
"SVM","Repeat_03_Fold_01",3,"Fold_01",8,"radial",100,0.1,4,0.196039135759915
"SVM","Repeat_03_Fold_01",3,"Fold_01",9,"radial",0.1,1,4,0.197897772371476
"SVM","Repeat_03_Fold_01",3,"Fold_01",10,"radial",1,1,4,0.157390767243264
"SVM","Repeat_03_Fold_01",3,"Fold_01",11,"radial",10,1,4,0.151948781702168
"SVM","Repeat_03_Fold_01",3,"Fold_01",12,"radial",100,1,4,0.169995428416257
"SVM","Repeat_03_Fold_02",3,"Fold_02",1,"radial",0.1,0.01,4,0.172318604374279
"SVM","Repeat_03_Fold_02",3,"Fold_02",2,"radial",1,0.01,4,0.148056705389906
"SVM","Repeat_03_Fold_02",3,"Fold_02",3,"radial",10,0.01,4,0.150717539343406
"SVM","Repeat_03_Fold_02",3,"Fold_02",4,"radial",100,0.01,4,0.140089822963482
"SVM","Repeat_03_Fold_02",3,"Fold_02",5,"radial",0.1,0.1,4,0.17361286585193
"SVM","Repeat_03_Fold_02",3,"Fold_02",6,"radial",1,0.1,4,0.171473552846262
"SVM","Repeat_03_Fold_02",3,"Fold_02",7,"radial",10,0.1,4,0.173173277765113
"SVM","Repeat_03_Fold_02",3,"Fold_02",8,"radial",100,0.1,4,0.178473505174635
"SVM","Repeat_03_Fold_02",3,"Fold_02",9,"radial",0.1,1,4,0.208404608324023
"SVM","Repeat_03_Fold_02",3,"Fold_02",10,"radial",1,1,4,0.160207331462959
"SVM","Repeat_03_Fold_02",3,"Fold_02",11,"radial",10,1,4,0.158244063767225
"SVM","Repeat_03_Fold_02",3,"Fold_02",12,"radial",100,1,4,0.172132048833885
"SVM","Repeat_03_Fold_03",3,"Fold_03",1,"radial",0.1,0.01,4,0.174909401126607
"SVM","Repeat_03_Fold_03",3,"Fold_03",2,"radial",1,0.01,4,0.146932343534757
"SVM","Repeat_03_Fold_03",3,"Fold_03",3,"radial",10,0.01,4,0.152776646295753
"SVM","Repeat_03_Fold_03",3,"Fold_03",4,"radial",100,0.01,4,0.150929824151179
"SVM","Repeat_03_Fold_03",3,"Fold_03",5,"radial",0.1,0.1,4,0.164610656985903
"SVM","Repeat_03_Fold_03",3,"Fold_03",6,"radial",1,0.1,4,0.166543671033315
"SVM","Repeat_03_Fold_03",3,"Fold_03",7,"radial",10,0.1,4,0.203060235225644
"SVM","Repeat_03_Fold_03",3,"Fold_03",8,"radial",100,0.1,4,0.214210375023846
"SVM","Repeat_03_Fold_03",3,"Fold_03",9,"radial",0.1,1,4,0.165695654666996
"SVM","Repeat_03_Fold_03",3,"Fold_03",10,"radial",1,1,4,0.164014557963823
"SVM","Repeat_03_Fold_03",3,"Fold_03",11,"radial",10,1,4,0.163489270099161
"SVM","Repeat_03_Fold_03",3,"Fold_03",12,"radial",100,1,4,0.167296805651789
"SVM","Repeat_03_Fold_04",3,"Fold_04",1,"radial",0.1,0.01,4,0.192236020473684
"SVM","Repeat_03_Fold_04",3,"Fold_04",2,"radial",1,0.01,4,0.165294195385853
"SVM","Repeat_03_Fold_04",3,"Fold_04",3,"radial",10,0.01,4,0.16575781504187
"SVM","Repeat_03_Fold_04",3,"Fold_04",4,"radial",100,0.01,4,0.185272982530969
"SVM","Repeat_03_Fold_04",3,"Fold_04",5,"radial",0.1,0.1,4,0.16988173363019
"SVM","Repeat_03_Fold_04",3,"Fold_04",6,"radial",1,0.1,4,0.149272235447616
"SVM","Repeat_03_Fold_04",3,"Fold_04",7,"radial",10,0.1,4,0.151514921325409
"SVM","Repeat_03_Fold_04",3,"Fold_04",8,"radial",100,0.1,4,0.141453148850866
"SVM","Repeat_03_Fold_04",3,"Fold_04",9,"radial",0.1,1,4,0.189444970538636
"SVM","Repeat_03_Fold_04",3,"Fold_04",10,"radial",1,1,4,0.189294377167168
"SVM","Repeat_03_Fold_04",3,"Fold_04",11,"radial",10,1,4,0.171455280411675
"SVM","Repeat_03_Fold_04",3,"Fold_04",12,"radial",100,1,4,0.157325191090667
"SVM","Repeat_03_Fold_05",3,"Fold_05",1,"radial",0.1,0.01,4,0.188130065201663
"SVM","Repeat_03_Fold_05",3,"Fold_05",2,"radial",1,0.01,4,0.154196339912061
"SVM","Repeat_03_Fold_05",3,"Fold_05",3,"radial",10,0.01,4,0.155013153283345
"SVM","Repeat_03_Fold_05",3,"Fold_05",4,"radial",100,0.01,4,0.159685333501504
"SVM","Repeat_03_Fold_05",3,"Fold_05",5,"radial",0.1,0.1,4,0.169054625434916
"SVM","Repeat_03_Fold_05",3,"Fold_05",6,"radial",1,0.1,4,0.164741438951268
"SVM","Repeat_03_Fold_05",3,"Fold_05",7,"radial",10,0.1,4,0.173392570989139
"SVM","Repeat_03_Fold_05",3,"Fold_05",8,"radial",100,0.1,4,0.177212158127443
"SVM","Repeat_03_Fold_05",3,"Fold_05",9,"radial",0.1,1,4,0.175148060626901
"SVM","Repeat_03_Fold_05",3,"Fold_05",10,"radial",1,1,4,0.162306958848924
"SVM","Repeat_03_Fold_05",3,"Fold_05",11,"radial",10,1,4,0.158111131272904
"SVM","Repeat_03_Fold_05",3,"Fold_05",12,"radial",100,1,4,0.160349754541248
"SVM","Repeat_04_Fold_01",4,"Fold_01",1,"radial",0.1,0.01,4,0.190022719425137
"SVM","Repeat_04_Fold_01",4,"Fold_01",2,"radial",1,0.01,4,0.147760495718883
"SVM","Repeat_04_Fold_01",4,"Fold_01",3,"radial",10,0.01,4,0.15041995361145
"SVM","Repeat_04_Fold_01",4,"Fold_01",4,"radial",100,0.01,4,0.16601951083734
"SVM","Repeat_04_Fold_01",4,"Fold_01",5,"radial",0.1,0.1,4,0.180878038734294
"SVM","Repeat_04_Fold_01",4,"Fold_01",6,"radial",1,0.1,4,0.157084614880369
"SVM","Repeat_04_Fold_01",4,"Fold_01",7,"radial",10,0.1,4,0.195494663570173
"SVM","Repeat_04_Fold_01",4,"Fold_01",8,"radial",100,0.1,4,0.176233692002575
"SVM","Repeat_04_Fold_01",4,"Fold_01",9,"radial",0.1,1,4,0.202961755580143
"SVM","Repeat_04_Fold_01",4,"Fold_01",10,"radial",1,1,4,0.15820577015418
"SVM","Repeat_04_Fold_01",4,"Fold_01",11,"radial",10,1,4,0.15838494303788
"SVM","Repeat_04_Fold_01",4,"Fold_01",12,"radial",100,1,4,0.145614060069291
"SVM","Repeat_04_Fold_02",4,"Fold_02",1,"radial",0.1,0.01,4,0.169877983600314
"SVM","Repeat_04_Fold_02",4,"Fold_02",2,"radial",1,0.01,4,0.152577213110453
"SVM","Repeat_04_Fold_02",4,"Fold_02",3,"radial",10,0.01,4,0.149952187899676
"SVM","Repeat_04_Fold_02",4,"Fold_02",4,"radial",100,0.01,4,0.152667002641979
"SVM","Repeat_04_Fold_02",4,"Fold_02",5,"radial",0.1,0.1,4,0.176883276853854
"SVM","Repeat_04_Fold_02",4,"Fold_02",6,"radial",1,0.1,4,0.210797341928088
"SVM","Repeat_04_Fold_02",4,"Fold_02",7,"radial",10,0.1,4,0.251004912546313
"SVM","Repeat_04_Fold_02",4,"Fold_02",8,"radial",100,0.1,4,0.236036385390151
"SVM","Repeat_04_Fold_02",4,"Fold_02",9,"radial",0.1,1,4,0.165940019943796
"SVM","Repeat_04_Fold_02",4,"Fold_02",10,"radial",1,1,4,0.115251333677928
"SVM","Repeat_04_Fold_02",4,"Fold_02",11,"radial",10,1,4,0.110375258451552
"SVM","Repeat_04_Fold_02",4,"Fold_02",12,"radial",100,1,4,0.124549954682788
"SVM","Repeat_04_Fold_03",4,"Fold_03",1,"radial",0.1,0.01,4,0.173858313707209
"SVM","Repeat_04_Fold_03",4,"Fold_03",2,"radial",1,0.01,4,0.146364267640267
"SVM","Repeat_04_Fold_03",4,"Fold_03",3,"radial",10,0.01,4,0.157431516372554
"SVM","Repeat_04_Fold_03",4,"Fold_03",4,"radial",100,0.01,4,0.155593532312579
"SVM","Repeat_04_Fold_03",4,"Fold_03",5,"radial",0.1,0.1,4,0.161075871238838
"SVM","Repeat_04_Fold_03",4,"Fold_03",6,"radial",1,0.1,4,0.179161691680911
"SVM","Repeat_04_Fold_03",4,"Fold_03",7,"radial",10,0.1,4,0.17942135254808
"SVM","Repeat_04_Fold_03",4,"Fold_03",8,"radial",100,0.1,4,0.18770501107456
"SVM","Repeat_04_Fold_03",4,"Fold_03",9,"radial",0.1,1,4,0.157851609318296
"SVM","Repeat_04_Fold_03",4,"Fold_03",10,"radial",1,1,4,0.160643012006832
"SVM","Repeat_04_Fold_03",4,"Fold_03",11,"radial",10,1,4,0.151372036615636
"SVM","Repeat_04_Fold_03",4,"Fold_03",12,"radial",100,1,4,0.148988867082375
"SVM","Repeat_04_Fold_04",4,"Fold_04",1,"radial",0.1,0.01,4,0.156982753612521
"SVM","Repeat_04_Fold_04",4,"Fold_04",2,"radial",1,0.01,4,0.146851592157516
"SVM","Repeat_04_Fold_04",4,"Fold_04",3,"radial",10,0.01,4,0.158595682629714
"SVM","Repeat_04_Fold_04",4,"Fold_04",4,"radial",100,0.01,4,0.189818868888904
"SVM","Repeat_04_Fold_04",4,"Fold_04",5,"radial",0.1,0.1,4,0.159674736674454
"SVM","Repeat_04_Fold_04",4,"Fold_04",6,"radial",1,0.1,4,0.1553262291029
"SVM","Repeat_04_Fold_04",4,"Fold_04",7,"radial",10,0.1,4,0.149347978461617
"SVM","Repeat_04_Fold_04",4,"Fold_04",8,"radial",100,0.1,4,0.140482756351336
"SVM","Repeat_04_Fold_04",4,"Fold_04",9,"radial",0.1,1,4,0.177521576603382
"SVM","Repeat_04_Fold_04",4,"Fold_04",10,"radial",1,1,4,0.1697012575501
"SVM","Repeat_04_Fold_04",4,"Fold_04",11,"radial",10,1,4,0.162822903591563
"SVM","Repeat_04_Fold_04",4,"Fold_04",12,"radial",100,1,4,0.151276254253917
"SVM","Repeat_04_Fold_05",4,"Fold_05",1,"radial",0.1,0.01,4,0.159223825001204
"SVM","Repeat_04_Fold_05",4,"Fold_05",2,"radial",1,0.01,4,0.153070321854608
"SVM","Repeat_04_Fold_05",4,"Fold_05",3,"radial",10,0.01,4,0.158380194036464
"SVM","Repeat_04_Fold_05",4,"Fold_05",4,"radial",100,0.01,4,0.173016763362408
"SVM","Repeat_04_Fold_05",4,"Fold_05",5,"radial",0.1,0.1,4,0.16161461153861
"SVM","Repeat_04_Fold_05",4,"Fold_05",6,"radial",1,0.1,4,0.167886813391273
"SVM","Repeat_04_Fold_05",4,"Fold_05",7,"radial",10,0.1,4,0.188429794950288
"SVM","Repeat_04_Fold_05",4,"Fold_05",8,"radial",100,0.1,4,0.176610183180724
"SVM","Repeat_04_Fold_05",4,"Fold_05",9,"radial",0.1,1,4,0.156823260866732
"SVM","Repeat_04_Fold_05",4,"Fold_05",10,"radial",1,1,4,0.146299112828841
"SVM","Repeat_04_Fold_05",4,"Fold_05",11,"radial",10,1,4,0.168294425765515
"SVM","Repeat_04_Fold_05",4,"Fold_05",12,"radial",100,1,4,0.149604624319541
"SVM","Repeat_05_Fold_01",5,"Fold_01",1,"radial",0.1,0.01,4,0.183143035560771
"SVM","Repeat_05_Fold_01",5,"Fold_01",2,"radial",1,0.01,4,0.152516075769732
"SVM","Repeat_05_Fold_01",5,"Fold_01",3,"radial",10,0.01,4,0.169837223188028
"SVM","Repeat_05_Fold_01",5,"Fold_01",4,"radial",100,0.01,4,0.173731932533873
"SVM","Repeat_05_Fold_01",5,"Fold_01",5,"radial",0.1,0.1,4,0.183442529854586
"SVM","Repeat_05_Fold_01",5,"Fold_01",6,"radial",1,0.1,4,0.178725979445433
"SVM","Repeat_05_Fold_01",5,"Fold_01",7,"radial",10,0.1,4,0.196031216225907
"SVM","Repeat_05_Fold_01",5,"Fold_01",8,"radial",100,0.1,4,0.191631883180421
"SVM","Repeat_05_Fold_01",5,"Fold_01",9,"radial",0.1,1,4,0.183912506583056
"SVM","Repeat_05_Fold_01",5,"Fold_01",10,"radial",1,1,4,0.167167431194803
"SVM","Repeat_05_Fold_01",5,"Fold_01",11,"radial",10,1,4,0.174255170924756
"SVM","Repeat_05_Fold_01",5,"Fold_01",12,"radial",100,1,4,0.167344571814802
"SVM","Repeat_05_Fold_02",5,"Fold_02",1,"radial",0.1,0.01,4,0.178325254068775
"SVM","Repeat_05_Fold_02",5,"Fold_02",2,"radial",1,0.01,4,0.141530302794231
"SVM","Repeat_05_Fold_02",5,"Fold_02",3,"radial",10,0.01,4,0.137457892998892
"SVM","Repeat_05_Fold_02",5,"Fold_02",4,"radial",100,0.01,4,0.147476265090625
"SVM","Repeat_05_Fold_02",5,"Fold_02",5,"radial",0.1,0.1,4,0.173677200102139
"SVM","Repeat_05_Fold_02",5,"Fold_02",6,"radial",1,0.1,4,0.164112012609238
"SVM","Repeat_05_Fold_02",5,"Fold_02",7,"radial",10,0.1,4,0.16693036025655
"SVM","Repeat_05_Fold_02",5,"Fold_02",8,"radial",100,0.1,4,0.170101488626908
"SVM","Repeat_05_Fold_02",5,"Fold_02",9,"radial",0.1,1,4,0.214552119834261
"SVM","Repeat_05_Fold_02",5,"Fold_02",10,"radial",1,1,4,0.173925587115254
"SVM","Repeat_05_Fold_02",5,"Fold_02",11,"radial",10,1,4,0.238000404760806
"SVM","Repeat_05_Fold_02",5,"Fold_02",12,"radial",100,1,4,0.232285525859326
"SVM","Repeat_05_Fold_03",5,"Fold_03",1,"radial",0.1,0.01,4,0.19063431024717
"SVM","Repeat_05_Fold_03",5,"Fold_03",2,"radial",1,0.01,4,0.166753555084889
"SVM","Repeat_05_Fold_03",5,"Fold_03",3,"radial",10,0.01,4,0.170218873093428
"SVM","Repeat_05_Fold_03",5,"Fold_03",4,"radial",100,0.01,4,0.161059682837746
"SVM","Repeat_05_Fold_03",5,"Fold_03",5,"radial",0.1,0.1,4,0.165977727447734
"SVM","Repeat_05_Fold_03",5,"Fold_03",6,"radial",1,0.1,4,0.172326329921544
"SVM","Repeat_05_Fold_03",5,"Fold_03",7,"radial",10,0.1,4,0.173704178827014
"SVM","Repeat_05_Fold_03",5,"Fold_03",8,"radial",100,0.1,4,0.167282644309204
"SVM","Repeat_05_Fold_03",5,"Fold_03",9,"radial",0.1,1,4,0.172469267405417
"SVM","Repeat_05_Fold_03",5,"Fold_03",10,"radial",1,1,4,0.196427657535686
"SVM","Repeat_05_Fold_03",5,"Fold_03",11,"radial",10,1,4,0.183496484330501
"SVM","Repeat_05_Fold_03",5,"Fold_03",12,"radial",100,1,4,0.172640657109839
"SVM","Repeat_05_Fold_04",5,"Fold_04",1,"radial",0.1,0.01,4,0.166063574306047
"SVM","Repeat_05_Fold_04",5,"Fold_04",2,"radial",1,0.01,4,0.16312889313742
"SVM","Repeat_05_Fold_04",5,"Fold_04",3,"radial",10,0.01,4,0.172879671213277
"SVM","Repeat_05_Fold_04",5,"Fold_04",4,"radial",100,0.01,4,0.172002091740088
"SVM","Repeat_05_Fold_04",5,"Fold_04",5,"radial",0.1,0.1,4,0.156158030499862
"SVM","Repeat_05_Fold_04",5,"Fold_04",6,"radial",1,0.1,4,0.163542155752632
"SVM","Repeat_05_Fold_04",5,"Fold_04",7,"radial",10,0.1,4,0.16519306903963
"SVM","Repeat_05_Fold_04",5,"Fold_04",8,"radial",100,0.1,4,0.15070301143253
"SVM","Repeat_05_Fold_04",5,"Fold_04",9,"radial",0.1,1,4,0.216519115841765
"SVM","Repeat_05_Fold_04",5,"Fold_04",10,"radial",1,1,4,0.15782383539534
"SVM","Repeat_05_Fold_04",5,"Fold_04",11,"radial",10,1,4,0.139896864769847
"SVM","Repeat_05_Fold_04",5,"Fold_04",12,"radial",100,1,4,0.148012022875197
"SVM","Repeat_05_Fold_05",5,"Fold_05",1,"radial",0.1,0.01,4,0.180904479451791
"SVM","Repeat_05_Fold_05",5,"Fold_05",2,"radial",1,0.01,4,0.151669641585033
"SVM","Repeat_05_Fold_05",5,"Fold_05",3,"radial",10,0.01,4,0.161747193259591
"SVM","Repeat_05_Fold_05",5,"Fold_05",4,"radial",100,0.01,4,0.153601127119028
"SVM","Repeat_05_Fold_05",5,"Fold_05",5,"radial",0.1,0.1,4,0.171987551798354
"SVM","Repeat_05_Fold_05",5,"Fold_05",6,"radial",1,0.1,4,0.165955903795776
"SVM","Repeat_05_Fold_05",5,"Fold_05",7,"radial",10,0.1,4,0.17664286847308
"SVM","Repeat_05_Fold_05",5,"Fold_05",8,"radial",100,0.1,4,0.177976565198486
"SVM","Repeat_05_Fold_05",5,"Fold_05",9,"radial",0.1,1,4,0.166588968380726
"SVM","Repeat_05_Fold_05",5,"Fold_05",10,"radial",1,1,4,0.165139939485789
"SVM","Repeat_05_Fold_05",5,"Fold_05",11,"radial",10,1,4,0.167750639427845
"SVM","Repeat_05_Fold_05",5,"Fold_05",12,"radial",100,1,4,0.161748398916346
"SVM","Repeat_06_Fold_01",6,"Fold_01",1,"radial",0.1,0.01,4,0.186627260104897
"SVM","Repeat_06_Fold_01",6,"Fold_01",2,"radial",1,0.01,4,0.151524980733717
"SVM","Repeat_06_Fold_01",6,"Fold_01",3,"radial",10,0.01,4,0.163048048264275
"SVM","Repeat_06_Fold_01",6,"Fold_01",4,"radial",100,0.01,4,0.164395950479674
"SVM","Repeat_06_Fold_01",6,"Fold_01",5,"radial",0.1,0.1,4,0.180676662156108
"SVM","Repeat_06_Fold_01",6,"Fold_01",6,"radial",1,0.1,4,0.186483228371184
"SVM","Repeat_06_Fold_01",6,"Fold_01",7,"radial",10,0.1,4,0.185896579282845
"SVM","Repeat_06_Fold_01",6,"Fold_01",8,"radial",100,0.1,4,0.193247497481004
"SVM","Repeat_06_Fold_01",6,"Fold_01",9,"radial",0.1,1,4,0.200483173910042
"SVM","Repeat_06_Fold_01",6,"Fold_01",10,"radial",1,1,4,0.196730458258151
"SVM","Repeat_06_Fold_01",6,"Fold_01",11,"radial",10,1,4,0.217831540761932
"SVM","Repeat_06_Fold_01",6,"Fold_01",12,"radial",100,1,4,0.203834450709942
"SVM","Repeat_06_Fold_02",6,"Fold_02",1,"radial",0.1,0.01,4,0.172981277378728
"SVM","Repeat_06_Fold_02",6,"Fold_02",2,"radial",1,0.01,4,0.142641309440416
"SVM","Repeat_06_Fold_02",6,"Fold_02",3,"radial",10,0.01,4,0.134392394868772
"SVM","Repeat_06_Fold_02",6,"Fold_02",4,"radial",100,0.01,4,0.135364359564075
"SVM","Repeat_06_Fold_02",6,"Fold_02",5,"radial",0.1,0.1,4,0.149522256487477
"SVM","Repeat_06_Fold_02",6,"Fold_02",6,"radial",1,0.1,4,0.149318732255634
"SVM","Repeat_06_Fold_02",6,"Fold_02",7,"radial",10,0.1,4,0.161899506590747
"SVM","Repeat_06_Fold_02",6,"Fold_02",8,"radial",100,0.1,4,0.137050237410087
"SVM","Repeat_06_Fold_02",6,"Fold_02",9,"radial",0.1,1,4,0.238520304639475
"SVM","Repeat_06_Fold_02",6,"Fold_02",10,"radial",1,1,4,0.17714250215289
"SVM","Repeat_06_Fold_02",6,"Fold_02",11,"radial",10,1,4,0.170576754882394
"SVM","Repeat_06_Fold_02",6,"Fold_02",12,"radial",100,1,4,0.203015591222572
"SVM","Repeat_06_Fold_03",6,"Fold_03",1,"radial",0.1,0.01,4,0.185053404572113
"SVM","Repeat_06_Fold_03",6,"Fold_03",2,"radial",1,0.01,4,0.158155995729654
"SVM","Repeat_06_Fold_03",6,"Fold_03",3,"radial",10,0.01,4,0.154898537401024
"SVM","Repeat_06_Fold_03",6,"Fold_03",4,"radial",100,0.01,4,0.152072124923007
"SVM","Repeat_06_Fold_03",6,"Fold_03",5,"radial",0.1,0.1,4,0.159728253561708
"SVM","Repeat_06_Fold_03",6,"Fold_03",6,"radial",1,0.1,4,0.169429436660042
"SVM","Repeat_06_Fold_03",6,"Fold_03",7,"radial",10,0.1,4,0.153032464678961
"SVM","Repeat_06_Fold_03",6,"Fold_03",8,"radial",100,0.1,4,0.179618575319961
"SVM","Repeat_06_Fold_03",6,"Fold_03",9,"radial",0.1,1,4,0.184165533392637
"SVM","Repeat_06_Fold_03",6,"Fold_03",10,"radial",1,1,4,0.170979452766164
"SVM","Repeat_06_Fold_03",6,"Fold_03",11,"radial",10,1,4,0.238941933415769
"SVM","Repeat_06_Fold_03",6,"Fold_03",12,"radial",100,1,4,0.179907908598772
"SVM","Repeat_06_Fold_04",6,"Fold_04",1,"radial",0.1,0.01,4,0.178970444642478
"SVM","Repeat_06_Fold_04",6,"Fold_04",2,"radial",1,0.01,4,0.153976893205151
"SVM","Repeat_06_Fold_04",6,"Fold_04",3,"radial",10,0.01,4,0.161735425175529
"SVM","Repeat_06_Fold_04",6,"Fold_04",4,"radial",100,0.01,4,0.160220954799627
"SVM","Repeat_06_Fold_04",6,"Fold_04",5,"radial",0.1,0.1,4,0.153631938211111
"SVM","Repeat_06_Fold_04",6,"Fold_04",6,"radial",1,0.1,4,0.170563509250704
"SVM","Repeat_06_Fold_04",6,"Fold_04",7,"radial",10,0.1,4,0.158641628972373
"SVM","Repeat_06_Fold_04",6,"Fold_04",8,"radial",100,0.1,4,0.167787876835439
"SVM","Repeat_06_Fold_04",6,"Fold_04",9,"radial",0.1,1,4,0.288694317631325
"SVM","Repeat_06_Fold_04",6,"Fold_04",10,"radial",1,1,4,0.164088996382579
"SVM","Repeat_06_Fold_04",6,"Fold_04",11,"radial",10,1,4,0.158465321351476
"SVM","Repeat_06_Fold_04",6,"Fold_04",12,"radial",100,1,4,0.170420045463489
"SVM","Repeat_06_Fold_05",6,"Fold_05",1,"radial",0.1,0.01,4,0.182421060368119
"SVM","Repeat_06_Fold_05",6,"Fold_05",2,"radial",1,0.01,4,0.144406401749944
"SVM","Repeat_06_Fold_05",6,"Fold_05",3,"radial",10,0.01,4,0.152051505674158
"SVM","Repeat_06_Fold_05",6,"Fold_05",4,"radial",100,0.01,4,0.154568267281139
"SVM","Repeat_06_Fold_05",6,"Fold_05",5,"radial",0.1,0.1,4,0.166029814003271
"SVM","Repeat_06_Fold_05",6,"Fold_05",6,"radial",1,0.1,4,0.168289084466311
"SVM","Repeat_06_Fold_05",6,"Fold_05",7,"radial",10,0.1,4,0.173304279173861
"SVM","Repeat_06_Fold_05",6,"Fold_05",8,"radial",100,0.1,4,0.181350937715349
"SVM","Repeat_06_Fold_05",6,"Fold_05",9,"radial",0.1,1,4,0.168479191166367
"SVM","Repeat_06_Fold_05",6,"Fold_05",10,"radial",1,1,4,0.164054461800987
"SVM","Repeat_06_Fold_05",6,"Fold_05",11,"radial",10,1,4,0.184036340359652
"SVM","Repeat_06_Fold_05",6,"Fold_05",12,"radial",100,1,4,0.164132698205976
"SVM","Repeat_07_Fold_01",7,"Fold_01",1,"radial",0.1,0.01,4,0.183969085381238
"SVM","Repeat_07_Fold_01",7,"Fold_01",2,"radial",1,0.01,4,0.14236134845098
"SVM","Repeat_07_Fold_01",7,"Fold_01",3,"radial",10,0.01,4,0.160366153729134
"SVM","Repeat_07_Fold_01",7,"Fold_01",4,"radial",100,0.01,4,0.149088989269912
"SVM","Repeat_07_Fold_01",7,"Fold_01",5,"radial",0.1,0.1,4,0.179966338370015
"SVM","Repeat_07_Fold_01",7,"Fold_01",6,"radial",1,0.1,4,0.192980847811309
"SVM","Repeat_07_Fold_01",7,"Fold_01",7,"radial",10,0.1,4,0.20929006729745
"SVM","Repeat_07_Fold_01",7,"Fold_01",8,"radial",100,0.1,4,0.207210067472438
"SVM","Repeat_07_Fold_01",7,"Fold_01",9,"radial",0.1,1,4,0.204445040698086
"SVM","Repeat_07_Fold_01",7,"Fold_01",10,"radial",1,1,4,0.167586467960051
"SVM","Repeat_07_Fold_01",7,"Fold_01",11,"radial",10,1,4,0.200377820953689
"SVM","Repeat_07_Fold_01",7,"Fold_01",12,"radial",100,1,4,0.216639783758705
"SVM","Repeat_07_Fold_02",7,"Fold_02",1,"radial",0.1,0.01,4,0.175798417954682
"SVM","Repeat_07_Fold_02",7,"Fold_02",2,"radial",1,0.01,4,0.151129544762441
"SVM","Repeat_07_Fold_02",7,"Fold_02",3,"radial",10,0.01,4,0.147569422079687
"SVM","Repeat_07_Fold_02",7,"Fold_02",4,"radial",100,0.01,4,0.150127060026503
"SVM","Repeat_07_Fold_02",7,"Fold_02",5,"radial",0.1,0.1,4,0.176310093608799
"SVM","Repeat_07_Fold_02",7,"Fold_02",6,"radial",1,0.1,4,0.163811462817032
"SVM","Repeat_07_Fold_02",7,"Fold_02",7,"radial",10,0.1,4,0.179088066454
"SVM","Repeat_07_Fold_02",7,"Fold_02",8,"radial",100,0.1,4,0.168693669063804
"SVM","Repeat_07_Fold_02",7,"Fold_02",9,"radial",0.1,1,4,0.206541495617358
"SVM","Repeat_07_Fold_02",7,"Fold_02",10,"radial",1,1,4,0.171683856673818
"SVM","Repeat_07_Fold_02",7,"Fold_02",11,"radial",10,1,4,0.16455510665817
"SVM","Repeat_07_Fold_02",7,"Fold_02",12,"radial",100,1,4,0.169804611132838
"SVM","Repeat_07_Fold_03",7,"Fold_03",1,"radial",0.1,0.01,4,0.185480094692889
"SVM","Repeat_07_Fold_03",7,"Fold_03",2,"radial",1,0.01,4,0.16477286117987
"SVM","Repeat_07_Fold_03",7,"Fold_03",3,"radial",10,0.01,4,0.158803769110728
"SVM","Repeat_07_Fold_03",7,"Fold_03",4,"radial",100,0.01,4,0.148616158442533
"SVM","Repeat_07_Fold_03",7,"Fold_03",5,"radial",0.1,0.1,4,0.172973077311526
"SVM","Repeat_07_Fold_03",7,"Fold_03",6,"radial",1,0.1,4,0.179094871336785
"SVM","Repeat_07_Fold_03",7,"Fold_03",7,"radial",10,0.1,4,0.178819340724778
"SVM","Repeat_07_Fold_03",7,"Fold_03",8,"radial",100,0.1,4,0.200333785583622
"SVM","Repeat_07_Fold_03",7,"Fold_03",9,"radial",0.1,1,4,0.168176361666275
"SVM","Repeat_07_Fold_03",7,"Fold_03",10,"radial",1,1,4,0.166396110371187
"SVM","Repeat_07_Fold_03",7,"Fold_03",11,"radial",10,1,4,0.166018384824725
"SVM","Repeat_07_Fold_03",7,"Fold_03",12,"radial",100,1,4,0.163645846257112
"SVM","Repeat_07_Fold_04",7,"Fold_04",1,"radial",0.1,0.01,4,0.163309109576837
"SVM","Repeat_07_Fold_04",7,"Fold_04",2,"radial",1,0.01,4,0.131227319818345
"SVM","Repeat_07_Fold_04",7,"Fold_04",3,"radial",10,0.01,4,0.127268584750714
"SVM","Repeat_07_Fold_04",7,"Fold_04",4,"radial",100,0.01,4,0.141556779925248
"SVM","Repeat_07_Fold_04",7,"Fold_04",5,"radial",0.1,0.1,4,0.173241859439585
"SVM","Repeat_07_Fold_04",7,"Fold_04",6,"radial",1,0.1,4,0.148603268770178
"SVM","Repeat_07_Fold_04",7,"Fold_04",7,"radial",10,0.1,4,0.135238877113184
"SVM","Repeat_07_Fold_04",7,"Fold_04",8,"radial",100,0.1,4,0.137306882527311
"SVM","Repeat_07_Fold_04",7,"Fold_04",9,"radial",0.1,1,4,0.20313706982746
"SVM","Repeat_07_Fold_04",7,"Fold_04",10,"radial",1,1,4,0.185845601516492
"SVM","Repeat_07_Fold_04",7,"Fold_04",11,"radial",10,1,4,0.156451427179974
"SVM","Repeat_07_Fold_04",7,"Fold_04",12,"radial",100,1,4,0.149473612786709
"SVM","Repeat_07_Fold_05",7,"Fold_05",1,"radial",0.1,0.01,4,0.170656800272781
"SVM","Repeat_07_Fold_05",7,"Fold_05",2,"radial",1,0.01,4,0.159203479133342
"SVM","Repeat_07_Fold_05",7,"Fold_05",3,"radial",10,0.01,4,0.153214087748445
"SVM","Repeat_07_Fold_05",7,"Fold_05",4,"radial",100,0.01,4,0.147051778850915
"SVM","Repeat_07_Fold_05",7,"Fold_05",5,"radial",0.1,0.1,4,0.165030716381167
"SVM","Repeat_07_Fold_05",7,"Fold_05",6,"radial",1,0.1,4,0.162223662772064
"SVM","Repeat_07_Fold_05",7,"Fold_05",7,"radial",10,0.1,4,0.1588129523367
"SVM","Repeat_07_Fold_05",7,"Fold_05",8,"radial",100,0.1,4,0.166154976344296
"SVM","Repeat_07_Fold_05",7,"Fold_05",9,"radial",0.1,1,4,0.169710540165946
"SVM","Repeat_07_Fold_05",7,"Fold_05",10,"radial",1,1,4,0.16462680027874
"SVM","Repeat_07_Fold_05",7,"Fold_05",11,"radial",10,1,4,0.165393997260905
"SVM","Repeat_07_Fold_05",7,"Fold_05",12,"radial",100,1,4,0.166342246318559
"SVM","Repeat_08_Fold_01",8,"Fold_01",1,"radial",0.1,0.01,4,0.166864840437355
"SVM","Repeat_08_Fold_01",8,"Fold_01",2,"radial",1,0.01,4,0.158576528765006
"SVM","Repeat_08_Fold_01",8,"Fold_01",3,"radial",10,0.01,4,0.159665958883818
"SVM","Repeat_08_Fold_01",8,"Fold_01",4,"radial",100,0.01,4,0.2078151846553
"SVM","Repeat_08_Fold_01",8,"Fold_01",5,"radial",0.1,0.1,4,0.172308076771986
"SVM","Repeat_08_Fold_01",8,"Fold_01",6,"radial",1,0.1,4,0.171799190896412
"SVM","Repeat_08_Fold_01",8,"Fold_01",7,"radial",10,0.1,4,0.18454229102571
"SVM","Repeat_08_Fold_01",8,"Fold_01",8,"radial",100,0.1,4,0.17589763842127
"SVM","Repeat_08_Fold_01",8,"Fold_01",9,"radial",0.1,1,4,0.174860496638588
"SVM","Repeat_08_Fold_01",8,"Fold_01",10,"radial",1,1,4,0.15154917888028
"SVM","Repeat_08_Fold_01",8,"Fold_01",11,"radial",10,1,4,0.136482867579628
"SVM","Repeat_08_Fold_01",8,"Fold_01",12,"radial",100,1,4,0.145928017389166
"SVM","Repeat_08_Fold_02",8,"Fold_02",1,"radial",0.1,0.01,4,0.18023885172961
"SVM","Repeat_08_Fold_02",8,"Fold_02",2,"radial",1,0.01,4,0.155705368868942
"SVM","Repeat_08_Fold_02",8,"Fold_02",3,"radial",10,0.01,4,0.146168199554255
"SVM","Repeat_08_Fold_02",8,"Fold_02",4,"radial",100,0.01,4,0.144922752186463
"SVM","Repeat_08_Fold_02",8,"Fold_02",5,"radial",0.1,0.1,4,0.181070905299904
"SVM","Repeat_08_Fold_02",8,"Fold_02",6,"radial",1,0.1,4,0.153452233847905
"SVM","Repeat_08_Fold_02",8,"Fold_02",7,"radial",10,0.1,4,0.187727731275867
"SVM","Repeat_08_Fold_02",8,"Fold_02",8,"radial",100,0.1,4,0.187809834469396
"SVM","Repeat_08_Fold_02",8,"Fold_02",9,"radial",0.1,1,4,0.216781306610432
"SVM","Repeat_08_Fold_02",8,"Fold_02",10,"radial",1,1,4,0.1698164924324
"SVM","Repeat_08_Fold_02",8,"Fold_02",11,"radial",10,1,4,0.158515217573413
"SVM","Repeat_08_Fold_02",8,"Fold_02",12,"radial",100,1,4,0.169638629584845
"SVM","Repeat_08_Fold_03",8,"Fold_03",1,"radial",0.1,0.01,4,0.188196032016634
"SVM","Repeat_08_Fold_03",8,"Fold_03",2,"radial",1,0.01,4,0.168329807811853
"SVM","Repeat_08_Fold_03",8,"Fold_03",3,"radial",10,0.01,4,0.138677107396502
"SVM","Repeat_08_Fold_03",8,"Fold_03",4,"radial",100,0.01,4,0.153359178089898
"SVM","Repeat_08_Fold_03",8,"Fold_03",5,"radial",0.1,0.1,4,0.169122403149449
"SVM","Repeat_08_Fold_03",8,"Fold_03",6,"radial",1,0.1,4,0.178827552739084
"SVM","Repeat_08_Fold_03",8,"Fold_03",7,"radial",10,0.1,4,0.228183569593645
"SVM","Repeat_08_Fold_03",8,"Fold_03",8,"radial",100,0.1,4,0.217281771137343
"SVM","Repeat_08_Fold_03",8,"Fold_03",9,"radial",0.1,1,4,0.171717521061452
"SVM","Repeat_08_Fold_03",8,"Fold_03",10,"radial",1,1,4,0.163300335510184
"SVM","Repeat_08_Fold_03",8,"Fold_03",11,"radial",10,1,4,0.181158574471199
"SVM","Repeat_08_Fold_03",8,"Fold_03",12,"radial",100,1,4,0.164164359327797
"SVM","Repeat_08_Fold_04",8,"Fold_04",1,"radial",0.1,0.01,4,0.158163975326318
"SVM","Repeat_08_Fold_04",8,"Fold_04",2,"radial",1,0.01,4,0.123455879231526
"SVM","Repeat_08_Fold_04",8,"Fold_04",3,"radial",10,0.01,4,0.163826680995325
"SVM","Repeat_08_Fold_04",8,"Fold_04",4,"radial",100,0.01,4,0.173503956256928
"SVM","Repeat_08_Fold_04",8,"Fold_04",5,"radial",0.1,0.1,4,0.149242523704479
"SVM","Repeat_08_Fold_04",8,"Fold_04",6,"radial",1,0.1,4,0.121378903218586
"SVM","Repeat_08_Fold_04",8,"Fold_04",7,"radial",10,0.1,4,0.0995203897080177
"SVM","Repeat_08_Fold_04",8,"Fold_04",8,"radial",100,0.1,4,0.133111858774451
"SVM","Repeat_08_Fold_04",8,"Fold_04",9,"radial",0.1,1,4,0.20894107902683
"SVM","Repeat_08_Fold_04",8,"Fold_04",10,"radial",1,1,4,0.161415827981325
"SVM","Repeat_08_Fold_04",8,"Fold_04",11,"radial",10,1,4,0.169812003349912
"SVM","Repeat_08_Fold_04",8,"Fold_04",12,"radial",100,1,4,0.135440138565457
"SVM","Repeat_08_Fold_05",8,"Fold_05",1,"radial",0.1,0.01,4,0.152334793642595
"SVM","Repeat_08_Fold_05",8,"Fold_05",2,"radial",1,0.01,4,0.146449809419571
"SVM","Repeat_08_Fold_05",8,"Fold_05",3,"radial",10,0.01,4,0.142362779580003
"SVM","Repeat_08_Fold_05",8,"Fold_05",4,"radial",100,0.01,4,0.176002916780522
"SVM","Repeat_08_Fold_05",8,"Fold_05",5,"radial",0.1,0.1,4,0.161733222841836
"SVM","Repeat_08_Fold_05",8,"Fold_05",6,"radial",1,0.1,4,0.168890913319817
"SVM","Repeat_08_Fold_05",8,"Fold_05",7,"radial",10,0.1,4,0.206177565387444
"SVM","Repeat_08_Fold_05",8,"Fold_05",8,"radial",100,0.1,4,0.191576730273389
"SVM","Repeat_08_Fold_05",8,"Fold_05",9,"radial",0.1,1,4,0.1671363701313
"SVM","Repeat_08_Fold_05",8,"Fold_05",10,"radial",1,1,4,0.168097844082495
"SVM","Repeat_08_Fold_05",8,"Fold_05",11,"radial",10,1,4,0.160626875203246
"SVM","Repeat_08_Fold_05",8,"Fold_05",12,"radial",100,1,4,0.158860163608828
"SVM","Repeat_09_Fold_01",9,"Fold_01",1,"radial",0.1,0.01,4,0.182747482977071
"SVM","Repeat_09_Fold_01",9,"Fold_01",2,"radial",1,0.01,4,0.139484267182566
"SVM","Repeat_09_Fold_01",9,"Fold_01",3,"radial",10,0.01,4,0.153771091760576
"SVM","Repeat_09_Fold_01",9,"Fold_01",4,"radial",100,0.01,4,0.17550605600147
"SVM","Repeat_09_Fold_01",9,"Fold_01",5,"radial",0.1,0.1,4,0.160292033161737
"SVM","Repeat_09_Fold_01",9,"Fold_01",6,"radial",1,0.1,4,0.174258606583532
"SVM","Repeat_09_Fold_01",9,"Fold_01",7,"radial",10,0.1,4,0.198521249259471
"SVM","Repeat_09_Fold_01",9,"Fold_01",8,"radial",100,0.1,4,0.174238410419408
"SVM","Repeat_09_Fold_01",9,"Fold_01",9,"radial",0.1,1,4,0.215545919429167
"SVM","Repeat_09_Fold_01",9,"Fold_01",10,"radial",1,1,4,0.1630049087191
"SVM","Repeat_09_Fold_01",9,"Fold_01",11,"radial",10,1,4,0.133410195365783
"SVM","Repeat_09_Fold_01",9,"Fold_01",12,"radial",100,1,4,0.144363873082363
"SVM","Repeat_09_Fold_02",9,"Fold_02",1,"radial",0.1,0.01,4,0.175770530702302
"SVM","Repeat_09_Fold_02",9,"Fold_02",2,"radial",1,0.01,4,0.157107955098794
"SVM","Repeat_09_Fold_02",9,"Fold_02",3,"radial",10,0.01,4,0.136196247055022
"SVM","Repeat_09_Fold_02",9,"Fold_02",4,"radial",100,0.01,4,0.136033983173858
"SVM","Repeat_09_Fold_02",9,"Fold_02",5,"radial",0.1,0.1,4,0.156429414282212
"SVM","Repeat_09_Fold_02",9,"Fold_02",6,"radial",1,0.1,4,0.159124295309689
"SVM","Repeat_09_Fold_02",9,"Fold_02",7,"radial",10,0.1,4,0.172345052744582
"SVM","Repeat_09_Fold_02",9,"Fold_02",8,"radial",100,0.1,4,0.177479906596246
"SVM","Repeat_09_Fold_02",9,"Fold_02",9,"radial",0.1,1,4,0.182612006688695
"SVM","Repeat_09_Fold_02",9,"Fold_02",10,"radial",1,1,4,0.171184943650742
"SVM","Repeat_09_Fold_02",9,"Fold_02",11,"radial",10,1,4,0.14779150048763
"SVM","Repeat_09_Fold_02",9,"Fold_02",12,"radial",100,1,4,0.132440590019375
"SVM","Repeat_09_Fold_03",9,"Fold_03",1,"radial",0.1,0.01,4,0.171427574436802
"SVM","Repeat_09_Fold_03",9,"Fold_03",2,"radial",1,0.01,4,0.161303301675897
"SVM","Repeat_09_Fold_03",9,"Fold_03",3,"radial",10,0.01,4,0.165720595819174
"SVM","Repeat_09_Fold_03",9,"Fold_03",4,"radial",100,0.01,4,0.130244904465735
"SVM","Repeat_09_Fold_03",9,"Fold_03",5,"radial",0.1,0.1,4,0.165710173593177
"SVM","Repeat_09_Fold_03",9,"Fold_03",6,"radial",1,0.1,4,0.18034012854399
"SVM","Repeat_09_Fold_03",9,"Fold_03",7,"radial",10,0.1,4,0.196604106094748
"SVM","Repeat_09_Fold_03",9,"Fold_03",8,"radial",100,0.1,4,0.214599800348492
"SVM","Repeat_09_Fold_03",9,"Fold_03",9,"radial",0.1,1,4,0.174575794699692
"SVM","Repeat_09_Fold_03",9,"Fold_03",10,"radial",1,1,4,0.163313483311524
"SVM","Repeat_09_Fold_03",9,"Fold_03",11,"radial",10,1,4,0.17952000790122
"SVM","Repeat_09_Fold_03",9,"Fold_03",12,"radial",100,1,4,0.167470467182942
"SVM","Repeat_09_Fold_04",9,"Fold_04",1,"radial",0.1,0.01,4,0.165705475187929
"SVM","Repeat_09_Fold_04",9,"Fold_04",2,"radial",1,0.01,4,0.165516771074409
"SVM","Repeat_09_Fold_04",9,"Fold_04",3,"radial",10,0.01,4,0.144123244263508
"SVM","Repeat_09_Fold_04",9,"Fold_04",4,"radial",100,0.01,4,0.190080012732435
"SVM","Repeat_09_Fold_04",9,"Fold_04",5,"radial",0.1,0.1,4,0.143461676994517
"SVM","Repeat_09_Fold_04",9,"Fold_04",6,"radial",1,0.1,4,0.123111839937425
"SVM","Repeat_09_Fold_04",9,"Fold_04",7,"radial",10,0.1,4,0.16477217532436
"SVM","Repeat_09_Fold_04",9,"Fold_04",8,"radial",100,0.1,4,0.160812985570952
"SVM","Repeat_09_Fold_04",9,"Fold_04",9,"radial",0.1,1,4,0.206670684969196
"SVM","Repeat_09_Fold_04",9,"Fold_04",10,"radial",1,1,4,0.148759119488146
"SVM","Repeat_09_Fold_04",9,"Fold_04",11,"radial",10,1,4,0.132469519785947
"SVM","Repeat_09_Fold_04",9,"Fold_04",12,"radial",100,1,4,0.161560172264169
"SVM","Repeat_09_Fold_05",9,"Fold_05",1,"radial",0.1,0.01,4,0.224503826731133
"SVM","Repeat_09_Fold_05",9,"Fold_05",2,"radial",1,0.01,4,0.153928416824542
"SVM","Repeat_09_Fold_05",9,"Fold_05",3,"radial",10,0.01,4,0.154333631942089
"SVM","Repeat_09_Fold_05",9,"Fold_05",4,"radial",100,0.01,4,0.157284448899927
"SVM","Repeat_09_Fold_05",9,"Fold_05",5,"radial",0.1,0.1,4,0.196741496289934
"SVM","Repeat_09_Fold_05",9,"Fold_05",6,"radial",1,0.1,4,0.183571649487027
"SVM","Repeat_09_Fold_05",9,"Fold_05",7,"radial",10,0.1,4,0.188010747016635
"SVM","Repeat_09_Fold_05",9,"Fold_05",8,"radial",100,0.1,4,0.245127385522199
"SVM","Repeat_09_Fold_05",9,"Fold_05",9,"radial",0.1,1,4,0.167986360798352
"SVM","Repeat_09_Fold_05",9,"Fold_05",10,"radial",1,1,4,0.167498843471886
"SVM","Repeat_09_Fold_05",9,"Fold_05",11,"radial",10,1,4,0.175479654361908
"SVM","Repeat_09_Fold_05",9,"Fold_05",12,"radial",100,1,4,0.169279614733014
"SVM","Repeat_10_Fold_01",10,"Fold_01",1,"radial",0.1,0.01,4,0.183558174765362
"SVM","Repeat_10_Fold_01",10,"Fold_01",2,"radial",1,0.01,4,0.165068260126503
"SVM","Repeat_10_Fold_01",10,"Fold_01",3,"radial",10,0.01,4,0.16546607889414
"SVM","Repeat_10_Fold_01",10,"Fold_01",4,"radial",100,0.01,4,0.171077987138186
"SVM","Repeat_10_Fold_01",10,"Fold_01",5,"radial",0.1,0.1,4,0.183532931734591
"SVM","Repeat_10_Fold_01",10,"Fold_01",6,"radial",1,0.1,4,0.198019909217812
"SVM","Repeat_10_Fold_01",10,"Fold_01",7,"radial",10,0.1,4,0.190290704990852
"SVM","Repeat_10_Fold_01",10,"Fold_01",8,"radial",100,0.1,4,0.203407543001564
"SVM","Repeat_10_Fold_01",10,"Fold_01",9,"radial",0.1,1,4,0.214538639087594
"SVM","Repeat_10_Fold_01",10,"Fold_01",10,"radial",1,1,4,0.254241159799684
"SVM","Repeat_10_Fold_01",10,"Fold_01",11,"radial",10,1,4,0.176292116933019
"SVM","Repeat_10_Fold_01",10,"Fold_01",12,"radial",100,1,4,0.216540982277536
"SVM","Repeat_10_Fold_02",10,"Fold_02",1,"radial",0.1,0.01,4,0.182775186689268
"SVM","Repeat_10_Fold_02",10,"Fold_02",2,"radial",1,0.01,4,0.154849263950771
"SVM","Repeat_10_Fold_02",10,"Fold_02",3,"radial",10,0.01,4,0.144519409785833
"SVM","Repeat_10_Fold_02",10,"Fold_02",4,"radial",100,0.01,4,0.162310715968667
"SVM","Repeat_10_Fold_02",10,"Fold_02",5,"radial",0.1,0.1,4,0.171534665076405
"SVM","Repeat_10_Fold_02",10,"Fold_02",6,"radial",1,0.1,4,0.172249476418122
"SVM","Repeat_10_Fold_02",10,"Fold_02",7,"radial",10,0.1,4,0.17442094825738
"SVM","Repeat_10_Fold_02",10,"Fold_02",8,"radial",100,0.1,4,0.165035965468775
"SVM","Repeat_10_Fold_02",10,"Fold_02",9,"radial",0.1,1,4,0.242484942558884
"SVM","Repeat_10_Fold_02",10,"Fold_02",10,"radial",1,1,4,0.16359182682202
"SVM","Repeat_10_Fold_02",10,"Fold_02",11,"radial",10,1,4,0.163238384328033
"SVM","Repeat_10_Fold_02",10,"Fold_02",12,"radial",100,1,4,0.194741497205618
"SVM","Repeat_10_Fold_03",10,"Fold_03",1,"radial",0.1,0.01,4,0.172791827520918
"SVM","Repeat_10_Fold_03",10,"Fold_03",2,"radial",1,0.01,4,0.160276802682755
"SVM","Repeat_10_Fold_03",10,"Fold_03",3,"radial",10,0.01,4,0.158859728649235
"SVM","Repeat_10_Fold_03",10,"Fold_03",4,"radial",100,0.01,4,0.164795474807629
"SVM","Repeat_10_Fold_03",10,"Fold_03",5,"radial",0.1,0.1,4,0.178169270117957
"SVM","Repeat_10_Fold_03",10,"Fold_03",6,"radial",1,0.1,4,0.179919149495486
"SVM","Repeat_10_Fold_03",10,"Fold_03",7,"radial",10,0.1,4,0.178093036383307
"SVM","Repeat_10_Fold_03",10,"Fold_03",8,"radial",100,0.1,4,0.16995861401643
"SVM","Repeat_10_Fold_03",10,"Fold_03",9,"radial",0.1,1,4,0.167710276671806
"SVM","Repeat_10_Fold_03",10,"Fold_03",10,"radial",1,1,4,0.162764507294665
"SVM","Repeat_10_Fold_03",10,"Fold_03",11,"radial",10,1,4,0.169245760705761
"SVM","Repeat_10_Fold_03",10,"Fold_03",12,"radial",100,1,4,0.164067021731661
"SVM","Repeat_10_Fold_04",10,"Fold_04",1,"radial",0.1,0.01,4,0.192330466989902
"SVM","Repeat_10_Fold_04",10,"Fold_04",2,"radial",1,0.01,4,0.156415939669534
"SVM","Repeat_10_Fold_04",10,"Fold_04",3,"radial",10,0.01,4,0.161383105409515
"SVM","Repeat_10_Fold_04",10,"Fold_04",4,"radial",100,0.01,4,0.182267842675103
"SVM","Repeat_10_Fold_04",10,"Fold_04",5,"radial",0.1,0.1,4,0.161183352855697
"SVM","Repeat_10_Fold_04",10,"Fold_04",6,"radial",1,0.1,4,0.166650178842687
"SVM","Repeat_10_Fold_04",10,"Fold_04",7,"radial",10,0.1,4,0.166841594000017
"SVM","Repeat_10_Fold_04",10,"Fold_04",8,"radial",100,0.1,4,0.157260896820985
"SVM","Repeat_10_Fold_04",10,"Fold_04",9,"radial",0.1,1,4,0.185408135235954
"SVM","Repeat_10_Fold_04",10,"Fold_04",10,"radial",1,1,4,0.151449170972751
"SVM","Repeat_10_Fold_04",10,"Fold_04",11,"radial",10,1,4,0.145146600084894
"SVM","Repeat_10_Fold_04",10,"Fold_04",12,"radial",100,1,4,0.157849604453585
"SVM","Repeat_10_Fold_05",10,"Fold_05",1,"radial",0.1,0.01,4,0.189964762040773
"SVM","Repeat_10_Fold_05",10,"Fold_05",2,"radial",1,0.01,4,0.162135256810463
"SVM","Repeat_10_Fold_05",10,"Fold_05",3,"radial",10,0.01,4,0.16549315908641
"SVM","Repeat_10_Fold_05",10,"Fold_05",4,"radial",100,0.01,4,0.174599065164188
"SVM","Repeat_10_Fold_05",10,"Fold_05",5,"radial",0.1,0.1,4,0.176777490247175
"SVM","Repeat_10_Fold_05",10,"Fold_05",6,"radial",1,0.1,4,0.168217846006746
"SVM","Repeat_10_Fold_05",10,"Fold_05",7,"radial",10,0.1,4,0.174879208591038
"SVM","Repeat_10_Fold_05",10,"Fold_05",8,"radial",100,0.1,4,0.183129210040529
"SVM","Repeat_10_Fold_05",10,"Fold_05",9,"radial",0.1,1,4,0.168952593868165
"SVM","Repeat_10_Fold_05",10,"Fold_05",10,"radial",1,1,4,0.165418247147852
"SVM","Repeat_10_Fold_05",10,"Fold_05",11,"radial",10,1,4,0.172542056180641
"SVM","Repeat_10_Fold_05",10,"Fold_05",12,"radial",100,1,4,0.172302890350661
"SVM","Repeat_11_Fold_01",11,"Fold_01",1,"radial",0.1,0.01,4,0.180670569026077
"SVM","Repeat_11_Fold_01",11,"Fold_01",2,"radial",1,0.01,4,0.169148943514503
"SVM","Repeat_11_Fold_01",11,"Fold_01",3,"radial",10,0.01,4,0.172964442177771
"SVM","Repeat_11_Fold_01",11,"Fold_01",4,"radial",100,0.01,4,0.184726893950565
"SVM","Repeat_11_Fold_01",11,"Fold_01",5,"radial",0.1,0.1,4,0.183671816786443
"SVM","Repeat_11_Fold_01",11,"Fold_01",6,"radial",1,0.1,4,0.181814082582679
"SVM","Repeat_11_Fold_01",11,"Fold_01",7,"radial",10,0.1,4,0.184421644034327
"SVM","Repeat_11_Fold_01",11,"Fold_01",8,"radial",100,0.1,4,0.212023366490366
"SVM","Repeat_11_Fold_01",11,"Fold_01",9,"radial",0.1,1,4,0.233558890273912
"SVM","Repeat_11_Fold_01",11,"Fold_01",10,"radial",1,1,4,0.190424434226967
"SVM","Repeat_11_Fold_01",11,"Fold_01",11,"radial",10,1,4,0.222603292963871
"SVM","Repeat_11_Fold_01",11,"Fold_01",12,"radial",100,1,4,0.208988964982799
"SVM","Repeat_11_Fold_02",11,"Fold_02",1,"radial",0.1,0.01,4,0.178435199914683
"SVM","Repeat_11_Fold_02",11,"Fold_02",2,"radial",1,0.01,4,0.165095548177717
"SVM","Repeat_11_Fold_02",11,"Fold_02",3,"radial",10,0.01,4,0.147875427105172
"SVM","Repeat_11_Fold_02",11,"Fold_02",4,"radial",100,0.01,4,0.137661446978388
"SVM","Repeat_11_Fold_02",11,"Fold_02",5,"radial",0.1,0.1,4,0.194143330695734
"SVM","Repeat_11_Fold_02",11,"Fold_02",6,"radial",1,0.1,4,0.205476510978792
"SVM","Repeat_11_Fold_02",11,"Fold_02",7,"radial",10,0.1,4,0.208420616777647
"SVM","Repeat_11_Fold_02",11,"Fold_02",8,"radial",100,0.1,4,0.17197689454029
"SVM","Repeat_11_Fold_02",11,"Fold_02",9,"radial",0.1,1,4,0.220883788264045
"SVM","Repeat_11_Fold_02",11,"Fold_02",10,"radial",1,1,4,0.198084532115116
"SVM","Repeat_11_Fold_02",11,"Fold_02",11,"radial",10,1,4,0.145218444241316
"SVM","Repeat_11_Fold_02",11,"Fold_02",12,"radial",100,1,4,0.200447841599809
"SVM","Repeat_11_Fold_03",11,"Fold_03",1,"radial",0.1,0.01,4,0.183551844913997
"SVM","Repeat_11_Fold_03",11,"Fold_03",2,"radial",1,0.01,4,0.165934175455927
"SVM","Repeat_11_Fold_03",11,"Fold_03",3,"radial",10,0.01,4,0.175057606474886
"SVM","Repeat_11_Fold_03",11,"Fold_03",4,"radial",100,0.01,4,0.166028335642844
"SVM","Repeat_11_Fold_03",11,"Fold_03",5,"radial",0.1,0.1,4,0.172174818797818
"SVM","Repeat_11_Fold_03",11,"Fold_03",6,"radial",1,0.1,4,0.182515200395901
"SVM","Repeat_11_Fold_03",11,"Fold_03",7,"radial",10,0.1,4,0.219874514821452
"SVM","Repeat_11_Fold_03",11,"Fold_03",8,"radial",100,0.1,4,0.209755394359518
"SVM","Repeat_11_Fold_03",11,"Fold_03",9,"radial",0.1,1,4,0.170359557195061
"SVM","Repeat_11_Fold_03",11,"Fold_03",10,"radial",1,1,4,0.179536347755804
"SVM","Repeat_11_Fold_03",11,"Fold_03",11,"radial",10,1,4,0.16833102169535
"SVM","Repeat_11_Fold_03",11,"Fold_03",12,"radial",100,1,4,0.179020488710494
"SVM","Repeat_11_Fold_04",11,"Fold_04",1,"radial",0.1,0.01,4,0.18602024612507
"SVM","Repeat_11_Fold_04",11,"Fold_04",2,"radial",1,0.01,4,0.17949345416669
"SVM","Repeat_11_Fold_04",11,"Fold_04",3,"radial",10,0.01,4,0.143319703601489
"SVM","Repeat_11_Fold_04",11,"Fold_04",4,"radial",100,0.01,4,0.149806918255411
"SVM","Repeat_11_Fold_04",11,"Fold_04",5,"radial",0.1,0.1,4,0.150460515783878
"SVM","Repeat_11_Fold_04",11,"Fold_04",6,"radial",1,0.1,4,0.134894508446672
"SVM","Repeat_11_Fold_04",11,"Fold_04",7,"radial",10,0.1,4,0.139880570984339
"SVM","Repeat_11_Fold_04",11,"Fold_04",8,"radial",100,0.1,4,0.132263136800378
"SVM","Repeat_11_Fold_04",11,"Fold_04",9,"radial",0.1,1,4,0.221237103320638
"SVM","Repeat_11_Fold_04",11,"Fold_04",10,"radial",1,1,4,0.152936890625939
"SVM","Repeat_11_Fold_04",11,"Fold_04",11,"radial",10,1,4,0.178449408281141
"SVM","Repeat_11_Fold_04",11,"Fold_04",12,"radial",100,1,4,0.196083385070739
"SVM","Repeat_11_Fold_05",11,"Fold_05",1,"radial",0.1,0.01,4,0.176675300635915
"SVM","Repeat_11_Fold_05",11,"Fold_05",2,"radial",1,0.01,4,0.165864965541742
"SVM","Repeat_11_Fold_05",11,"Fold_05",3,"radial",10,0.01,4,0.163230777206968
"SVM","Repeat_11_Fold_05",11,"Fold_05",4,"radial",100,0.01,4,0.16057726035065
"SVM","Repeat_11_Fold_05",11,"Fold_05",5,"radial",0.1,0.1,4,0.184017507295164
"SVM","Repeat_11_Fold_05",11,"Fold_05",6,"radial",1,0.1,4,0.196980404547071
"SVM","Repeat_11_Fold_05",11,"Fold_05",7,"radial",10,0.1,4,0.249939287827253
"SVM","Repeat_11_Fold_05",11,"Fold_05",8,"radial",100,0.1,4,0.230841616572692
"SVM","Repeat_11_Fold_05",11,"Fold_05",9,"radial",0.1,1,4,0.164539695236782
"SVM","Repeat_11_Fold_05",11,"Fold_05",10,"radial",1,1,4,0.159360661077184
"SVM","Repeat_11_Fold_05",11,"Fold_05",11,"radial",10,1,4,0.159952284553549
"SVM","Repeat_11_Fold_05",11,"Fold_05",12,"radial",100,1,4,0.16702398593866
"SVM","Repeat_12_Fold_01",12,"Fold_01",1,"radial",0.1,0.01,4,0.174392926304855
"SVM","Repeat_12_Fold_01",12,"Fold_01",2,"radial",1,0.01,4,0.162718033733287
"SVM","Repeat_12_Fold_01",12,"Fold_01",3,"radial",10,0.01,4,0.154320757474383
"SVM","Repeat_12_Fold_01",12,"Fold_01",4,"radial",100,0.01,4,0.16565407668859
"SVM","Repeat_12_Fold_01",12,"Fold_01",5,"radial",0.1,0.1,4,0.18985942067629
"SVM","Repeat_12_Fold_01",12,"Fold_01",6,"radial",1,0.1,4,0.181909293946167
"SVM","Repeat_12_Fold_01",12,"Fold_01",7,"radial",10,0.1,4,0.200240295644542
"SVM","Repeat_12_Fold_01",12,"Fold_01",8,"radial",100,0.1,4,0.19263807249547
"SVM","Repeat_12_Fold_01",12,"Fold_01",9,"radial",0.1,1,4,0.236934299636418
"SVM","Repeat_12_Fold_01",12,"Fold_01",10,"radial",1,1,4,0.212620085548232
"SVM","Repeat_12_Fold_01",12,"Fold_01",11,"radial",10,1,4,0.24333976513006
"SVM","Repeat_12_Fold_01",12,"Fold_01",12,"radial",100,1,4,0.193075408668558
"SVM","Repeat_12_Fold_02",12,"Fold_02",1,"radial",0.1,0.01,4,0.174574747873114
"SVM","Repeat_12_Fold_02",12,"Fold_02",2,"radial",1,0.01,4,0.163456779179898
"SVM","Repeat_12_Fold_02",12,"Fold_02",3,"radial",10,0.01,4,0.150787287479259
"SVM","Repeat_12_Fold_02",12,"Fold_02",4,"radial",100,0.01,4,0.165201800503238
"SVM","Repeat_12_Fold_02",12,"Fold_02",5,"radial",0.1,0.1,4,0.182074441705754
"SVM","Repeat_12_Fold_02",12,"Fold_02",6,"radial",1,0.1,4,0.180964060012398
"SVM","Repeat_12_Fold_02",12,"Fold_02",7,"radial",10,0.1,4,0.186210994330918
"SVM","Repeat_12_Fold_02",12,"Fold_02",8,"radial",100,0.1,4,0.203151070272199
"SVM","Repeat_12_Fold_02",12,"Fold_02",9,"radial",0.1,1,4,0.211208194372511
"SVM","Repeat_12_Fold_02",12,"Fold_02",10,"radial",1,1,4,0.204166414243895
"SVM","Repeat_12_Fold_02",12,"Fold_02",11,"radial",10,1,4,0.214146001237543
"SVM","Repeat_12_Fold_02",12,"Fold_02",12,"radial",100,1,4,0.18061092909975
"SVM","Repeat_12_Fold_03",12,"Fold_03",1,"radial",0.1,0.01,4,0.176932009318198
"SVM","Repeat_12_Fold_03",12,"Fold_03",2,"radial",1,0.01,4,0.15099129336856
"SVM","Repeat_12_Fold_03",12,"Fold_03",3,"radial",10,0.01,4,0.165061615182132
"SVM","Repeat_12_Fold_03",12,"Fold_03",4,"radial",100,0.01,4,0.194543947762806
"SVM","Repeat_12_Fold_03",12,"Fold_03",5,"radial",0.1,0.1,4,0.167649469706009
"SVM","Repeat_12_Fold_03",12,"Fold_03",6,"radial",1,0.1,4,0.171863887257891
"SVM","Repeat_12_Fold_03",12,"Fold_03",7,"radial",10,0.1,4,0.195766421818031
"SVM","Repeat_12_Fold_03",12,"Fold_03",8,"radial",100,0.1,4,0.21810992178566
"SVM","Repeat_12_Fold_03",12,"Fold_03",9,"radial",0.1,1,4,0.169226517348068
"SVM","Repeat_12_Fold_03",12,"Fold_03",10,"radial",1,1,4,0.164627914940608
"SVM","Repeat_12_Fold_03",12,"Fold_03",11,"radial",10,1,4,0.166632270380623
"SVM","Repeat_12_Fold_03",12,"Fold_03",12,"radial",100,1,4,0.168675783579284
"SVM","Repeat_12_Fold_04",12,"Fold_04",1,"radial",0.1,0.01,4,0.171047014290764
"SVM","Repeat_12_Fold_04",12,"Fold_04",2,"radial",1,0.01,4,0.152149688930609
"SVM","Repeat_12_Fold_04",12,"Fold_04",3,"radial",10,0.01,4,0.158994958343056
"SVM","Repeat_12_Fold_04",12,"Fold_04",4,"radial",100,0.01,4,0.197158233580153
"SVM","Repeat_12_Fold_04",12,"Fold_04",5,"radial",0.1,0.1,4,0.158090284705398
"SVM","Repeat_12_Fold_04",12,"Fold_04",6,"radial",1,0.1,4,0.151277820088608
"SVM","Repeat_12_Fold_04",12,"Fold_04",7,"radial",10,0.1,4,0.164125439382025
"SVM","Repeat_12_Fold_04",12,"Fold_04",8,"radial",100,0.1,4,0.169889980621971
"SVM","Repeat_12_Fold_04",12,"Fold_04",9,"radial",0.1,1,4,0.287106476789507
"SVM","Repeat_12_Fold_04",12,"Fold_04",10,"radial",1,1,4,0.170183749185184
"SVM","Repeat_12_Fold_04",12,"Fold_04",11,"radial",10,1,4,0.162692416481656
"SVM","Repeat_12_Fold_04",12,"Fold_04",12,"radial",100,1,4,0.225770609316442
"SVM","Repeat_12_Fold_05",12,"Fold_05",1,"radial",0.1,0.01,4,0.168976888076807
"SVM","Repeat_12_Fold_05",12,"Fold_05",2,"radial",1,0.01,4,0.165712637500852
"SVM","Repeat_12_Fold_05",12,"Fold_05",3,"radial",10,0.01,4,0.164452309283336
"SVM","Repeat_12_Fold_05",12,"Fold_05",4,"radial",100,0.01,4,0.161156101089152
"SVM","Repeat_12_Fold_05",12,"Fold_05",5,"radial",0.1,0.1,4,0.169815416029458
"SVM","Repeat_12_Fold_05",12,"Fold_05",6,"radial",1,0.1,4,0.165282228222542
"SVM","Repeat_12_Fold_05",12,"Fold_05",7,"radial",10,0.1,4,0.181841789599995
"SVM","Repeat_12_Fold_05",12,"Fold_05",8,"radial",100,0.1,4,0.164364890472716
"SVM","Repeat_12_Fold_05",12,"Fold_05",9,"radial",0.1,1,4,0.169108563509924
"SVM","Repeat_12_Fold_05",12,"Fold_05",10,"radial",1,1,4,0.163568574364647
"SVM","Repeat_12_Fold_05",12,"Fold_05",11,"radial",10,1,4,0.170032264549879
"SVM","Repeat_12_Fold_05",12,"Fold_05",12,"radial",100,1,4,0.165341145951872
"SVM","Repeat_13_Fold_01",13,"Fold_01",1,"radial",0.1,0.01,4,0.177012816901496
"SVM","Repeat_13_Fold_01",13,"Fold_01",2,"radial",1,0.01,4,0.141912589806682
"SVM","Repeat_13_Fold_01",13,"Fold_01",3,"radial",10,0.01,4,0.162021773094544
"SVM","Repeat_13_Fold_01",13,"Fold_01",4,"radial",100,0.01,4,0.152164048616342
"SVM","Repeat_13_Fold_01",13,"Fold_01",5,"radial",0.1,0.1,4,0.176782187154873
"SVM","Repeat_13_Fold_01",13,"Fold_01",6,"radial",1,0.1,4,0.174643453616007
"SVM","Repeat_13_Fold_01",13,"Fold_01",7,"radial",10,0.1,4,0.178661086734915
"SVM","Repeat_13_Fold_01",13,"Fold_01",8,"radial",100,0.1,4,0.169589895484044
"SVM","Repeat_13_Fold_01",13,"Fold_01",9,"radial",0.1,1,4,0.208796262346599
"SVM","Repeat_13_Fold_01",13,"Fold_01",10,"radial",1,1,4,0.229346226953904
"SVM","Repeat_13_Fold_01",13,"Fold_01",11,"radial",10,1,4,0.260072699834957
"SVM","Repeat_13_Fold_01",13,"Fold_01",12,"radial",100,1,4,0.198195800879828
"SVM","Repeat_13_Fold_02",13,"Fold_02",1,"radial",0.1,0.01,4,0.182397070190953
"SVM","Repeat_13_Fold_02",13,"Fold_02",2,"radial",1,0.01,4,0.171856865833212
"SVM","Repeat_13_Fold_02",13,"Fold_02",3,"radial",10,0.01,4,0.144791855397816
"SVM","Repeat_13_Fold_02",13,"Fold_02",4,"radial",100,0.01,4,0.147848766268646
"SVM","Repeat_13_Fold_02",13,"Fold_02",5,"radial",0.1,0.1,4,0.157006807898242
"SVM","Repeat_13_Fold_02",13,"Fold_02",6,"radial",1,0.1,4,0.156515148207972
"SVM","Repeat_13_Fold_02",13,"Fold_02",7,"radial",10,0.1,4,0.191060142391625
"SVM","Repeat_13_Fold_02",13,"Fold_02",8,"radial",100,0.1,4,0.167420318305626
"SVM","Repeat_13_Fold_02",13,"Fold_02",9,"radial",0.1,1,4,0.265654369363269
"SVM","Repeat_13_Fold_02",13,"Fold_02",10,"radial",1,1,4,0.264574486583246
"SVM","Repeat_13_Fold_02",13,"Fold_02",11,"radial",10,1,4,0.218447994240389
"SVM","Repeat_13_Fold_02",13,"Fold_02",12,"radial",100,1,4,0.248510857272173
"SVM","Repeat_13_Fold_03",13,"Fold_03",1,"radial",0.1,0.01,4,0.176851880320202
"SVM","Repeat_13_Fold_03",13,"Fold_03",2,"radial",1,0.01,4,0.156195034354821
"SVM","Repeat_13_Fold_03",13,"Fold_03",3,"radial",10,0.01,4,0.156498703987472
"SVM","Repeat_13_Fold_03",13,"Fold_03",4,"radial",100,0.01,4,0.166919715620075
"SVM","Repeat_13_Fold_03",13,"Fold_03",5,"radial",0.1,0.1,4,0.162780964300779
"SVM","Repeat_13_Fold_03",13,"Fold_03",6,"radial",1,0.1,4,0.19364965153028
"SVM","Repeat_13_Fold_03",13,"Fold_03",7,"radial",10,0.1,4,0.194214843840118
"SVM","Repeat_13_Fold_03",13,"Fold_03",8,"radial",100,0.1,4,0.193632140630378
"SVM","Repeat_13_Fold_03",13,"Fold_03",9,"radial",0.1,1,4,0.166512988129565
"SVM","Repeat_13_Fold_03",13,"Fold_03",10,"radial",1,1,4,0.196628342903863
"SVM","Repeat_13_Fold_03",13,"Fold_03",11,"radial",10,1,4,0.18703225518928
"SVM","Repeat_13_Fold_03",13,"Fold_03",12,"radial",100,1,4,0.178863967563378
"SVM","Repeat_13_Fold_04",13,"Fold_04",1,"radial",0.1,0.01,4,0.183265576207826
"SVM","Repeat_13_Fold_04",13,"Fold_04",2,"radial",1,0.01,4,0.185160365355453
"SVM","Repeat_13_Fold_04",13,"Fold_04",3,"radial",10,0.01,4,0.181018567232675
"SVM","Repeat_13_Fold_04",13,"Fold_04",4,"radial",100,0.01,4,0.151077249253028
"SVM","Repeat_13_Fold_04",13,"Fold_04",5,"radial",0.1,0.1,4,0.155654544150807
"SVM","Repeat_13_Fold_04",13,"Fold_04",6,"radial",1,0.1,4,0.143764820571967
"SVM","Repeat_13_Fold_04",13,"Fold_04",7,"radial",10,0.1,4,0.106223457287554
"SVM","Repeat_13_Fold_04",13,"Fold_04",8,"radial",100,0.1,4,0.116807374943127
"SVM","Repeat_13_Fold_04",13,"Fold_04",9,"radial",0.1,1,4,0.243000260846239
"SVM","Repeat_13_Fold_04",13,"Fold_04",10,"radial",1,1,4,0.198847075461679
"SVM","Repeat_13_Fold_04",13,"Fold_04",11,"radial",10,1,4,0.133799496131602
"SVM","Repeat_13_Fold_04",13,"Fold_04",12,"radial",100,1,4,0.185623974200811
"SVM","Repeat_13_Fold_05",13,"Fold_05",1,"radial",0.1,0.01,4,0.17503815033448
"SVM","Repeat_13_Fold_05",13,"Fold_05",2,"radial",1,0.01,4,0.144714781269543
"SVM","Repeat_13_Fold_05",13,"Fold_05",3,"radial",10,0.01,4,0.156119316317094
"SVM","Repeat_13_Fold_05",13,"Fold_05",4,"radial",100,0.01,4,0.153997731981524
"SVM","Repeat_13_Fold_05",13,"Fold_05",5,"radial",0.1,0.1,4,0.166015784777557
"SVM","Repeat_13_Fold_05",13,"Fold_05",6,"radial",1,0.1,4,0.169327311957737
"SVM","Repeat_13_Fold_05",13,"Fold_05",7,"radial",10,0.1,4,0.18987110095477
"SVM","Repeat_13_Fold_05",13,"Fold_05",8,"radial",100,0.1,4,0.187458792526785
"SVM","Repeat_13_Fold_05",13,"Fold_05",9,"radial",0.1,1,4,0.167131061821509
"SVM","Repeat_13_Fold_05",13,"Fold_05",10,"radial",1,1,4,0.16881077868077
"SVM","Repeat_13_Fold_05",13,"Fold_05",11,"radial",10,1,4,0.172759743658983
"SVM","Repeat_13_Fold_05",13,"Fold_05",12,"radial",100,1,4,0.166932296998172
"SVM","Repeat_14_Fold_01",14,"Fold_01",1,"radial",0.1,0.01,4,0.18270307464996
"SVM","Repeat_14_Fold_01",14,"Fold_01",2,"radial",1,0.01,4,0.166744603576324
"SVM","Repeat_14_Fold_01",14,"Fold_01",3,"radial",10,0.01,4,0.172823640367668
"SVM","Repeat_14_Fold_01",14,"Fold_01",4,"radial",100,0.01,4,0.186340651013762
"SVM","Repeat_14_Fold_01",14,"Fold_01",5,"radial",0.1,0.1,4,0.193190680629115
"SVM","Repeat_14_Fold_01",14,"Fold_01",6,"radial",1,0.1,4,0.21079158351082
"SVM","Repeat_14_Fold_01",14,"Fold_01",7,"radial",10,0.1,4,0.238341460051861
"SVM","Repeat_14_Fold_01",14,"Fold_01",8,"radial",100,0.1,4,0.193598668193403
"SVM","Repeat_14_Fold_01",14,"Fold_01",9,"radial",0.1,1,4,0.235041819998605
"SVM","Repeat_14_Fold_01",14,"Fold_01",10,"radial",1,1,4,0.164152482537722
"SVM","Repeat_14_Fold_01",14,"Fold_01",11,"radial",10,1,4,0.163012669077188
"SVM","Repeat_14_Fold_01",14,"Fold_01",12,"radial",100,1,4,0.162193765746768
"SVM","Repeat_14_Fold_02",14,"Fold_02",1,"radial",0.1,0.01,4,0.180609707294586
"SVM","Repeat_14_Fold_02",14,"Fold_02",2,"radial",1,0.01,4,0.168298918411029
"SVM","Repeat_14_Fold_02",14,"Fold_02",3,"radial",10,0.01,4,0.147828933315758
"SVM","Repeat_14_Fold_02",14,"Fold_02",4,"radial",100,0.01,4,0.155471357502579
"SVM","Repeat_14_Fold_02",14,"Fold_02",5,"radial",0.1,0.1,4,0.167082822846636
"SVM","Repeat_14_Fold_02",14,"Fold_02",6,"radial",1,0.1,4,0.16909362836341
"SVM","Repeat_14_Fold_02",14,"Fold_02",7,"radial",10,0.1,4,0.162532478963816
"SVM","Repeat_14_Fold_02",14,"Fold_02",8,"radial",100,0.1,4,0.159529599381214
"SVM","Repeat_14_Fold_02",14,"Fold_02",9,"radial",0.1,1,4,0.246826970087227
"SVM","Repeat_14_Fold_02",14,"Fold_02",10,"radial",1,1,4,0.163988712506392
"SVM","Repeat_14_Fold_02",14,"Fold_02",11,"radial",10,1,4,0.182054286518315
"SVM","Repeat_14_Fold_02",14,"Fold_02",12,"radial",100,1,4,0.180002700682427
"SVM","Repeat_14_Fold_03",14,"Fold_03",1,"radial",0.1,0.01,4,0.175649843587221
"SVM","Repeat_14_Fold_03",14,"Fold_03",2,"radial",1,0.01,4,0.161628083478434
"SVM","Repeat_14_Fold_03",14,"Fold_03",3,"radial",10,0.01,4,0.163962917713816
"SVM","Repeat_14_Fold_03",14,"Fold_03",4,"radial",100,0.01,4,0.16586623461084
"SVM","Repeat_14_Fold_03",14,"Fold_03",5,"radial",0.1,0.1,4,0.17441267516061
"SVM","Repeat_14_Fold_03",14,"Fold_03",6,"radial",1,0.1,4,0.166999943187235
"SVM","Repeat_14_Fold_03",14,"Fold_03",7,"radial",10,0.1,4,0.182250331680397
"SVM","Repeat_14_Fold_03",14,"Fold_03",8,"radial",100,0.1,4,0.19554909078846
"SVM","Repeat_14_Fold_03",14,"Fold_03",9,"radial",0.1,1,4,0.168604120531807
"SVM","Repeat_14_Fold_03",14,"Fold_03",10,"radial",1,1,4,0.165823779247312
"SVM","Repeat_14_Fold_03",14,"Fold_03",11,"radial",10,1,4,0.1659380039533
"SVM","Repeat_14_Fold_03",14,"Fold_03",12,"radial",100,1,4,0.167975063319839
"SVM","Repeat_14_Fold_04",14,"Fold_04",1,"radial",0.1,0.01,4,0.165791564368224
"SVM","Repeat_14_Fold_04",14,"Fold_04",2,"radial",1,0.01,4,0.163975879615277
"SVM","Repeat_14_Fold_04",14,"Fold_04",3,"radial",10,0.01,4,0.168954081925663
"SVM","Repeat_14_Fold_04",14,"Fold_04",4,"radial",100,0.01,4,0.195847914807754
"SVM","Repeat_14_Fold_04",14,"Fold_04",5,"radial",0.1,0.1,4,0.169166483877285
"SVM","Repeat_14_Fold_04",14,"Fold_04",6,"radial",1,0.1,4,0.163406417134661
"SVM","Repeat_14_Fold_04",14,"Fold_04",7,"radial",10,0.1,4,0.15628783849993
"SVM","Repeat_14_Fold_04",14,"Fold_04",8,"radial",100,0.1,4,0.177650134220492
"SVM","Repeat_14_Fold_04",14,"Fold_04",9,"radial",0.1,1,4,0.212179628126638
"SVM","Repeat_14_Fold_04",14,"Fold_04",10,"radial",1,1,4,0.183255339403454
"SVM","Repeat_14_Fold_04",14,"Fold_04",11,"radial",10,1,4,0.167847034734705
"SVM","Repeat_14_Fold_04",14,"Fold_04",12,"radial",100,1,4,0.169906717881243
"SVM","Repeat_14_Fold_05",14,"Fold_05",1,"radial",0.1,0.01,4,0.191121219008818
"SVM","Repeat_14_Fold_05",14,"Fold_05",2,"radial",1,0.01,4,0.156659929384922
"SVM","Repeat_14_Fold_05",14,"Fold_05",3,"radial",10,0.01,4,0.163157210999452
"SVM","Repeat_14_Fold_05",14,"Fold_05",4,"radial",100,0.01,4,0.160455046407757
"SVM","Repeat_14_Fold_05",14,"Fold_05",5,"radial",0.1,0.1,4,0.175697053300832
"SVM","Repeat_14_Fold_05",14,"Fold_05",6,"radial",1,0.1,4,0.167079853990399
"SVM","Repeat_14_Fold_05",14,"Fold_05",7,"radial",10,0.1,4,0.164890458686576
"SVM","Repeat_14_Fold_05",14,"Fold_05",8,"radial",100,0.1,4,0.161176064943413
"SVM","Repeat_14_Fold_05",14,"Fold_05",9,"radial",0.1,1,4,0.167969989938494
"SVM","Repeat_14_Fold_05",14,"Fold_05",10,"radial",1,1,4,0.174876302716597
"SVM","Repeat_14_Fold_05",14,"Fold_05",11,"radial",10,1,4,0.166754370789352
"SVM","Repeat_14_Fold_05",14,"Fold_05",12,"radial",100,1,4,0.165829162272154
"SVM","Repeat_15_Fold_01",15,"Fold_01",1,"radial",0.1,0.01,4,0.180735950240637
"SVM","Repeat_15_Fold_01",15,"Fold_01",2,"radial",1,0.01,4,0.164267830500246
"SVM","Repeat_15_Fold_01",15,"Fold_01",3,"radial",10,0.01,4,0.188713874636601
"SVM","Repeat_15_Fold_01",15,"Fold_01",4,"radial",100,0.01,4,0.189593396016674
"SVM","Repeat_15_Fold_01",15,"Fold_01",5,"radial",0.1,0.1,4,0.177984554153224
"SVM","Repeat_15_Fold_01",15,"Fold_01",6,"radial",1,0.1,4,0.187047985793278
"SVM","Repeat_15_Fold_01",15,"Fold_01",7,"radial",10,0.1,4,0.18838172387896
"SVM","Repeat_15_Fold_01",15,"Fold_01",8,"radial",100,0.1,4,0.203172284900312
"SVM","Repeat_15_Fold_01",15,"Fold_01",9,"radial",0.1,1,4,0.213008970536324
"SVM","Repeat_15_Fold_01",15,"Fold_01",10,"radial",1,1,4,0.168829378144379
"SVM","Repeat_15_Fold_01",15,"Fold_01",11,"radial",10,1,4,0.168000895236933
"SVM","Repeat_15_Fold_01",15,"Fold_01",12,"radial",100,1,4,0.16011949987911
"SVM","Repeat_15_Fold_02",15,"Fold_02",1,"radial",0.1,0.01,4,0.17806677682266
"SVM","Repeat_15_Fold_02",15,"Fold_02",2,"radial",1,0.01,4,0.165213517282477
"SVM","Repeat_15_Fold_02",15,"Fold_02",3,"radial",10,0.01,4,0.141283277405333
"SVM","Repeat_15_Fold_02",15,"Fold_02",4,"radial",100,0.01,4,0.149402740007916
"SVM","Repeat_15_Fold_02",15,"Fold_02",5,"radial",0.1,0.1,4,0.181737606282637
"SVM","Repeat_15_Fold_02",15,"Fold_02",6,"radial",1,0.1,4,0.211808933539599
"SVM","Repeat_15_Fold_02",15,"Fold_02",7,"radial",10,0.1,4,0.217902337074742
"SVM","Repeat_15_Fold_02",15,"Fold_02",8,"radial",100,0.1,4,0.206466215724182
"SVM","Repeat_15_Fold_02",15,"Fold_02",9,"radial",0.1,1,4,0.202387887034344
"SVM","Repeat_15_Fold_02",15,"Fold_02",10,"radial",1,1,4,0.161167429981067
"SVM","Repeat_15_Fold_02",15,"Fold_02",11,"radial",10,1,4,0.160656989200402
"SVM","Repeat_15_Fold_02",15,"Fold_02",12,"radial",100,1,4,0.160353764817821
"SVM","Repeat_15_Fold_03",15,"Fold_03",1,"radial",0.1,0.01,4,0.167911241707783
"SVM","Repeat_15_Fold_03",15,"Fold_03",2,"radial",1,0.01,4,0.16296475419301
"SVM","Repeat_15_Fold_03",15,"Fold_03",3,"radial",10,0.01,4,0.168675045132693
"SVM","Repeat_15_Fold_03",15,"Fold_03",4,"radial",100,0.01,4,0.152733151564416
"SVM","Repeat_15_Fold_03",15,"Fold_03",5,"radial",0.1,0.1,4,0.166533578151168
"SVM","Repeat_15_Fold_03",15,"Fold_03",6,"radial",1,0.1,4,0.201785286354765
"SVM","Repeat_15_Fold_03",15,"Fold_03",7,"radial",10,0.1,4,0.243915985017184
"SVM","Repeat_15_Fold_03",15,"Fold_03",8,"radial",100,0.1,4,0.23366900428571
"SVM","Repeat_15_Fold_03",15,"Fold_03",9,"radial",0.1,1,4,0.170889881763196
"SVM","Repeat_15_Fold_03",15,"Fold_03",10,"radial",1,1,4,0.165062670307255
"SVM","Repeat_15_Fold_03",15,"Fold_03",11,"radial",10,1,4,0.166665787559303
"SVM","Repeat_15_Fold_03",15,"Fold_03",12,"radial",100,1,4,0.168602367196101
"SVM","Repeat_15_Fold_04",15,"Fold_04",1,"radial",0.1,0.01,4,0.188600528559542
"SVM","Repeat_15_Fold_04",15,"Fold_04",2,"radial",1,0.01,4,0.142016872902648
"SVM","Repeat_15_Fold_04",15,"Fold_04",3,"radial",10,0.01,4,0.140437967240706
"SVM","Repeat_15_Fold_04",15,"Fold_04",4,"radial",100,0.01,4,0.158012828244647
"SVM","Repeat_15_Fold_04",15,"Fold_04",5,"radial",0.1,0.1,4,0.148293318250456
"SVM","Repeat_15_Fold_04",15,"Fold_04",6,"radial",1,0.1,4,0.134636131492986
"SVM","Repeat_15_Fold_04",15,"Fold_04",7,"radial",10,0.1,4,0.131535901069984
"SVM","Repeat_15_Fold_04",15,"Fold_04",8,"radial",100,0.1,4,0.143795059869043
"SVM","Repeat_15_Fold_04",15,"Fold_04",9,"radial",0.1,1,4,0.177468893070132
"SVM","Repeat_15_Fold_04",15,"Fold_04",10,"radial",1,1,4,0.137341387807863
"SVM","Repeat_15_Fold_04",15,"Fold_04",11,"radial",10,1,4,0.158584413981327
"SVM","Repeat_15_Fold_04",15,"Fold_04",12,"radial",100,1,4,0.139107181448002
"SVM","Repeat_15_Fold_05",15,"Fold_05",1,"radial",0.1,0.01,4,0.178007109568566
"SVM","Repeat_15_Fold_05",15,"Fold_05",2,"radial",1,0.01,4,0.163528165129622
"SVM","Repeat_15_Fold_05",15,"Fold_05",3,"radial",10,0.01,4,0.147370888641032
"SVM","Repeat_15_Fold_05",15,"Fold_05",4,"radial",100,0.01,4,0.149841853010918
"SVM","Repeat_15_Fold_05",15,"Fold_05",5,"radial",0.1,0.1,4,0.168864047869387
"SVM","Repeat_15_Fold_05",15,"Fold_05",6,"radial",1,0.1,4,0.16472887655229
"SVM","Repeat_15_Fold_05",15,"Fold_05",7,"radial",10,0.1,4,0.16474330151584
"SVM","Repeat_15_Fold_05",15,"Fold_05",8,"radial",100,0.1,4,0.201158902478976
"SVM","Repeat_15_Fold_05",15,"Fold_05",9,"radial",0.1,1,4,0.167135652412623
"SVM","Repeat_15_Fold_05",15,"Fold_05",10,"radial",1,1,4,0.165468790420755
"SVM","Repeat_15_Fold_05",15,"Fold_05",11,"radial",10,1,4,0.167201424764704
"SVM","Repeat_15_Fold_05",15,"Fold_05",12,"radial",100,1,4,0.165994989153195
"SVM","Repeat_16_Fold_01",16,"Fold_01",1,"radial",0.1,0.01,4,0.175289646368693
"SVM","Repeat_16_Fold_01",16,"Fold_01",2,"radial",1,0.01,4,0.149831656082814
"SVM","Repeat_16_Fold_01",16,"Fold_01",3,"radial",10,0.01,4,0.151498767774174
"SVM","Repeat_16_Fold_01",16,"Fold_01",4,"radial",100,0.01,4,0.155374516872227
"SVM","Repeat_16_Fold_01",16,"Fold_01",5,"radial",0.1,0.1,4,0.166427586286891
"SVM","Repeat_16_Fold_01",16,"Fold_01",6,"radial",1,0.1,4,0.180688306519576
"SVM","Repeat_16_Fold_01",16,"Fold_01",7,"radial",10,0.1,4,0.155410199622642
"SVM","Repeat_16_Fold_01",16,"Fold_01",8,"radial",100,0.1,4,0.192556461179237
"SVM","Repeat_16_Fold_01",16,"Fold_01",9,"radial",0.1,1,4,0.204801327561769
"SVM","Repeat_16_Fold_01",16,"Fold_01",10,"radial",1,1,4,0.160319330924347
"SVM","Repeat_16_Fold_01",16,"Fold_01",11,"radial",10,1,4,0.16166526958801
"SVM","Repeat_16_Fold_01",16,"Fold_01",12,"radial",100,1,4,0.160894728069932
"SVM","Repeat_16_Fold_02",16,"Fold_02",1,"radial",0.1,0.01,4,0.176781666132564
"SVM","Repeat_16_Fold_02",16,"Fold_02",2,"radial",1,0.01,4,0.138636490447611
"SVM","Repeat_16_Fold_02",16,"Fold_02",3,"radial",10,0.01,4,0.155317612205421
"SVM","Repeat_16_Fold_02",16,"Fold_02",4,"radial",100,0.01,4,0.138228176182694
"SVM","Repeat_16_Fold_02",16,"Fold_02",5,"radial",0.1,0.1,4,0.176209652296452
"SVM","Repeat_16_Fold_02",16,"Fold_02",6,"radial",1,0.1,4,0.203619281991915
"SVM","Repeat_16_Fold_02",16,"Fold_02",7,"radial",10,0.1,4,0.21457125925813
"SVM","Repeat_16_Fold_02",16,"Fold_02",8,"radial",100,0.1,4,0.177252200903603
"SVM","Repeat_16_Fold_02",16,"Fold_02",9,"radial",0.1,1,4,0.234133717804091
"SVM","Repeat_16_Fold_02",16,"Fold_02",10,"radial",1,1,4,0.261441296485575
"SVM","Repeat_16_Fold_02",16,"Fold_02",11,"radial",10,1,4,0.241136834271323
"SVM","Repeat_16_Fold_02",16,"Fold_02",12,"radial",100,1,4,0.247889690745011
"SVM","Repeat_16_Fold_03",16,"Fold_03",1,"radial",0.1,0.01,4,0.147383607273617
"SVM","Repeat_16_Fold_03",16,"Fold_03",2,"radial",1,0.01,4,0.160566124515496
"SVM","Repeat_16_Fold_03",16,"Fold_03",3,"radial",10,0.01,4,0.137859511641699
"SVM","Repeat_16_Fold_03",16,"Fold_03",4,"radial",100,0.01,4,0.154843673520565
"SVM","Repeat_16_Fold_03",16,"Fold_03",5,"radial",0.1,0.1,4,0.162544219262766
"SVM","Repeat_16_Fold_03",16,"Fold_03",6,"radial",1,0.1,4,0.197571747463946
"SVM","Repeat_16_Fold_03",16,"Fold_03",7,"radial",10,0.1,4,0.190776665348978
"SVM","Repeat_16_Fold_03",16,"Fold_03",8,"radial",100,0.1,4,0.229048067239318
"SVM","Repeat_16_Fold_03",16,"Fold_03",9,"radial",0.1,1,4,0.169822611602606
"SVM","Repeat_16_Fold_03",16,"Fold_03",10,"radial",1,1,4,0.160140038290446
"SVM","Repeat_16_Fold_03",16,"Fold_03",11,"radial",10,1,4,0.163769784448675
"SVM","Repeat_16_Fold_03",16,"Fold_03",12,"radial",100,1,4,0.16566401608497
"SVM","Repeat_16_Fold_04",16,"Fold_04",1,"radial",0.1,0.01,4,0.178540791438387
"SVM","Repeat_16_Fold_04",16,"Fold_04",2,"radial",1,0.01,4,0.131494944330433
"SVM","Repeat_16_Fold_04",16,"Fold_04",3,"radial",10,0.01,4,0.191257697232076
"SVM","Repeat_16_Fold_04",16,"Fold_04",4,"radial",100,0.01,4,0.216754074820902
"SVM","Repeat_16_Fold_04",16,"Fold_04",5,"radial",0.1,0.1,4,0.164569609861726
"SVM","Repeat_16_Fold_04",16,"Fold_04",6,"radial",1,0.1,4,0.139053234732659
"SVM","Repeat_16_Fold_04",16,"Fold_04",7,"radial",10,0.1,4,0.150310052334994
"SVM","Repeat_16_Fold_04",16,"Fold_04",8,"radial",100,0.1,4,0.138802269210223
"SVM","Repeat_16_Fold_04",16,"Fold_04",9,"radial",0.1,1,4,0.203487953567512
"SVM","Repeat_16_Fold_04",16,"Fold_04",10,"radial",1,1,4,0.15408475599809
"SVM","Repeat_16_Fold_04",16,"Fold_04",11,"radial",10,1,4,0.160510029874151
"SVM","Repeat_16_Fold_04",16,"Fold_04",12,"radial",100,1,4,0.172548914098252
"SVM","Repeat_16_Fold_05",16,"Fold_05",1,"radial",0.1,0.01,4,0.152441349880954
"SVM","Repeat_16_Fold_05",16,"Fold_05",2,"radial",1,0.01,4,0.153963651921437
"SVM","Repeat_16_Fold_05",16,"Fold_05",3,"radial",10,0.01,4,0.1451378808232
"SVM","Repeat_16_Fold_05",16,"Fold_05",4,"radial",100,0.01,4,0.180219836602127
"SVM","Repeat_16_Fold_05",16,"Fold_05",5,"radial",0.1,0.1,4,0.179784542436926
"SVM","Repeat_16_Fold_05",16,"Fold_05",6,"radial",1,0.1,4,0.194085568777724
"SVM","Repeat_16_Fold_05",16,"Fold_05",7,"radial",10,0.1,4,0.216777415945853
"SVM","Repeat_16_Fold_05",16,"Fold_05",8,"radial",100,0.1,4,0.215947808977059
"SVM","Repeat_16_Fold_05",16,"Fold_05",9,"radial",0.1,1,4,0.173338370120594
"SVM","Repeat_16_Fold_05",16,"Fold_05",10,"radial",1,1,4,0.163527743782369
"SVM","Repeat_16_Fold_05",16,"Fold_05",11,"radial",10,1,4,0.164642452789524
"SVM","Repeat_16_Fold_05",16,"Fold_05",12,"radial",100,1,4,0.162293386646453
"SVM","Repeat_17_Fold_01",17,"Fold_01",1,"radial",0.1,0.01,4,0.166558810072907
"SVM","Repeat_17_Fold_01",17,"Fold_01",2,"radial",1,0.01,4,0.157423375534646
"SVM","Repeat_17_Fold_01",17,"Fold_01",3,"radial",10,0.01,4,0.184644320438048
"SVM","Repeat_17_Fold_01",17,"Fold_01",4,"radial",100,0.01,4,0.186489668092071
"SVM","Repeat_17_Fold_01",17,"Fold_01",5,"radial",0.1,0.1,4,0.17522511052338
"SVM","Repeat_17_Fold_01",17,"Fold_01",6,"radial",1,0.1,4,0.171535065484133
"SVM","Repeat_17_Fold_01",17,"Fold_01",7,"radial",10,0.1,4,0.197838025764024
"SVM","Repeat_17_Fold_01",17,"Fold_01",8,"radial",100,0.1,4,0.199047598342627
"SVM","Repeat_17_Fold_01",17,"Fold_01",9,"radial",0.1,1,4,0.186746127869656
"SVM","Repeat_17_Fold_01",17,"Fold_01",10,"radial",1,1,4,0.191913226524749
"SVM","Repeat_17_Fold_01",17,"Fold_01",11,"radial",10,1,4,0.186118472622918
"SVM","Repeat_17_Fold_01",17,"Fold_01",12,"radial",100,1,4,0.169184291374173
"SVM","Repeat_17_Fold_02",17,"Fold_02",1,"radial",0.1,0.01,4,0.17131238863176
"SVM","Repeat_17_Fold_02",17,"Fold_02",2,"radial",1,0.01,4,0.154828408171907
"SVM","Repeat_17_Fold_02",17,"Fold_02",3,"radial",10,0.01,4,0.153948626997344
"SVM","Repeat_17_Fold_02",17,"Fold_02",4,"radial",100,0.01,4,0.160050192744495
"SVM","Repeat_17_Fold_02",17,"Fold_02",5,"radial",0.1,0.1,4,0.170721817812965
"SVM","Repeat_17_Fold_02",17,"Fold_02",6,"radial",1,0.1,4,0.196250021831958
"SVM","Repeat_17_Fold_02",17,"Fold_02",7,"radial",10,0.1,4,0.224593893392988
"SVM","Repeat_17_Fold_02",17,"Fold_02",8,"radial",100,0.1,4,0.221199662402879
"SVM","Repeat_17_Fold_02",17,"Fold_02",9,"radial",0.1,1,4,0.209090570940131
"SVM","Repeat_17_Fold_02",17,"Fold_02",10,"radial",1,1,4,0.209983086419667
"SVM","Repeat_17_Fold_02",17,"Fold_02",11,"radial",10,1,4,0.187072129881201
"SVM","Repeat_17_Fold_02",17,"Fold_02",12,"radial",100,1,4,0.178325715608583
"SVM","Repeat_17_Fold_03",17,"Fold_03",1,"radial",0.1,0.01,4,0.152081606044097
"SVM","Repeat_17_Fold_03",17,"Fold_03",2,"radial",1,0.01,4,0.1501772150812
"SVM","Repeat_17_Fold_03",17,"Fold_03",3,"radial",10,0.01,4,0.152967660664664
"SVM","Repeat_17_Fold_03",17,"Fold_03",4,"radial",100,0.01,4,0.164665716648969
"SVM","Repeat_17_Fold_03",17,"Fold_03",5,"radial",0.1,0.1,4,0.162305043716405
"SVM","Repeat_17_Fold_03",17,"Fold_03",6,"radial",1,0.1,4,0.181647931196216
"SVM","Repeat_17_Fold_03",17,"Fold_03",7,"radial",10,0.1,4,0.197330448901372
"SVM","Repeat_17_Fold_03",17,"Fold_03",8,"radial",100,0.1,4,0.182653251625543
"SVM","Repeat_17_Fold_03",17,"Fold_03",9,"radial",0.1,1,4,0.177643311250755
"SVM","Repeat_17_Fold_03",17,"Fold_03",10,"radial",1,1,4,0.165333172906111
"SVM","Repeat_17_Fold_03",17,"Fold_03",11,"radial",10,1,4,0.166032121675648
"SVM","Repeat_17_Fold_03",17,"Fold_03",12,"radial",100,1,4,0.165142724257149
"SVM","Repeat_17_Fold_04",17,"Fold_04",1,"radial",0.1,0.01,4,0.176996063201884
"SVM","Repeat_17_Fold_04",17,"Fold_04",2,"radial",1,0.01,4,0.145252319488807
"SVM","Repeat_17_Fold_04",17,"Fold_04",3,"radial",10,0.01,4,0.165148243092497
"SVM","Repeat_17_Fold_04",17,"Fold_04",4,"radial",100,0.01,4,0.21132906347203
"SVM","Repeat_17_Fold_04",17,"Fold_04",5,"radial",0.1,0.1,4,0.152488254219755
"SVM","Repeat_17_Fold_04",17,"Fold_04",6,"radial",1,0.1,4,0.17522194681364
"SVM","Repeat_17_Fold_04",17,"Fold_04",7,"radial",10,0.1,4,0.176380532477767
"SVM","Repeat_17_Fold_04",17,"Fold_04",8,"radial",100,0.1,4,0.178071932929441
"SVM","Repeat_17_Fold_04",17,"Fold_04",9,"radial",0.1,1,4,0.206539013246729
"SVM","Repeat_17_Fold_04",17,"Fold_04",10,"radial",1,1,4,0.226428716127328
"SVM","Repeat_17_Fold_04",17,"Fold_04",11,"radial",10,1,4,0.211238861693435
"SVM","Repeat_17_Fold_04",17,"Fold_04",12,"radial",100,1,4,0.230274388609634
"SVM","Repeat_17_Fold_05",17,"Fold_05",1,"radial",0.1,0.01,4,0.180250765267869
"SVM","Repeat_17_Fold_05",17,"Fold_05",2,"radial",1,0.01,4,0.148105039574871
"SVM","Repeat_17_Fold_05",17,"Fold_05",3,"radial",10,0.01,4,0.156477926202514
"SVM","Repeat_17_Fold_05",17,"Fold_05",4,"radial",100,0.01,4,0.151247057555223
"SVM","Repeat_17_Fold_05",17,"Fold_05",5,"radial",0.1,0.1,4,0.164184952650804
"SVM","Repeat_17_Fold_05",17,"Fold_05",6,"radial",1,0.1,4,0.175995068134647
"SVM","Repeat_17_Fold_05",17,"Fold_05",7,"radial",10,0.1,4,0.167265162501046
"SVM","Repeat_17_Fold_05",17,"Fold_05",8,"radial",100,0.1,4,0.199483742156172
"SVM","Repeat_17_Fold_05",17,"Fold_05",9,"radial",0.1,1,4,0.170603420474284
"SVM","Repeat_17_Fold_05",17,"Fold_05",10,"radial",1,1,4,0.167571125234624
"SVM","Repeat_17_Fold_05",17,"Fold_05",11,"radial",10,1,4,0.171257463922355
"SVM","Repeat_17_Fold_05",17,"Fold_05",12,"radial",100,1,4,0.169996257941603
"SVM","Repeat_18_Fold_01",18,"Fold_01",1,"radial",0.1,0.01,4,0.189590532865781
"SVM","Repeat_18_Fold_01",18,"Fold_01",2,"radial",1,0.01,4,0.168038569628135
"SVM","Repeat_18_Fold_01",18,"Fold_01",3,"radial",10,0.01,4,0.180909248523887
"SVM","Repeat_18_Fold_01",18,"Fold_01",4,"radial",100,0.01,4,0.165290159695294
"SVM","Repeat_18_Fold_01",18,"Fold_01",5,"radial",0.1,0.1,4,0.180389663068286
"SVM","Repeat_18_Fold_01",18,"Fold_01",6,"radial",1,0.1,4,0.203934013824963
"SVM","Repeat_18_Fold_01",18,"Fold_01",7,"radial",10,0.1,4,0.159076761307853
"SVM","Repeat_18_Fold_01",18,"Fold_01",8,"radial",100,0.1,4,0.179510826597419
"SVM","Repeat_18_Fold_01",18,"Fold_01",9,"radial",0.1,1,4,0.264655087563149
"SVM","Repeat_18_Fold_01",18,"Fold_01",10,"radial",1,1,4,0.185168935241724
"SVM","Repeat_18_Fold_01",18,"Fold_01",11,"radial",10,1,4,0.191522449736174
"SVM","Repeat_18_Fold_01",18,"Fold_01",12,"radial",100,1,4,0.173837339707932
"SVM","Repeat_18_Fold_02",18,"Fold_02",1,"radial",0.1,0.01,4,0.178055236456926
"SVM","Repeat_18_Fold_02",18,"Fold_02",2,"radial",1,0.01,4,0.146829300960009
"SVM","Repeat_18_Fold_02",18,"Fold_02",3,"radial",10,0.01,4,0.174017678434997
"SVM","Repeat_18_Fold_02",18,"Fold_02",4,"radial",100,0.01,4,0.148714635280764
"SVM","Repeat_18_Fold_02",18,"Fold_02",5,"radial",0.1,0.1,4,0.17650461160115
"SVM","Repeat_18_Fold_02",18,"Fold_02",6,"radial",1,0.1,4,0.227686676234533
"SVM","Repeat_18_Fold_02",18,"Fold_02",7,"radial",10,0.1,4,0.168162169980226
"SVM","Repeat_18_Fold_02",18,"Fold_02",8,"radial",100,0.1,4,0.199175811670416
"SVM","Repeat_18_Fold_02",18,"Fold_02",9,"radial",0.1,1,4,0.223082073926533
"SVM","Repeat_18_Fold_02",18,"Fold_02",10,"radial",1,1,4,0.166697808415514
"SVM","Repeat_18_Fold_02",18,"Fold_02",11,"radial",10,1,4,0.16393052909541
"SVM","Repeat_18_Fold_02",18,"Fold_02",12,"radial",100,1,4,0.14780696579843
"SVM","Repeat_18_Fold_03",18,"Fold_03",1,"radial",0.1,0.01,4,0.162822681881179
"SVM","Repeat_18_Fold_03",18,"Fold_03",2,"radial",1,0.01,4,0.145305261383883
"SVM","Repeat_18_Fold_03",18,"Fold_03",3,"radial",10,0.01,4,0.188985361982397
"SVM","Repeat_18_Fold_03",18,"Fold_03",4,"radial",100,0.01,4,0.179097931918597
"SVM","Repeat_18_Fold_03",18,"Fold_03",5,"radial",0.1,0.1,4,0.178044760225883
"SVM","Repeat_18_Fold_03",18,"Fold_03",6,"radial",1,0.1,4,0.248346575064163
"SVM","Repeat_18_Fold_03",18,"Fold_03",7,"radial",10,0.1,4,0.305201542900035
"SVM","Repeat_18_Fold_03",18,"Fold_03",8,"radial",100,0.1,4,0.301472396839447
"SVM","Repeat_18_Fold_03",18,"Fold_03",9,"radial",0.1,1,4,0.178123533058792
"SVM","Repeat_18_Fold_03",18,"Fold_03",10,"radial",1,1,4,0.169742650741059
"SVM","Repeat_18_Fold_03",18,"Fold_03",11,"radial",10,1,4,0.165087045819495
"SVM","Repeat_18_Fold_03",18,"Fold_03",12,"radial",100,1,4,0.167807174965545
"SVM","Repeat_18_Fold_04",18,"Fold_04",1,"radial",0.1,0.01,4,0.168944865390328
"SVM","Repeat_18_Fold_04",18,"Fold_04",2,"radial",1,0.01,4,0.143088011602085
"SVM","Repeat_18_Fold_04",18,"Fold_04",3,"radial",10,0.01,4,0.168255913048878
"SVM","Repeat_18_Fold_04",18,"Fold_04",4,"radial",100,0.01,4,0.190516671556597
"SVM","Repeat_18_Fold_04",18,"Fold_04",5,"radial",0.1,0.1,4,0.162817948195401
"SVM","Repeat_18_Fold_04",18,"Fold_04",6,"radial",1,0.1,4,0.168110547251548
"SVM","Repeat_18_Fold_04",18,"Fold_04",7,"radial",10,0.1,4,0.167769154725258
"SVM","Repeat_18_Fold_04",18,"Fold_04",8,"radial",100,0.1,4,0.163539914077227
"SVM","Repeat_18_Fold_04",18,"Fold_04",9,"radial",0.1,1,4,0.189039390055531
"SVM","Repeat_18_Fold_04",18,"Fold_04",10,"radial",1,1,4,0.149855122553919
"SVM","Repeat_18_Fold_04",18,"Fold_04",11,"radial",10,1,4,0.143879684829522
"SVM","Repeat_18_Fold_04",18,"Fold_04",12,"radial",100,1,4,0.132650158154375
"SVM","Repeat_18_Fold_05",18,"Fold_05",1,"radial",0.1,0.01,4,0.180376374755205
"SVM","Repeat_18_Fold_05",18,"Fold_05",2,"radial",1,0.01,4,0.150097495720189
"SVM","Repeat_18_Fold_05",18,"Fold_05",3,"radial",10,0.01,4,0.181544006071005
"SVM","Repeat_18_Fold_05",18,"Fold_05",4,"radial",100,0.01,4,0.18716432885468
"SVM","Repeat_18_Fold_05",18,"Fold_05",5,"radial",0.1,0.1,4,0.17605537534177
"SVM","Repeat_18_Fold_05",18,"Fold_05",6,"radial",1,0.1,4,0.203473972023725
"SVM","Repeat_18_Fold_05",18,"Fold_05",7,"radial",10,0.1,4,0.29900201344712
"SVM","Repeat_18_Fold_05",18,"Fold_05",8,"radial",100,0.1,4,0.308471276899895
"SVM","Repeat_18_Fold_05",18,"Fold_05",9,"radial",0.1,1,4,0.173535870730018
"SVM","Repeat_18_Fold_05",18,"Fold_05",10,"radial",1,1,4,0.189968803086862
"SVM","Repeat_18_Fold_05",18,"Fold_05",11,"radial",10,1,4,0.191876597588528
"SVM","Repeat_18_Fold_05",18,"Fold_05",12,"radial",100,1,4,0.190070435883743
"SVM","Repeat_19_Fold_01",19,"Fold_01",1,"radial",0.1,0.01,4,0.17311104460333
"SVM","Repeat_19_Fold_01",19,"Fold_01",2,"radial",1,0.01,4,0.157092239514355
"SVM","Repeat_19_Fold_01",19,"Fold_01",3,"radial",10,0.01,4,0.17255989519313
"SVM","Repeat_19_Fold_01",19,"Fold_01",4,"radial",100,0.01,4,0.167454615533995
"SVM","Repeat_19_Fold_01",19,"Fold_01",5,"radial",0.1,0.1,4,0.17929564007619
"SVM","Repeat_19_Fold_01",19,"Fold_01",6,"radial",1,0.1,4,0.186446867325725
"SVM","Repeat_19_Fold_01",19,"Fold_01",7,"radial",10,0.1,4,0.182483786184725
"SVM","Repeat_19_Fold_01",19,"Fold_01",8,"radial",100,0.1,4,0.178898643149542
"SVM","Repeat_19_Fold_01",19,"Fold_01",9,"radial",0.1,1,4,0.211913813774566
"SVM","Repeat_19_Fold_01",19,"Fold_01",10,"radial",1,1,4,0.155496771727731
"SVM","Repeat_19_Fold_01",19,"Fold_01",11,"radial",10,1,4,0.152624182236314
"SVM","Repeat_19_Fold_01",19,"Fold_01",12,"radial",100,1,4,0.152006293260839
"SVM","Repeat_19_Fold_02",19,"Fold_02",1,"radial",0.1,0.01,4,0.178064391920409
"SVM","Repeat_19_Fold_02",19,"Fold_02",2,"radial",1,0.01,4,0.151428984804559
"SVM","Repeat_19_Fold_02",19,"Fold_02",3,"radial",10,0.01,4,0.158016721210646
"SVM","Repeat_19_Fold_02",19,"Fold_02",4,"radial",100,0.01,4,0.168780367116389
"SVM","Repeat_19_Fold_02",19,"Fold_02",5,"radial",0.1,0.1,4,0.187289433141663
"SVM","Repeat_19_Fold_02",19,"Fold_02",6,"radial",1,0.1,4,0.207202028194387
"SVM","Repeat_19_Fold_02",19,"Fold_02",7,"radial",10,0.1,4,0.200813427535317
"SVM","Repeat_19_Fold_02",19,"Fold_02",8,"radial",100,0.1,4,0.187463791645939
"SVM","Repeat_19_Fold_02",19,"Fold_02",9,"radial",0.1,1,4,0.241056122564659
"SVM","Repeat_19_Fold_02",19,"Fold_02",10,"radial",1,1,4,0.179603796411355
"SVM","Repeat_19_Fold_02",19,"Fold_02",11,"radial",10,1,4,0.162038486542469
"SVM","Repeat_19_Fold_02",19,"Fold_02",12,"radial",100,1,4,0.163291394689386
"SVM","Repeat_19_Fold_03",19,"Fold_03",1,"radial",0.1,0.01,4,0.176058715216278
"SVM","Repeat_19_Fold_03",19,"Fold_03",2,"radial",1,0.01,4,0.159964053850417
"SVM","Repeat_19_Fold_03",19,"Fold_03",3,"radial",10,0.01,4,0.156683016986106
"SVM","Repeat_19_Fold_03",19,"Fold_03",4,"radial",100,0.01,4,0.164596323218126
"SVM","Repeat_19_Fold_03",19,"Fold_03",5,"radial",0.1,0.1,4,0.180744851384044
"SVM","Repeat_19_Fold_03",19,"Fold_03",6,"radial",1,0.1,4,0.192136307515852
"SVM","Repeat_19_Fold_03",19,"Fold_03",7,"radial",10,0.1,4,0.21911344337654
"SVM","Repeat_19_Fold_03",19,"Fold_03",8,"radial",100,0.1,4,0.254843291158076
"SVM","Repeat_19_Fold_03",19,"Fold_03",9,"radial",0.1,1,4,0.179504172714797
"SVM","Repeat_19_Fold_03",19,"Fold_03",10,"radial",1,1,4,0.197957988468675
"SVM","Repeat_19_Fold_03",19,"Fold_03",11,"radial",10,1,4,0.170993377404379
"SVM","Repeat_19_Fold_03",19,"Fold_03",12,"radial",100,1,4,0.23110740375806
"SVM","Repeat_19_Fold_04",19,"Fold_04",1,"radial",0.1,0.01,4,0.216697159608706
"SVM","Repeat_19_Fold_04",19,"Fold_04",2,"radial",1,0.01,4,0.150369579058883
"SVM","Repeat_19_Fold_04",19,"Fold_04",3,"radial",10,0.01,4,0.150019217725381
"SVM","Repeat_19_Fold_04",19,"Fold_04",4,"radial",100,0.01,4,0.15283275411264
"SVM","Repeat_19_Fold_04",19,"Fold_04",5,"radial",0.1,0.1,4,0.176007384003554
"SVM","Repeat_19_Fold_04",19,"Fold_04",6,"radial",1,0.1,4,0.14259717172662
"SVM","Repeat_19_Fold_04",19,"Fold_04",7,"radial",10,0.1,4,0.153380788440195
"SVM","Repeat_19_Fold_04",19,"Fold_04",8,"radial",100,0.1,4,0.160470043574713
"SVM","Repeat_19_Fold_04",19,"Fold_04",9,"radial",0.1,1,4,0.294376808025617
"SVM","Repeat_19_Fold_04",19,"Fold_04",10,"radial",1,1,4,0.165623056298974
"SVM","Repeat_19_Fold_04",19,"Fold_04",11,"radial",10,1,4,0.166531101223787
"SVM","Repeat_19_Fold_04",19,"Fold_04",12,"radial",100,1,4,0.184839981609568
"SVM","Repeat_19_Fold_05",19,"Fold_05",1,"radial",0.1,0.01,4,0.190119760458137
"SVM","Repeat_19_Fold_05",19,"Fold_05",2,"radial",1,0.01,4,0.161385111058904
"SVM","Repeat_19_Fold_05",19,"Fold_05",3,"radial",10,0.01,4,0.15724911230272
"SVM","Repeat_19_Fold_05",19,"Fold_05",4,"radial",100,0.01,4,0.157818317802367
"SVM","Repeat_19_Fold_05",19,"Fold_05",5,"radial",0.1,0.1,4,0.167476747799678
"SVM","Repeat_19_Fold_05",19,"Fold_05",6,"radial",1,0.1,4,0.173163220277637
"SVM","Repeat_19_Fold_05",19,"Fold_05",7,"radial",10,0.1,4,0.168102758329125
"SVM","Repeat_19_Fold_05",19,"Fold_05",8,"radial",100,0.1,4,0.165346929264044
"SVM","Repeat_19_Fold_05",19,"Fold_05",9,"radial",0.1,1,4,0.173580195274831
"SVM","Repeat_19_Fold_05",19,"Fold_05",10,"radial",1,1,4,0.161188486478867
"SVM","Repeat_19_Fold_05",19,"Fold_05",11,"radial",10,1,4,0.165498897948559
"SVM","Repeat_19_Fold_05",19,"Fold_05",12,"radial",100,1,4,0.160934774368695
"SVM","Repeat_20_Fold_01",20,"Fold_01",1,"radial",0.1,0.01,4,0.177482062903362
"SVM","Repeat_20_Fold_01",20,"Fold_01",2,"radial",1,0.01,4,0.149389889880413
"SVM","Repeat_20_Fold_01",20,"Fold_01",3,"radial",10,0.01,4,0.175825613044634
"SVM","Repeat_20_Fold_01",20,"Fold_01",4,"radial",100,0.01,4,0.156818272270434
"SVM","Repeat_20_Fold_01",20,"Fold_01",5,"radial",0.1,0.1,4,0.17912918869104
"SVM","Repeat_20_Fold_01",20,"Fold_01",6,"radial",1,0.1,4,0.19961165364969
"SVM","Repeat_20_Fold_01",20,"Fold_01",7,"radial",10,0.1,4,0.182998185005986
"SVM","Repeat_20_Fold_01",20,"Fold_01",8,"radial",100,0.1,4,0.185861275321523
"SVM","Repeat_20_Fold_01",20,"Fold_01",9,"radial",0.1,1,4,0.191183108327385
"SVM","Repeat_20_Fold_01",20,"Fold_01",10,"radial",1,1,4,0.154551634372563
"SVM","Repeat_20_Fold_01",20,"Fold_01",11,"radial",10,1,4,0.166025951505291
"SVM","Repeat_20_Fold_01",20,"Fold_01",12,"radial",100,1,4,0.128765990519036
"SVM","Repeat_20_Fold_02",20,"Fold_02",1,"radial",0.1,0.01,4,0.180502887450836
"SVM","Repeat_20_Fold_02",20,"Fold_02",2,"radial",1,0.01,4,0.153061375599359
"SVM","Repeat_20_Fold_02",20,"Fold_02",3,"radial",10,0.01,4,0.168518269326471
"SVM","Repeat_20_Fold_02",20,"Fold_02",4,"radial",100,0.01,4,0.169815982220486
"SVM","Repeat_20_Fold_02",20,"Fold_02",5,"radial",0.1,0.1,4,0.208475114397449
"SVM","Repeat_20_Fold_02",20,"Fold_02",6,"radial",1,0.1,4,0.201955458272168
"SVM","Repeat_20_Fold_02",20,"Fold_02",7,"radial",10,0.1,4,0.192888379306373
"SVM","Repeat_20_Fold_02",20,"Fold_02",8,"radial",100,0.1,4,0.207339660913176
"SVM","Repeat_20_Fold_02",20,"Fold_02",9,"radial",0.1,1,4,0.233443596957585
"SVM","Repeat_20_Fold_02",20,"Fold_02",10,"radial",1,1,4,0.176526897711354
"SVM","Repeat_20_Fold_02",20,"Fold_02",11,"radial",10,1,4,0.163878066159645
"SVM","Repeat_20_Fold_02",20,"Fold_02",12,"radial",100,1,4,0.164133170783453
"SVM","Repeat_20_Fold_03",20,"Fold_03",1,"radial",0.1,0.01,4,0.194842843958668
"SVM","Repeat_20_Fold_03",20,"Fold_03",2,"radial",1,0.01,4,0.152600917762401
"SVM","Repeat_20_Fold_03",20,"Fold_03",3,"radial",10,0.01,4,0.172452259645139
"SVM","Repeat_20_Fold_03",20,"Fold_03",4,"radial",100,0.01,4,0.178389154541498
"SVM","Repeat_20_Fold_03",20,"Fold_03",5,"radial",0.1,0.1,4,0.174543710742383
"SVM","Repeat_20_Fold_03",20,"Fold_03",6,"radial",1,0.1,4,0.185008760833178
"SVM","Repeat_20_Fold_03",20,"Fold_03",7,"radial",10,0.1,4,0.185566449859867
"SVM","Repeat_20_Fold_03",20,"Fold_03",8,"radial",100,0.1,4,0.217484505089608
"SVM","Repeat_20_Fold_03",20,"Fold_03",9,"radial",0.1,1,4,0.165478212026949
"SVM","Repeat_20_Fold_03",20,"Fold_03",10,"radial",1,1,4,0.165778126464291
"SVM","Repeat_20_Fold_03",20,"Fold_03",11,"radial",10,1,4,0.162287360697737
"SVM","Repeat_20_Fold_03",20,"Fold_03",12,"radial",100,1,4,0.161659050322177
"SVM","Repeat_20_Fold_04",20,"Fold_04",1,"radial",0.1,0.01,4,0.16882494712576
"SVM","Repeat_20_Fold_04",20,"Fold_04",2,"radial",1,0.01,4,0.167697999345717
"SVM","Repeat_20_Fold_04",20,"Fold_04",3,"radial",10,0.01,4,0.173423633745999
"SVM","Repeat_20_Fold_04",20,"Fold_04",4,"radial",100,0.01,4,0.207424833511943
"SVM","Repeat_20_Fold_04",20,"Fold_04",5,"radial",0.1,0.1,4,0.152557028950816
"SVM","Repeat_20_Fold_04",20,"Fold_04",6,"radial",1,0.1,4,0.17287483413673
"SVM","Repeat_20_Fold_04",20,"Fold_04",7,"radial",10,0.1,4,0.122777458205372
"SVM","Repeat_20_Fold_04",20,"Fold_04",8,"radial",100,0.1,4,0.146214666647902
"SVM","Repeat_20_Fold_04",20,"Fold_04",9,"radial",0.1,1,4,0.189026164802312
"SVM","Repeat_20_Fold_04",20,"Fold_04",10,"radial",1,1,4,0.131424085013398
"SVM","Repeat_20_Fold_04",20,"Fold_04",11,"radial",10,1,4,0.126864920097112
"SVM","Repeat_20_Fold_04",20,"Fold_04",12,"radial",100,1,4,0.123520250814096
"SVM","Repeat_20_Fold_05",20,"Fold_05",1,"radial",0.1,0.01,4,0.18834603615626
"SVM","Repeat_20_Fold_05",20,"Fold_05",2,"radial",1,0.01,4,0.153329065519475
"SVM","Repeat_20_Fold_05",20,"Fold_05",3,"radial",10,0.01,4,0.160502101321235
"SVM","Repeat_20_Fold_05",20,"Fold_05",4,"radial",100,0.01,4,0.161315253876488
"SVM","Repeat_20_Fold_05",20,"Fold_05",5,"radial",0.1,0.1,4,0.174760990127412
"SVM","Repeat_20_Fold_05",20,"Fold_05",6,"radial",1,0.1,4,0.169872896742778
"SVM","Repeat_20_Fold_05",20,"Fold_05",7,"radial",10,0.1,4,0.174226339356165
"SVM","Repeat_20_Fold_05",20,"Fold_05",8,"radial",100,0.1,4,0.194856924499228
"SVM","Repeat_20_Fold_05",20,"Fold_05",9,"radial",0.1,1,4,0.167682965932738
"SVM","Repeat_20_Fold_05",20,"Fold_05",10,"radial",1,1,4,0.162917904068588
"SVM","Repeat_20_Fold_05",20,"Fold_05",11,"radial",10,1,4,0.164431205309206
"SVM","Repeat_20_Fold_05",20,"Fold_05",12,"radial",100,1,4,0.163974575818431
"SVM","Repeat_21_Fold_01",21,"Fold_01",1,"radial",0.1,0.01,4,0.182520809841709
"SVM","Repeat_21_Fold_01",21,"Fold_01",2,"radial",1,0.01,4,0.16088740761436
"SVM","Repeat_21_Fold_01",21,"Fold_01",3,"radial",10,0.01,4,0.158044858456595
"SVM","Repeat_21_Fold_01",21,"Fold_01",4,"radial",100,0.01,4,0.175851208822046
"SVM","Repeat_21_Fold_01",21,"Fold_01",5,"radial",0.1,0.1,4,0.176119867296605
"SVM","Repeat_21_Fold_01",21,"Fold_01",6,"radial",1,0.1,4,0.193566863492693
"SVM","Repeat_21_Fold_01",21,"Fold_01",7,"radial",10,0.1,4,0.2257498094931
"SVM","Repeat_21_Fold_01",21,"Fold_01",8,"radial",100,0.1,4,0.201418888645597
"SVM","Repeat_21_Fold_01",21,"Fold_01",9,"radial",0.1,1,4,0.190863721033576
"SVM","Repeat_21_Fold_01",21,"Fold_01",10,"radial",1,1,4,0.213752900726478
"SVM","Repeat_21_Fold_01",21,"Fold_01",11,"radial",10,1,4,0.241887453917241
"SVM","Repeat_21_Fold_01",21,"Fold_01",12,"radial",100,1,4,0.213818450842831
"SVM","Repeat_21_Fold_02",21,"Fold_02",1,"radial",0.1,0.01,4,0.183044622467425
"SVM","Repeat_21_Fold_02",21,"Fold_02",2,"radial",1,0.01,4,0.149554058784906
"SVM","Repeat_21_Fold_02",21,"Fold_02",3,"radial",10,0.01,4,0.15384741154627
"SVM","Repeat_21_Fold_02",21,"Fold_02",4,"radial",100,0.01,4,0.160444297747435
"SVM","Repeat_21_Fold_02",21,"Fold_02",5,"radial",0.1,0.1,4,0.166966026610628
"SVM","Repeat_21_Fold_02",21,"Fold_02",6,"radial",1,0.1,4,0.164069454826333
"SVM","Repeat_21_Fold_02",21,"Fold_02",7,"radial",10,0.1,4,0.222453799196176
"SVM","Repeat_21_Fold_02",21,"Fold_02",8,"radial",100,0.1,4,0.190078236904064
"SVM","Repeat_21_Fold_02",21,"Fold_02",9,"radial",0.1,1,4,0.215874938735639
"SVM","Repeat_21_Fold_02",21,"Fold_02",10,"radial",1,1,4,0.167899791711412
"SVM","Repeat_21_Fold_02",21,"Fold_02",11,"radial",10,1,4,0.163086876705438
"SVM","Repeat_21_Fold_02",21,"Fold_02",12,"radial",100,1,4,0.17153443338394
"SVM","Repeat_21_Fold_03",21,"Fold_03",1,"radial",0.1,0.01,4,0.168302283057677
"SVM","Repeat_21_Fold_03",21,"Fold_03",2,"radial",1,0.01,4,0.156061237072834
"SVM","Repeat_21_Fold_03",21,"Fold_03",3,"radial",10,0.01,4,0.158148104784727
"SVM","Repeat_21_Fold_03",21,"Fold_03",4,"radial",100,0.01,4,0.162111792056912
"SVM","Repeat_21_Fold_03",21,"Fold_03",5,"radial",0.1,0.1,4,0.177330218916334
"SVM","Repeat_21_Fold_03",21,"Fold_03",6,"radial",1,0.1,4,0.172577400521761
"SVM","Repeat_21_Fold_03",21,"Fold_03",7,"radial",10,0.1,4,0.15608983154418
"SVM","Repeat_21_Fold_03",21,"Fold_03",8,"radial",100,0.1,4,0.175943759459991
"SVM","Repeat_21_Fold_03",21,"Fold_03",9,"radial",0.1,1,4,0.169397577232693
"SVM","Repeat_21_Fold_03",21,"Fold_03",10,"radial",1,1,4,0.168331434604024
"SVM","Repeat_21_Fold_03",21,"Fold_03",11,"radial",10,1,4,0.164650224997526
"SVM","Repeat_21_Fold_03",21,"Fold_03",12,"radial",100,1,4,0.164098041982823
"SVM","Repeat_21_Fold_04",21,"Fold_04",1,"radial",0.1,0.01,4,0.168110024371814
"SVM","Repeat_21_Fold_04",21,"Fold_04",2,"radial",1,0.01,4,0.146078762173519
"SVM","Repeat_21_Fold_04",21,"Fold_04",3,"radial",10,0.01,4,0.162137934145361
"SVM","Repeat_21_Fold_04",21,"Fold_04",4,"radial",100,0.01,4,0.210834586334815
"SVM","Repeat_21_Fold_04",21,"Fold_04",5,"radial",0.1,0.1,4,0.146880002491695
"SVM","Repeat_21_Fold_04",21,"Fold_04",6,"radial",1,0.1,4,0.156777725245621
"SVM","Repeat_21_Fold_04",21,"Fold_04",7,"radial",10,0.1,4,0.164789506257346
"SVM","Repeat_21_Fold_04",21,"Fold_04",8,"radial",100,0.1,4,0.14659555700451
"SVM","Repeat_21_Fold_04",21,"Fold_04",9,"radial",0.1,1,4,0.219307678654482
"SVM","Repeat_21_Fold_04",21,"Fold_04",10,"radial",1,1,4,0.151868546313445
"SVM","Repeat_21_Fold_04",21,"Fold_04",11,"radial",10,1,4,0.145070112355041
"SVM","Repeat_21_Fold_04",21,"Fold_04",12,"radial",100,1,4,0.144712318705644
"SVM","Repeat_21_Fold_05",21,"Fold_05",1,"radial",0.1,0.01,4,0.175173283540243
"SVM","Repeat_21_Fold_05",21,"Fold_05",2,"radial",1,0.01,4,0.146290196369381
"SVM","Repeat_21_Fold_05",21,"Fold_05",3,"radial",10,0.01,4,0.152804875904632
"SVM","Repeat_21_Fold_05",21,"Fold_05",4,"radial",100,0.01,4,0.15690284995655
"SVM","Repeat_21_Fold_05",21,"Fold_05",5,"radial",0.1,0.1,4,0.165896326712076
"SVM","Repeat_21_Fold_05",21,"Fold_05",6,"radial",1,0.1,4,0.178501197343799
"SVM","Repeat_21_Fold_05",21,"Fold_05",7,"radial",10,0.1,4,0.176732332914775
"SVM","Repeat_21_Fold_05",21,"Fold_05",8,"radial",100,0.1,4,0.174891172884843
"SVM","Repeat_21_Fold_05",21,"Fold_05",9,"radial",0.1,1,4,0.170976306431097
"SVM","Repeat_21_Fold_05",21,"Fold_05",10,"radial",1,1,4,0.16709724413775
"SVM","Repeat_21_Fold_05",21,"Fold_05",11,"radial",10,1,4,0.168083188918562
"SVM","Repeat_21_Fold_05",21,"Fold_05",12,"radial",100,1,4,0.163675717196514
"SVM","Repeat_22_Fold_01",22,"Fold_01",1,"radial",0.1,0.01,4,0.178212238254726
"SVM","Repeat_22_Fold_01",22,"Fold_01",2,"radial",1,0.01,4,0.159714163399401
"SVM","Repeat_22_Fold_01",22,"Fold_01",3,"radial",10,0.01,4,0.169078242654401
"SVM","Repeat_22_Fold_01",22,"Fold_01",4,"radial",100,0.01,4,0.181038727558906
"SVM","Repeat_22_Fold_01",22,"Fold_01",5,"radial",0.1,0.1,4,0.175422655024244
"SVM","Repeat_22_Fold_01",22,"Fold_01",6,"radial",1,0.1,4,0.194310438773029
"SVM","Repeat_22_Fold_01",22,"Fold_01",7,"radial",10,0.1,4,0.179140977810384
"SVM","Repeat_22_Fold_01",22,"Fold_01",8,"radial",100,0.1,4,0.205257475609441
"SVM","Repeat_22_Fold_01",22,"Fold_01",9,"radial",0.1,1,4,0.203360225247567
"SVM","Repeat_22_Fold_01",22,"Fold_01",10,"radial",1,1,4,0.189053659649237
"SVM","Repeat_22_Fold_01",22,"Fold_01",11,"radial",10,1,4,0.164634802396765
"SVM","Repeat_22_Fold_01",22,"Fold_01",12,"radial",100,1,4,0.218797367580802
"SVM","Repeat_22_Fold_02",22,"Fold_02",1,"radial",0.1,0.01,4,0.174934297831484
"SVM","Repeat_22_Fold_02",22,"Fold_02",2,"radial",1,0.01,4,0.148552270881192
"SVM","Repeat_22_Fold_02",22,"Fold_02",3,"radial",10,0.01,4,0.163895640398504
"SVM","Repeat_22_Fold_02",22,"Fold_02",4,"radial",100,0.01,4,0.159529715625518
"SVM","Repeat_22_Fold_02",22,"Fold_02",5,"radial",0.1,0.1,4,0.178563938582448
"SVM","Repeat_22_Fold_02",22,"Fold_02",6,"radial",1,0.1,4,0.174450958880133
"SVM","Repeat_22_Fold_02",22,"Fold_02",7,"radial",10,0.1,4,0.179849584047575
"SVM","Repeat_22_Fold_02",22,"Fold_02",8,"radial",100,0.1,4,0.157070738622228
"SVM","Repeat_22_Fold_02",22,"Fold_02",9,"radial",0.1,1,4,0.291409654976272
"SVM","Repeat_22_Fold_02",22,"Fold_02",10,"radial",1,1,4,0.194828173440608
"SVM","Repeat_22_Fold_02",22,"Fold_02",11,"radial",10,1,4,0.197829897930441
"SVM","Repeat_22_Fold_02",22,"Fold_02",12,"radial",100,1,4,0.169965213063858
"SVM","Repeat_22_Fold_03",22,"Fold_03",1,"radial",0.1,0.01,4,0.199748209327125
"SVM","Repeat_22_Fold_03",22,"Fold_03",2,"radial",1,0.01,4,0.15657148791548
"SVM","Repeat_22_Fold_03",22,"Fold_03",3,"radial",10,0.01,4,0.152088481886061
"SVM","Repeat_22_Fold_03",22,"Fold_03",4,"radial",100,0.01,4,0.166088852951482
"SVM","Repeat_22_Fold_03",22,"Fold_03",5,"radial",0.1,0.1,4,0.165214157396733
"SVM","Repeat_22_Fold_03",22,"Fold_03",6,"radial",1,0.1,4,0.164154367783082
"SVM","Repeat_22_Fold_03",22,"Fold_03",7,"radial",10,0.1,4,0.163106107816152
"SVM","Repeat_22_Fold_03",22,"Fold_03",8,"radial",100,0.1,4,0.17026060053239
"SVM","Repeat_22_Fold_03",22,"Fold_03",9,"radial",0.1,1,4,0.165985228996516
"SVM","Repeat_22_Fold_03",22,"Fold_03",10,"radial",1,1,4,0.170669277002401
"SVM","Repeat_22_Fold_03",22,"Fold_03",11,"radial",10,1,4,0.167271672340127
"SVM","Repeat_22_Fold_03",22,"Fold_03",12,"radial",100,1,4,0.165959887677364
"SVM","Repeat_22_Fold_04",22,"Fold_04",1,"radial",0.1,0.01,4,0.17520139925877
"SVM","Repeat_22_Fold_04",22,"Fold_04",2,"radial",1,0.01,4,0.189363778435902
"SVM","Repeat_22_Fold_04",22,"Fold_04",3,"radial",10,0.01,4,0.181143115352914
"SVM","Repeat_22_Fold_04",22,"Fold_04",4,"radial",100,0.01,4,0.19192446353241
"SVM","Repeat_22_Fold_04",22,"Fold_04",5,"radial",0.1,0.1,4,0.15802101960364
"SVM","Repeat_22_Fold_04",22,"Fold_04",6,"radial",1,0.1,4,0.177697521439296
"SVM","Repeat_22_Fold_04",22,"Fold_04",7,"radial",10,0.1,4,0.134806032830667
"SVM","Repeat_22_Fold_04",22,"Fold_04",8,"radial",100,0.1,4,0.127961104304332
"SVM","Repeat_22_Fold_04",22,"Fold_04",9,"radial",0.1,1,4,0.211029825236902
"SVM","Repeat_22_Fold_04",22,"Fold_04",10,"radial",1,1,4,0.122087324154604
"SVM","Repeat_22_Fold_04",22,"Fold_04",11,"radial",10,1,4,0.123283894935714
"SVM","Repeat_22_Fold_04",22,"Fold_04",12,"radial",100,1,4,0.116348047856522
"SVM","Repeat_22_Fold_05",22,"Fold_05",1,"radial",0.1,0.01,4,0.174082291959963
"SVM","Repeat_22_Fold_05",22,"Fold_05",2,"radial",1,0.01,4,0.157460079308962
"SVM","Repeat_22_Fold_05",22,"Fold_05",3,"radial",10,0.01,4,0.155219274523641
"SVM","Repeat_22_Fold_05",22,"Fold_05",4,"radial",100,0.01,4,0.165797456608846
"SVM","Repeat_22_Fold_05",22,"Fold_05",5,"radial",0.1,0.1,4,0.158841999942938
"SVM","Repeat_22_Fold_05",22,"Fold_05",6,"radial",1,0.1,4,0.16303213808697
"SVM","Repeat_22_Fold_05",22,"Fold_05",7,"radial",10,0.1,4,0.158754208515168
"SVM","Repeat_22_Fold_05",22,"Fold_05",8,"radial",100,0.1,4,0.157670426215425
"SVM","Repeat_22_Fold_05",22,"Fold_05",9,"radial",0.1,1,4,0.168053845247575
"SVM","Repeat_22_Fold_05",22,"Fold_05",10,"radial",1,1,4,0.165523510640137
"SVM","Repeat_22_Fold_05",22,"Fold_05",11,"radial",10,1,4,0.171061387849428
"SVM","Repeat_22_Fold_05",22,"Fold_05",12,"radial",100,1,4,0.163242357764008
"SVM","Repeat_23_Fold_01",23,"Fold_01",1,"radial",0.1,0.01,4,0.159605301685737
"SVM","Repeat_23_Fold_01",23,"Fold_01",2,"radial",1,0.01,4,0.150355500287414
"SVM","Repeat_23_Fold_01",23,"Fold_01",3,"radial",10,0.01,4,0.143501769889579
"SVM","Repeat_23_Fold_01",23,"Fold_01",4,"radial",100,0.01,4,0.155269637682714
"SVM","Repeat_23_Fold_01",23,"Fold_01",5,"radial",0.1,0.1,4,0.15439463907613
"SVM","Repeat_23_Fold_01",23,"Fold_01",6,"radial",1,0.1,4,0.16302428294497
"SVM","Repeat_23_Fold_01",23,"Fold_01",7,"radial",10,0.1,4,0.153435747605646
"SVM","Repeat_23_Fold_01",23,"Fold_01",8,"radial",100,0.1,4,0.152626662504978
"SVM","Repeat_23_Fold_01",23,"Fold_01",9,"radial",0.1,1,4,0.181892400755637
"SVM","Repeat_23_Fold_01",23,"Fold_01",10,"radial",1,1,4,0.157848583718958
"SVM","Repeat_23_Fold_01",23,"Fold_01",11,"radial",10,1,4,0.144860648130524
"SVM","Repeat_23_Fold_01",23,"Fold_01",12,"radial",100,1,4,0.140612378194672
"SVM","Repeat_23_Fold_02",23,"Fold_02",1,"radial",0.1,0.01,4,0.18014868401644
"SVM","Repeat_23_Fold_02",23,"Fold_02",2,"radial",1,0.01,4,0.145757646971558
"SVM","Repeat_23_Fold_02",23,"Fold_02",3,"radial",10,0.01,4,0.135742292411875
"SVM","Repeat_23_Fold_02",23,"Fold_02",4,"radial",100,0.01,4,0.138590014030808
"SVM","Repeat_23_Fold_02",23,"Fold_02",5,"radial",0.1,0.1,4,0.185058151031421
"SVM","Repeat_23_Fold_02",23,"Fold_02",6,"radial",1,0.1,4,0.150348455211742
"SVM","Repeat_23_Fold_02",23,"Fold_02",7,"radial",10,0.1,4,0.148125644442451
"SVM","Repeat_23_Fold_02",23,"Fold_02",8,"radial",100,0.1,4,0.173916383700304
"SVM","Repeat_23_Fold_02",23,"Fold_02",9,"radial",0.1,1,4,0.206341571907701
"SVM","Repeat_23_Fold_02",23,"Fold_02",10,"radial",1,1,4,0.164940964030856
"SVM","Repeat_23_Fold_02",23,"Fold_02",11,"radial",10,1,4,0.141943950180249
"SVM","Repeat_23_Fold_02",23,"Fold_02",12,"radial",100,1,4,0.160389196022284
"SVM","Repeat_23_Fold_03",23,"Fold_03",1,"radial",0.1,0.01,4,0.174533596661281
"SVM","Repeat_23_Fold_03",23,"Fold_03",2,"radial",1,0.01,4,0.138394673909273
"SVM","Repeat_23_Fold_03",23,"Fold_03",3,"radial",10,0.01,4,0.15224927490558
"SVM","Repeat_23_Fold_03",23,"Fold_03",4,"radial",100,0.01,4,0.191264267094901
"SVM","Repeat_23_Fold_03",23,"Fold_03",5,"radial",0.1,0.1,4,0.158059645016077
"SVM","Repeat_23_Fold_03",23,"Fold_03",6,"radial",1,0.1,4,0.176398573443837
"SVM","Repeat_23_Fold_03",23,"Fold_03",7,"radial",10,0.1,4,0.195276513814843
"SVM","Repeat_23_Fold_03",23,"Fold_03",8,"radial",100,0.1,4,0.16563408144705
"SVM","Repeat_23_Fold_03",23,"Fold_03",9,"radial",0.1,1,4,0.166795618153885
"SVM","Repeat_23_Fold_03",23,"Fold_03",10,"radial",1,1,4,0.172349890185177
"SVM","Repeat_23_Fold_03",23,"Fold_03",11,"radial",10,1,4,0.165924354654824
"SVM","Repeat_23_Fold_03",23,"Fold_03",12,"radial",100,1,4,0.178114070198875
"SVM","Repeat_23_Fold_04",23,"Fold_04",1,"radial",0.1,0.01,4,0.160936503905617
"SVM","Repeat_23_Fold_04",23,"Fold_04",2,"radial",1,0.01,4,0.152812395562641
"SVM","Repeat_23_Fold_04",23,"Fold_04",3,"radial",10,0.01,4,0.139694841624886
"SVM","Repeat_23_Fold_04",23,"Fold_04",4,"radial",100,0.01,4,0.127780994795855
"SVM","Repeat_23_Fold_04",23,"Fold_04",5,"radial",0.1,0.1,4,0.13459020262657
"SVM","Repeat_23_Fold_04",23,"Fold_04",6,"radial",1,0.1,4,0.121079237532466
"SVM","Repeat_23_Fold_04",23,"Fold_04",7,"radial",10,0.1,4,0.130560191860715
"SVM","Repeat_23_Fold_04",23,"Fold_04",8,"radial",100,0.1,4,0.160459636562043
"SVM","Repeat_23_Fold_04",23,"Fold_04",9,"radial",0.1,1,4,0.251868756272569
"SVM","Repeat_23_Fold_04",23,"Fold_04",10,"radial",1,1,4,0.212621701058141
"SVM","Repeat_23_Fold_04",23,"Fold_04",11,"radial",10,1,4,0.151600206877828
"SVM","Repeat_23_Fold_04",23,"Fold_04",12,"radial",100,1,4,0.18739902433378
"SVM","Repeat_23_Fold_05",23,"Fold_05",1,"radial",0.1,0.01,4,0.159769557353001
"SVM","Repeat_23_Fold_05",23,"Fold_05",2,"radial",1,0.01,4,0.148338992472217
"SVM","Repeat_23_Fold_05",23,"Fold_05",3,"radial",10,0.01,4,0.159339385126284
"SVM","Repeat_23_Fold_05",23,"Fold_05",4,"radial",100,0.01,4,0.166963602187421
"SVM","Repeat_23_Fold_05",23,"Fold_05",5,"radial",0.1,0.1,4,0.159626654764878
"SVM","Repeat_23_Fold_05",23,"Fold_05",6,"radial",1,0.1,4,0.171230593705503
"SVM","Repeat_23_Fold_05",23,"Fold_05",7,"radial",10,0.1,4,0.167010083216401
"SVM","Repeat_23_Fold_05",23,"Fold_05",8,"radial",100,0.1,4,0.177556968349393
"SVM","Repeat_23_Fold_05",23,"Fold_05",9,"radial",0.1,1,4,0.168116606692156
"SVM","Repeat_23_Fold_05",23,"Fold_05",10,"radial",1,1,4,0.17015850572004
"SVM","Repeat_23_Fold_05",23,"Fold_05",11,"radial",10,1,4,0.162847875355554
"SVM","Repeat_23_Fold_05",23,"Fold_05",12,"radial",100,1,4,0.165729405954496
"SVM","Repeat_24_Fold_01",24,"Fold_01",1,"radial",0.1,0.01,4,0.182571494947993
"SVM","Repeat_24_Fold_01",24,"Fold_01",2,"radial",1,0.01,4,0.178933640095239
"SVM","Repeat_24_Fold_01",24,"Fold_01",3,"radial",10,0.01,4,0.17099268211875
"SVM","Repeat_24_Fold_01",24,"Fold_01",4,"radial",100,0.01,4,0.169090666986032
"SVM","Repeat_24_Fold_01",24,"Fold_01",5,"radial",0.1,0.1,4,0.184349091611077
"SVM","Repeat_24_Fold_01",24,"Fold_01",6,"radial",1,0.1,4,0.192246286174138
"SVM","Repeat_24_Fold_01",24,"Fold_01",7,"radial",10,0.1,4,0.170606973996717
"SVM","Repeat_24_Fold_01",24,"Fold_01",8,"radial",100,0.1,4,0.177368163525396
"SVM","Repeat_24_Fold_01",24,"Fold_01",9,"radial",0.1,1,4,0.239106592355114
"SVM","Repeat_24_Fold_01",24,"Fold_01",10,"radial",1,1,4,0.19430686050014
"SVM","Repeat_24_Fold_01",24,"Fold_01",11,"radial",10,1,4,0.170168763343842
"SVM","Repeat_24_Fold_01",24,"Fold_01",12,"radial",100,1,4,0.173367125272799
"SVM","Repeat_24_Fold_02",24,"Fold_02",1,"radial",0.1,0.01,4,0.177279949617782
"SVM","Repeat_24_Fold_02",24,"Fold_02",2,"radial",1,0.01,4,0.159217155106656
"SVM","Repeat_24_Fold_02",24,"Fold_02",3,"radial",10,0.01,4,0.155664857459373
"SVM","Repeat_24_Fold_02",24,"Fold_02",4,"radial",100,0.01,4,0.156775103247698
"SVM","Repeat_24_Fold_02",24,"Fold_02",5,"radial",0.1,0.1,4,0.163317868290075
"SVM","Repeat_24_Fold_02",24,"Fold_02",6,"radial",1,0.1,4,0.18001294214756
"SVM","Repeat_24_Fold_02",24,"Fold_02",7,"radial",10,0.1,4,0.186199398851632
"SVM","Repeat_24_Fold_02",24,"Fold_02",8,"radial",100,0.1,4,0.172050229625702
"SVM","Repeat_24_Fold_02",24,"Fold_02",9,"radial",0.1,1,4,0.248138447707145
"SVM","Repeat_24_Fold_02",24,"Fold_02",10,"radial",1,1,4,0.169602947846789
"SVM","Repeat_24_Fold_02",24,"Fold_02",11,"radial",10,1,4,0.165837409619929
"SVM","Repeat_24_Fold_02",24,"Fold_02",12,"radial",100,1,4,0.163757412783455
"SVM","Repeat_24_Fold_03",24,"Fold_03",1,"radial",0.1,0.01,4,0.180009108846293
"SVM","Repeat_24_Fold_03",24,"Fold_03",2,"radial",1,0.01,4,0.159750603401102
"SVM","Repeat_24_Fold_03",24,"Fold_03",3,"radial",10,0.01,4,0.16241118709034
"SVM","Repeat_24_Fold_03",24,"Fold_03",4,"radial",100,0.01,4,0.160802767468413
"SVM","Repeat_24_Fold_03",24,"Fold_03",5,"radial",0.1,0.1,4,0.17052689747646
"SVM","Repeat_24_Fold_03",24,"Fold_03",6,"radial",1,0.1,4,0.166806034138004
"SVM","Repeat_24_Fold_03",24,"Fold_03",7,"radial",10,0.1,4,0.183982316914827
"SVM","Repeat_24_Fold_03",24,"Fold_03",8,"radial",100,0.1,4,0.144800780700232
"SVM","Repeat_24_Fold_03",24,"Fold_03",9,"radial",0.1,1,4,0.168856250464589
"SVM","Repeat_24_Fold_03",24,"Fold_03",10,"radial",1,1,4,0.179116360124752
"SVM","Repeat_24_Fold_03",24,"Fold_03",11,"radial",10,1,4,0.232900446947208
"SVM","Repeat_24_Fold_03",24,"Fold_03",12,"radial",100,1,4,0.163794230016003
"SVM","Repeat_24_Fold_04",24,"Fold_04",1,"radial",0.1,0.01,4,0.214500340478631
"SVM","Repeat_24_Fold_04",24,"Fold_04",2,"radial",1,0.01,4,0.181535551135641
"SVM","Repeat_24_Fold_04",24,"Fold_04",3,"radial",10,0.01,4,0.170518433987798
"SVM","Repeat_24_Fold_04",24,"Fold_04",4,"radial",100,0.01,4,0.18102777124749
"SVM","Repeat_24_Fold_04",24,"Fold_04",5,"radial",0.1,0.1,4,0.169058287023034
"SVM","Repeat_24_Fold_04",24,"Fold_04",6,"radial",1,0.1,4,0.154104081461294
"SVM","Repeat_24_Fold_04",24,"Fold_04",7,"radial",10,0.1,4,0.140638609539672
"SVM","Repeat_24_Fold_04",24,"Fold_04",8,"radial",100,0.1,4,0.142347660732591
"SVM","Repeat_24_Fold_04",24,"Fold_04",9,"radial",0.1,1,4,0.21541653428663
"SVM","Repeat_24_Fold_04",24,"Fold_04",10,"radial",1,1,4,0.183644122567562
"SVM","Repeat_24_Fold_04",24,"Fold_04",11,"radial",10,1,4,0.188996039915742
"SVM","Repeat_24_Fold_04",24,"Fold_04",12,"radial",100,1,4,0.162577971028646
"SVM","Repeat_24_Fold_05",24,"Fold_05",1,"radial",0.1,0.01,4,0.181467982288698
"SVM","Repeat_24_Fold_05",24,"Fold_05",2,"radial",1,0.01,4,0.15431915802458
"SVM","Repeat_24_Fold_05",24,"Fold_05",3,"radial",10,0.01,4,0.156154507122711
"SVM","Repeat_24_Fold_05",24,"Fold_05",4,"radial",100,0.01,4,0.160466234021915
"SVM","Repeat_24_Fold_05",24,"Fold_05",5,"radial",0.1,0.1,4,0.174220333705841
"SVM","Repeat_24_Fold_05",24,"Fold_05",6,"radial",1,0.1,4,0.167312007656211
"SVM","Repeat_24_Fold_05",24,"Fold_05",7,"radial",10,0.1,4,0.164116663210442
"SVM","Repeat_24_Fold_05",24,"Fold_05",8,"radial",100,0.1,4,0.165999502624075
"SVM","Repeat_24_Fold_05",24,"Fold_05",9,"radial",0.1,1,4,0.168595226435012
"SVM","Repeat_24_Fold_05",24,"Fold_05",10,"radial",1,1,4,0.164187901328867
"SVM","Repeat_24_Fold_05",24,"Fold_05",11,"radial",10,1,4,0.170556608411039
"SVM","Repeat_24_Fold_05",24,"Fold_05",12,"radial",100,1,4,0.16615382276406
"SVM","Repeat_25_Fold_01",25,"Fold_01",1,"radial",0.1,0.01,4,0.181955784252646
"SVM","Repeat_25_Fold_01",25,"Fold_01",2,"radial",1,0.01,4,0.15409577684489
"SVM","Repeat_25_Fold_01",25,"Fold_01",3,"radial",10,0.01,4,0.14761879202303
"SVM","Repeat_25_Fold_01",25,"Fold_01",4,"radial",100,0.01,4,0.166066090199229
"SVM","Repeat_25_Fold_01",25,"Fold_01",5,"radial",0.1,0.1,4,0.191648821894283
"SVM","Repeat_25_Fold_01",25,"Fold_01",6,"radial",1,0.1,4,0.176592540449931
"SVM","Repeat_25_Fold_01",25,"Fold_01",7,"radial",10,0.1,4,0.180653847532401
"SVM","Repeat_25_Fold_01",25,"Fold_01",8,"radial",100,0.1,4,0.161802757401769
"SVM","Repeat_25_Fold_01",25,"Fold_01",9,"radial",0.1,1,4,0.302308554770555
"SVM","Repeat_25_Fold_01",25,"Fold_01",10,"radial",1,1,4,0.182422993052525
"SVM","Repeat_25_Fold_01",25,"Fold_01",11,"radial",10,1,4,0.216766139114129
"SVM","Repeat_25_Fold_01",25,"Fold_01",12,"radial",100,1,4,0.209417310495134
"SVM","Repeat_25_Fold_02",25,"Fold_02",1,"radial",0.1,0.01,4,0.185914230706914
"SVM","Repeat_25_Fold_02",25,"Fold_02",2,"radial",1,0.01,4,0.149034239487071
"SVM","Repeat_25_Fold_02",25,"Fold_02",3,"radial",10,0.01,4,0.145144505667807
"SVM","Repeat_25_Fold_02",25,"Fold_02",4,"radial",100,0.01,4,0.147895706562406
"SVM","Repeat_25_Fold_02",25,"Fold_02",5,"radial",0.1,0.1,4,0.185262248373888
"SVM","Repeat_25_Fold_02",25,"Fold_02",6,"radial",1,0.1,4,0.17370262427079
"SVM","Repeat_25_Fold_02",25,"Fold_02",7,"radial",10,0.1,4,0.200287019128102
"SVM","Repeat_25_Fold_02",25,"Fold_02",8,"radial",100,0.1,4,0.179771045052206
"SVM","Repeat_25_Fold_02",25,"Fold_02",9,"radial",0.1,1,4,0.188043847058307
"SVM","Repeat_25_Fold_02",25,"Fold_02",10,"radial",1,1,4,0.163348451594452
"SVM","Repeat_25_Fold_02",25,"Fold_02",11,"radial",10,1,4,0.156677343185601
"SVM","Repeat_25_Fold_02",25,"Fold_02",12,"radial",100,1,4,0.162408152816128
"SVM","Repeat_25_Fold_03",25,"Fold_03",1,"radial",0.1,0.01,4,0.179815307099524
"SVM","Repeat_25_Fold_03",25,"Fold_03",2,"radial",1,0.01,4,0.155354999153928
"SVM","Repeat_25_Fold_03",25,"Fold_03",3,"radial",10,0.01,4,0.163263342533124
"SVM","Repeat_25_Fold_03",25,"Fold_03",4,"radial",100,0.01,4,0.154999236290545
"SVM","Repeat_25_Fold_03",25,"Fold_03",5,"radial",0.1,0.1,4,0.17930874107448
"SVM","Repeat_25_Fold_03",25,"Fold_03",6,"radial",1,0.1,4,0.167548665349711
"SVM","Repeat_25_Fold_03",25,"Fold_03",7,"radial",10,0.1,4,0.177757325736823
"SVM","Repeat_25_Fold_03",25,"Fold_03",8,"radial",100,0.1,4,0.190438897930203
"SVM","Repeat_25_Fold_03",25,"Fold_03",9,"radial",0.1,1,4,0.168552134324868
"SVM","Repeat_25_Fold_03",25,"Fold_03",10,"radial",1,1,4,0.165353975406634
"SVM","Repeat_25_Fold_03",25,"Fold_03",11,"radial",10,1,4,0.169715214243421
"SVM","Repeat_25_Fold_03",25,"Fold_03",12,"radial",100,1,4,0.197322983007142
"SVM","Repeat_25_Fold_04",25,"Fold_04",1,"radial",0.1,0.01,4,0.183016797447748
"SVM","Repeat_25_Fold_04",25,"Fold_04",2,"radial",1,0.01,4,0.138350089012964
"SVM","Repeat_25_Fold_04",25,"Fold_04",3,"radial",10,0.01,4,0.162841598449068
"SVM","Repeat_25_Fold_04",25,"Fold_04",4,"radial",100,0.01,4,0.215077567172054
"SVM","Repeat_25_Fold_04",25,"Fold_04",5,"radial",0.1,0.1,4,0.152493864151326
"SVM","Repeat_25_Fold_04",25,"Fold_04",6,"radial",1,0.1,4,0.191530949426248
"SVM","Repeat_25_Fold_04",25,"Fold_04",7,"radial",10,0.1,4,0.163722988707902
"SVM","Repeat_25_Fold_04",25,"Fold_04",8,"radial",100,0.1,4,0.177253894518575
"SVM","Repeat_25_Fold_04",25,"Fold_04",9,"radial",0.1,1,4,0.291350933990425
"SVM","Repeat_25_Fold_04",25,"Fold_04",10,"radial",1,1,4,0.15983710621411
"SVM","Repeat_25_Fold_04",25,"Fold_04",11,"radial",10,1,4,0.134451504144878
"SVM","Repeat_25_Fold_04",25,"Fold_04",12,"radial",100,1,4,0.160138047249605
"SVM","Repeat_25_Fold_05",25,"Fold_05",1,"radial",0.1,0.01,4,0.177363098743502
"SVM","Repeat_25_Fold_05",25,"Fold_05",2,"radial",1,0.01,4,0.151820699511672
"SVM","Repeat_25_Fold_05",25,"Fold_05",3,"radial",10,0.01,4,0.164215035150215
"SVM","Repeat_25_Fold_05",25,"Fold_05",4,"radial",100,0.01,4,0.162437817709813
"SVM","Repeat_25_Fold_05",25,"Fold_05",5,"radial",0.1,0.1,4,0.166230651230452
"SVM","Repeat_25_Fold_05",25,"Fold_05",6,"radial",1,0.1,4,0.167574898609062
"SVM","Repeat_25_Fold_05",25,"Fold_05",7,"radial",10,0.1,4,0.171432700542394
"SVM","Repeat_25_Fold_05",25,"Fold_05",8,"radial",100,0.1,4,0.178708225808496
"SVM","Repeat_25_Fold_05",25,"Fold_05",9,"radial",0.1,1,4,0.166608561987892
"SVM","Repeat_25_Fold_05",25,"Fold_05",10,"radial",1,1,4,0.164724485878384
"SVM","Repeat_25_Fold_05",25,"Fold_05",11,"radial",10,1,4,0.16748895577993
"SVM","Repeat_25_Fold_05",25,"Fold_05",12,"radial",100,1,4,0.163965383549027
"SVM","Repeat_26_Fold_01",26,"Fold_01",1,"radial",0.1,0.01,4,0.168866272624018
"SVM","Repeat_26_Fold_01",26,"Fold_01",2,"radial",1,0.01,4,0.151579077791753
"SVM","Repeat_26_Fold_01",26,"Fold_01",3,"radial",10,0.01,4,0.153655880894125
"SVM","Repeat_26_Fold_01",26,"Fold_01",4,"radial",100,0.01,4,0.186596966334555
"SVM","Repeat_26_Fold_01",26,"Fold_01",5,"radial",0.1,0.1,4,0.178362998519704
"SVM","Repeat_26_Fold_01",26,"Fold_01",6,"radial",1,0.1,4,0.202758509657011
"SVM","Repeat_26_Fold_01",26,"Fold_01",7,"radial",10,0.1,4,0.193918517924673
"SVM","Repeat_26_Fold_01",26,"Fold_01",8,"radial",100,0.1,4,0.243015076784595
"SVM","Repeat_26_Fold_01",26,"Fold_01",9,"radial",0.1,1,4,0.232219037585644
"SVM","Repeat_26_Fold_01",26,"Fold_01",10,"radial",1,1,4,0.178365629440229
"SVM","Repeat_26_Fold_01",26,"Fold_01",11,"radial",10,1,4,0.183772976882318
"SVM","Repeat_26_Fold_01",26,"Fold_01",12,"radial",100,1,4,0.175232307539626
"SVM","Repeat_26_Fold_02",26,"Fold_02",1,"radial",0.1,0.01,4,0.184336274457081
"SVM","Repeat_26_Fold_02",26,"Fold_02",2,"radial",1,0.01,4,0.13728638318026
"SVM","Repeat_26_Fold_02",26,"Fold_02",3,"radial",10,0.01,4,0.152897634489605
"SVM","Repeat_26_Fold_02",26,"Fold_02",4,"radial",100,0.01,4,0.159101074422571
"SVM","Repeat_26_Fold_02",26,"Fold_02",5,"radial",0.1,0.1,4,0.192407294552241
"SVM","Repeat_26_Fold_02",26,"Fold_02",6,"radial",1,0.1,4,0.178491653819101
"SVM","Repeat_26_Fold_02",26,"Fold_02",7,"radial",10,0.1,4,0.194645640396518
"SVM","Repeat_26_Fold_02",26,"Fold_02",8,"radial",100,0.1,4,0.202435321298258
"SVM","Repeat_26_Fold_02",26,"Fold_02",9,"radial",0.1,1,4,0.201736932532326
"SVM","Repeat_26_Fold_02",26,"Fold_02",10,"radial",1,1,4,0.173051482959351
"SVM","Repeat_26_Fold_02",26,"Fold_02",11,"radial",10,1,4,0.185978842023133
"SVM","Repeat_26_Fold_02",26,"Fold_02",12,"radial",100,1,4,0.194789198856938
"SVM","Repeat_26_Fold_03",26,"Fold_03",1,"radial",0.1,0.01,4,0.182560202067687
"SVM","Repeat_26_Fold_03",26,"Fold_03",2,"radial",1,0.01,4,0.14704293183616
"SVM","Repeat_26_Fold_03",26,"Fold_03",3,"radial",10,0.01,4,0.153075674017636
"SVM","Repeat_26_Fold_03",26,"Fold_03",4,"radial",100,0.01,4,0.171911000551449
"SVM","Repeat_26_Fold_03",26,"Fold_03",5,"radial",0.1,0.1,4,0.170570553925113
"SVM","Repeat_26_Fold_03",26,"Fold_03",6,"radial",1,0.1,4,0.192317722140505
"SVM","Repeat_26_Fold_03",26,"Fold_03",7,"radial",10,0.1,4,0.195783780526744
"SVM","Repeat_26_Fold_03",26,"Fold_03",8,"radial",100,0.1,4,0.225550348358947
"SVM","Repeat_26_Fold_03",26,"Fold_03",9,"radial",0.1,1,4,0.169252683707047
"SVM","Repeat_26_Fold_03",26,"Fold_03",10,"radial",1,1,4,0.155071879494023
"SVM","Repeat_26_Fold_03",26,"Fold_03",11,"radial",10,1,4,0.16143824330909
"SVM","Repeat_26_Fold_03",26,"Fold_03",12,"radial",100,1,4,0.162877555610199
"SVM","Repeat_26_Fold_04",26,"Fold_04",1,"radial",0.1,0.01,4,0.158939434006393
"SVM","Repeat_26_Fold_04",26,"Fold_04",2,"radial",1,0.01,4,0.178389799076798
"SVM","Repeat_26_Fold_04",26,"Fold_04",3,"radial",10,0.01,4,0.140331836555445
"SVM","Repeat_26_Fold_04",26,"Fold_04",4,"radial",100,0.01,4,0.148498313946035
"SVM","Repeat_26_Fold_04",26,"Fold_04",5,"radial",0.1,0.1,4,0.169189542452105
"SVM","Repeat_26_Fold_04",26,"Fold_04",6,"radial",1,0.1,4,0.109943641374423
"SVM","Repeat_26_Fold_04",26,"Fold_04",7,"radial",10,0.1,4,0.105599872940909
"SVM","Repeat_26_Fold_04",26,"Fold_04",8,"radial",100,0.1,4,0.105647364203016
"SVM","Repeat_26_Fold_04",26,"Fold_04",9,"radial",0.1,1,4,0.206117593092818
"SVM","Repeat_26_Fold_04",26,"Fold_04",10,"radial",1,1,4,0.178041127798709
"SVM","Repeat_26_Fold_04",26,"Fold_04",11,"radial",10,1,4,0.177444065320708
"SVM","Repeat_26_Fold_04",26,"Fold_04",12,"radial",100,1,4,0.177179407376998
"SVM","Repeat_26_Fold_05",26,"Fold_05",1,"radial",0.1,0.01,4,0.17906530033448
"SVM","Repeat_26_Fold_05",26,"Fold_05",2,"radial",1,0.01,4,0.161239771818813
"SVM","Repeat_26_Fold_05",26,"Fold_05",3,"radial",10,0.01,4,0.168006306089941
"SVM","Repeat_26_Fold_05",26,"Fold_05",4,"radial",100,0.01,4,0.161895960056439
"SVM","Repeat_26_Fold_05",26,"Fold_05",5,"radial",0.1,0.1,4,0.162964533418356
"SVM","Repeat_26_Fold_05",26,"Fold_05",6,"radial",1,0.1,4,0.178939093446847
"SVM","Repeat_26_Fold_05",26,"Fold_05",7,"radial",10,0.1,4,0.181944896047121
"SVM","Repeat_26_Fold_05",26,"Fold_05",8,"radial",100,0.1,4,0.200068356383254
"SVM","Repeat_26_Fold_05",26,"Fold_05",9,"radial",0.1,1,4,0.166315699865706
"SVM","Repeat_26_Fold_05",26,"Fold_05",10,"radial",1,1,4,0.176910453378131
"SVM","Repeat_26_Fold_05",26,"Fold_05",11,"radial",10,1,4,0.175751830838886
"SVM","Repeat_26_Fold_05",26,"Fold_05",12,"radial",100,1,4,0.166510634993124
"SVM","Repeat_27_Fold_01",27,"Fold_01",1,"radial",0.1,0.01,4,0.184681951091684
"SVM","Repeat_27_Fold_01",27,"Fold_01",2,"radial",1,0.01,4,0.15385248666339
"SVM","Repeat_27_Fold_01",27,"Fold_01",3,"radial",10,0.01,4,0.159012904850699
"SVM","Repeat_27_Fold_01",27,"Fold_01",4,"radial",100,0.01,4,0.166151457926072
"SVM","Repeat_27_Fold_01",27,"Fold_01",5,"radial",0.1,0.1,4,0.188283691914412
"SVM","Repeat_27_Fold_01",27,"Fold_01",6,"radial",1,0.1,4,0.196544198311376
"SVM","Repeat_27_Fold_01",27,"Fold_01",7,"radial",10,0.1,4,0.197315435390442
"SVM","Repeat_27_Fold_01",27,"Fold_01",8,"radial",100,0.1,4,0.199077437873558
"SVM","Repeat_27_Fold_01",27,"Fold_01",9,"radial",0.1,1,4,0.251992646346341
"SVM","Repeat_27_Fold_01",27,"Fold_01",10,"radial",1,1,4,0.168957259851051
"SVM","Repeat_27_Fold_01",27,"Fold_01",11,"radial",10,1,4,0.16469374309693
"SVM","Repeat_27_Fold_01",27,"Fold_01",12,"radial",100,1,4,0.161843412895907
"SVM","Repeat_27_Fold_02",27,"Fold_02",1,"radial",0.1,0.01,4,0.181041531023771
"SVM","Repeat_27_Fold_02",27,"Fold_02",2,"radial",1,0.01,4,0.14849071453034
"SVM","Repeat_27_Fold_02",27,"Fold_02",3,"radial",10,0.01,4,0.145740056564056
"SVM","Repeat_27_Fold_02",27,"Fold_02",4,"radial",100,0.01,4,0.144764346632646
"SVM","Repeat_27_Fold_02",27,"Fold_02",5,"radial",0.1,0.1,4,0.184648318157025
"SVM","Repeat_27_Fold_02",27,"Fold_02",6,"radial",1,0.1,4,0.156871357639065
"SVM","Repeat_27_Fold_02",27,"Fold_02",7,"radial",10,0.1,4,0.159030595565639
"SVM","Repeat_27_Fold_02",27,"Fold_02",8,"radial",100,0.1,4,0.151803635538017
"SVM","Repeat_27_Fold_02",27,"Fold_02",9,"radial",0.1,1,4,0.259040855819461
"SVM","Repeat_27_Fold_02",27,"Fold_02",10,"radial",1,1,4,0.182644730197304
"SVM","Repeat_27_Fold_02",27,"Fold_02",11,"radial",10,1,4,0.18543158223855
"SVM","Repeat_27_Fold_02",27,"Fold_02",12,"radial",100,1,4,0.190999537588109
"SVM","Repeat_27_Fold_03",27,"Fold_03",1,"radial",0.1,0.01,4,0.173532527902714
"SVM","Repeat_27_Fold_03",27,"Fold_03",2,"radial",1,0.01,4,0.153901343490546
"SVM","Repeat_27_Fold_03",27,"Fold_03",3,"radial",10,0.01,4,0.158599946651309
"SVM","Repeat_27_Fold_03",27,"Fold_03",4,"radial",100,0.01,4,0.157894922579288
"SVM","Repeat_27_Fold_03",27,"Fold_03",5,"radial",0.1,0.1,4,0.174229180207854
"SVM","Repeat_27_Fold_03",27,"Fold_03",6,"radial",1,0.1,4,0.171250838812638
"SVM","Repeat_27_Fold_03",27,"Fold_03",7,"radial",10,0.1,4,0.201328331457127
"SVM","Repeat_27_Fold_03",27,"Fold_03",8,"radial",100,0.1,4,0.175754867943911
"SVM","Repeat_27_Fold_03",27,"Fold_03",9,"radial",0.1,1,4,0.169525218491525
"SVM","Repeat_27_Fold_03",27,"Fold_03",10,"radial",1,1,4,0.182102799125287
"SVM","Repeat_27_Fold_03",27,"Fold_03",11,"radial",10,1,4,0.178069998711471
"SVM","Repeat_27_Fold_03",27,"Fold_03",12,"radial",100,1,4,0.170056427471933
"SVM","Repeat_27_Fold_04",27,"Fold_04",1,"radial",0.1,0.01,4,0.184044992778581
"SVM","Repeat_27_Fold_04",27,"Fold_04",2,"radial",1,0.01,4,0.141690568601424
"SVM","Repeat_27_Fold_04",27,"Fold_04",3,"radial",10,0.01,4,0.15485206173685
"SVM","Repeat_27_Fold_04",27,"Fold_04",4,"radial",100,0.01,4,0.158161486989517
"SVM","Repeat_27_Fold_04",27,"Fold_04",5,"radial",0.1,0.1,4,0.170792228118888
"SVM","Repeat_27_Fold_04",27,"Fold_04",6,"radial",1,0.1,4,0.159056932921927
"SVM","Repeat_27_Fold_04",27,"Fold_04",7,"radial",10,0.1,4,0.187167848103582
"SVM","Repeat_27_Fold_04",27,"Fold_04",8,"radial",100,0.1,4,0.166349766387966
"SVM","Repeat_27_Fold_04",27,"Fold_04",9,"radial",0.1,1,4,0.223725494939003
"SVM","Repeat_27_Fold_04",27,"Fold_04",10,"radial",1,1,4,0.160856196774539
"SVM","Repeat_27_Fold_04",27,"Fold_04",11,"radial",10,1,4,0.183797376269765
"SVM","Repeat_27_Fold_04",27,"Fold_04",12,"radial",100,1,4,0.176578962380228
"SVM","Repeat_27_Fold_05",27,"Fold_05",1,"radial",0.1,0.01,4,0.185838435161424
"SVM","Repeat_27_Fold_05",27,"Fold_05",2,"radial",1,0.01,4,0.155925926449228
"SVM","Repeat_27_Fold_05",27,"Fold_05",3,"radial",10,0.01,4,0.155059386223562
"SVM","Repeat_27_Fold_05",27,"Fold_05",4,"radial",100,0.01,4,0.154073860180207
"SVM","Repeat_27_Fold_05",27,"Fold_05",5,"radial",0.1,0.1,4,0.158627447051949
"SVM","Repeat_27_Fold_05",27,"Fold_05",6,"radial",1,0.1,4,0.168906729872515
"SVM","Repeat_27_Fold_05",27,"Fold_05",7,"radial",10,0.1,4,0.157230376441263
"SVM","Repeat_27_Fold_05",27,"Fold_05",8,"radial",100,0.1,4,0.14951955777107
"SVM","Repeat_27_Fold_05",27,"Fold_05",9,"radial",0.1,1,4,0.166208760524657
"SVM","Repeat_27_Fold_05",27,"Fold_05",10,"radial",1,1,4,0.1744562620298
"SVM","Repeat_27_Fold_05",27,"Fold_05",11,"radial",10,1,4,0.175477434577239
"SVM","Repeat_27_Fold_05",27,"Fold_05",12,"radial",100,1,4,0.174106377713872
"SVM","Repeat_28_Fold_01",28,"Fold_01",1,"radial",0.1,0.01,4,0.185591804702647
"SVM","Repeat_28_Fold_01",28,"Fold_01",2,"radial",1,0.01,4,0.146564263544813
"SVM","Repeat_28_Fold_01",28,"Fold_01",3,"radial",10,0.01,4,0.157240945385385
"SVM","Repeat_28_Fold_01",28,"Fold_01",4,"radial",100,0.01,4,0.169536072924201
"SVM","Repeat_28_Fold_01",28,"Fold_01",5,"radial",0.1,0.1,4,0.182188137768673
"SVM","Repeat_28_Fold_01",28,"Fold_01",6,"radial",1,0.1,4,0.175613293036994
"SVM","Repeat_28_Fold_01",28,"Fold_01",7,"radial",10,0.1,4,0.204139262529017
"SVM","Repeat_28_Fold_01",28,"Fold_01",8,"radial",100,0.1,4,0.182219549603513
"SVM","Repeat_28_Fold_01",28,"Fold_01",9,"radial",0.1,1,4,0.312793931444638
"SVM","Repeat_28_Fold_01",28,"Fold_01",10,"radial",1,1,4,0.209028733101751
"SVM","Repeat_28_Fold_01",28,"Fold_01",11,"radial",10,1,4,0.181450660699213
"SVM","Repeat_28_Fold_01",28,"Fold_01",12,"radial",100,1,4,0.183355500993741
"SVM","Repeat_28_Fold_02",28,"Fold_02",1,"radial",0.1,0.01,4,0.18391912861667
"SVM","Repeat_28_Fold_02",28,"Fold_02",2,"radial",1,0.01,4,0.15472175301703
"SVM","Repeat_28_Fold_02",28,"Fold_02",3,"radial",10,0.01,4,0.144028471439747
"SVM","Repeat_28_Fold_02",28,"Fold_02",4,"radial",100,0.01,4,0.158704991787365
"SVM","Repeat_28_Fold_02",28,"Fold_02",5,"radial",0.1,0.1,4,0.171417816262669
"SVM","Repeat_28_Fold_02",28,"Fold_02",6,"radial",1,0.1,4,0.168732814216262
"SVM","Repeat_28_Fold_02",28,"Fold_02",7,"radial",10,0.1,4,0.165369381060822
"SVM","Repeat_28_Fold_02",28,"Fold_02",8,"radial",100,0.1,4,0.180244928787957
"SVM","Repeat_28_Fold_02",28,"Fold_02",9,"radial",0.1,1,4,0.207415503085474
"SVM","Repeat_28_Fold_02",28,"Fold_02",10,"radial",1,1,4,0.173327877235309
"SVM","Repeat_28_Fold_02",28,"Fold_02",11,"radial",10,1,4,0.167777233455259
"SVM","Repeat_28_Fold_02",28,"Fold_02",12,"radial",100,1,4,0.171802477298717
"SVM","Repeat_28_Fold_03",28,"Fold_03",1,"radial",0.1,0.01,4,0.184241395714976
"SVM","Repeat_28_Fold_03",28,"Fold_03",2,"radial",1,0.01,4,0.153835329126342
"SVM","Repeat_28_Fold_03",28,"Fold_03",3,"radial",10,0.01,4,0.166390614270612
"SVM","Repeat_28_Fold_03",28,"Fold_03",4,"radial",100,0.01,4,0.159930449653927
"SVM","Repeat_28_Fold_03",28,"Fold_03",5,"radial",0.1,0.1,4,0.16719561178306
"SVM","Repeat_28_Fold_03",28,"Fold_03",6,"radial",1,0.1,4,0.170880521085796
"SVM","Repeat_28_Fold_03",28,"Fold_03",7,"radial",10,0.1,4,0.172358101386484
"SVM","Repeat_28_Fold_03",28,"Fold_03",8,"radial",100,0.1,4,0.172531373584625
"SVM","Repeat_28_Fold_03",28,"Fold_03",9,"radial",0.1,1,4,0.169847180773348
"SVM","Repeat_28_Fold_03",28,"Fold_03",10,"radial",1,1,4,0.166374928326019
"SVM","Repeat_28_Fold_03",28,"Fold_03",11,"radial",10,1,4,0.164937115673768
"SVM","Repeat_28_Fold_03",28,"Fold_03",12,"radial",100,1,4,0.16981339701948
"SVM","Repeat_28_Fold_04",28,"Fold_04",1,"radial",0.1,0.01,4,0.187353894551506
"SVM","Repeat_28_Fold_04",28,"Fold_04",2,"radial",1,0.01,4,0.157518071770285
"SVM","Repeat_28_Fold_04",28,"Fold_04",3,"radial",10,0.01,4,0.185327109857102
"SVM","Repeat_28_Fold_04",28,"Fold_04",4,"radial",100,0.01,4,0.183786834251133
"SVM","Repeat_28_Fold_04",28,"Fold_04",5,"radial",0.1,0.1,4,0.152319461473746
"SVM","Repeat_28_Fold_04",28,"Fold_04",6,"radial",1,0.1,4,0.15297474397362
"SVM","Repeat_28_Fold_04",28,"Fold_04",7,"radial",10,0.1,4,0.152786229291832
"SVM","Repeat_28_Fold_04",28,"Fold_04",8,"radial",100,0.1,4,0.163287337919398
"SVM","Repeat_28_Fold_04",28,"Fold_04",9,"radial",0.1,1,4,0.205076574135248
"SVM","Repeat_28_Fold_04",28,"Fold_04",10,"radial",1,1,4,0.202280538616231
"SVM","Repeat_28_Fold_04",28,"Fold_04",11,"radial",10,1,4,0.194186013579031
"SVM","Repeat_28_Fold_04",28,"Fold_04",12,"radial",100,1,4,0.188651910777799
"SVM","Repeat_28_Fold_05",28,"Fold_05",1,"radial",0.1,0.01,4,0.169616448746783
"SVM","Repeat_28_Fold_05",28,"Fold_05",2,"radial",1,0.01,4,0.156773146367741
"SVM","Repeat_28_Fold_05",28,"Fold_05",3,"radial",10,0.01,4,0.15354081693169
"SVM","Repeat_28_Fold_05",28,"Fold_05",4,"radial",100,0.01,4,0.154865603704547
"SVM","Repeat_28_Fold_05",28,"Fold_05",5,"radial",0.1,0.1,4,0.16768975093626
"SVM","Repeat_28_Fold_05",28,"Fold_05",6,"radial",1,0.1,4,0.164304937196675
"SVM","Repeat_28_Fold_05",28,"Fold_05",7,"radial",10,0.1,4,0.174165045812967
"SVM","Repeat_28_Fold_05",28,"Fold_05",8,"radial",100,0.1,4,0.171139379507621
"SVM","Repeat_28_Fold_05",28,"Fold_05",9,"radial",0.1,1,4,0.173854585908985
"SVM","Repeat_28_Fold_05",28,"Fold_05",10,"radial",1,1,4,0.166335250353761
"SVM","Repeat_28_Fold_05",28,"Fold_05",11,"radial",10,1,4,0.167396873225899
"SVM","Repeat_28_Fold_05",28,"Fold_05",12,"radial",100,1,4,0.176652121501234
"SVM","Repeat_29_Fold_01",29,"Fold_01",1,"radial",0.1,0.01,4,0.177318360467217
"SVM","Repeat_29_Fold_01",29,"Fold_01",2,"radial",1,0.01,4,0.165111665534794
"SVM","Repeat_29_Fold_01",29,"Fold_01",3,"radial",10,0.01,4,0.184456955121778
"SVM","Repeat_29_Fold_01",29,"Fold_01",4,"radial",100,0.01,4,0.200533393923252
"SVM","Repeat_29_Fold_01",29,"Fold_01",5,"radial",0.1,0.1,4,0.203783414587412
"SVM","Repeat_29_Fold_01",29,"Fold_01",6,"radial",1,0.1,4,0.186816824591211
"SVM","Repeat_29_Fold_01",29,"Fold_01",7,"radial",10,0.1,4,0.189096380072389
"SVM","Repeat_29_Fold_01",29,"Fold_01",8,"radial",100,0.1,4,0.197960086825852
"SVM","Repeat_29_Fold_01",29,"Fold_01",9,"radial",0.1,1,4,0.175086488530323
"SVM","Repeat_29_Fold_01",29,"Fold_01",10,"radial",1,1,4,0.187506130495527
"SVM","Repeat_29_Fold_01",29,"Fold_01",11,"radial",10,1,4,0.20250157020152
"SVM","Repeat_29_Fold_01",29,"Fold_01",12,"radial",100,1,4,0.271597266988736
"SVM","Repeat_29_Fold_02",29,"Fold_02",1,"radial",0.1,0.01,4,0.179952888236274
"SVM","Repeat_29_Fold_02",29,"Fold_02",2,"radial",1,0.01,4,0.182413347130916
"SVM","Repeat_29_Fold_02",29,"Fold_02",3,"radial",10,0.01,4,0.16178034689509
"SVM","Repeat_29_Fold_02",29,"Fold_02",4,"radial",100,0.01,4,0.154921739979996
"SVM","Repeat_29_Fold_02",29,"Fold_02",5,"radial",0.1,0.1,4,0.172114873103155
"SVM","Repeat_29_Fold_02",29,"Fold_02",6,"radial",1,0.1,4,0.185732403318457
"SVM","Repeat_29_Fold_02",29,"Fold_02",7,"radial",10,0.1,4,0.188939504754916
"SVM","Repeat_29_Fold_02",29,"Fold_02",8,"radial",100,0.1,4,0.171988560122661
"SVM","Repeat_29_Fold_02",29,"Fold_02",9,"radial",0.1,1,4,0.208746780151019
"SVM","Repeat_29_Fold_02",29,"Fold_02",10,"radial",1,1,4,0.166848742810158
"SVM","Repeat_29_Fold_02",29,"Fold_02",11,"radial",10,1,4,0.166404998439743
"SVM","Repeat_29_Fold_02",29,"Fold_02",12,"radial",100,1,4,0.218896629817323
"SVM","Repeat_29_Fold_03",29,"Fold_03",1,"radial",0.1,0.01,4,0.199553852214746
"SVM","Repeat_29_Fold_03",29,"Fold_03",2,"radial",1,0.01,4,0.164338518092622
"SVM","Repeat_29_Fold_03",29,"Fold_03",3,"radial",10,0.01,4,0.17983505526363
"SVM","Repeat_29_Fold_03",29,"Fold_03",4,"radial",100,0.01,4,0.2091767318737
"SVM","Repeat_29_Fold_03",29,"Fold_03",5,"radial",0.1,0.1,4,0.171844430996363
"SVM","Repeat_29_Fold_03",29,"Fold_03",6,"radial",1,0.1,4,0.186093392803848
"SVM","Repeat_29_Fold_03",29,"Fold_03",7,"radial",10,0.1,4,0.195314468055025
"SVM","Repeat_29_Fold_03",29,"Fold_03",8,"radial",100,0.1,4,0.233612747795219
"SVM","Repeat_29_Fold_03",29,"Fold_03",9,"radial",0.1,1,4,0.168975837407323
"SVM","Repeat_29_Fold_03",29,"Fold_03",10,"radial",1,1,4,0.163543397335686
"SVM","Repeat_29_Fold_03",29,"Fold_03",11,"radial",10,1,4,0.162733049142265
"SVM","Repeat_29_Fold_03",29,"Fold_03",12,"radial",100,1,4,0.162961605891109
"SVM","Repeat_29_Fold_04",29,"Fold_04",1,"radial",0.1,0.01,4,0.18653090771606
"SVM","Repeat_29_Fold_04",29,"Fold_04",2,"radial",1,0.01,4,0.14499863057109
"SVM","Repeat_29_Fold_04",29,"Fold_04",3,"radial",10,0.01,4,0.184339301829709
"SVM","Repeat_29_Fold_04",29,"Fold_04",4,"radial",100,0.01,4,0.150478502218847
"SVM","Repeat_29_Fold_04",29,"Fold_04",5,"radial",0.1,0.1,4,0.148655455391376
"SVM","Repeat_29_Fold_04",29,"Fold_04",6,"radial",1,0.1,4,0.126157710507143
"SVM","Repeat_29_Fold_04",29,"Fold_04",7,"radial",10,0.1,4,0.117826573513426
"SVM","Repeat_29_Fold_04",29,"Fold_04",8,"radial",100,0.1,4,0.126050730647211
"SVM","Repeat_29_Fold_04",29,"Fold_04",9,"radial",0.1,1,4,0.218632773179778
"SVM","Repeat_29_Fold_04",29,"Fold_04",10,"radial",1,1,4,0.173833458792534
"SVM","Repeat_29_Fold_04",29,"Fold_04",11,"radial",10,1,4,0.164540036260332
"SVM","Repeat_29_Fold_04",29,"Fold_04",12,"radial",100,1,4,0.165212431834185
"SVM","Repeat_29_Fold_05",29,"Fold_05",1,"radial",0.1,0.01,4,0.197661868130001
"SVM","Repeat_29_Fold_05",29,"Fold_05",2,"radial",1,0.01,4,0.150464999813344
"SVM","Repeat_29_Fold_05",29,"Fold_05",3,"radial",10,0.01,4,0.168743109489617
"SVM","Repeat_29_Fold_05",29,"Fold_05",4,"radial",100,0.01,4,0.163121127453909
"SVM","Repeat_29_Fold_05",29,"Fold_05",5,"radial",0.1,0.1,4,0.170368051451783
"SVM","Repeat_29_Fold_05",29,"Fold_05",6,"radial",1,0.1,4,0.171727708957631
"SVM","Repeat_29_Fold_05",29,"Fold_05",7,"radial",10,0.1,4,0.187929475730615
"SVM","Repeat_29_Fold_05",29,"Fold_05",8,"radial",100,0.1,4,0.190498168947399
"SVM","Repeat_29_Fold_05",29,"Fold_05",9,"radial",0.1,1,4,0.170679165880158
"SVM","Repeat_29_Fold_05",29,"Fold_05",10,"radial",1,1,4,0.164072638902773
"SVM","Repeat_29_Fold_05",29,"Fold_05",11,"radial",10,1,4,0.163940249028417
"SVM","Repeat_29_Fold_05",29,"Fold_05",12,"radial",100,1,4,0.163063424387539
"SVM","Repeat_30_Fold_01",30,"Fold_01",1,"radial",0.1,0.01,4,0.175874076396798
"SVM","Repeat_30_Fold_01",30,"Fold_01",2,"radial",1,0.01,4,0.169006659439258
"SVM","Repeat_30_Fold_01",30,"Fold_01",3,"radial",10,0.01,4,0.181378216359621
"SVM","Repeat_30_Fold_01",30,"Fold_01",4,"radial",100,0.01,4,0.19655816376008
"SVM","Repeat_30_Fold_01",30,"Fold_01",5,"radial",0.1,0.1,4,0.175512792338073
"SVM","Repeat_30_Fold_01",30,"Fold_01",6,"radial",1,0.1,4,0.205768878742282
"SVM","Repeat_30_Fold_01",30,"Fold_01",7,"radial",10,0.1,4,0.213311102093668
"SVM","Repeat_30_Fold_01",30,"Fold_01",8,"radial",100,0.1,4,0.22263731298125
"SVM","Repeat_30_Fold_01",30,"Fold_01",9,"radial",0.1,1,4,0.198458453825393
"SVM","Repeat_30_Fold_01",30,"Fold_01",10,"radial",1,1,4,0.141198138074402
"SVM","Repeat_30_Fold_01",30,"Fold_01",11,"radial",10,1,4,0.171314243101056
"SVM","Repeat_30_Fold_01",30,"Fold_01",12,"radial",100,1,4,0.139376259152302
"SVM","Repeat_30_Fold_02",30,"Fold_02",1,"radial",0.1,0.01,4,0.174320907579728
"SVM","Repeat_30_Fold_02",30,"Fold_02",2,"radial",1,0.01,4,0.162905522930902
"SVM","Repeat_30_Fold_02",30,"Fold_02",3,"radial",10,0.01,4,0.136516089869683
"SVM","Repeat_30_Fold_02",30,"Fold_02",4,"radial",100,0.01,4,0.132029329357353
"SVM","Repeat_30_Fold_02",30,"Fold_02",5,"radial",0.1,0.1,4,0.168705837245148
"SVM","Repeat_30_Fold_02",30,"Fold_02",6,"radial",1,0.1,4,0.169866118957565
"SVM","Repeat_30_Fold_02",30,"Fold_02",7,"radial",10,0.1,4,0.186814911195262
"SVM","Repeat_30_Fold_02",30,"Fold_02",8,"radial",100,0.1,4,0.188755312848075
"SVM","Repeat_30_Fold_02",30,"Fold_02",9,"radial",0.1,1,4,0.225926179194234
"SVM","Repeat_30_Fold_02",30,"Fold_02",10,"radial",1,1,4,0.311018138739691
"SVM","Repeat_30_Fold_02",30,"Fold_02",11,"radial",10,1,4,0.211564317896556
"SVM","Repeat_30_Fold_02",30,"Fold_02",12,"radial",100,1,4,0.199405733284782
"SVM","Repeat_30_Fold_03",30,"Fold_03",1,"radial",0.1,0.01,4,0.17943057956706
"SVM","Repeat_30_Fold_03",30,"Fold_03",2,"radial",1,0.01,4,0.153674850064841
"SVM","Repeat_30_Fold_03",30,"Fold_03",3,"radial",10,0.01,4,0.17253932113418
"SVM","Repeat_30_Fold_03",30,"Fold_03",4,"radial",100,0.01,4,0.166590802577859
"SVM","Repeat_30_Fold_03",30,"Fold_03",5,"radial",0.1,0.1,4,0.167191435851974
"SVM","Repeat_30_Fold_03",30,"Fold_03",6,"radial",1,0.1,4,0.1666256195632
"SVM","Repeat_30_Fold_03",30,"Fold_03",7,"radial",10,0.1,4,0.170859146971007
"SVM","Repeat_30_Fold_03",30,"Fold_03",8,"radial",100,0.1,4,0.178747378338264
"SVM","Repeat_30_Fold_03",30,"Fold_03",9,"radial",0.1,1,4,0.171133528690436
"SVM","Repeat_30_Fold_03",30,"Fold_03",10,"radial",1,1,4,0.163895214156699
"SVM","Repeat_30_Fold_03",30,"Fold_03",11,"radial",10,1,4,0.163906600778192
"SVM","Repeat_30_Fold_03",30,"Fold_03",12,"radial",100,1,4,0.165486567817213
"SVM","Repeat_30_Fold_04",30,"Fold_04",1,"radial",0.1,0.01,4,0.173249256862936
"SVM","Repeat_30_Fold_04",30,"Fold_04",2,"radial",1,0.01,4,0.151241067206081
"SVM","Repeat_30_Fold_04",30,"Fold_04",3,"radial",10,0.01,4,0.171413045643587
"SVM","Repeat_30_Fold_04",30,"Fold_04",4,"radial",100,0.01,4,0.172167231843519
"SVM","Repeat_30_Fold_04",30,"Fold_04",5,"radial",0.1,0.1,4,0.154282419855678
"SVM","Repeat_30_Fold_04",30,"Fold_04",6,"radial",1,0.1,4,0.166823840102404
"SVM","Repeat_30_Fold_04",30,"Fold_04",7,"radial",10,0.1,4,0.192359882758348
"SVM","Repeat_30_Fold_04",30,"Fold_04",8,"radial",100,0.1,4,0.152118348876151
"SVM","Repeat_30_Fold_04",30,"Fold_04",9,"radial",0.1,1,4,0.292457003698188
"SVM","Repeat_30_Fold_04",30,"Fold_04",10,"radial",1,1,4,0.174351119007919
"SVM","Repeat_30_Fold_04",30,"Fold_04",11,"radial",10,1,4,0.136049024415479
"SVM","Repeat_30_Fold_04",30,"Fold_04",12,"radial",100,1,4,0.136645143698858
"SVM","Repeat_30_Fold_05",30,"Fold_05",1,"radial",0.1,0.01,4,0.169928090262989
"SVM","Repeat_30_Fold_05",30,"Fold_05",2,"radial",1,0.01,4,0.163257106263468
"SVM","Repeat_30_Fold_05",30,"Fold_05",3,"radial",10,0.01,4,0.162091236535809
"SVM","Repeat_30_Fold_05",30,"Fold_05",4,"radial",100,0.01,4,0.161894390259161
"SVM","Repeat_30_Fold_05",30,"Fold_05",5,"radial",0.1,0.1,4,0.163736657330422
"SVM","Repeat_30_Fold_05",30,"Fold_05",6,"radial",1,0.1,4,0.163914003328773
"SVM","Repeat_30_Fold_05",30,"Fold_05",7,"radial",10,0.1,4,0.164884729591987
"SVM","Repeat_30_Fold_05",30,"Fold_05",8,"radial",100,0.1,4,0.188251137751521
"SVM","Repeat_30_Fold_05",30,"Fold_05",9,"radial",0.1,1,4,0.170627588825141
"SVM","Repeat_30_Fold_05",30,"Fold_05",10,"radial",1,1,4,0.190010638281321
"SVM","Repeat_30_Fold_05",30,"Fold_05",11,"radial",10,1,4,0.166552137154833
"SVM","Repeat_30_Fold_05",30,"Fold_05",12,"radial",100,1,4,0.164589790140144
