"Algorithm","Run_ID","Repeat","Fold_ID","mtry","min.node.size","OOB_Prediction_Error","RF_Seed","Selected"
"RF","Repeat_01_Fold_01",1,"Fold_01",1,5,0.0350920786919274,5111,TRUE
"RF","Repeat_01_Fold_01",1,"Fold_01",1,3,0.0353115983969829,5106,FALSE
"RF","Repeat_01_Fold_01",1,"Fold_01",1,1,0.0361432201342074,5101,FALSE
"RF","Repeat_01_Fold_01",1,"Fold_01",3,1,0.0366305739339564,5102,FALSE
"RF","Repeat_01_Fold_01",1,"Fold_01",3,3,0.0373641894959422,5107,FALSE
"RF","Repeat_01_Fold_01",1,"Fold_01",3,5,0.0382415372279712,5112,FALSE
"RF","Repeat_01_Fold_01",1,"Fold_01",4,3,0.0385536418929513,5108,FALSE
"RF","Repeat_01_Fold_01",1,"Fold_01",5,3,0.0390909046216211,5109,FALSE
"RF","Repeat_01_Fold_01",1,"Fold_01",4,1,0.0396782552733137,5103,FALSE
"RF","Repeat_01_Fold_01",1,"Fold_01",5,1,0.039740543537956,5104,FALSE
"RF","Repeat_01_Fold_01",1,"Fold_01",4,5,0.0398365038504123,5113,FALSE
"RF","Repeat_01_Fold_01",1,"Fold_01",5,5,0.040108827631184,5114,FALSE
"RF","Repeat_01_Fold_01",1,"Fold_01",10,1,0.0419171307967212,5105,FALSE
"RF","Repeat_01_Fold_01",1,"Fold_01",10,3,0.0424745341343232,5110,FALSE
"RF","Repeat_01_Fold_01",1,"Fold_01",10,5,0.0433646686987256,5115,FALSE
"RF","Repeat_01_Fold_02",1,"Fold_02",1,3,0.0367981422366974,5206,TRUE
"RF","Repeat_01_Fold_02",1,"Fold_02",1,5,0.0368794971124027,5211,FALSE
"RF","Repeat_01_Fold_02",1,"Fold_02",1,1,0.036911594954787,5201,FALSE
"RF","Repeat_01_Fold_02",1,"Fold_02",3,5,0.0387150670106801,5212,FALSE
"RF","Repeat_01_Fold_02",1,"Fold_02",3,3,0.038994294518015,5207,FALSE
"RF","Repeat_01_Fold_02",1,"Fold_02",4,5,0.0393595301814062,5213,FALSE
"RF","Repeat_01_Fold_02",1,"Fold_02",4,1,0.0400575988378138,5203,FALSE
"RF","Repeat_01_Fold_02",1,"Fold_02",3,1,0.0402131145340499,5202,FALSE
"RF","Repeat_01_Fold_02",1,"Fold_02",4,3,0.0405978167316489,5208,FALSE
"RF","Repeat_01_Fold_02",1,"Fold_02",6,5,0.0411590036776341,5214,FALSE
"RF","Repeat_01_Fold_02",1,"Fold_02",6,3,0.0412134538249285,5209,FALSE
"RF","Repeat_01_Fold_02",1,"Fold_02",6,1,0.0413013237281593,5204,FALSE
"RF","Repeat_01_Fold_02",1,"Fold_02",11,1,0.0438303295822001,5205,FALSE
"RF","Repeat_01_Fold_02",1,"Fold_02",11,3,0.0442775864648173,5210,FALSE
"RF","Repeat_01_Fold_02",1,"Fold_02",11,5,0.045137852388698,5215,FALSE
"RF","Repeat_01_Fold_03",1,"Fold_03",1,3,0.0357598350092179,5306,TRUE
"RF","Repeat_01_Fold_03",1,"Fold_03",1,5,0.035948208353686,5311,FALSE
"RF","Repeat_01_Fold_03",1,"Fold_03",1,1,0.0363047123425574,5301,FALSE
"RF","Repeat_01_Fold_03",1,"Fold_03",3,5,0.039771372559361,5312,FALSE
"RF","Repeat_01_Fold_03",1,"Fold_03",4,5,0.0399378032421235,5313,FALSE
"RF","Repeat_01_Fold_03",1,"Fold_03",3,3,0.0400471289328366,5307,FALSE
"RF","Repeat_01_Fold_03",1,"Fold_03",3,1,0.0400869357086751,5302,FALSE
"RF","Repeat_01_Fold_03",1,"Fold_03",4,1,0.0405149474309899,5303,FALSE
"RF","Repeat_01_Fold_03",1,"Fold_03",4,3,0.0405924198033549,5308,FALSE
"RF","Repeat_01_Fold_03",1,"Fold_03",5,3,0.0415516308542192,5309,FALSE
"RF","Repeat_01_Fold_03",1,"Fold_03",5,1,0.0416981925386976,5304,FALSE
"RF","Repeat_01_Fold_03",1,"Fold_03",5,5,0.0419527497324605,5314,FALSE
"RF","Repeat_01_Fold_03",1,"Fold_03",10,1,0.0455798726047718,5305,FALSE
"RF","Repeat_01_Fold_03",1,"Fold_03",10,5,0.0465646073087991,5315,FALSE
"RF","Repeat_01_Fold_03",1,"Fold_03",10,3,0.0465861891022823,5310,FALSE
"RF","Repeat_01_Fold_04",1,"Fold_04",1,1,0.03781214989933,5401,TRUE
"RF","Repeat_01_Fold_04",1,"Fold_04",1,5,0.0378482735687824,5411,FALSE
"RF","Repeat_01_Fold_04",1,"Fold_04",1,3,0.0384478124615496,5406,FALSE
"RF","Repeat_01_Fold_04",1,"Fold_04",3,1,0.0413100944936702,5402,FALSE
"RF","Repeat_01_Fold_04",1,"Fold_04",4,1,0.0414835788075844,5403,FALSE
"RF","Repeat_01_Fold_04",1,"Fold_04",5,1,0.0416271483088295,5404,FALSE
"RF","Repeat_01_Fold_04",1,"Fold_04",3,5,0.041851863143221,5412,FALSE
"RF","Repeat_01_Fold_04",1,"Fold_04",4,3,0.0419885657792801,5408,FALSE
"RF","Repeat_01_Fold_04",1,"Fold_04",3,3,0.042202593459272,5407,FALSE
"RF","Repeat_01_Fold_04",1,"Fold_04",5,3,0.0427490324834049,5409,FALSE
"RF","Repeat_01_Fold_04",1,"Fold_04",4,5,0.0428636069307386,5413,FALSE
"RF","Repeat_01_Fold_04",1,"Fold_04",5,5,0.0429838048712907,5414,FALSE
"RF","Repeat_01_Fold_04",1,"Fold_04",10,3,0.0440780133128904,5410,FALSE
"RF","Repeat_01_Fold_04",1,"Fold_04",10,1,0.0450616863002735,5405,FALSE
"RF","Repeat_01_Fold_04",1,"Fold_04",10,5,0.0471630144219704,5415,FALSE
"RF","Repeat_01_Fold_05",1,"Fold_05",1,5,0.0360009132924094,5511,TRUE
"RF","Repeat_01_Fold_05",1,"Fold_05",1,3,0.0364002385743358,5506,FALSE
"RF","Repeat_01_Fold_05",1,"Fold_05",1,1,0.0366656823451873,5501,FALSE
"RF","Repeat_01_Fold_05",1,"Fold_05",3,1,0.0396468389485418,5502,FALSE
"RF","Repeat_01_Fold_05",1,"Fold_05",3,3,0.0399731487149171,5507,FALSE
"RF","Repeat_01_Fold_05",1,"Fold_05",4,1,0.0408257234207614,5503,FALSE
"RF","Repeat_01_Fold_05",1,"Fold_05",4,3,0.0410092966363539,5508,FALSE
"RF","Repeat_01_Fold_05",1,"Fold_05",3,5,0.0410136109160895,5512,FALSE
"RF","Repeat_01_Fold_05",1,"Fold_05",4,5,0.0410648980407625,5513,FALSE
"RF","Repeat_01_Fold_05",1,"Fold_05",6,3,0.042716714833309,5509,FALSE
"RF","Repeat_01_Fold_05",1,"Fold_05",6,1,0.0427859882090782,5504,FALSE
"RF","Repeat_01_Fold_05",1,"Fold_05",6,5,0.0428141746268284,5514,FALSE
"RF","Repeat_01_Fold_05",1,"Fold_05",11,3,0.0446466796838639,5510,FALSE
"RF","Repeat_01_Fold_05",1,"Fold_05",11,1,0.0450698836844728,5505,FALSE
"RF","Repeat_01_Fold_05",1,"Fold_05",11,5,0.0456638590702919,5515,FALSE
"RF","Repeat_02_Fold_01",2,"Fold_01",1,3,0.034115765825024,5606,TRUE
"RF","Repeat_02_Fold_01",2,"Fold_01",1,5,0.0348700517408218,5611,FALSE
"RF","Repeat_02_Fold_01",2,"Fold_01",1,1,0.0349962130141516,5601,FALSE
"RF","Repeat_02_Fold_01",2,"Fold_01",3,5,0.0376354921659539,5612,FALSE
"RF","Repeat_02_Fold_01",2,"Fold_01",3,1,0.039406292643657,5602,FALSE
"RF","Repeat_02_Fold_01",2,"Fold_01",3,3,0.0395294671368806,5607,FALSE
"RF","Repeat_02_Fold_01",2,"Fold_01",4,5,0.0401772670841607,5613,FALSE
"RF","Repeat_02_Fold_01",2,"Fold_01",4,3,0.0407796358463571,5608,FALSE
"RF","Repeat_02_Fold_01",2,"Fold_01",5,5,0.0410002105906601,5614,FALSE
"RF","Repeat_02_Fold_01",2,"Fold_01",5,3,0.041366440630913,5609,FALSE
"RF","Repeat_02_Fold_01",2,"Fold_01",4,1,0.0414989536744408,5603,FALSE
"RF","Repeat_02_Fold_01",2,"Fold_01",5,1,0.0421466563304744,5604,FALSE
"RF","Repeat_02_Fold_01",2,"Fold_01",10,5,0.0427156841876774,5615,FALSE
"RF","Repeat_02_Fold_01",2,"Fold_01",10,3,0.0439550092576327,5610,FALSE
"RF","Repeat_02_Fold_01",2,"Fold_01",10,1,0.045783179989685,5605,FALSE
"RF","Repeat_02_Fold_02",2,"Fold_02",1,3,0.0357611328833344,5706,TRUE
"RF","Repeat_02_Fold_02",2,"Fold_02",1,5,0.0357792945326143,5711,FALSE
"RF","Repeat_02_Fold_02",2,"Fold_02",1,1,0.0359746483542439,5701,FALSE
"RF","Repeat_02_Fold_02",2,"Fold_02",4,5,0.0375078626517328,5713,FALSE
"RF","Repeat_02_Fold_02",2,"Fold_02",3,3,0.0375428226918509,5707,FALSE
"RF","Repeat_02_Fold_02",2,"Fold_02",3,1,0.037655956886879,5702,FALSE
"RF","Repeat_02_Fold_02",2,"Fold_02",4,1,0.0379600138203102,5703,FALSE
"RF","Repeat_02_Fold_02",2,"Fold_02",3,5,0.0385226523594406,5712,FALSE
"RF","Repeat_02_Fold_02",2,"Fold_02",4,3,0.0390245167061858,5708,FALSE
"RF","Repeat_02_Fold_02",2,"Fold_02",5,5,0.0390966627889105,5714,FALSE
"RF","Repeat_02_Fold_02",2,"Fold_02",5,3,0.0394634200209123,5709,FALSE
"RF","Repeat_02_Fold_02",2,"Fold_02",5,1,0.040597812504276,5704,FALSE
"RF","Repeat_02_Fold_02",2,"Fold_02",10,3,0.0423881688640837,5710,FALSE
"RF","Repeat_02_Fold_02",2,"Fold_02",10,1,0.0425956840588967,5705,FALSE
"RF","Repeat_02_Fold_02",2,"Fold_02",10,5,0.0427771036466712,5715,FALSE
"RF","Repeat_02_Fold_03",2,"Fold_03",1,3,0.0330229374067257,5806,TRUE
"RF","Repeat_02_Fold_03",2,"Fold_03",3,5,0.0330676775823463,5812,FALSE
"RF","Repeat_02_Fold_03",2,"Fold_03",1,5,0.033095535006884,5811,FALSE
"RF","Repeat_02_Fold_03",2,"Fold_03",1,1,0.0335942707240402,5801,FALSE
"RF","Repeat_02_Fold_03",2,"Fold_03",5,5,0.0348025576677288,5814,FALSE
"RF","Repeat_02_Fold_03",2,"Fold_03",3,3,0.0348402757136033,5807,FALSE
"RF","Repeat_02_Fold_03",2,"Fold_03",4,5,0.0350199599125847,5813,FALSE
"RF","Repeat_02_Fold_03",2,"Fold_03",4,3,0.0352385597869488,5808,FALSE
"RF","Repeat_02_Fold_03",2,"Fold_03",3,1,0.03603265484558,5802,FALSE
"RF","Repeat_02_Fold_03",2,"Fold_03",4,1,0.0363734841596502,5803,FALSE
"RF","Repeat_02_Fold_03",2,"Fold_03",5,3,0.0369161196705392,5809,FALSE
"RF","Repeat_02_Fold_03",2,"Fold_03",5,1,0.0370761838327916,5804,FALSE
"RF","Repeat_02_Fold_03",2,"Fold_03",10,5,0.0387737368596823,5815,FALSE
"RF","Repeat_02_Fold_03",2,"Fold_03",10,3,0.0404648743117627,5810,FALSE
"RF","Repeat_02_Fold_03",2,"Fold_03",10,1,0.0422690232820544,5805,FALSE
"RF","Repeat_02_Fold_04",2,"Fold_04",3,1,0.0318207488388227,5902,TRUE
"RF","Repeat_02_Fold_04",2,"Fold_04",1,3,0.032242407273893,5906,FALSE
"RF","Repeat_02_Fold_04",2,"Fold_04",3,5,0.0325650388174554,5912,FALSE
"RF","Repeat_02_Fold_04",2,"Fold_04",4,1,0.0326073281629554,5903,FALSE
"RF","Repeat_02_Fold_04",2,"Fold_04",5,1,0.0326283746983349,5904,FALSE
"RF","Repeat_02_Fold_04",2,"Fold_04",1,5,0.03266254538751,5911,FALSE
"RF","Repeat_02_Fold_04",2,"Fold_04",4,3,0.032667365263101,5908,FALSE
"RF","Repeat_02_Fold_04",2,"Fold_04",1,1,0.0327355850750446,5901,FALSE
"RF","Repeat_02_Fold_04",2,"Fold_04",3,3,0.0329516272610595,5907,FALSE
"RF","Repeat_02_Fold_04",2,"Fold_04",5,3,0.033370052841683,5909,FALSE
"RF","Repeat_02_Fold_04",2,"Fold_04",5,5,0.033585644389641,5914,FALSE
"RF","Repeat_02_Fold_04",2,"Fold_04",10,3,0.0343644643470415,5910,FALSE
"RF","Repeat_02_Fold_04",2,"Fold_04",4,5,0.0343697688490849,5913,FALSE
"RF","Repeat_02_Fold_04",2,"Fold_04",10,1,0.0344237794297264,5905,FALSE
"RF","Repeat_02_Fold_04",2,"Fold_04",10,5,0.0344691871804347,5915,FALSE
"RF","Repeat_02_Fold_05",2,"Fold_05",1,5,0.033986307291947,6011,TRUE
"RF","Repeat_02_Fold_05",2,"Fold_05",1,3,0.0341976174592928,6006,FALSE
"RF","Repeat_02_Fold_05",2,"Fold_05",1,1,0.0345213153559711,6001,FALSE
"RF","Repeat_02_Fold_05",2,"Fold_05",3,3,0.0345849008084711,6007,FALSE
"RF","Repeat_02_Fold_05",2,"Fold_05",3,1,0.0353901761359657,6002,FALSE
"RF","Repeat_02_Fold_05",2,"Fold_05",3,5,0.0356498184931433,6012,FALSE
"RF","Repeat_02_Fold_05",2,"Fold_05",5,3,0.0357096505852636,6009,FALSE
"RF","Repeat_02_Fold_05",2,"Fold_05",4,3,0.0358354695357926,6008,FALSE
"RF","Repeat_02_Fold_05",2,"Fold_05",5,5,0.0359398670664721,6014,FALSE
"RF","Repeat_02_Fold_05",2,"Fold_05",4,1,0.0360501540058381,6003,FALSE
"RF","Repeat_02_Fold_05",2,"Fold_05",4,5,0.0361042487196144,6013,FALSE
"RF","Repeat_02_Fold_05",2,"Fold_05",5,1,0.0365581391232374,6004,FALSE
"RF","Repeat_02_Fold_05",2,"Fold_05",10,1,0.0384940868934137,6005,FALSE
"RF","Repeat_02_Fold_05",2,"Fold_05",10,5,0.0387073674919077,6015,FALSE
"RF","Repeat_02_Fold_05",2,"Fold_05",10,3,0.0396794987814424,6010,FALSE
"RF","Repeat_03_Fold_01",3,"Fold_01",1,3,0.034706082062008,6106,TRUE
"RF","Repeat_03_Fold_01",3,"Fold_01",1,5,0.0349203544533191,6111,FALSE
"RF","Repeat_03_Fold_01",3,"Fold_01",1,1,0.0349477831936089,6101,FALSE
"RF","Repeat_03_Fold_01",3,"Fold_01",3,3,0.0354569095381791,6107,FALSE
"RF","Repeat_03_Fold_01",3,"Fold_01",3,1,0.0354698914904999,6102,FALSE
"RF","Repeat_03_Fold_01",3,"Fold_01",4,1,0.0356675770730383,6103,FALSE
"RF","Repeat_03_Fold_01",3,"Fold_01",3,5,0.0360786678532683,6112,FALSE
"RF","Repeat_03_Fold_01",3,"Fold_01",5,1,0.036702216345163,6104,FALSE
"RF","Repeat_03_Fold_01",3,"Fold_01",4,5,0.0373426134426294,6113,FALSE
"RF","Repeat_03_Fold_01",3,"Fold_01",4,3,0.0377876172437805,6108,FALSE
"RF","Repeat_03_Fold_01",3,"Fold_01",5,3,0.0380539545706543,6109,FALSE
"RF","Repeat_03_Fold_01",3,"Fold_01",5,5,0.0388029014359147,6114,FALSE
"RF","Repeat_03_Fold_01",3,"Fold_01",10,1,0.0395846012636529,6105,FALSE
"RF","Repeat_03_Fold_01",3,"Fold_01",10,3,0.0396803951557625,6110,FALSE
"RF","Repeat_03_Fold_01",3,"Fold_01",10,5,0.0416143444046498,6115,FALSE
"RF","Repeat_03_Fold_02",3,"Fold_02",1,5,0.0356428822460925,6211,TRUE
"RF","Repeat_03_Fold_02",3,"Fold_02",1,1,0.0357413967489241,6201,FALSE
"RF","Repeat_03_Fold_02",3,"Fold_02",1,3,0.0359656895171446,6206,FALSE
"RF","Repeat_03_Fold_02",3,"Fold_02",3,5,0.037187990478243,6212,FALSE
"RF","Repeat_03_Fold_02",3,"Fold_02",4,1,0.0377930198117367,6203,FALSE
"RF","Repeat_03_Fold_02",3,"Fold_02",3,3,0.0378172119629924,6207,FALSE
"RF","Repeat_03_Fold_02",3,"Fold_02",3,1,0.0378238322437064,6202,FALSE
"RF","Repeat_03_Fold_02",3,"Fold_02",4,3,0.0379006597324869,6208,FALSE
"RF","Repeat_03_Fold_02",3,"Fold_02",5,1,0.0385980417677569,6204,FALSE
"RF","Repeat_03_Fold_02",3,"Fold_02",5,5,0.0387453106120197,6214,FALSE
"RF","Repeat_03_Fold_02",3,"Fold_02",4,5,0.0389294709223625,6213,FALSE
"RF","Repeat_03_Fold_02",3,"Fold_02",5,3,0.0394557473565818,6209,FALSE
"RF","Repeat_03_Fold_02",3,"Fold_02",10,1,0.0425687350910205,6205,FALSE
"RF","Repeat_03_Fold_02",3,"Fold_02",10,3,0.043873182209069,6210,FALSE
"RF","Repeat_03_Fold_02",3,"Fold_02",10,5,0.0453741876889831,6215,FALSE
"RF","Repeat_03_Fold_03",3,"Fold_03",1,1,0.0373892552162037,6301,TRUE
"RF","Repeat_03_Fold_03",3,"Fold_03",1,5,0.0375283945209809,6311,FALSE
"RF","Repeat_03_Fold_03",3,"Fold_03",1,3,0.0376366746421111,6306,FALSE
"RF","Repeat_03_Fold_03",3,"Fold_03",3,1,0.0414232622124436,6302,FALSE
"RF","Repeat_03_Fold_03",3,"Fold_03",3,3,0.0419371749786278,6307,FALSE
"RF","Repeat_03_Fold_03",3,"Fold_03",3,5,0.0426056060902817,6312,FALSE
"RF","Repeat_03_Fold_03",3,"Fold_03",4,3,0.0439362384562173,6308,FALSE
"RF","Repeat_03_Fold_03",3,"Fold_03",4,5,0.0440872325991035,6313,FALSE
"RF","Repeat_03_Fold_03",3,"Fold_03",5,5,0.0444104723757508,6314,FALSE
"RF","Repeat_03_Fold_03",3,"Fold_03",4,1,0.0449599374700641,6303,FALSE
"RF","Repeat_03_Fold_03",3,"Fold_03",5,1,0.0451577321001714,6304,FALSE
"RF","Repeat_03_Fold_03",3,"Fold_03",5,3,0.0451580865575803,6309,FALSE
"RF","Repeat_03_Fold_03",3,"Fold_03",10,3,0.0502317708087953,6310,FALSE
"RF","Repeat_03_Fold_03",3,"Fold_03",10,1,0.0507660089719504,6305,FALSE
"RF","Repeat_03_Fold_03",3,"Fold_03",10,5,0.0510726980659385,6315,FALSE
"RF","Repeat_03_Fold_04",3,"Fold_04",1,5,0.035779148590651,6411,TRUE
"RF","Repeat_03_Fold_04",3,"Fold_04",1,1,0.0363197049856572,6401,FALSE
"RF","Repeat_03_Fold_04",3,"Fold_04",3,1,0.036864549098226,6402,FALSE
"RF","Repeat_03_Fold_04",3,"Fold_04",1,3,0.0369067082171453,6406,FALSE
"RF","Repeat_03_Fold_04",3,"Fold_04",3,5,0.0375278933822447,6412,FALSE
"RF","Repeat_03_Fold_04",3,"Fold_04",4,1,0.0378370510602147,6403,FALSE
"RF","Repeat_03_Fold_04",3,"Fold_04",5,5,0.0378865986933144,6414,FALSE
"RF","Repeat_03_Fold_04",3,"Fold_04",4,5,0.0380648367528443,6413,FALSE
"RF","Repeat_03_Fold_04",3,"Fold_04",3,3,0.0383466715236002,6407,FALSE
"RF","Repeat_03_Fold_04",3,"Fold_04",5,1,0.0384347300990962,6404,FALSE
"RF","Repeat_03_Fold_04",3,"Fold_04",4,3,0.0384454704443984,6408,FALSE
"RF","Repeat_03_Fold_04",3,"Fold_04",5,3,0.0392167154100984,6409,FALSE
"RF","Repeat_03_Fold_04",3,"Fold_04",10,3,0.0440249864711429,6410,FALSE
"RF","Repeat_03_Fold_04",3,"Fold_04",10,5,0.0448802556146601,6415,FALSE
"RF","Repeat_03_Fold_04",3,"Fold_04",10,1,0.0452140797223571,6405,FALSE
"RF","Repeat_03_Fold_05",3,"Fold_05",1,5,0.0364824867701447,6511,TRUE
"RF","Repeat_03_Fold_05",3,"Fold_05",1,3,0.0371793376899895,6506,FALSE
"RF","Repeat_03_Fold_05",3,"Fold_05",1,1,0.0371925043048745,6501,FALSE
"RF","Repeat_03_Fold_05",3,"Fold_05",3,5,0.0402074641278764,6512,FALSE
"RF","Repeat_03_Fold_05",3,"Fold_05",3,3,0.0410700340282942,6507,FALSE
"RF","Repeat_03_Fold_05",3,"Fold_05",3,1,0.0419872918725102,6502,FALSE
"RF","Repeat_03_Fold_05",3,"Fold_05",4,5,0.0424970674046671,6513,FALSE
"RF","Repeat_03_Fold_05",3,"Fold_05",4,3,0.042551477854806,6508,FALSE
"RF","Repeat_03_Fold_05",3,"Fold_05",5,5,0.0429319833265076,6514,FALSE
"RF","Repeat_03_Fold_05",3,"Fold_05",4,1,0.0437201150766769,6503,FALSE
"RF","Repeat_03_Fold_05",3,"Fold_05",5,1,0.0439148483500292,6504,FALSE
"RF","Repeat_03_Fold_05",3,"Fold_05",5,3,0.0444891154966906,6509,FALSE
"RF","Repeat_03_Fold_05",3,"Fold_05",10,3,0.0485067358923631,6510,FALSE
"RF","Repeat_03_Fold_05",3,"Fold_05",10,1,0.0495573869559839,6505,FALSE
"RF","Repeat_03_Fold_05",3,"Fold_05",10,5,0.0497374816066389,6515,FALSE
"RF","Repeat_04_Fold_01",4,"Fold_01",1,3,0.0343389834741771,6606,TRUE
"RF","Repeat_04_Fold_01",4,"Fold_01",1,5,0.0347008317933034,6611,FALSE
"RF","Repeat_04_Fold_01",4,"Fold_01",1,1,0.0350199064317364,6601,FALSE
"RF","Repeat_04_Fold_01",4,"Fold_01",3,3,0.0356083893613152,6607,FALSE
"RF","Repeat_04_Fold_01",4,"Fold_01",3,1,0.0356992418917587,6602,FALSE
"RF","Repeat_04_Fold_01",4,"Fold_01",3,5,0.036965095794449,6612,FALSE
"RF","Repeat_04_Fold_01",4,"Fold_01",4,3,0.037166098568901,6608,FALSE
"RF","Repeat_04_Fold_01",4,"Fold_01",4,1,0.0372895068643957,6603,FALSE
"RF","Repeat_04_Fold_01",4,"Fold_01",5,1,0.037879491363102,6604,FALSE
"RF","Repeat_04_Fold_01",4,"Fold_01",4,5,0.0386006710672972,6613,FALSE
"RF","Repeat_04_Fold_01",4,"Fold_01",5,3,0.0391670374695393,6609,FALSE
"RF","Repeat_04_Fold_01",4,"Fold_01",5,5,0.0394091650133921,6614,FALSE
"RF","Repeat_04_Fold_01",4,"Fold_01",10,1,0.0397642459992856,6605,FALSE
"RF","Repeat_04_Fold_01",4,"Fold_01",10,3,0.0403916353418356,6610,FALSE
"RF","Repeat_04_Fold_01",4,"Fold_01",10,5,0.0419169306078641,6615,FALSE
"RF","Repeat_04_Fold_02",4,"Fold_02",1,1,0.0359372858804347,6701,TRUE
"RF","Repeat_04_Fold_02",4,"Fold_02",1,3,0.0363752363963539,6706,FALSE
"RF","Repeat_04_Fold_02",4,"Fold_02",1,5,0.0367078264303003,6711,FALSE
"RF","Repeat_04_Fold_02",4,"Fold_02",3,3,0.0379179735875432,6707,FALSE
"RF","Repeat_04_Fold_02",4,"Fold_02",3,1,0.0382248881862418,6702,FALSE
"RF","Repeat_04_Fold_02",4,"Fold_02",4,3,0.0382635318781126,6708,FALSE
"RF","Repeat_04_Fold_02",4,"Fold_02",5,3,0.0385992792805534,6709,FALSE
"RF","Repeat_04_Fold_02",4,"Fold_02",5,5,0.0386227783284725,6714,FALSE
"RF","Repeat_04_Fold_02",4,"Fold_02",3,5,0.0388830659155317,6712,FALSE
"RF","Repeat_04_Fold_02",4,"Fold_02",5,1,0.0390303553068894,6704,FALSE
"RF","Repeat_04_Fold_02",4,"Fold_02",4,5,0.039033338694631,6713,FALSE
"RF","Repeat_04_Fold_02",4,"Fold_02",4,1,0.0392321183404958,6703,FALSE
"RF","Repeat_04_Fold_02",4,"Fold_02",10,1,0.0419733713114678,6705,FALSE
"RF","Repeat_04_Fold_02",4,"Fold_02",10,3,0.0431063933776628,6710,FALSE
"RF","Repeat_04_Fold_02",4,"Fold_02",10,5,0.0431170728703622,6715,FALSE
"RF","Repeat_04_Fold_03",4,"Fold_03",1,3,0.0352490925739359,6806,TRUE
"RF","Repeat_04_Fold_03",4,"Fold_03",1,5,0.0358429839551023,6811,FALSE
"RF","Repeat_04_Fold_03",4,"Fold_03",1,1,0.03587735670198,6801,FALSE
"RF","Repeat_04_Fold_03",4,"Fold_03",3,3,0.0387209242097038,6807,FALSE
"RF","Repeat_04_Fold_03",4,"Fold_03",3,5,0.0395144120498711,6812,FALSE
"RF","Repeat_04_Fold_03",4,"Fold_03",4,5,0.0395479687098852,6813,FALSE
"RF","Repeat_04_Fold_03",4,"Fold_03",3,1,0.0409640097963974,6802,FALSE
"RF","Repeat_04_Fold_03",4,"Fold_03",4,1,0.0413919942908919,6803,FALSE
"RF","Repeat_04_Fold_03",4,"Fold_03",5,3,0.0418723913743556,6809,FALSE
"RF","Repeat_04_Fold_03",4,"Fold_03",4,3,0.0420426543145156,6808,FALSE
"RF","Repeat_04_Fold_03",4,"Fold_03",5,5,0.042412840073841,6814,FALSE
"RF","Repeat_04_Fold_03",4,"Fold_03",5,1,0.0434057607962528,6804,FALSE
"RF","Repeat_04_Fold_03",4,"Fold_03",10,5,0.0463985619587684,6815,FALSE
"RF","Repeat_04_Fold_03",4,"Fold_03",10,3,0.0474778310235109,6810,FALSE
"RF","Repeat_04_Fold_03",4,"Fold_03",10,1,0.0481100525213122,6805,FALSE
"RF","Repeat_04_Fold_04",4,"Fold_04",1,1,0.0344985240209969,6901,TRUE
"RF","Repeat_04_Fold_04",4,"Fold_04",1,3,0.0346776266597187,6906,FALSE
"RF","Repeat_04_Fold_04",4,"Fold_04",1,5,0.0348156236394706,6911,FALSE
"RF","Repeat_04_Fold_04",4,"Fold_04",3,3,0.0370868413639281,6907,FALSE
"RF","Repeat_04_Fold_04",4,"Fold_04",4,1,0.0371862704515962,6903,FALSE
"RF","Repeat_04_Fold_04",4,"Fold_04",5,1,0.0372209537531453,6904,FALSE
"RF","Repeat_04_Fold_04",4,"Fold_04",3,1,0.0372246543873013,6902,FALSE
"RF","Repeat_04_Fold_04",4,"Fold_04",4,5,0.0372399774039196,6913,FALSE
"RF","Repeat_04_Fold_04",4,"Fold_04",3,5,0.0373388052107086,6912,FALSE
"RF","Repeat_04_Fold_04",4,"Fold_04",5,3,0.0375407522021898,6909,FALSE
"RF","Repeat_04_Fold_04",4,"Fold_04",4,3,0.0375490380338094,6908,FALSE
"RF","Repeat_04_Fold_04",4,"Fold_04",5,5,0.037745682057909,6914,FALSE
"RF","Repeat_04_Fold_04",4,"Fold_04",10,3,0.039686229475291,6910,FALSE
"RF","Repeat_04_Fold_04",4,"Fold_04",10,1,0.0397307400457746,6905,FALSE
"RF","Repeat_04_Fold_04",4,"Fold_04",10,5,0.040688704341308,6915,FALSE
"RF","Repeat_04_Fold_05",4,"Fold_05",1,5,0.0368125241711673,7011,TRUE
"RF","Repeat_04_Fold_05",4,"Fold_05",1,1,0.0372294172768443,7001,FALSE
"RF","Repeat_04_Fold_05",4,"Fold_05",1,3,0.0372302804533073,7006,FALSE
"RF","Repeat_04_Fold_05",4,"Fold_05",3,5,0.041510611444457,7012,FALSE
"RF","Repeat_04_Fold_05",4,"Fold_05",3,3,0.0427983875503517,7007,FALSE
"RF","Repeat_04_Fold_05",4,"Fold_05",3,1,0.0429658418949193,7002,FALSE
"RF","Repeat_04_Fold_05",4,"Fold_05",4,5,0.0434445774067059,7013,FALSE
"RF","Repeat_04_Fold_05",4,"Fold_05",4,3,0.0442569338846538,7008,FALSE
"RF","Repeat_04_Fold_05",4,"Fold_05",5,5,0.0444142408629887,7014,FALSE
"RF","Repeat_04_Fold_05",4,"Fold_05",4,1,0.0444361525428836,7003,FALSE
"RF","Repeat_04_Fold_05",4,"Fold_05",5,3,0.044696000758861,7009,FALSE
"RF","Repeat_04_Fold_05",4,"Fold_05",5,1,0.0459244908066001,7004,FALSE
"RF","Repeat_04_Fold_05",4,"Fold_05",10,5,0.0486176167602438,7015,FALSE
"RF","Repeat_04_Fold_05",4,"Fold_05",10,3,0.0489465256823672,7010,FALSE
"RF","Repeat_04_Fold_05",4,"Fold_05",10,1,0.0498810790524724,7005,FALSE
"RF","Repeat_05_Fold_01",5,"Fold_01",1,5,0.033833653567548,7111,TRUE
"RF","Repeat_05_Fold_01",5,"Fold_01",1,1,0.0346399516545491,7101,FALSE
"RF","Repeat_05_Fold_01",5,"Fold_01",1,3,0.0351908366583364,7106,FALSE
"RF","Repeat_05_Fold_01",5,"Fold_01",3,1,0.0372058133497693,7102,FALSE
"RF","Repeat_05_Fold_01",5,"Fold_01",3,3,0.0372894532153119,7107,FALSE
"RF","Repeat_05_Fold_01",5,"Fold_01",4,1,0.0379111937364935,7103,FALSE
"RF","Repeat_05_Fold_01",5,"Fold_01",3,5,0.0379240837557423,7112,FALSE
"RF","Repeat_05_Fold_01",5,"Fold_01",5,1,0.038062684000614,7104,FALSE
"RF","Repeat_05_Fold_01",5,"Fold_01",4,5,0.0385640642570412,7113,FALSE
"RF","Repeat_05_Fold_01",5,"Fold_01",5,5,0.0386294399013196,7114,FALSE
"RF","Repeat_05_Fold_01",5,"Fold_01",4,3,0.0389772508405944,7108,FALSE
"RF","Repeat_05_Fold_01",5,"Fold_01",5,3,0.0402404781111296,7109,FALSE
"RF","Repeat_05_Fold_01",5,"Fold_01",10,1,0.0410226859493157,7105,FALSE
"RF","Repeat_05_Fold_01",5,"Fold_01",10,3,0.0416897333395316,7110,FALSE
"RF","Repeat_05_Fold_01",5,"Fold_01",10,5,0.0420536797002522,7115,FALSE
"RF","Repeat_05_Fold_02",5,"Fold_02",1,1,0.0343022023114352,7201,TRUE
"RF","Repeat_05_Fold_02",5,"Fold_02",1,5,0.0343341970766924,7211,FALSE
"RF","Repeat_05_Fold_02",5,"Fold_02",3,5,0.0349684355892449,7212,FALSE
"RF","Repeat_05_Fold_02",5,"Fold_02",5,5,0.0350842173575964,7214,FALSE
"RF","Repeat_05_Fold_02",5,"Fold_02",1,3,0.0354088669402062,7206,FALSE
"RF","Repeat_05_Fold_02",5,"Fold_02",4,1,0.0355283279193201,7203,FALSE
"RF","Repeat_05_Fold_02",5,"Fold_02",3,3,0.0355629417568214,7207,FALSE
"RF","Repeat_05_Fold_02",5,"Fold_02",4,5,0.0355773783730167,7213,FALSE
"RF","Repeat_05_Fold_02",5,"Fold_02",3,1,0.0357461186340627,7202,FALSE
"RF","Repeat_05_Fold_02",5,"Fold_02",5,1,0.0358903257197502,7204,FALSE
"RF","Repeat_05_Fold_02",5,"Fold_02",4,3,0.0360255960401591,7208,FALSE
"RF","Repeat_05_Fold_02",5,"Fold_02",5,3,0.0372556699357418,7209,FALSE
"RF","Repeat_05_Fold_02",5,"Fold_02",10,1,0.0390086414875781,7205,FALSE
"RF","Repeat_05_Fold_02",5,"Fold_02",10,3,0.0396344796225536,7210,FALSE
"RF","Repeat_05_Fold_02",5,"Fold_02",10,5,0.0397914477153088,7215,FALSE
"RF","Repeat_05_Fold_03",5,"Fold_03",1,5,0.0357655256947862,7311,TRUE
"RF","Repeat_05_Fold_03",5,"Fold_03",1,3,0.0369767768865212,7306,FALSE
"RF","Repeat_05_Fold_03",5,"Fold_03",1,1,0.0370003854172938,7301,FALSE
"RF","Repeat_05_Fold_03",5,"Fold_03",3,5,0.0406989996437899,7312,FALSE
"RF","Repeat_05_Fold_03",5,"Fold_03",3,3,0.0409413324754314,7307,FALSE
"RF","Repeat_05_Fold_03",5,"Fold_03",4,5,0.0413843557678515,7313,FALSE
"RF","Repeat_05_Fold_03",5,"Fold_03",3,1,0.0419931497071115,7302,FALSE
"RF","Repeat_05_Fold_03",5,"Fold_03",4,3,0.0426609046319492,7308,FALSE
"RF","Repeat_05_Fold_03",5,"Fold_03",4,1,0.0431142330039751,7303,FALSE
"RF","Repeat_05_Fold_03",5,"Fold_03",6,1,0.0453013450229986,7304,FALSE
"RF","Repeat_05_Fold_03",5,"Fold_03",6,5,0.0459065571825008,7314,FALSE
"RF","Repeat_05_Fold_03",5,"Fold_03",6,3,0.0459529201182958,7309,FALSE
"RF","Repeat_05_Fold_03",5,"Fold_03",11,3,0.0502183035811424,7310,FALSE
"RF","Repeat_05_Fold_03",5,"Fold_03",11,1,0.0514562588212865,7305,FALSE
"RF","Repeat_05_Fold_03",5,"Fold_03",11,5,0.0515810349512981,7315,FALSE
"RF","Repeat_05_Fold_04",5,"Fold_04",1,3,0.0345972702237291,7406,TRUE
"RF","Repeat_05_Fold_04",5,"Fold_04",1,1,0.0347821490481936,7401,FALSE
"RF","Repeat_05_Fold_04",5,"Fold_04",1,5,0.0354069038915022,7411,FALSE
"RF","Repeat_05_Fold_04",5,"Fold_04",3,1,0.0354499777250491,7402,FALSE
"RF","Repeat_05_Fold_04",5,"Fold_04",3,5,0.03594778825026,7412,FALSE
"RF","Repeat_05_Fold_04",5,"Fold_04",4,3,0.0359630543759164,7408,FALSE
"RF","Repeat_05_Fold_04",5,"Fold_04",4,5,0.0360916945322825,7413,FALSE
"RF","Repeat_05_Fold_04",5,"Fold_04",3,3,0.0362773726462998,7407,FALSE
"RF","Repeat_05_Fold_04",5,"Fold_04",6,1,0.0366332600462887,7404,FALSE
"RF","Repeat_05_Fold_04",5,"Fold_04",4,1,0.0366898574395664,7403,FALSE
"RF","Repeat_05_Fold_04",5,"Fold_04",11,1,0.0381630145727883,7405,FALSE
"RF","Repeat_05_Fold_04",5,"Fold_04",6,3,0.0387830121288157,7409,FALSE
"RF","Repeat_05_Fold_04",5,"Fold_04",6,5,0.0389582828564138,7414,FALSE
"RF","Repeat_05_Fold_04",5,"Fold_04",11,3,0.0398085300630942,7410,FALSE
"RF","Repeat_05_Fold_04",5,"Fold_04",11,5,0.0404892141531036,7415,FALSE
"RF","Repeat_05_Fold_05",5,"Fold_05",1,1,0.03524837854166,7501,TRUE
"RF","Repeat_05_Fold_05",5,"Fold_05",1,5,0.0354200465933163,7511,FALSE
"RF","Repeat_05_Fold_05",5,"Fold_05",1,3,0.0363863612501907,7506,FALSE
"RF","Repeat_05_Fold_05",5,"Fold_05",3,5,0.0394650163128776,7512,FALSE
"RF","Repeat_05_Fold_05",5,"Fold_05",3,3,0.0399267423323529,7507,FALSE
"RF","Repeat_05_Fold_05",5,"Fold_05",3,1,0.0401788585038516,7502,FALSE
"RF","Repeat_05_Fold_05",5,"Fold_05",4,5,0.0402975047905976,7513,FALSE
"RF","Repeat_05_Fold_05",5,"Fold_05",4,3,0.0408547071545366,7508,FALSE
"RF","Repeat_05_Fold_05",5,"Fold_05",4,1,0.0414116813844122,7503,FALSE
"RF","Repeat_05_Fold_05",5,"Fold_05",6,5,0.042675168826386,7514,FALSE
"RF","Repeat_05_Fold_05",5,"Fold_05",6,3,0.0435441257374032,7509,FALSE
"RF","Repeat_05_Fold_05",5,"Fold_05",6,1,0.0444548064345457,7504,FALSE
"RF","Repeat_05_Fold_05",5,"Fold_05",11,3,0.0477402012057424,7510,FALSE
"RF","Repeat_05_Fold_05",5,"Fold_05",11,1,0.0483419099154853,7505,FALSE
"RF","Repeat_05_Fold_05",5,"Fold_05",11,5,0.0488741559251427,7515,FALSE
"RF","Repeat_06_Fold_01",6,"Fold_01",1,3,0.0362974451641006,7606,TRUE
"RF","Repeat_06_Fold_01",6,"Fold_01",1,1,0.0364458222023899,7601,FALSE
"RF","Repeat_06_Fold_01",6,"Fold_01",1,5,0.0365975083185163,7611,FALSE
"RF","Repeat_06_Fold_01",6,"Fold_01",3,5,0.0389838535241198,7612,FALSE
"RF","Repeat_06_Fold_01",6,"Fold_01",3,3,0.0400824070259456,7607,FALSE
"RF","Repeat_06_Fold_01",6,"Fold_01",4,1,0.0407785124202027,7603,FALSE
"RF","Repeat_06_Fold_01",6,"Fold_01",3,1,0.0411263527028441,7602,FALSE
"RF","Repeat_06_Fold_01",6,"Fold_01",4,5,0.0412774986541779,7613,FALSE
"RF","Repeat_06_Fold_01",6,"Fold_01",4,3,0.0420882681740906,7608,FALSE
"RF","Repeat_06_Fold_01",6,"Fold_01",5,5,0.0426070658735984,7614,FALSE
"RF","Repeat_06_Fold_01",6,"Fold_01",5,3,0.0427703039512462,7609,FALSE
"RF","Repeat_06_Fold_01",6,"Fold_01",5,1,0.0438258743927725,7604,FALSE
"RF","Repeat_06_Fold_01",6,"Fold_01",10,5,0.0474545715689454,7615,FALSE
"RF","Repeat_06_Fold_01",6,"Fold_01",10,1,0.0480873618308286,7605,FALSE
"RF","Repeat_06_Fold_01",6,"Fold_01",10,3,0.0484663006168879,7610,FALSE
"RF","Repeat_06_Fold_02",6,"Fold_02",1,5,0.0364381434854641,7711,TRUE
"RF","Repeat_06_Fold_02",6,"Fold_02",1,3,0.0367677401495684,7706,FALSE
"RF","Repeat_06_Fold_02",6,"Fold_02",1,1,0.0371008104722832,7701,FALSE
"RF","Repeat_06_Fold_02",6,"Fold_02",3,1,0.0398135611584368,7702,FALSE
"RF","Repeat_06_Fold_02",6,"Fold_02",3,5,0.0403403652737837,7712,FALSE
"RF","Repeat_06_Fold_02",6,"Fold_02",3,3,0.0409064374981024,7707,FALSE
"RF","Repeat_06_Fold_02",6,"Fold_02",4,5,0.0423236783554715,7713,FALSE
"RF","Repeat_06_Fold_02",6,"Fold_02",4,1,0.0425121596912867,7703,FALSE
"RF","Repeat_06_Fold_02",6,"Fold_02",4,3,0.0427180076653031,7708,FALSE
"RF","Repeat_06_Fold_02",6,"Fold_02",5,5,0.0434238484331724,7714,FALSE
"RF","Repeat_06_Fold_02",6,"Fold_02",5,1,0.0444096760929615,7704,FALSE
"RF","Repeat_06_Fold_02",6,"Fold_02",5,3,0.0446451226957387,7709,FALSE
"RF","Repeat_06_Fold_02",6,"Fold_02",10,5,0.0486239960361622,7715,FALSE
"RF","Repeat_06_Fold_02",6,"Fold_02",10,3,0.0499914126653547,7710,FALSE
"RF","Repeat_06_Fold_02",6,"Fold_02",10,1,0.0500585404960799,7705,FALSE
"RF","Repeat_06_Fold_03",6,"Fold_03",1,5,0.036281099441803,7811,TRUE
"RF","Repeat_06_Fold_03",6,"Fold_03",1,1,0.0366015745526687,7801,FALSE
"RF","Repeat_06_Fold_03",6,"Fold_03",1,3,0.0366405677856134,7806,FALSE
"RF","Repeat_06_Fold_03",6,"Fold_03",3,1,0.0382239315167736,7802,FALSE
"RF","Repeat_06_Fold_03",6,"Fold_03",3,5,0.0391261405198761,7812,FALSE
"RF","Repeat_06_Fold_03",6,"Fold_03",3,3,0.0394094239716679,7807,FALSE
"RF","Repeat_06_Fold_03",6,"Fold_03",4,1,0.0402166371550763,7803,FALSE
"RF","Repeat_06_Fold_03",6,"Fold_03",4,3,0.0404325435519652,7808,FALSE
"RF","Repeat_06_Fold_03",6,"Fold_03",4,5,0.0406061049424009,7813,FALSE
"RF","Repeat_06_Fold_03",6,"Fold_03",5,3,0.0417282853102402,7809,FALSE
"RF","Repeat_06_Fold_03",6,"Fold_03",5,1,0.0417814704001803,7804,FALSE
"RF","Repeat_06_Fold_03",6,"Fold_03",5,5,0.0426055268384289,7814,FALSE
"RF","Repeat_06_Fold_03",6,"Fold_03",10,1,0.0454703205962199,7805,FALSE
"RF","Repeat_06_Fold_03",6,"Fold_03",10,5,0.0466320931765891,7815,FALSE
"RF","Repeat_06_Fold_03",6,"Fold_03",10,3,0.0466417044224377,7810,FALSE
"RF","Repeat_06_Fold_04",6,"Fold_04",1,1,0.0364369741108492,7901,TRUE
"RF","Repeat_06_Fold_04",6,"Fold_04",1,5,0.0367777399382024,7911,FALSE
"RF","Repeat_06_Fold_04",6,"Fold_04",1,3,0.0368888880310008,7906,FALSE
"RF","Repeat_06_Fold_04",6,"Fold_04",5,1,0.0382946910214517,7904,FALSE
"RF","Repeat_06_Fold_04",6,"Fold_04",5,3,0.0382982431043776,7909,FALSE
"RF","Repeat_06_Fold_04",6,"Fold_04",4,1,0.0384550670208893,7903,FALSE
"RF","Repeat_06_Fold_04",6,"Fold_04",3,3,0.038551013093928,7907,FALSE
"RF","Repeat_06_Fold_04",6,"Fold_04",3,5,0.0387816904291991,7912,FALSE
"RF","Repeat_06_Fold_04",6,"Fold_04",4,3,0.0389053445779707,7908,FALSE
"RF","Repeat_06_Fold_04",6,"Fold_04",3,1,0.03946851488848,7902,FALSE
"RF","Repeat_06_Fold_04",6,"Fold_04",10,3,0.0394872779492985,7910,FALSE
"RF","Repeat_06_Fold_04",6,"Fold_04",10,1,0.0395205821276768,7905,FALSE
"RF","Repeat_06_Fold_04",6,"Fold_04",5,5,0.0395691321847395,7914,FALSE
"RF","Repeat_06_Fold_04",6,"Fold_04",4,5,0.0402397283670562,7913,FALSE
"RF","Repeat_06_Fold_04",6,"Fold_04",10,5,0.0416521065528053,7915,FALSE
"RF","Repeat_06_Fold_05",6,"Fold_05",1,5,0.0362327938259934,8011,TRUE
"RF","Repeat_06_Fold_05",6,"Fold_05",1,3,0.0365264988741422,8006,FALSE
"RF","Repeat_06_Fold_05",6,"Fold_05",1,1,0.0368683888084534,8001,FALSE
"RF","Repeat_06_Fold_05",6,"Fold_05",3,5,0.0393092670894289,8012,FALSE
"RF","Repeat_06_Fold_05",6,"Fold_05",3,1,0.0403588155538367,8002,FALSE
"RF","Repeat_06_Fold_05",6,"Fold_05",4,5,0.0409551630850502,8013,FALSE
"RF","Repeat_06_Fold_05",6,"Fold_05",3,3,0.0411562241303089,8007,FALSE
"RF","Repeat_06_Fold_05",6,"Fold_05",4,1,0.0414760439750213,8003,FALSE
"RF","Repeat_06_Fold_05",6,"Fold_05",5,3,0.0420500938195826,8009,FALSE
"RF","Repeat_06_Fold_05",6,"Fold_05",4,3,0.0421941180703219,8008,FALSE
"RF","Repeat_06_Fold_05",6,"Fold_05",5,1,0.0427720313449149,8004,FALSE
"RF","Repeat_06_Fold_05",6,"Fold_05",5,5,0.042846767211009,8014,FALSE
"RF","Repeat_06_Fold_05",6,"Fold_05",10,5,0.0472159664496125,8015,FALSE
"RF","Repeat_06_Fold_05",6,"Fold_05",10,3,0.0477143280657027,8010,FALSE
"RF","Repeat_06_Fold_05",6,"Fold_05",10,1,0.0494976445386195,8005,FALSE
"RF","Repeat_07_Fold_01",7,"Fold_01",1,5,0.0336639564202364,8111,TRUE
"RF","Repeat_07_Fold_01",7,"Fold_01",1,3,0.0338432314971596,8106,FALSE
"RF","Repeat_07_Fold_01",7,"Fold_01",1,1,0.0342828694477041,8101,FALSE
"RF","Repeat_07_Fold_01",7,"Fold_01",3,3,0.0345190208702554,8107,FALSE
"RF","Repeat_07_Fold_01",7,"Fold_01",3,1,0.0348278109992278,8102,FALSE
"RF","Repeat_07_Fold_01",7,"Fold_01",4,3,0.0355679211453119,8108,FALSE
"RF","Repeat_07_Fold_01",7,"Fold_01",3,5,0.0357429813916341,8112,FALSE
"RF","Repeat_07_Fold_01",7,"Fold_01",4,1,0.0357616932021796,8103,FALSE
"RF","Repeat_07_Fold_01",7,"Fold_01",5,3,0.0362273191454314,8109,FALSE
"RF","Repeat_07_Fold_01",7,"Fold_01",5,1,0.0363173537697199,8104,FALSE
"RF","Repeat_07_Fold_01",7,"Fold_01",4,5,0.0363689181967772,8113,FALSE
"RF","Repeat_07_Fold_01",7,"Fold_01",5,5,0.036965354220993,8114,FALSE
"RF","Repeat_07_Fold_01",7,"Fold_01",10,1,0.0388550544952867,8105,FALSE
"RF","Repeat_07_Fold_01",7,"Fold_01",10,3,0.0401410885713481,8110,FALSE
"RF","Repeat_07_Fold_01",7,"Fold_01",10,5,0.0403792899655178,8115,FALSE
"RF","Repeat_07_Fold_02",7,"Fold_02",1,3,0.0348034732626949,8206,TRUE
"RF","Repeat_07_Fold_02",7,"Fold_02",1,5,0.0351807351583067,8211,FALSE
"RF","Repeat_07_Fold_02",7,"Fold_02",3,5,0.0355031272814598,8212,FALSE
"RF","Repeat_07_Fold_02",7,"Fold_02",1,1,0.0355365791406819,8201,FALSE
"RF","Repeat_07_Fold_02",7,"Fold_02",4,1,0.0356773171721618,8203,FALSE
"RF","Repeat_07_Fold_02",7,"Fold_02",3,1,0.0360363802967338,8202,FALSE
"RF","Repeat_07_Fold_02",7,"Fold_02",4,3,0.0361442850398606,8208,FALSE
"RF","Repeat_07_Fold_02",7,"Fold_02",4,5,0.0364559511402974,8213,FALSE
"RF","Repeat_07_Fold_02",7,"Fold_02",3,3,0.0367081846016091,8207,FALSE
"RF","Repeat_07_Fold_02",7,"Fold_02",5,1,0.0374282931862159,8204,FALSE
"RF","Repeat_07_Fold_02",7,"Fold_02",5,3,0.0377560392069277,8209,FALSE
"RF","Repeat_07_Fold_02",7,"Fold_02",5,5,0.0382342505963355,8214,FALSE
"RF","Repeat_07_Fold_02",7,"Fold_02",10,1,0.0418401718939123,8205,FALSE
"RF","Repeat_07_Fold_02",7,"Fold_02",10,5,0.0421608035179961,8215,FALSE
"RF","Repeat_07_Fold_02",7,"Fold_02",10,3,0.0424016920896765,8210,FALSE
"RF","Repeat_07_Fold_03",7,"Fold_03",1,3,0.034851404283177,8306,TRUE
"RF","Repeat_07_Fold_03",7,"Fold_03",1,5,0.0350354593484301,8311,FALSE
"RF","Repeat_07_Fold_03",7,"Fold_03",1,1,0.0363098671168523,8301,FALSE
"RF","Repeat_07_Fold_03",7,"Fold_03",3,5,0.0380800376529523,8312,FALSE
"RF","Repeat_07_Fold_03",7,"Fold_03",4,3,0.0386286790147575,8308,FALSE
"RF","Repeat_07_Fold_03",7,"Fold_03",3,1,0.0388527987165042,8302,FALSE
"RF","Repeat_07_Fold_03",7,"Fold_03",3,3,0.0389598473501052,8307,FALSE
"RF","Repeat_07_Fold_03",7,"Fold_03",4,5,0.0392483692275814,8313,FALSE
"RF","Repeat_07_Fold_03",7,"Fold_03",5,1,0.04034436010376,8304,FALSE
"RF","Repeat_07_Fold_03",7,"Fold_03",4,1,0.0406191552088708,8303,FALSE
"RF","Repeat_07_Fold_03",7,"Fold_03",5,5,0.0412110216256894,8314,FALSE
"RF","Repeat_07_Fold_03",7,"Fold_03",5,3,0.0420471334587185,8309,FALSE
"RF","Repeat_07_Fold_03",7,"Fold_03",10,5,0.047038866764921,8315,FALSE
"RF","Repeat_07_Fold_03",7,"Fold_03",10,3,0.0479851135657193,8310,FALSE
"RF","Repeat_07_Fold_03",7,"Fold_03",10,1,0.0504801436218139,8305,FALSE
"RF","Repeat_07_Fold_04",7,"Fold_04",1,3,0.0343436976651094,8406,TRUE
"RF","Repeat_07_Fold_04",7,"Fold_04",1,5,0.0346910632981126,8411,FALSE
"RF","Repeat_07_Fold_04",7,"Fold_04",5,1,0.0347271328779858,8404,FALSE
"RF","Repeat_07_Fold_04",7,"Fold_04",1,1,0.0351500782887773,8401,FALSE
"RF","Repeat_07_Fold_04",7,"Fold_04",3,3,0.0354733837728214,8407,FALSE
"RF","Repeat_07_Fold_04",7,"Fold_04",3,1,0.0354921239534934,8402,FALSE
"RF","Repeat_07_Fold_04",7,"Fold_04",4,1,0.0355050156603959,8403,FALSE
"RF","Repeat_07_Fold_04",7,"Fold_04",4,3,0.035995047744583,8408,FALSE
"RF","Repeat_07_Fold_04",7,"Fold_04",3,5,0.0363564391337854,8412,FALSE
"RF","Repeat_07_Fold_04",7,"Fold_04",5,3,0.0364980535976505,8409,FALSE
"RF","Repeat_07_Fold_04",7,"Fold_04",4,5,0.0367387922683562,8413,FALSE
"RF","Repeat_07_Fold_04",7,"Fold_04",5,5,0.0370184855083087,8414,FALSE
"RF","Repeat_07_Fold_04",7,"Fold_04",10,1,0.0378051293415092,8405,FALSE
"RF","Repeat_07_Fold_04",7,"Fold_04",10,3,0.0403994448677292,8410,FALSE
"RF","Repeat_07_Fold_04",7,"Fold_04",10,5,0.0420072163371087,8415,FALSE
"RF","Repeat_07_Fold_05",7,"Fold_05",1,1,0.0346511151759821,8501,TRUE
"RF","Repeat_07_Fold_05",7,"Fold_05",1,5,0.0352190983791288,8511,FALSE
"RF","Repeat_07_Fold_05",7,"Fold_05",1,3,0.0360309153377165,8506,FALSE
"RF","Repeat_07_Fold_05",7,"Fold_05",4,5,0.0368536012750328,8513,FALSE
"RF","Repeat_07_Fold_05",7,"Fold_05",3,3,0.0370585727792268,8507,FALSE
"RF","Repeat_07_Fold_05",7,"Fold_05",3,5,0.0372129294585667,8512,FALSE
"RF","Repeat_07_Fold_05",7,"Fold_05",3,1,0.037628656662477,8502,FALSE
"RF","Repeat_07_Fold_05",7,"Fold_05",5,1,0.038406831297319,8504,FALSE
"RF","Repeat_07_Fold_05",7,"Fold_05",4,3,0.0384298688117997,8508,FALSE
"RF","Repeat_07_Fold_05",7,"Fold_05",4,1,0.0394394080283038,8503,FALSE
"RF","Repeat_07_Fold_05",7,"Fold_05",5,3,0.0395466946614891,8509,FALSE
"RF","Repeat_07_Fold_05",7,"Fold_05",5,5,0.0399583307096757,8514,FALSE
"RF","Repeat_07_Fold_05",7,"Fold_05",10,1,0.0437956360114774,8505,FALSE
"RF","Repeat_07_Fold_05",7,"Fold_05",10,3,0.0440983137949519,8510,FALSE
"RF","Repeat_07_Fold_05",7,"Fold_05",10,5,0.0447380031466931,8515,FALSE
"RF","Repeat_08_Fold_01",8,"Fold_01",1,5,0.0317029378959102,8611,TRUE
"RF","Repeat_08_Fold_01",8,"Fold_01",1,1,0.0326025375999314,8601,FALSE
"RF","Repeat_08_Fold_01",8,"Fold_01",1,3,0.0330680746944923,8606,FALSE
"RF","Repeat_08_Fold_01",8,"Fold_01",3,5,0.0349990532623578,8612,FALSE
"RF","Repeat_08_Fold_01",8,"Fold_01",3,3,0.0352810198248082,8607,FALSE
"RF","Repeat_08_Fold_01",8,"Fold_01",4,5,0.0355714852870005,8613,FALSE
"RF","Repeat_08_Fold_01",8,"Fold_01",4,1,0.0359296508058141,8603,FALSE
"RF","Repeat_08_Fold_01",8,"Fold_01",3,1,0.036242169329357,8602,FALSE
"RF","Repeat_08_Fold_01",8,"Fold_01",4,3,0.0362428345041389,8608,FALSE
"RF","Repeat_08_Fold_01",8,"Fold_01",5,3,0.0371815131805264,8609,FALSE
"RF","Repeat_08_Fold_01",8,"Fold_01",5,5,0.0373673390157454,8614,FALSE
"RF","Repeat_08_Fold_01",8,"Fold_01",5,1,0.0376580911102299,8604,FALSE
"RF","Repeat_08_Fold_01",8,"Fold_01",10,3,0.0408783365409282,8610,FALSE
"RF","Repeat_08_Fold_01",8,"Fold_01",10,5,0.0413744892972813,8615,FALSE
"RF","Repeat_08_Fold_01",8,"Fold_01",10,1,0.0424594496697123,8605,FALSE
"RF","Repeat_08_Fold_02",8,"Fold_02",1,5,0.0355440352238455,8711,TRUE
"RF","Repeat_08_Fold_02",8,"Fold_02",1,3,0.0356704094563705,8706,FALSE
"RF","Repeat_08_Fold_02",8,"Fold_02",1,1,0.0361050134130335,8701,FALSE
"RF","Repeat_08_Fold_02",8,"Fold_02",4,5,0.0386061487856807,8713,FALSE
"RF","Repeat_08_Fold_02",8,"Fold_02",4,3,0.0387561283182234,8708,FALSE
"RF","Repeat_08_Fold_02",8,"Fold_02",3,5,0.038813080414494,8712,FALSE
"RF","Repeat_08_Fold_02",8,"Fold_02",3,3,0.0389058425024908,8707,FALSE
"RF","Repeat_08_Fold_02",8,"Fold_02",5,3,0.0394500914485242,8709,FALSE
"RF","Repeat_08_Fold_02",8,"Fold_02",3,1,0.0396263024732695,8702,FALSE
"RF","Repeat_08_Fold_02",8,"Fold_02",5,1,0.0396699341697908,8704,FALSE
"RF","Repeat_08_Fold_02",8,"Fold_02",5,5,0.0397693979655423,8714,FALSE
"RF","Repeat_08_Fold_02",8,"Fold_02",4,1,0.0398913737469661,8703,FALSE
"RF","Repeat_08_Fold_02",8,"Fold_02",10,3,0.0415034149743264,8710,FALSE
"RF","Repeat_08_Fold_02",8,"Fold_02",10,5,0.0416458033439231,8715,FALSE
"RF","Repeat_08_Fold_02",8,"Fold_02",10,1,0.0419294986955764,8705,FALSE
"RF","Repeat_08_Fold_03",8,"Fold_03",1,3,0.0339080293168914,8806,TRUE
"RF","Repeat_08_Fold_03",8,"Fold_03",1,5,0.0340350399274753,8811,FALSE
"RF","Repeat_08_Fold_03",8,"Fold_03",1,1,0.0350821801081023,8801,FALSE
"RF","Repeat_08_Fold_03",8,"Fold_03",3,1,0.0362114804657278,8802,FALSE
"RF","Repeat_08_Fold_03",8,"Fold_03",3,5,0.0363670084679,8812,FALSE
"RF","Repeat_08_Fold_03",8,"Fold_03",3,3,0.0364303131658947,8807,FALSE
"RF","Repeat_08_Fold_03",8,"Fold_03",4,5,0.0371338087288511,8813,FALSE
"RF","Repeat_08_Fold_03",8,"Fold_03",4,3,0.0377051638303619,8808,FALSE
"RF","Repeat_08_Fold_03",8,"Fold_03",5,1,0.0377758099960637,8804,FALSE
"RF","Repeat_08_Fold_03",8,"Fold_03",5,5,0.0378776370216045,8814,FALSE
"RF","Repeat_08_Fold_03",8,"Fold_03",5,3,0.0384173217195217,8809,FALSE
"RF","Repeat_08_Fold_03",8,"Fold_03",4,1,0.0387464799574892,8803,FALSE
"RF","Repeat_08_Fold_03",8,"Fold_03",10,5,0.0430416332261359,8815,FALSE
"RF","Repeat_08_Fold_03",8,"Fold_03",10,3,0.0442798426853678,8810,FALSE
"RF","Repeat_08_Fold_03",8,"Fold_03",10,1,0.0444526479186214,8805,FALSE
"RF","Repeat_08_Fold_04",8,"Fold_04",5,5,0.0323825563531485,8914,TRUE
"RF","Repeat_08_Fold_04",8,"Fold_04",3,5,0.0328731588051384,8912,FALSE
"RF","Repeat_08_Fold_04",8,"Fold_04",4,5,0.0328842922297987,8913,FALSE
"RF","Repeat_08_Fold_04",8,"Fold_04",5,3,0.0330008518820641,8909,FALSE
"RF","Repeat_08_Fold_04",8,"Fold_04",10,5,0.0331665120854659,8915,FALSE
"RF","Repeat_08_Fold_04",8,"Fold_04",4,3,0.0331859299298127,8908,FALSE
"RF","Repeat_08_Fold_04",8,"Fold_04",1,3,0.0332621702708947,8906,FALSE
"RF","Repeat_08_Fold_04",8,"Fold_04",4,1,0.0333336790700062,8903,FALSE
"RF","Repeat_08_Fold_04",8,"Fold_04",10,3,0.0334209093766365,8910,FALSE
"RF","Repeat_08_Fold_04",8,"Fold_04",5,1,0.0337372877688356,8904,FALSE
"RF","Repeat_08_Fold_04",8,"Fold_04",1,5,0.033752805994132,8911,FALSE
"RF","Repeat_08_Fold_04",8,"Fold_04",10,1,0.0338711335345186,8905,FALSE
"RF","Repeat_08_Fold_04",8,"Fold_04",3,3,0.034057174720745,8907,FALSE
"RF","Repeat_08_Fold_04",8,"Fold_04",1,1,0.034280806485923,8901,FALSE
"RF","Repeat_08_Fold_04",8,"Fold_04",3,1,0.0350740440826898,8902,FALSE
"RF","Repeat_08_Fold_05",8,"Fold_05",1,5,0.03406983265625,9011,TRUE
"RF","Repeat_08_Fold_05",8,"Fold_05",1,3,0.0345708892810638,9006,FALSE
"RF","Repeat_08_Fold_05",8,"Fold_05",1,1,0.0349854783845912,9001,FALSE
"RF","Repeat_08_Fold_05",8,"Fold_05",4,5,0.0362876591209017,9013,FALSE
"RF","Repeat_08_Fold_05",8,"Fold_05",3,5,0.0365890915763221,9012,FALSE
"RF","Repeat_08_Fold_05",8,"Fold_05",4,3,0.0366178157087314,9008,FALSE
"RF","Repeat_08_Fold_05",8,"Fold_05",5,5,0.0367921634445645,9014,FALSE
"RF","Repeat_08_Fold_05",8,"Fold_05",5,3,0.0375018303347574,9009,FALSE
"RF","Repeat_08_Fold_05",8,"Fold_05",3,3,0.0375213060836367,9007,FALSE
"RF","Repeat_08_Fold_05",8,"Fold_05",5,1,0.0380896941181608,9004,FALSE
"RF","Repeat_08_Fold_05",8,"Fold_05",4,1,0.0381733540524256,9003,FALSE
"RF","Repeat_08_Fold_05",8,"Fold_05",3,1,0.0384703037174887,9002,FALSE
"RF","Repeat_08_Fold_05",8,"Fold_05",10,5,0.0386749798362647,9015,FALSE
"RF","Repeat_08_Fold_05",8,"Fold_05",10,3,0.0395431268793205,9010,FALSE
"RF","Repeat_08_Fold_05",8,"Fold_05",10,1,0.0408841720790379,9005,FALSE
"RF","Repeat_09_Fold_01",9,"Fold_01",3,5,0.0315118474926657,9112,TRUE
"RF","Repeat_09_Fold_01",9,"Fold_01",10,1,0.0315445542592991,9105,FALSE
"RF","Repeat_09_Fold_01",9,"Fold_01",10,3,0.0320987024105868,9110,FALSE
"RF","Repeat_09_Fold_01",9,"Fold_01",4,5,0.0321769149496712,9113,FALSE
"RF","Repeat_09_Fold_01",9,"Fold_01",4,1,0.0322009884855804,9103,FALSE
"RF","Repeat_09_Fold_01",9,"Fold_01",10,5,0.032271045077885,9115,FALSE
"RF","Repeat_09_Fold_01",9,"Fold_01",1,1,0.0325373510980432,9101,FALSE
"RF","Repeat_09_Fold_01",9,"Fold_01",5,1,0.0325857526585663,9104,FALSE
"RF","Repeat_09_Fold_01",9,"Fold_01",3,3,0.0326252773239646,9107,FALSE
"RF","Repeat_09_Fold_01",9,"Fold_01",1,3,0.0326928930234591,9106,FALSE
"RF","Repeat_09_Fold_01",9,"Fold_01",4,3,0.0328512433834342,9108,FALSE
"RF","Repeat_09_Fold_01",9,"Fold_01",5,3,0.0329528666071123,9109,FALSE
"RF","Repeat_09_Fold_01",9,"Fold_01",3,1,0.0330339307095208,9102,FALSE
"RF","Repeat_09_Fold_01",9,"Fold_01",5,5,0.0332233230692762,9114,FALSE
"RF","Repeat_09_Fold_01",9,"Fold_01",1,5,0.033663213533889,9111,FALSE
"RF","Repeat_09_Fold_02",9,"Fold_02",1,5,0.0340666113240366,9211,TRUE
"RF","Repeat_09_Fold_02",9,"Fold_02",1,3,0.0349378697188878,9206,FALSE
"RF","Repeat_09_Fold_02",9,"Fold_02",1,1,0.0354317293965831,9201,FALSE
"RF","Repeat_09_Fold_02",9,"Fold_02",3,5,0.0354975212013293,9212,FALSE
"RF","Repeat_09_Fold_02",9,"Fold_02",3,1,0.0371712652886174,9202,FALSE
"RF","Repeat_09_Fold_02",9,"Fold_02",3,3,0.0372815614061593,9207,FALSE
"RF","Repeat_09_Fold_02",9,"Fold_02",4,1,0.037314059506217,9203,FALSE
"RF","Repeat_09_Fold_02",9,"Fold_02",4,5,0.0373465718676801,9213,FALSE
"RF","Repeat_09_Fold_02",9,"Fold_02",4,3,0.0378778319946171,9208,FALSE
"RF","Repeat_09_Fold_02",9,"Fold_02",6,5,0.0378840286775337,9214,FALSE
"RF","Repeat_09_Fold_02",9,"Fold_02",6,1,0.039060446222128,9204,FALSE
"RF","Repeat_09_Fold_02",9,"Fold_02",11,3,0.0392959424446624,9210,FALSE
"RF","Repeat_09_Fold_02",9,"Fold_02",6,3,0.0393355106626593,9209,FALSE
"RF","Repeat_09_Fold_02",9,"Fold_02",11,5,0.0401344053329866,9215,FALSE
"RF","Repeat_09_Fold_02",9,"Fold_02",11,1,0.0406093223514399,9205,FALSE
"RF","Repeat_09_Fold_03",9,"Fold_03",1,3,0.0331917375761913,9306,TRUE
"RF","Repeat_09_Fold_03",9,"Fold_03",1,5,0.0332310526207134,9311,FALSE
"RF","Repeat_09_Fold_03",9,"Fold_03",1,1,0.0335603575773035,9301,FALSE
"RF","Repeat_09_Fold_03",9,"Fold_03",3,1,0.0346047706864219,9302,FALSE
"RF","Repeat_09_Fold_03",9,"Fold_03",3,5,0.0348021907969301,9312,FALSE
"RF","Repeat_09_Fold_03",9,"Fold_03",3,3,0.0351848671369049,9307,FALSE
"RF","Repeat_09_Fold_03",9,"Fold_03",4,1,0.0357835337018471,9303,FALSE
"RF","Repeat_09_Fold_03",9,"Fold_03",4,3,0.0360260927584273,9308,FALSE
"RF","Repeat_09_Fold_03",9,"Fold_03",4,5,0.0365835351899308,9313,FALSE
"RF","Repeat_09_Fold_03",9,"Fold_03",5,1,0.0369399432042344,9304,FALSE
"RF","Repeat_09_Fold_03",9,"Fold_03",5,5,0.037938928040204,9314,FALSE
"RF","Repeat_09_Fold_03",9,"Fold_03",5,3,0.0383055628818397,9309,FALSE
"RF","Repeat_09_Fold_03",9,"Fold_03",10,1,0.040936871440708,9305,FALSE
"RF","Repeat_09_Fold_03",9,"Fold_03",10,5,0.042015867822845,9315,FALSE
"RF","Repeat_09_Fold_03",9,"Fold_03",10,3,0.0426970861525371,9310,FALSE
"RF","Repeat_09_Fold_04",9,"Fold_04",10,1,0.0223976633593715,9405,TRUE
"RF","Repeat_09_Fold_04",9,"Fold_04",10,5,0.0234819353563747,9415,FALSE
"RF","Repeat_09_Fold_04",9,"Fold_04",10,3,0.0236551194823671,9410,FALSE
"RF","Repeat_09_Fold_04",9,"Fold_04",5,1,0.0269270866711715,9404,FALSE
"RF","Repeat_09_Fold_04",9,"Fold_04",5,5,0.0270429666113726,9414,FALSE
"RF","Repeat_09_Fold_04",9,"Fold_04",5,3,0.027671556546026,9409,FALSE
"RF","Repeat_09_Fold_04",9,"Fold_04",4,1,0.0280439444241762,9403,FALSE
"RF","Repeat_09_Fold_04",9,"Fold_04",4,5,0.0284153367755919,9413,FALSE
"RF","Repeat_09_Fold_04",9,"Fold_04",3,5,0.0290407509764207,9412,FALSE
"RF","Repeat_09_Fold_04",9,"Fold_04",4,3,0.0292082181178416,9408,FALSE
"RF","Repeat_09_Fold_04",9,"Fold_04",3,1,0.02944574589167,9402,FALSE
"RF","Repeat_09_Fold_04",9,"Fold_04",3,3,0.0303701750395482,9407,FALSE
"RF","Repeat_09_Fold_04",9,"Fold_04",1,1,0.0311396837093577,9401,FALSE
"RF","Repeat_09_Fold_04",9,"Fold_04",1,5,0.0319781015916308,9411,FALSE
"RF","Repeat_09_Fold_04",9,"Fold_04",1,3,0.0324369106138094,9406,FALSE
"RF","Repeat_09_Fold_05",9,"Fold_05",1,3,0.0344596835371723,9506,TRUE
"RF","Repeat_09_Fold_05",9,"Fold_05",1,5,0.0349993508876583,9511,FALSE
"RF","Repeat_09_Fold_05",9,"Fold_05",1,1,0.0352095837525549,9501,FALSE
"RF","Repeat_09_Fold_05",9,"Fold_05",3,1,0.0371776496419668,9502,FALSE
"RF","Repeat_09_Fold_05",9,"Fold_05",4,1,0.0372448771893592,9503,FALSE
"RF","Repeat_09_Fold_05",9,"Fold_05",4,5,0.037519734813708,9513,FALSE
"RF","Repeat_09_Fold_05",9,"Fold_05",3,5,0.0376826664156279,9512,FALSE
"RF","Repeat_09_Fold_05",9,"Fold_05",3,3,0.0378286962407366,9507,FALSE
"RF","Repeat_09_Fold_05",9,"Fold_05",4,3,0.0392371174167094,9508,FALSE
"RF","Repeat_09_Fold_05",9,"Fold_05",5,1,0.0393733569975715,9504,FALSE
"RF","Repeat_09_Fold_05",9,"Fold_05",5,5,0.0394450521352653,9514,FALSE
"RF","Repeat_09_Fold_05",9,"Fold_05",5,3,0.0404676541773497,9509,FALSE
"RF","Repeat_09_Fold_05",9,"Fold_05",10,1,0.0432343588375257,9505,FALSE
"RF","Repeat_09_Fold_05",9,"Fold_05",10,5,0.0435208813362692,9515,FALSE
"RF","Repeat_09_Fold_05",9,"Fold_05",10,3,0.0450838871484948,9510,FALSE
"RF","Repeat_10_Fold_01",10,"Fold_01",1,1,0.0365637417513449,9601,TRUE
"RF","Repeat_10_Fold_01",10,"Fold_01",1,3,0.0368382221870296,9606,FALSE
"RF","Repeat_10_Fold_01",10,"Fold_01",1,5,0.0373080283620946,9611,FALSE
"RF","Repeat_10_Fold_01",10,"Fold_01",4,1,0.038695779297812,9603,FALSE
"RF","Repeat_10_Fold_01",10,"Fold_01",3,3,0.0387219075491645,9607,FALSE
"RF","Repeat_10_Fold_01",10,"Fold_01",10,1,0.0387316709194788,9605,FALSE
"RF","Repeat_10_Fold_01",10,"Fold_01",10,3,0.0392260739706116,9610,FALSE
"RF","Repeat_10_Fold_01",10,"Fold_01",3,1,0.0394138314934274,9602,FALSE
"RF","Repeat_10_Fold_01",10,"Fold_01",4,3,0.0395099948186231,9608,FALSE
"RF","Repeat_10_Fold_01",10,"Fold_01",3,5,0.0396612032049096,9612,FALSE
"RF","Repeat_10_Fold_01",10,"Fold_01",5,3,0.0401795929993059,9609,FALSE
"RF","Repeat_10_Fold_01",10,"Fold_01",4,5,0.0402158655364006,9613,FALSE
"RF","Repeat_10_Fold_01",10,"Fold_01",10,5,0.0404393186857827,9615,FALSE
"RF","Repeat_10_Fold_01",10,"Fold_01",5,1,0.0408047998915556,9604,FALSE
"RF","Repeat_10_Fold_01",10,"Fold_01",5,5,0.0410103348536781,9614,FALSE
"RF","Repeat_10_Fold_02",10,"Fold_02",3,1,0.0349409611719719,9702,TRUE
"RF","Repeat_10_Fold_02",10,"Fold_02",1,5,0.0357992868806148,9711,FALSE
"RF","Repeat_10_Fold_02",10,"Fold_02",1,1,0.0358374643124033,9701,FALSE
"RF","Repeat_10_Fold_02",10,"Fold_02",1,3,0.0360366253426395,9706,FALSE
"RF","Repeat_10_Fold_02",10,"Fold_02",4,1,0.0360414848884208,9703,FALSE
"RF","Repeat_10_Fold_02",10,"Fold_02",3,3,0.0365946888294642,9707,FALSE
"RF","Repeat_10_Fold_02",10,"Fold_02",5,1,0.0369612701394928,9704,FALSE
"RF","Repeat_10_Fold_02",10,"Fold_02",3,5,0.0376998923279037,9712,FALSE
"RF","Repeat_10_Fold_02",10,"Fold_02",4,3,0.0379383744448323,9708,FALSE
"RF","Repeat_10_Fold_02",10,"Fold_02",4,5,0.0387106852747331,9713,FALSE
"RF","Repeat_10_Fold_02",10,"Fold_02",5,3,0.0388404394319157,9709,FALSE
"RF","Repeat_10_Fold_02",10,"Fold_02",10,1,0.0398542124359334,9705,FALSE
"RF","Repeat_10_Fold_02",10,"Fold_02",5,5,0.0403059092665871,9714,FALSE
"RF","Repeat_10_Fold_02",10,"Fold_02",10,3,0.0426784241287647,9710,FALSE
"RF","Repeat_10_Fold_02",10,"Fold_02",10,5,0.0453212437310482,9715,FALSE
"RF","Repeat_10_Fold_03",10,"Fold_03",1,5,0.0355698424308891,9811,TRUE
"RF","Repeat_10_Fold_03",10,"Fold_03",1,1,0.0358002071638429,9801,FALSE
"RF","Repeat_10_Fold_03",10,"Fold_03",1,3,0.0360133893070822,9806,FALSE
"RF","Repeat_10_Fold_03",10,"Fold_03",3,5,0.0385228319404063,9812,FALSE
"RF","Repeat_10_Fold_03",10,"Fold_03",3,1,0.0387709346237258,9802,FALSE
"RF","Repeat_10_Fold_03",10,"Fold_03",3,3,0.0393394848457316,9807,FALSE
"RF","Repeat_10_Fold_03",10,"Fold_03",4,3,0.0399181852930493,9808,FALSE
"RF","Repeat_10_Fold_03",10,"Fold_03",4,5,0.0399830758110416,9813,FALSE
"RF","Repeat_10_Fold_03",10,"Fold_03",4,1,0.0407596595197498,9803,FALSE
"RF","Repeat_10_Fold_03",10,"Fold_03",6,5,0.0424750336506038,9814,FALSE
"RF","Repeat_10_Fold_03",10,"Fold_03",6,3,0.0427019270188834,9809,FALSE
"RF","Repeat_10_Fold_03",10,"Fold_03",6,1,0.0427904394727077,9804,FALSE
"RF","Repeat_10_Fold_03",10,"Fold_03",11,1,0.047885547645495,9805,FALSE
"RF","Repeat_10_Fold_03",10,"Fold_03",11,3,0.0484081315308364,9810,FALSE
"RF","Repeat_10_Fold_03",10,"Fold_03",11,5,0.0487227130416084,9815,FALSE
"RF","Repeat_10_Fold_04",10,"Fold_04",1,1,0.0376120430910943,9901,TRUE
"RF","Repeat_10_Fold_04",10,"Fold_04",1,3,0.0378250883054136,9906,FALSE
"RF","Repeat_10_Fold_04",10,"Fold_04",1,5,0.0380889542141786,9911,FALSE
"RF","Repeat_10_Fold_04",10,"Fold_04",3,1,0.0401763409160822,9902,FALSE
"RF","Repeat_10_Fold_04",10,"Fold_04",4,1,0.040242730736097,9903,FALSE
"RF","Repeat_10_Fold_04",10,"Fold_04",3,3,0.0407439622535758,9907,FALSE
"RF","Repeat_10_Fold_04",10,"Fold_04",3,5,0.0408171705404612,9912,FALSE
"RF","Repeat_10_Fold_04",10,"Fold_04",6,3,0.0419231880041772,9909,FALSE
"RF","Repeat_10_Fold_04",10,"Fold_04",4,5,0.0420985378262307,9913,FALSE
"RF","Repeat_10_Fold_04",10,"Fold_04",4,3,0.042182730979227,9908,FALSE
"RF","Repeat_10_Fold_04",10,"Fold_04",6,1,0.0422539758939462,9904,FALSE
"RF","Repeat_10_Fold_04",10,"Fold_04",6,5,0.0436971575357244,9914,FALSE
"RF","Repeat_10_Fold_04",10,"Fold_04",11,1,0.046571215563394,9905,FALSE
"RF","Repeat_10_Fold_04",10,"Fold_04",11,5,0.0471838050971188,9915,FALSE
"RF","Repeat_10_Fold_04",10,"Fold_04",11,3,0.0482018277744218,9910,FALSE
"RF","Repeat_10_Fold_05",10,"Fold_05",1,1,0.03607609409043,10001,TRUE
"RF","Repeat_10_Fold_05",10,"Fold_05",1,3,0.0362831829001855,10006,FALSE
"RF","Repeat_10_Fold_05",10,"Fold_05",1,5,0.0365973662881136,10011,FALSE
"RF","Repeat_10_Fold_05",10,"Fold_05",3,1,0.03898270850797,10002,FALSE
"RF","Repeat_10_Fold_05",10,"Fold_05",3,5,0.0394223670344136,10012,FALSE
"RF","Repeat_10_Fold_05",10,"Fold_05",3,3,0.0395258686766855,10007,FALSE
"RF","Repeat_10_Fold_05",10,"Fold_05",4,1,0.0399752875572103,10003,FALSE
"RF","Repeat_10_Fold_05",10,"Fold_05",4,3,0.0402120505030449,10008,FALSE
"RF","Repeat_10_Fold_05",10,"Fold_05",4,5,0.0403715128207779,10013,FALSE
"RF","Repeat_10_Fold_05",10,"Fold_05",6,1,0.0421128976250316,10004,FALSE
"RF","Repeat_10_Fold_05",10,"Fold_05",6,5,0.0429209211524775,10014,FALSE
"RF","Repeat_10_Fold_05",10,"Fold_05",6,3,0.0430005590119877,10009,FALSE
"RF","Repeat_10_Fold_05",10,"Fold_05",11,1,0.0455243820732678,10005,FALSE
"RF","Repeat_10_Fold_05",10,"Fold_05",11,3,0.0470044191330005,10010,FALSE
"RF","Repeat_10_Fold_05",10,"Fold_05",11,5,0.0482205610268133,10015,FALSE
"RF","Repeat_11_Fold_01",11,"Fold_01",1,3,0.0362355722552177,10106,TRUE
"RF","Repeat_11_Fold_01",11,"Fold_01",1,5,0.0364268299898627,10111,FALSE
"RF","Repeat_11_Fold_01",11,"Fold_01",1,1,0.0366514520147987,10101,FALSE
"RF","Repeat_11_Fold_01",11,"Fold_01",3,3,0.0398923749737322,10107,FALSE
"RF","Repeat_11_Fold_01",11,"Fold_01",3,5,0.0400977073951725,10112,FALSE
"RF","Repeat_11_Fold_01",11,"Fold_01",4,5,0.0406693532796018,10113,FALSE
"RF","Repeat_11_Fold_01",11,"Fold_01",3,1,0.0409988382832213,10102,FALSE
"RF","Repeat_11_Fold_01",11,"Fold_01",4,3,0.0410536233272454,10108,FALSE
"RF","Repeat_11_Fold_01",11,"Fold_01",4,1,0.0415450152065805,10103,FALSE
"RF","Repeat_11_Fold_01",11,"Fold_01",6,5,0.0415736552800169,10114,FALSE
"RF","Repeat_11_Fold_01",11,"Fold_01",6,3,0.0420693634067264,10109,FALSE
"RF","Repeat_11_Fold_01",11,"Fold_01",6,1,0.0442183425508948,10104,FALSE
"RF","Repeat_11_Fold_01",11,"Fold_01",11,5,0.0448789394020381,10115,FALSE
"RF","Repeat_11_Fold_01",11,"Fold_01",11,3,0.0449687570016441,10110,FALSE
"RF","Repeat_11_Fold_01",11,"Fold_01",11,1,0.04824735304322,10105,FALSE
"RF","Repeat_11_Fold_02",11,"Fold_02",1,1,0.0351306687811556,10201,TRUE
"RF","Repeat_11_Fold_02",11,"Fold_02",3,1,0.0352274056209399,10202,FALSE
"RF","Repeat_11_Fold_02",11,"Fold_02",1,5,0.0355891974006214,10211,FALSE
"RF","Repeat_11_Fold_02",11,"Fold_02",1,3,0.0360572895380019,10206,FALSE
"RF","Repeat_11_Fold_02",11,"Fold_02",4,5,0.0364882132925653,10213,FALSE
"RF","Repeat_11_Fold_02",11,"Fold_02",3,3,0.0365190680776551,10207,FALSE
"RF","Repeat_11_Fold_02",11,"Fold_02",3,5,0.0365868608489959,10212,FALSE
"RF","Repeat_11_Fold_02",11,"Fold_02",4,1,0.0367937053728045,10203,FALSE
"RF","Repeat_11_Fold_02",11,"Fold_02",4,3,0.0369022519656004,10208,FALSE
"RF","Repeat_11_Fold_02",11,"Fold_02",6,3,0.037133565876812,10209,FALSE
"RF","Repeat_11_Fold_02",11,"Fold_02",6,5,0.0374001126928656,10214,FALSE
"RF","Repeat_11_Fold_02",11,"Fold_02",11,1,0.037832850361597,10205,FALSE
"RF","Repeat_11_Fold_02",11,"Fold_02",6,1,0.0380816548098834,10204,FALSE
"RF","Repeat_11_Fold_02",11,"Fold_02",11,3,0.0381207512412662,10210,FALSE
"RF","Repeat_11_Fold_02",11,"Fold_02",11,5,0.03878345780728,10215,FALSE
"RF","Repeat_11_Fold_03",11,"Fold_03",1,3,0.0346598755419532,10306,TRUE
"RF","Repeat_11_Fold_03",11,"Fold_03",1,1,0.0347629293800431,10301,FALSE
"RF","Repeat_11_Fold_03",11,"Fold_03",1,5,0.0347669090556261,10311,FALSE
"RF","Repeat_11_Fold_03",11,"Fold_03",3,3,0.035285082570878,10307,FALSE
"RF","Repeat_11_Fold_03",11,"Fold_03",3,5,0.0361287195184285,10312,FALSE
"RF","Repeat_11_Fold_03",11,"Fold_03",4,5,0.0362791371626472,10313,FALSE
"RF","Repeat_11_Fold_03",11,"Fold_03",3,1,0.0363117862366727,10302,FALSE
"RF","Repeat_11_Fold_03",11,"Fold_03",4,3,0.0372250183791506,10308,FALSE
"RF","Repeat_11_Fold_03",11,"Fold_03",4,1,0.037293603768975,10303,FALSE
"RF","Repeat_11_Fold_03",11,"Fold_03",6,5,0.0392882309820735,10314,FALSE
"RF","Repeat_11_Fold_03",11,"Fold_03",6,3,0.0394696971489363,10309,FALSE
"RF","Repeat_11_Fold_03",11,"Fold_03",6,1,0.0400164565237569,10304,FALSE
"RF","Repeat_11_Fold_03",11,"Fold_03",11,5,0.0421144289752672,10315,FALSE
"RF","Repeat_11_Fold_03",11,"Fold_03",11,3,0.0424674030276222,10310,FALSE
"RF","Repeat_11_Fold_03",11,"Fold_03",11,1,0.0432150168913891,10305,FALSE
"RF","Repeat_11_Fold_04",11,"Fold_04",6,1,0.0331594612592544,10404,TRUE
"RF","Repeat_11_Fold_04",11,"Fold_04",4,5,0.0333295482965879,10413,FALSE
"RF","Repeat_11_Fold_04",11,"Fold_04",6,3,0.0334143452179244,10409,FALSE
"RF","Repeat_11_Fold_04",11,"Fold_04",3,1,0.0335503159649543,10402,FALSE
"RF","Repeat_11_Fold_04",11,"Fold_04",4,1,0.0335881914232247,10403,FALSE
"RF","Repeat_11_Fold_04",11,"Fold_04",3,5,0.03358943180422,10412,FALSE
"RF","Repeat_11_Fold_04",11,"Fold_04",3,3,0.0336987170226221,10407,FALSE
"RF","Repeat_11_Fold_04",11,"Fold_04",1,5,0.0338142000017684,10411,FALSE
"RF","Repeat_11_Fold_04",11,"Fold_04",4,3,0.033930547069028,10408,FALSE
"RF","Repeat_11_Fold_04",11,"Fold_04",11,5,0.0341638677368505,10415,FALSE
"RF","Repeat_11_Fold_04",11,"Fold_04",1,1,0.03421014867605,10401,FALSE
"RF","Repeat_11_Fold_04",11,"Fold_04",6,5,0.0343588569215625,10414,FALSE
"RF","Repeat_11_Fold_04",11,"Fold_04",11,1,0.0344957354992831,10405,FALSE
"RF","Repeat_11_Fold_04",11,"Fold_04",11,3,0.0348965324970488,10410,FALSE
"RF","Repeat_11_Fold_04",11,"Fold_04",1,3,0.0349613093048128,10406,FALSE
"RF","Repeat_11_Fold_05",11,"Fold_05",1,3,0.034416153955302,10506,TRUE
"RF","Repeat_11_Fold_05",11,"Fold_05",1,1,0.0349451892558089,10501,FALSE
"RF","Repeat_11_Fold_05",11,"Fold_05",1,5,0.0351252676044004,10511,FALSE
"RF","Repeat_11_Fold_05",11,"Fold_05",4,5,0.036650555426361,10513,FALSE
"RF","Repeat_11_Fold_05",11,"Fold_05",3,3,0.0368632792603513,10507,FALSE
"RF","Repeat_11_Fold_05",11,"Fold_05",3,5,0.0368770652695706,10512,FALSE
"RF","Repeat_11_Fold_05",11,"Fold_05",4,3,0.0372579423424338,10508,FALSE
"RF","Repeat_11_Fold_05",11,"Fold_05",3,1,0.0378291553557811,10502,FALSE
"RF","Repeat_11_Fold_05",11,"Fold_05",6,5,0.0379952256034049,10514,FALSE
"RF","Repeat_11_Fold_05",11,"Fold_05",4,1,0.0383586758778345,10503,FALSE
"RF","Repeat_11_Fold_05",11,"Fold_05",11,5,0.0386298011144222,10515,FALSE
"RF","Repeat_11_Fold_05",11,"Fold_05",6,3,0.0387289085562212,10509,FALSE
"RF","Repeat_11_Fold_05",11,"Fold_05",6,1,0.0394304417921326,10504,FALSE
"RF","Repeat_11_Fold_05",11,"Fold_05",11,3,0.0407956803485832,10510,FALSE
"RF","Repeat_11_Fold_05",11,"Fold_05",11,1,0.0427422368011529,10505,FALSE
"RF","Repeat_12_Fold_01",12,"Fold_01",1,1,0.0343747301364886,10601,TRUE
"RF","Repeat_12_Fold_01",12,"Fold_01",1,3,0.034545528497819,10606,FALSE
"RF","Repeat_12_Fold_01",12,"Fold_01",1,5,0.0356300706240948,10611,FALSE
"RF","Repeat_12_Fold_01",12,"Fold_01",3,3,0.036289146852706,10607,FALSE
"RF","Repeat_12_Fold_01",12,"Fold_01",3,5,0.0363407535380356,10612,FALSE
"RF","Repeat_12_Fold_01",12,"Fold_01",3,1,0.0369811737327646,10602,FALSE
"RF","Repeat_12_Fold_01",12,"Fold_01",4,3,0.0371092269359218,10608,FALSE
"RF","Repeat_12_Fold_01",12,"Fold_01",4,5,0.0373973334495754,10613,FALSE
"RF","Repeat_12_Fold_01",12,"Fold_01",6,3,0.0386652714369152,10609,FALSE
"RF","Repeat_12_Fold_01",12,"Fold_01",4,1,0.0390800195448007,10603,FALSE
"RF","Repeat_12_Fold_01",12,"Fold_01",6,5,0.039259343959205,10614,FALSE
"RF","Repeat_12_Fold_01",12,"Fold_01",6,1,0.0413345774656484,10604,FALSE
"RF","Repeat_12_Fold_01",12,"Fold_01",11,5,0.0435731272192715,10615,FALSE
"RF","Repeat_12_Fold_01",12,"Fold_01",11,3,0.0442698138866816,10610,FALSE
"RF","Repeat_12_Fold_01",12,"Fold_01",11,1,0.0457947998088891,10605,FALSE
"RF","Repeat_12_Fold_02",12,"Fold_02",3,1,0.034384327293942,10702,TRUE
"RF","Repeat_12_Fold_02",12,"Fold_02",1,5,0.0345300514806126,10711,FALSE
"RF","Repeat_12_Fold_02",12,"Fold_02",1,1,0.0348356826791084,10701,FALSE
"RF","Repeat_12_Fold_02",12,"Fold_02",3,3,0.0348703834309341,10707,FALSE
"RF","Repeat_12_Fold_02",12,"Fold_02",1,3,0.0350326919168495,10706,FALSE
"RF","Repeat_12_Fold_02",12,"Fold_02",4,1,0.0360540757004048,10703,FALSE
"RF","Repeat_12_Fold_02",12,"Fold_02",3,5,0.0360809214564975,10712,FALSE
"RF","Repeat_12_Fold_02",12,"Fold_02",4,5,0.0367832817972238,10713,FALSE
"RF","Repeat_12_Fold_02",12,"Fold_02",4,3,0.0373090297164558,10708,FALSE
"RF","Repeat_12_Fold_02",12,"Fold_02",6,1,0.0384843013947343,10704,FALSE
"RF","Repeat_12_Fold_02",12,"Fold_02",6,5,0.0390011863752571,10714,FALSE
"RF","Repeat_12_Fold_02",12,"Fold_02",6,3,0.0390118170504466,10709,FALSE
"RF","Repeat_12_Fold_02",12,"Fold_02",11,3,0.041954368870202,10710,FALSE
"RF","Repeat_12_Fold_02",12,"Fold_02",11,1,0.042142559366876,10705,FALSE
"RF","Repeat_12_Fold_02",12,"Fold_02",11,5,0.0433529956331749,10715,FALSE
"RF","Repeat_12_Fold_03",12,"Fold_03",1,1,0.035918627756926,10801,TRUE
"RF","Repeat_12_Fold_03",12,"Fold_03",1,5,0.0361310893359558,10811,FALSE
"RF","Repeat_12_Fold_03",12,"Fold_03",1,3,0.0366970818463446,10806,FALSE
"RF","Repeat_12_Fold_03",12,"Fold_03",3,5,0.0382721809073753,10812,FALSE
"RF","Repeat_12_Fold_03",12,"Fold_03",3,3,0.0397508274936512,10807,FALSE
"RF","Repeat_12_Fold_03",12,"Fold_03",3,1,0.0398962444424552,10802,FALSE
"RF","Repeat_12_Fold_03",12,"Fold_03",4,5,0.0401338129048803,10813,FALSE
"RF","Repeat_12_Fold_03",12,"Fold_03",4,3,0.0403214615800567,10808,FALSE
"RF","Repeat_12_Fold_03",12,"Fold_03",4,1,0.0414064724819026,10803,FALSE
"RF","Repeat_12_Fold_03",12,"Fold_03",6,3,0.0422284232758712,10809,FALSE
"RF","Repeat_12_Fold_03",12,"Fold_03",6,5,0.0426178783915459,10814,FALSE
"RF","Repeat_12_Fold_03",12,"Fold_03",6,1,0.0428216830003366,10804,FALSE
"RF","Repeat_12_Fold_03",12,"Fold_03",11,1,0.0463147984304019,10805,FALSE
"RF","Repeat_12_Fold_03",12,"Fold_03",11,5,0.0465114388177178,10815,FALSE
"RF","Repeat_12_Fold_03",12,"Fold_03",11,3,0.0473165044820139,10810,FALSE
"RF","Repeat_12_Fold_04",12,"Fold_04",1,1,0.0333024159476829,10901,TRUE
"RF","Repeat_12_Fold_04",12,"Fold_04",3,5,0.0336905390159607,10912,FALSE
"RF","Repeat_12_Fold_04",12,"Fold_04",3,1,0.0337926435123921,10902,FALSE
"RF","Repeat_12_Fold_04",12,"Fold_04",1,5,0.0338370976417589,10911,FALSE
"RF","Repeat_12_Fold_04",12,"Fold_04",4,1,0.0341220829910205,10903,FALSE
"RF","Repeat_12_Fold_04",12,"Fold_04",4,5,0.0342048156931128,10913,FALSE
"RF","Repeat_12_Fold_04",12,"Fold_04",1,3,0.034217439750751,10906,FALSE
"RF","Repeat_12_Fold_04",12,"Fold_04",5,5,0.0342490971584266,10914,FALSE
"RF","Repeat_12_Fold_04",12,"Fold_04",3,3,0.0343332808931004,10907,FALSE
"RF","Repeat_12_Fold_04",12,"Fold_04",5,1,0.0343348155644358,10904,FALSE
"RF","Repeat_12_Fold_04",12,"Fold_04",5,3,0.0349792083823,10909,FALSE
"RF","Repeat_12_Fold_04",12,"Fold_04",4,3,0.0350457027581245,10908,FALSE
"RF","Repeat_12_Fold_04",12,"Fold_04",10,3,0.0354739798169059,10910,FALSE
"RF","Repeat_12_Fold_04",12,"Fold_04",10,1,0.0355400519920839,10905,FALSE
"RF","Repeat_12_Fold_04",12,"Fold_04",10,5,0.0357756996742493,10915,FALSE
"RF","Repeat_12_Fold_05",12,"Fold_05",1,3,0.0359125746777627,11006,TRUE
"RF","Repeat_12_Fold_05",12,"Fold_05",1,1,0.0360631584779787,11001,FALSE
"RF","Repeat_12_Fold_05",12,"Fold_05",1,5,0.0362374897167629,11011,FALSE
"RF","Repeat_12_Fold_05",12,"Fold_05",3,3,0.0386135138572461,11007,FALSE
"RF","Repeat_12_Fold_05",12,"Fold_05",3,5,0.0395046575755595,11012,FALSE
"RF","Repeat_12_Fold_05",12,"Fold_05",3,1,0.0396698671266251,11002,FALSE
"RF","Repeat_12_Fold_05",12,"Fold_05",4,5,0.039755448097335,11013,FALSE
"RF","Repeat_12_Fold_05",12,"Fold_05",4,1,0.0399508693450678,11003,FALSE
"RF","Repeat_12_Fold_05",12,"Fold_05",4,3,0.0403865539495741,11008,FALSE
"RF","Repeat_12_Fold_05",12,"Fold_05",6,5,0.0415158528987882,11014,FALSE
"RF","Repeat_12_Fold_05",12,"Fold_05",6,3,0.0425059585291956,11009,FALSE
"RF","Repeat_12_Fold_05",12,"Fold_05",6,1,0.0425499558396925,11004,FALSE
"RF","Repeat_12_Fold_05",12,"Fold_05",11,1,0.0453125083723137,11005,FALSE
"RF","Repeat_12_Fold_05",12,"Fold_05",11,3,0.0454137438019543,11010,FALSE
"RF","Repeat_12_Fold_05",12,"Fold_05",11,5,0.0467251109794625,11015,FALSE
"RF","Repeat_13_Fold_01",13,"Fold_01",3,1,0.0328197982196513,11102,TRUE
"RF","Repeat_13_Fold_01",13,"Fold_01",1,1,0.0329667266659445,11101,FALSE
"RF","Repeat_13_Fold_01",13,"Fold_01",1,3,0.0330230909145526,11106,FALSE
"RF","Repeat_13_Fold_01",13,"Fold_01",4,1,0.0334039857163857,11103,FALSE
"RF","Repeat_13_Fold_01",13,"Fold_01",1,5,0.0334517025342785,11111,FALSE
"RF","Repeat_13_Fold_01",13,"Fold_01",6,1,0.0335149608350189,11104,FALSE
"RF","Repeat_13_Fold_01",13,"Fold_01",3,3,0.0344796427158532,11107,FALSE
"RF","Repeat_13_Fold_01",13,"Fold_01",3,5,0.0345330764912915,11112,FALSE
"RF","Repeat_13_Fold_01",13,"Fold_01",4,5,0.0346791737022576,11113,FALSE
"RF","Repeat_13_Fold_01",13,"Fold_01",4,3,0.0347915485989245,11108,FALSE
"RF","Repeat_13_Fold_01",13,"Fold_01",11,1,0.0355203083715556,11105,FALSE
"RF","Repeat_13_Fold_01",13,"Fold_01",6,3,0.0356507481936451,11109,FALSE
"RF","Repeat_13_Fold_01",13,"Fold_01",6,5,0.0359314307514458,11114,FALSE
"RF","Repeat_13_Fold_01",13,"Fold_01",11,3,0.0366846246522991,11110,FALSE
"RF","Repeat_13_Fold_01",13,"Fold_01",11,5,0.0369371751865719,11115,FALSE
"RF","Repeat_13_Fold_02",13,"Fold_02",1,1,0.0350377246315046,11201,TRUE
"RF","Repeat_13_Fold_02",13,"Fold_02",1,3,0.0353528500225011,11206,FALSE
"RF","Repeat_13_Fold_02",13,"Fold_02",1,5,0.035640484975989,11211,FALSE
"RF","Repeat_13_Fold_02",13,"Fold_02",3,1,0.0357560427070587,11202,FALSE
"RF","Repeat_13_Fold_02",13,"Fold_02",3,3,0.0359275916397359,11207,FALSE
"RF","Repeat_13_Fold_02",13,"Fold_02",5,1,0.036584559177404,11204,FALSE
"RF","Repeat_13_Fold_02",13,"Fold_02",4,1,0.0368465550998827,11203,FALSE
"RF","Repeat_13_Fold_02",13,"Fold_02",3,5,0.0369125227671577,11212,FALSE
"RF","Repeat_13_Fold_02",13,"Fold_02",4,5,0.0374783493142235,11213,FALSE
"RF","Repeat_13_Fold_02",13,"Fold_02",4,3,0.0374840695119551,11208,FALSE
"RF","Repeat_13_Fold_02",13,"Fold_02",5,3,0.0380718861526559,11209,FALSE
"RF","Repeat_13_Fold_02",13,"Fold_02",5,5,0.0386638638705552,11214,FALSE
"RF","Repeat_13_Fold_02",13,"Fold_02",10,5,0.0409747883327626,11215,FALSE
"RF","Repeat_13_Fold_02",13,"Fold_02",10,1,0.0412510736741037,11205,FALSE
"RF","Repeat_13_Fold_02",13,"Fold_02",10,3,0.041503367895009,11210,FALSE
"RF","Repeat_13_Fold_03",13,"Fold_03",1,5,0.0354963902474725,11311,TRUE
"RF","Repeat_13_Fold_03",13,"Fold_03",1,1,0.0357001046753666,11301,FALSE
"RF","Repeat_13_Fold_03",13,"Fold_03",1,3,0.0358700218060631,11306,FALSE
"RF","Repeat_13_Fold_03",13,"Fold_03",3,5,0.0387468052285579,11312,FALSE
"RF","Repeat_13_Fold_03",13,"Fold_03",3,3,0.0396915930286632,11307,FALSE
"RF","Repeat_13_Fold_03",13,"Fold_03",4,5,0.0398909426947989,11313,FALSE
"RF","Repeat_13_Fold_03",13,"Fold_03",3,1,0.0405928253685511,11302,FALSE
"RF","Repeat_13_Fold_03",13,"Fold_03",4,3,0.0413807287682231,11308,FALSE
"RF","Repeat_13_Fold_03",13,"Fold_03",5,3,0.0413913515925882,11309,FALSE
"RF","Repeat_13_Fold_03",13,"Fold_03",5,5,0.0415644535760005,11314,FALSE
"RF","Repeat_13_Fold_03",13,"Fold_03",5,1,0.0423172869241267,11304,FALSE
"RF","Repeat_13_Fold_03",13,"Fold_03",4,1,0.0427815525226543,11303,FALSE
"RF","Repeat_13_Fold_03",13,"Fold_03",10,5,0.0473554632221785,11315,FALSE
"RF","Repeat_13_Fold_03",13,"Fold_03",10,3,0.047741883904493,11310,FALSE
"RF","Repeat_13_Fold_03",13,"Fold_03",10,1,0.050452352781272,11305,FALSE
"RF","Repeat_13_Fold_04",13,"Fold_04",3,1,0.0348297442796339,11402,TRUE
"RF","Repeat_13_Fold_04",13,"Fold_04",1,3,0.0353334017543128,11406,FALSE
"RF","Repeat_13_Fold_04",13,"Fold_04",1,5,0.0353483481692351,11411,FALSE
"RF","Repeat_13_Fold_04",13,"Fold_04",1,1,0.0355380981955382,11401,FALSE
"RF","Repeat_13_Fold_04",13,"Fold_04",4,1,0.0364351425162797,11403,FALSE
"RF","Repeat_13_Fold_04",13,"Fold_04",3,3,0.0365960753207782,11407,FALSE
"RF","Repeat_13_Fold_04",13,"Fold_04",6,1,0.0368324185908243,11404,FALSE
"RF","Repeat_13_Fold_04",13,"Fold_04",4,5,0.0371609090192431,11413,FALSE
"RF","Repeat_13_Fold_04",13,"Fold_04",6,3,0.0373969531828625,11409,FALSE
"RF","Repeat_13_Fold_04",13,"Fold_04",4,3,0.0374096107047555,11408,FALSE
"RF","Repeat_13_Fold_04",13,"Fold_04",11,1,0.0376631540944106,11405,FALSE
"RF","Repeat_13_Fold_04",13,"Fold_04",3,5,0.0379141409782299,11412,FALSE
"RF","Repeat_13_Fold_04",13,"Fold_04",11,3,0.039398000985837,11410,FALSE
"RF","Repeat_13_Fold_04",13,"Fold_04",6,5,0.0394661943006102,11414,FALSE
"RF","Repeat_13_Fold_04",13,"Fold_04",11,5,0.040880785498739,11415,FALSE
"RF","Repeat_13_Fold_05",13,"Fold_05",1,5,0.0356015104532526,11511,TRUE
"RF","Repeat_13_Fold_05",13,"Fold_05",1,3,0.0357612422633519,11506,FALSE
"RF","Repeat_13_Fold_05",13,"Fold_05",1,1,0.0358376883168839,11501,FALSE
"RF","Repeat_13_Fold_05",13,"Fold_05",3,5,0.0392537953134928,11512,FALSE
"RF","Repeat_13_Fold_05",13,"Fold_05",3,1,0.0395058290257212,11502,FALSE
"RF","Repeat_13_Fold_05",13,"Fold_05",3,3,0.0396176626170355,11507,FALSE
"RF","Repeat_13_Fold_05",13,"Fold_05",4,5,0.0399314507694152,11513,FALSE
"RF","Repeat_13_Fold_05",13,"Fold_05",4,3,0.0401103083742829,11508,FALSE
"RF","Repeat_13_Fold_05",13,"Fold_05",4,1,0.0407919375907434,11503,FALSE
"RF","Repeat_13_Fold_05",13,"Fold_05",5,5,0.0415699095940179,11514,FALSE
"RF","Repeat_13_Fold_05",13,"Fold_05",5,3,0.0416588607362638,11509,FALSE
"RF","Repeat_13_Fold_05",13,"Fold_05",5,1,0.0420169894739792,11504,FALSE
"RF","Repeat_13_Fold_05",13,"Fold_05",10,3,0.046198953434518,11510,FALSE
"RF","Repeat_13_Fold_05",13,"Fold_05",10,1,0.0465045149803339,11505,FALSE
"RF","Repeat_13_Fold_05",13,"Fold_05",10,5,0.046619760517391,11515,FALSE
"RF","Repeat_14_Fold_01",14,"Fold_01",1,1,0.0352653063361048,11601,TRUE
"RF","Repeat_14_Fold_01",14,"Fold_01",1,3,0.035444051127116,11606,FALSE
"RF","Repeat_14_Fold_01",14,"Fold_01",1,5,0.0356431391761005,11611,FALSE
"RF","Repeat_14_Fold_01",14,"Fold_01",3,5,0.0370967079989969,11612,FALSE
"RF","Repeat_14_Fold_01",14,"Fold_01",3,3,0.038787451571574,11607,FALSE
"RF","Repeat_14_Fold_01",14,"Fold_01",4,5,0.0388735483479679,11613,FALSE
"RF","Repeat_14_Fold_01",14,"Fold_01",3,1,0.0393345498801932,11602,FALSE
"RF","Repeat_14_Fold_01",14,"Fold_01",4,1,0.0394604571887313,11603,FALSE
"RF","Repeat_14_Fold_01",14,"Fold_01",6,5,0.0406507834778544,11614,FALSE
"RF","Repeat_14_Fold_01",14,"Fold_01",4,3,0.0409367804715025,11608,FALSE
"RF","Repeat_14_Fold_01",14,"Fold_01",6,3,0.041824831689826,11609,FALSE
"RF","Repeat_14_Fold_01",14,"Fold_01",6,1,0.0425324846868325,11604,FALSE
"RF","Repeat_14_Fold_01",14,"Fold_01",11,5,0.0428787900810326,11615,FALSE
"RF","Repeat_14_Fold_01",14,"Fold_01",11,3,0.0447218290997697,11610,FALSE
"RF","Repeat_14_Fold_01",14,"Fold_01",11,1,0.0462004113385769,11605,FALSE
"RF","Repeat_14_Fold_02",14,"Fold_02",4,1,0.0327062869907233,11703,TRUE
"RF","Repeat_14_Fold_02",14,"Fold_02",5,3,0.0329447714749257,11709,FALSE
"RF","Repeat_14_Fold_02",14,"Fold_02",1,5,0.0329988743075748,11711,FALSE
"RF","Repeat_14_Fold_02",14,"Fold_02",4,3,0.033056523018787,11708,FALSE
"RF","Repeat_14_Fold_02",14,"Fold_02",5,1,0.0330956435505177,11704,FALSE
"RF","Repeat_14_Fold_02",14,"Fold_02",5,5,0.0332043553364798,11714,FALSE
"RF","Repeat_14_Fold_02",14,"Fold_02",4,5,0.0333894713944205,11713,FALSE
"RF","Repeat_14_Fold_02",14,"Fold_02",3,3,0.0337689551437742,11707,FALSE
"RF","Repeat_14_Fold_02",14,"Fold_02",1,1,0.0340197660612127,11701,FALSE
"RF","Repeat_14_Fold_02",14,"Fold_02",3,5,0.0341395728026868,11712,FALSE
"RF","Repeat_14_Fold_02",14,"Fold_02",3,1,0.034203009416548,11702,FALSE
"RF","Repeat_14_Fold_02",14,"Fold_02",1,3,0.0343976311483725,11706,FALSE
"RF","Repeat_14_Fold_02",14,"Fold_02",10,3,0.0356752935324441,11710,FALSE
"RF","Repeat_14_Fold_02",14,"Fold_02",10,1,0.0365887277696247,11705,FALSE
"RF","Repeat_14_Fold_02",14,"Fold_02",10,5,0.0374534603458815,11715,FALSE
"RF","Repeat_14_Fold_03",14,"Fold_03",1,5,0.0374233777782529,11811,TRUE
"RF","Repeat_14_Fold_03",14,"Fold_03",1,3,0.0385900877645149,11806,FALSE
"RF","Repeat_14_Fold_03",14,"Fold_03",1,1,0.0388939272662414,11801,FALSE
"RF","Repeat_14_Fold_03",14,"Fold_03",3,5,0.0413483294720162,11812,FALSE
"RF","Repeat_14_Fold_03",14,"Fold_03",3,3,0.0414187876580359,11807,FALSE
"RF","Repeat_14_Fold_03",14,"Fold_03",3,1,0.0426278576398759,11802,FALSE
"RF","Repeat_14_Fold_03",14,"Fold_03",4,5,0.0428766294386309,11813,FALSE
"RF","Repeat_14_Fold_03",14,"Fold_03",4,3,0.0430173341181889,11808,FALSE
"RF","Repeat_14_Fold_03",14,"Fold_03",5,3,0.0439990386702163,11809,FALSE
"RF","Repeat_14_Fold_03",14,"Fold_03",5,5,0.0440771126247112,11814,FALSE
"RF","Repeat_14_Fold_03",14,"Fold_03",4,1,0.044514416071093,11803,FALSE
"RF","Repeat_14_Fold_03",14,"Fold_03",5,1,0.0451529009813396,11804,FALSE
"RF","Repeat_14_Fold_03",14,"Fold_03",10,5,0.0473581690460722,11815,FALSE
"RF","Repeat_14_Fold_03",14,"Fold_03",10,3,0.0487097726921024,11810,FALSE
"RF","Repeat_14_Fold_03",14,"Fold_03",10,1,0.0500205009770255,11805,FALSE
"RF","Repeat_14_Fold_04",14,"Fold_04",1,1,0.0358553057966902,11901,TRUE
"RF","Repeat_14_Fold_04",14,"Fold_04",1,5,0.0362004340373935,11911,FALSE
"RF","Repeat_14_Fold_04",14,"Fold_04",1,3,0.0365536347713977,11906,FALSE
"RF","Repeat_14_Fold_04",14,"Fold_04",4,3,0.037801724156329,11908,FALSE
"RF","Repeat_14_Fold_04",14,"Fold_04",3,1,0.0378992873120766,11902,FALSE
"RF","Repeat_14_Fold_04",14,"Fold_04",3,3,0.0380195698412078,11907,FALSE
"RF","Repeat_14_Fold_04",14,"Fold_04",3,5,0.0380273288482076,11912,FALSE
"RF","Repeat_14_Fold_04",14,"Fold_04",6,1,0.0380407058130901,11904,FALSE
"RF","Repeat_14_Fold_04",14,"Fold_04",6,5,0.0381331311763513,11914,FALSE
"RF","Repeat_14_Fold_04",14,"Fold_04",4,1,0.0386173996450504,11903,FALSE
"RF","Repeat_14_Fold_04",14,"Fold_04",11,1,0.0387324568219679,11905,FALSE
"RF","Repeat_14_Fold_04",14,"Fold_04",4,5,0.0387445849195862,11913,FALSE
"RF","Repeat_14_Fold_04",14,"Fold_04",11,5,0.0388517232122361,11915,FALSE
"RF","Repeat_14_Fold_04",14,"Fold_04",6,3,0.0389240568527103,11909,FALSE
"RF","Repeat_14_Fold_04",14,"Fold_04",11,3,0.0389490670902989,11910,FALSE
"RF","Repeat_14_Fold_05",14,"Fold_05",1,3,0.0380728091114844,12006,TRUE
"RF","Repeat_14_Fold_05",14,"Fold_05",1,5,0.0382879316981081,12011,FALSE
"RF","Repeat_14_Fold_05",14,"Fold_05",1,1,0.0392220048009759,12001,FALSE
"RF","Repeat_14_Fold_05",14,"Fold_05",3,3,0.0416588109161213,12007,FALSE
"RF","Repeat_14_Fold_05",14,"Fold_05",3,1,0.0418372215894359,12002,FALSE
"RF","Repeat_14_Fold_05",14,"Fold_05",3,5,0.0423345339460503,12012,FALSE
"RF","Repeat_14_Fold_05",14,"Fold_05",5,1,0.0430190061079162,12004,FALSE
"RF","Repeat_14_Fold_05",14,"Fold_05",4,1,0.0430480493961931,12003,FALSE
"RF","Repeat_14_Fold_05",14,"Fold_05",4,5,0.0433579932879011,12013,FALSE
"RF","Repeat_14_Fold_05",14,"Fold_05",5,3,0.0436030894737142,12009,FALSE
"RF","Repeat_14_Fold_05",14,"Fold_05",4,3,0.0445301206056458,12008,FALSE
"RF","Repeat_14_Fold_05",14,"Fold_05",5,5,0.044621176358755,12014,FALSE
"RF","Repeat_14_Fold_05",14,"Fold_05",10,3,0.0466101384248698,12010,FALSE
"RF","Repeat_14_Fold_05",14,"Fold_05",10,1,0.0470406815066433,12005,FALSE
"RF","Repeat_14_Fold_05",14,"Fold_05",10,5,0.0474242752283686,12015,FALSE
"RF","Repeat_15_Fold_01",15,"Fold_01",3,1,0.0315698234454141,12102,TRUE
"RF","Repeat_15_Fold_01",15,"Fold_01",1,1,0.0317958890849088,12101,FALSE
"RF","Repeat_15_Fold_01",15,"Fold_01",3,3,0.0319309747661147,12106,FALSE
"RF","Repeat_15_Fold_01",15,"Fold_01",1,3,0.0320120308222892,12105,FALSE
"RF","Repeat_15_Fold_01",15,"Fold_01",1,5,0.0322447899621262,12109,FALSE
"RF","Repeat_15_Fold_01",15,"Fold_01",5,3,0.0324817966876382,12107,FALSE
"RF","Repeat_15_Fold_01",15,"Fold_01",5,5,0.0325649723279832,12111,FALSE
"RF","Repeat_15_Fold_01",15,"Fold_01",9,1,0.0327048823728343,12104,FALSE
"RF","Repeat_15_Fold_01",15,"Fold_01",3,5,0.0327232953578237,12110,FALSE
"RF","Repeat_15_Fold_01",15,"Fold_01",5,1,0.0329635566812028,12103,FALSE
"RF","Repeat_15_Fold_01",15,"Fold_01",9,3,0.0335898174580497,12108,FALSE
"RF","Repeat_15_Fold_01",15,"Fold_01",9,5,0.0337457538746983,12112,FALSE
"RF","Repeat_15_Fold_02",15,"Fold_02",4,1,0.0326963509906797,12203,TRUE
"RF","Repeat_15_Fold_02",15,"Fold_02",3,1,0.0328481463633773,12202,FALSE
"RF","Repeat_15_Fold_02",15,"Fold_02",4,5,0.0328835883962902,12213,FALSE
"RF","Repeat_15_Fold_02",15,"Fold_02",5,5,0.0328886922153579,12214,FALSE
"RF","Repeat_15_Fold_02",15,"Fold_02",5,1,0.0329207604778317,12204,FALSE
"RF","Repeat_15_Fold_02",15,"Fold_02",3,5,0.0330595328592395,12212,FALSE
"RF","Repeat_15_Fold_02",15,"Fold_02",4,3,0.033648703135434,12208,FALSE
"RF","Repeat_15_Fold_02",15,"Fold_02",1,1,0.0336817125393581,12201,FALSE
"RF","Repeat_15_Fold_02",15,"Fold_02",1,5,0.0336891741240799,12211,FALSE
"RF","Repeat_15_Fold_02",15,"Fold_02",1,3,0.0337074377196199,12206,FALSE
"RF","Repeat_15_Fold_02",15,"Fold_02",5,3,0.0339141434039299,12209,FALSE
"RF","Repeat_15_Fold_02",15,"Fold_02",10,1,0.0341861324800442,12205,FALSE
"RF","Repeat_15_Fold_02",15,"Fold_02",3,3,0.0344402799462556,12207,FALSE
"RF","Repeat_15_Fold_02",15,"Fold_02",10,3,0.0350427639121718,12210,FALSE
"RF","Repeat_15_Fold_02",15,"Fold_02",10,5,0.0356788124675319,12215,FALSE
"RF","Repeat_15_Fold_03",15,"Fold_03",1,3,0.0358497713505158,12306,TRUE
"RF","Repeat_15_Fold_03",15,"Fold_03",1,1,0.0360472654861187,12301,FALSE
"RF","Repeat_15_Fold_03",15,"Fold_03",1,5,0.0366197728102478,12311,FALSE
"RF","Repeat_15_Fold_03",15,"Fold_03",4,1,0.039089384301785,12303,FALSE
"RF","Repeat_15_Fold_03",15,"Fold_03",3,5,0.0392864474460235,12312,FALSE
"RF","Repeat_15_Fold_03",15,"Fold_03",3,3,0.0395615720286036,12307,FALSE
"RF","Repeat_15_Fold_03",15,"Fold_03",4,3,0.0398575521084984,12308,FALSE
"RF","Repeat_15_Fold_03",15,"Fold_03",4,5,0.040088350725807,12313,FALSE
"RF","Repeat_15_Fold_03",15,"Fold_03",3,1,0.0405750632977392,12302,FALSE
"RF","Repeat_15_Fold_03",15,"Fold_03",5,3,0.0408252356273848,12309,FALSE
"RF","Repeat_15_Fold_03",15,"Fold_03",5,5,0.0413283257925887,12314,FALSE
"RF","Repeat_15_Fold_03",15,"Fold_03",5,1,0.041919709652809,12304,FALSE
"RF","Repeat_15_Fold_03",15,"Fold_03",10,1,0.0430618139605532,12305,FALSE
"RF","Repeat_15_Fold_03",15,"Fold_03",10,5,0.0434345612546528,12315,FALSE
"RF","Repeat_15_Fold_03",15,"Fold_03",10,3,0.0435299708939643,12310,FALSE
"RF","Repeat_15_Fold_04",15,"Fold_04",10,1,0.0251498177678465,12405,TRUE
"RF","Repeat_15_Fold_04",15,"Fold_04",5,3,0.0265215366400498,12409,FALSE
"RF","Repeat_15_Fold_04",15,"Fold_04",5,1,0.0266983734079446,12404,FALSE
"RF","Repeat_15_Fold_04",15,"Fold_04",10,3,0.0268074590990763,12410,FALSE
"RF","Repeat_15_Fold_04",15,"Fold_04",10,5,0.0275635111456981,12415,FALSE
"RF","Repeat_15_Fold_04",15,"Fold_04",4,1,0.0286397978118098,12403,FALSE
"RF","Repeat_15_Fold_04",15,"Fold_04",3,1,0.0286709034827386,12402,FALSE
"RF","Repeat_15_Fold_04",15,"Fold_04",5,5,0.0288265127704702,12414,FALSE
"RF","Repeat_15_Fold_04",15,"Fold_04",4,3,0.0292493652420885,12408,FALSE
"RF","Repeat_15_Fold_04",15,"Fold_04",3,3,0.0297160136865777,12407,FALSE
"RF","Repeat_15_Fold_04",15,"Fold_04",3,5,0.0301967487886901,12412,FALSE
"RF","Repeat_15_Fold_04",15,"Fold_04",4,5,0.030893924957619,12413,FALSE
"RF","Repeat_15_Fold_04",15,"Fold_04",1,5,0.0316121997187404,12411,FALSE
"RF","Repeat_15_Fold_04",15,"Fold_04",1,1,0.031747898737097,12401,FALSE
"RF","Repeat_15_Fold_04",15,"Fold_04",1,3,0.0323312782208294,12406,FALSE
"RF","Repeat_15_Fold_05",15,"Fold_05",1,5,0.0357434086902894,12511,TRUE
"RF","Repeat_15_Fold_05",15,"Fold_05",1,3,0.0362625458440819,12506,FALSE
"RF","Repeat_15_Fold_05",15,"Fold_05",1,1,0.036526561754267,12501,FALSE
"RF","Repeat_15_Fold_05",15,"Fold_05",3,5,0.038028488114542,12512,FALSE
"RF","Repeat_15_Fold_05",15,"Fold_05",3,1,0.0383319719554759,12502,FALSE
"RF","Repeat_15_Fold_05",15,"Fold_05",4,5,0.0384622389044883,12513,FALSE
"RF","Repeat_15_Fold_05",15,"Fold_05",3,3,0.0387355991496676,12507,FALSE
"RF","Repeat_15_Fold_05",15,"Fold_05",4,3,0.0397547013188436,12508,FALSE
"RF","Repeat_15_Fold_05",15,"Fold_05",6,3,0.0407744077447349,12509,FALSE
"RF","Repeat_15_Fold_05",15,"Fold_05",4,1,0.0412756428626995,12503,FALSE
"RF","Repeat_15_Fold_05",15,"Fold_05",6,5,0.0414874681115182,12514,FALSE
"RF","Repeat_15_Fold_05",15,"Fold_05",6,1,0.041751068553716,12504,FALSE
"RF","Repeat_15_Fold_05",15,"Fold_05",11,5,0.0439989841777645,12515,FALSE
"RF","Repeat_15_Fold_05",15,"Fold_05",11,3,0.0442598956796572,12510,FALSE
"RF","Repeat_15_Fold_05",15,"Fold_05",11,1,0.0455704334510732,12505,FALSE
"RF","Repeat_16_Fold_01",16,"Fold_01",1,5,0.0311913576456092,12611,TRUE
"RF","Repeat_16_Fold_01",16,"Fold_01",3,5,0.0311953038603058,12612,FALSE
"RF","Repeat_16_Fold_01",16,"Fold_01",5,5,0.0314373024880516,12614,FALSE
"RF","Repeat_16_Fold_01",16,"Fold_01",3,3,0.0321247026811692,12607,FALSE
"RF","Repeat_16_Fold_01",16,"Fold_01",3,1,0.0324277804391858,12602,FALSE
"RF","Repeat_16_Fold_01",16,"Fold_01",4,1,0.0326127342887044,12603,FALSE
"RF","Repeat_16_Fold_01",16,"Fold_01",1,3,0.0326245985154201,12606,FALSE
"RF","Repeat_16_Fold_01",16,"Fold_01",1,1,0.0326338783740743,12601,FALSE
"RF","Repeat_16_Fold_01",16,"Fold_01",5,1,0.0327189868996426,12604,FALSE
"RF","Repeat_16_Fold_01",16,"Fold_01",4,5,0.032731473362834,12613,FALSE
"RF","Repeat_16_Fold_01",16,"Fold_01",5,3,0.032776666173099,12609,FALSE
"RF","Repeat_16_Fold_01",16,"Fold_01",4,3,0.0330261618781646,12608,FALSE
"RF","Repeat_16_Fold_01",16,"Fold_01",10,1,0.0342231704742709,12605,FALSE
"RF","Repeat_16_Fold_01",16,"Fold_01",10,5,0.0348928500127422,12615,FALSE
"RF","Repeat_16_Fold_01",16,"Fold_01",10,3,0.0354474451646085,12610,FALSE
"RF","Repeat_16_Fold_02",16,"Fold_02",4,1,0.0282202623415414,12703,TRUE
"RF","Repeat_16_Fold_02",16,"Fold_02",3,1,0.0286847501581956,12702,FALSE
"RF","Repeat_16_Fold_02",16,"Fold_02",5,3,0.0289057358723768,12709,FALSE
"RF","Repeat_16_Fold_02",16,"Fold_02",3,5,0.0290575223067624,12712,FALSE
"RF","Repeat_16_Fold_02",16,"Fold_02",5,5,0.0293427831555884,12714,FALSE
"RF","Repeat_16_Fold_02",16,"Fold_02",5,1,0.0297528801482749,12704,FALSE
"RF","Repeat_16_Fold_02",16,"Fold_02",3,3,0.0300165799099842,12707,FALSE
"RF","Repeat_16_Fold_02",16,"Fold_02",4,5,0.0303187852961651,12713,FALSE
"RF","Repeat_16_Fold_02",16,"Fold_02",1,5,0.0303439342475548,12711,FALSE
"RF","Repeat_16_Fold_02",16,"Fold_02",4,3,0.0304056839222125,12708,FALSE
"RF","Repeat_16_Fold_02",16,"Fold_02",10,3,0.0313754271401148,12710,FALSE
"RF","Repeat_16_Fold_02",16,"Fold_02",1,3,0.0314173600358272,12706,FALSE
"RF","Repeat_16_Fold_02",16,"Fold_02",10,5,0.0315459563287965,12715,FALSE
"RF","Repeat_16_Fold_02",16,"Fold_02",10,1,0.0323235110930673,12705,FALSE
"RF","Repeat_16_Fold_02",16,"Fold_02",1,1,0.0325703546065403,12701,FALSE
"RF","Repeat_16_Fold_03",16,"Fold_03",5,3,0.0244184054583106,12809,TRUE
"RF","Repeat_16_Fold_03",16,"Fold_03",5,5,0.0249643475710261,12814,FALSE
"RF","Repeat_16_Fold_03",16,"Fold_03",3,5,0.0250048041040036,12812,FALSE
"RF","Repeat_16_Fold_03",16,"Fold_03",4,5,0.0251885236552336,12813,FALSE
"RF","Repeat_16_Fold_03",16,"Fold_03",4,1,0.0254971021942689,12803,FALSE
"RF","Repeat_16_Fold_03",16,"Fold_03",10,5,0.0255606229719043,12815,FALSE
"RF","Repeat_16_Fold_03",16,"Fold_03",10,1,0.0257712185378295,12805,FALSE
"RF","Repeat_16_Fold_03",16,"Fold_03",4,3,0.0258898778261315,12808,FALSE
"RF","Repeat_16_Fold_03",16,"Fold_03",3,1,0.0258963224117989,12802,FALSE
"RF","Repeat_16_Fold_03",16,"Fold_03",5,1,0.0260250307411035,12804,FALSE
"RF","Repeat_16_Fold_03",16,"Fold_03",10,3,0.0265168812797469,12810,FALSE
"RF","Repeat_16_Fold_03",16,"Fold_03",3,3,0.026554196174934,12807,FALSE
"RF","Repeat_16_Fold_03",16,"Fold_03",1,5,0.0280146427116813,12811,FALSE
"RF","Repeat_16_Fold_03",16,"Fold_03",1,3,0.0284631943989359,12806,FALSE
"RF","Repeat_16_Fold_03",16,"Fold_03",1,1,0.0291495775789231,12801,FALSE
"RF","Repeat_16_Fold_04",16,"Fold_04",1,3,0.0335390089119629,12906,TRUE
"RF","Repeat_16_Fold_04",16,"Fold_04",1,5,0.0340318182794979,12911,FALSE
"RF","Repeat_16_Fold_04",16,"Fold_04",3,5,0.034499438746096,12912,FALSE
"RF","Repeat_16_Fold_04",16,"Fold_04",1,1,0.0347954427981137,12901,FALSE
"RF","Repeat_16_Fold_04",16,"Fold_04",3,3,0.0354810012259648,12907,FALSE
"RF","Repeat_16_Fold_04",16,"Fold_04",4,5,0.0355472118560476,12913,FALSE
"RF","Repeat_16_Fold_04",16,"Fold_04",5,5,0.0367242489596619,12914,FALSE
"RF","Repeat_16_Fold_04",16,"Fold_04",3,1,0.0367782096754671,12902,FALSE
"RF","Repeat_16_Fold_04",16,"Fold_04",4,3,0.0368530364432524,12908,FALSE
"RF","Repeat_16_Fold_04",16,"Fold_04",4,1,0.0371720868072621,12903,FALSE
"RF","Repeat_16_Fold_04",16,"Fold_04",5,3,0.0374367459690488,12909,FALSE
"RF","Repeat_16_Fold_04",16,"Fold_04",5,1,0.0383560462845326,12904,FALSE
"RF","Repeat_16_Fold_04",16,"Fold_04",10,5,0.0401678673294443,12915,FALSE
"RF","Repeat_16_Fold_04",16,"Fold_04",10,3,0.0408053980956826,12910,FALSE
"RF","Repeat_16_Fold_04",16,"Fold_04",10,1,0.0417485211480806,12905,FALSE
"RF","Repeat_16_Fold_05",16,"Fold_05",5,1,0.0240933370182378,13004,TRUE
"RF","Repeat_16_Fold_05",16,"Fold_05",10,3,0.024467986916671,13010,FALSE
"RF","Repeat_16_Fold_05",16,"Fold_05",5,3,0.0246127109399587,13009,FALSE
"RF","Repeat_16_Fold_05",16,"Fold_05",5,5,0.024653348621841,13014,FALSE
"RF","Repeat_16_Fold_05",16,"Fold_05",10,1,0.0247205770846856,13005,FALSE
"RF","Repeat_16_Fold_05",16,"Fold_05",10,5,0.0252367395065533,13015,FALSE
"RF","Repeat_16_Fold_05",16,"Fold_05",4,5,0.0252927060125878,13013,FALSE
"RF","Repeat_16_Fold_05",16,"Fold_05",4,3,0.0255202804243545,13008,FALSE
"RF","Repeat_16_Fold_05",16,"Fold_05",3,3,0.0257519494619067,13007,FALSE
"RF","Repeat_16_Fold_05",16,"Fold_05",4,1,0.0258561027402561,13003,FALSE
"RF","Repeat_16_Fold_05",16,"Fold_05",3,1,0.0263960471100069,13002,FALSE
"RF","Repeat_16_Fold_05",16,"Fold_05",3,5,0.0266327089044891,13012,FALSE
"RF","Repeat_16_Fold_05",16,"Fold_05",1,5,0.0285483529499722,13011,FALSE
"RF","Repeat_16_Fold_05",16,"Fold_05",1,1,0.0286458824395496,13001,FALSE
"RF","Repeat_16_Fold_05",16,"Fold_05",1,3,0.0291953743741095,13006,FALSE
"RF","Repeat_17_Fold_01",17,"Fold_01",1,5,0.0334631976607801,13111,TRUE
"RF","Repeat_17_Fold_01",17,"Fold_01",1,3,0.0344387458799523,13106,FALSE
"RF","Repeat_17_Fold_01",17,"Fold_01",1,1,0.03451793613154,13101,FALSE
"RF","Repeat_17_Fold_01",17,"Fold_01",3,1,0.0359646608817862,13102,FALSE
"RF","Repeat_17_Fold_01",17,"Fold_01",3,5,0.0360714487065469,13112,FALSE
"RF","Repeat_17_Fold_01",17,"Fold_01",4,3,0.0363427974118195,13108,FALSE
"RF","Repeat_17_Fold_01",17,"Fold_01",3,3,0.0369552410499297,13107,FALSE
"RF","Repeat_17_Fold_01",17,"Fold_01",4,5,0.0370224827995909,13113,FALSE
"RF","Repeat_17_Fold_01",17,"Fold_01",4,1,0.0376737897724078,13103,FALSE
"RF","Repeat_17_Fold_01",17,"Fold_01",5,5,0.0381122188067494,13114,FALSE
"RF","Repeat_17_Fold_01",17,"Fold_01",5,3,0.0381980078820794,13109,FALSE
"RF","Repeat_17_Fold_01",17,"Fold_01",5,1,0.0382101265696496,13104,FALSE
"RF","Repeat_17_Fold_01",17,"Fold_01",10,5,0.0404035986544606,13115,FALSE
"RF","Repeat_17_Fold_01",17,"Fold_01",10,3,0.0408963893293688,13110,FALSE
"RF","Repeat_17_Fold_01",17,"Fold_01",10,1,0.0414857724561595,13105,FALSE
"RF","Repeat_17_Fold_02",17,"Fold_02",1,5,0.0346935051429758,13211,TRUE
"RF","Repeat_17_Fold_02",17,"Fold_02",1,1,0.0347568226816431,13201,FALSE
"RF","Repeat_17_Fold_02",17,"Fold_02",1,3,0.0348750102848624,13206,FALSE
"RF","Repeat_17_Fold_02",17,"Fold_02",3,5,0.0354703805880866,13212,FALSE
"RF","Repeat_17_Fold_02",17,"Fold_02",3,1,0.0362506099162244,13202,FALSE
"RF","Repeat_17_Fold_02",17,"Fold_02",3,3,0.0368359764076976,13207,FALSE
"RF","Repeat_17_Fold_02",17,"Fold_02",4,1,0.0368741038515062,13203,FALSE
"RF","Repeat_17_Fold_02",17,"Fold_02",4,3,0.0370780590391025,13208,FALSE
"RF","Repeat_17_Fold_02",17,"Fold_02",4,5,0.0374427859168616,13213,FALSE
"RF","Repeat_17_Fold_02",17,"Fold_02",5,5,0.0381077517437265,13214,FALSE
"RF","Repeat_17_Fold_02",17,"Fold_02",5,1,0.0385634537220052,13204,FALSE
"RF","Repeat_17_Fold_02",17,"Fold_02",5,3,0.0386080685710329,13209,FALSE
"RF","Repeat_17_Fold_02",17,"Fold_02",10,5,0.0430098644639294,13215,FALSE
"RF","Repeat_17_Fold_02",17,"Fold_02",10,3,0.0434617829842311,13210,FALSE
"RF","Repeat_17_Fold_02",17,"Fold_02",10,1,0.0436484226423626,13205,FALSE
"RF","Repeat_17_Fold_03",17,"Fold_03",1,5,0.035105986140787,13311,TRUE
"RF","Repeat_17_Fold_03",17,"Fold_03",1,3,0.0352199422144635,13306,FALSE
"RF","Repeat_17_Fold_03",17,"Fold_03",1,1,0.035803844343058,13301,FALSE
"RF","Repeat_17_Fold_03",17,"Fold_03",3,5,0.0380091527653309,13312,FALSE
"RF","Repeat_17_Fold_03",17,"Fold_03",3,3,0.0389442775146311,13307,FALSE
"RF","Repeat_17_Fold_03",17,"Fold_03",4,5,0.0394548303226013,13313,FALSE
"RF","Repeat_17_Fold_03",17,"Fold_03",3,1,0.0401720600757756,13302,FALSE
"RF","Repeat_17_Fold_03",17,"Fold_03",4,1,0.0404180539593231,13303,FALSE
"RF","Repeat_17_Fold_03",17,"Fold_03",4,3,0.0404610448077503,13308,FALSE
"RF","Repeat_17_Fold_03",17,"Fold_03",6,3,0.0417744527774421,13309,FALSE
"RF","Repeat_17_Fold_03",17,"Fold_03",6,5,0.0422931838876425,13314,FALSE
"RF","Repeat_17_Fold_03",17,"Fold_03",6,1,0.043581836007477,13304,FALSE
"RF","Repeat_17_Fold_03",17,"Fold_03",11,5,0.0458893471493218,13315,FALSE
"RF","Repeat_17_Fold_03",17,"Fold_03",11,1,0.0479375771525472,13305,FALSE
"RF","Repeat_17_Fold_03",17,"Fold_03",11,3,0.0485691442676615,13310,FALSE
"RF","Repeat_17_Fold_04",17,"Fold_04",1,5,0.0355853162371545,13411,TRUE
"RF","Repeat_17_Fold_04",17,"Fold_04",1,1,0.0364523570562442,13401,FALSE
"RF","Repeat_17_Fold_04",17,"Fold_04",1,3,0.0374740845415081,13406,FALSE
"RF","Repeat_17_Fold_04",17,"Fold_04",5,5,0.0392197902463884,13414,FALSE
"RF","Repeat_17_Fold_04",17,"Fold_04",4,5,0.0392699955357927,13413,FALSE
"RF","Repeat_17_Fold_04",17,"Fold_04",3,5,0.0392894864275892,13412,FALSE
"RF","Repeat_17_Fold_04",17,"Fold_04",3,1,0.039727597094157,13402,FALSE
"RF","Repeat_17_Fold_04",17,"Fold_04",3,3,0.0404501157224217,13407,FALSE
"RF","Repeat_17_Fold_04",17,"Fold_04",5,3,0.0405369304603937,13409,FALSE
"RF","Repeat_17_Fold_04",17,"Fold_04",4,3,0.0406759576082566,13408,FALSE
"RF","Repeat_17_Fold_04",17,"Fold_04",10,5,0.040844989945791,13415,FALSE
"RF","Repeat_17_Fold_04",17,"Fold_04",4,1,0.040849715371278,13403,FALSE
"RF","Repeat_17_Fold_04",17,"Fold_04",5,1,0.0421427361268124,13404,FALSE
"RF","Repeat_17_Fold_04",17,"Fold_04",10,3,0.0423585320644304,13410,FALSE
"RF","Repeat_17_Fold_04",17,"Fold_04",10,1,0.043282862453141,13405,FALSE
"RF","Repeat_17_Fold_05",17,"Fold_05",1,1,0.0357740923374551,13501,TRUE
"RF","Repeat_17_Fold_05",17,"Fold_05",1,5,0.0357749598978301,13511,FALSE
"RF","Repeat_17_Fold_05",17,"Fold_05",1,3,0.0358755098111485,13506,FALSE
"RF","Repeat_17_Fold_05",17,"Fold_05",3,5,0.0379475227659111,13512,FALSE
"RF","Repeat_17_Fold_05",17,"Fold_05",4,5,0.0386171417803508,13513,FALSE
"RF","Repeat_17_Fold_05",17,"Fold_05",5,5,0.03961368827251,13514,FALSE
"RF","Repeat_17_Fold_05",17,"Fold_05",3,3,0.0396576951519041,13507,FALSE
"RF","Repeat_17_Fold_05",17,"Fold_05",5,3,0.0398457302210788,13509,FALSE
"RF","Repeat_17_Fold_05",17,"Fold_05",3,1,0.0405205305681365,13502,FALSE
"RF","Repeat_17_Fold_05",17,"Fold_05",4,1,0.0406544603595451,13503,FALSE
"RF","Repeat_17_Fold_05",17,"Fold_05",4,3,0.0408951161592255,13508,FALSE
"RF","Repeat_17_Fold_05",17,"Fold_05",5,1,0.0422587803855174,13504,FALSE
"RF","Repeat_17_Fold_05",17,"Fold_05",10,3,0.0430202597179994,13510,FALSE
"RF","Repeat_17_Fold_05",17,"Fold_05",10,1,0.0433317375320382,13505,FALSE
"RF","Repeat_17_Fold_05",17,"Fold_05",10,5,0.0440918692823497,13515,FALSE
"RF","Repeat_18_Fold_01",18,"Fold_01",1,1,0.035503892078148,13601,TRUE
"RF","Repeat_18_Fold_01",18,"Fold_01",1,3,0.036166568534835,13606,FALSE
"RF","Repeat_18_Fold_01",18,"Fold_01",1,5,0.0363850207687761,13611,FALSE
"RF","Repeat_18_Fold_01",18,"Fold_01",3,1,0.0380914251799734,13602,FALSE
"RF","Repeat_18_Fold_01",18,"Fold_01",3,3,0.0385478679427357,13607,FALSE
"RF","Repeat_18_Fold_01",18,"Fold_01",3,5,0.0387912306823385,13612,FALSE
"RF","Repeat_18_Fold_01",18,"Fold_01",4,3,0.0397973332851855,13608,FALSE
"RF","Repeat_18_Fold_01",18,"Fold_01",4,5,0.0402560638285406,13613,FALSE
"RF","Repeat_18_Fold_01",18,"Fold_01",4,1,0.0406306837866194,13603,FALSE
"RF","Repeat_18_Fold_01",18,"Fold_01",6,3,0.0416110290384669,13609,FALSE
"RF","Repeat_18_Fold_01",18,"Fold_01",6,5,0.0418739661590809,13614,FALSE
"RF","Repeat_18_Fold_01",18,"Fold_01",6,1,0.0422040959994784,13604,FALSE
"RF","Repeat_18_Fold_01",18,"Fold_01",11,1,0.0432676213295754,13605,FALSE
"RF","Repeat_18_Fold_01",18,"Fold_01",11,3,0.0444825202545801,13610,FALSE
"RF","Repeat_18_Fold_01",18,"Fold_01",11,5,0.045967198054179,13615,FALSE
"RF","Repeat_18_Fold_02",18,"Fold_02",1,1,0.0358106709139139,13701,TRUE
"RF","Repeat_18_Fold_02",18,"Fold_02",1,5,0.0365777704687669,13711,FALSE
"RF","Repeat_18_Fold_02",18,"Fold_02",1,3,0.0368031545868583,13706,FALSE
"RF","Repeat_18_Fold_02",18,"Fold_02",6,1,0.0371076902126813,13704,FALSE
"RF","Repeat_18_Fold_02",18,"Fold_02",3,1,0.0371224398337469,13702,FALSE
"RF","Repeat_18_Fold_02",18,"Fold_02",4,1,0.0372119408446005,13703,FALSE
"RF","Repeat_18_Fold_02",18,"Fold_02",3,5,0.0374039657328704,13712,FALSE
"RF","Repeat_18_Fold_02",18,"Fold_02",3,3,0.0376894040916937,13707,FALSE
"RF","Repeat_18_Fold_02",18,"Fold_02",4,5,0.0378229590637281,13713,FALSE
"RF","Repeat_18_Fold_02",18,"Fold_02",4,3,0.0378647066776327,13708,FALSE
"RF","Repeat_18_Fold_02",18,"Fold_02",6,3,0.038308131764921,13709,FALSE
"RF","Repeat_18_Fold_02",18,"Fold_02",6,5,0.0391980880881567,13714,FALSE
"RF","Repeat_18_Fold_02",18,"Fold_02",11,1,0.0401213967084863,13705,FALSE
"RF","Repeat_18_Fold_02",18,"Fold_02",11,3,0.0406500643861581,13710,FALSE
"RF","Repeat_18_Fold_02",18,"Fold_02",11,5,0.0412672087773741,13715,FALSE
"RF","Repeat_18_Fold_03",18,"Fold_03",3,5,0.0315724116487317,13812,TRUE
"RF","Repeat_18_Fold_03",18,"Fold_03",10,5,0.0317345151459873,13815,FALSE
"RF","Repeat_18_Fold_03",18,"Fold_03",5,5,0.0317902016765289,13814,FALSE
"RF","Repeat_18_Fold_03",18,"Fold_03",1,5,0.0320322531273332,13811,FALSE
"RF","Repeat_18_Fold_03",18,"Fold_03",3,3,0.0321682891683446,13807,FALSE
"RF","Repeat_18_Fold_03",18,"Fold_03",10,3,0.0322057379328555,13810,FALSE
"RF","Repeat_18_Fold_03",18,"Fold_03",5,3,0.032245892320205,13809,FALSE
"RF","Repeat_18_Fold_03",18,"Fold_03",3,1,0.0322572508087848,13802,FALSE
"RF","Repeat_18_Fold_03",18,"Fold_03",4,5,0.0326061667962911,13813,FALSE
"RF","Repeat_18_Fold_03",18,"Fold_03",4,3,0.0326104124090747,13808,FALSE
"RF","Repeat_18_Fold_03",18,"Fold_03",1,3,0.0330153121236462,13806,FALSE
"RF","Repeat_18_Fold_03",18,"Fold_03",4,1,0.0332699269496272,13803,FALSE
"RF","Repeat_18_Fold_03",18,"Fold_03",1,1,0.0335394443387362,13801,FALSE
"RF","Repeat_18_Fold_03",18,"Fold_03",5,1,0.0337191128307272,13804,FALSE
"RF","Repeat_18_Fold_03",18,"Fold_03",10,1,0.0356155305551078,13805,FALSE
"RF","Repeat_18_Fold_04",18,"Fold_04",1,5,0.0362830337830052,13911,TRUE
"RF","Repeat_18_Fold_04",18,"Fold_04",1,3,0.0365713380222895,13906,FALSE
"RF","Repeat_18_Fold_04",18,"Fold_04",1,1,0.0365761955474594,13901,FALSE
"RF","Repeat_18_Fold_04",18,"Fold_04",3,1,0.0380751556029608,13902,FALSE
"RF","Repeat_18_Fold_04",18,"Fold_04",3,5,0.0384440115837191,13912,FALSE
"RF","Repeat_18_Fold_04",18,"Fold_04",3,3,0.0386769786030392,13907,FALSE
"RF","Repeat_18_Fold_04",18,"Fold_04",4,1,0.0390481245352182,13903,FALSE
"RF","Repeat_18_Fold_04",18,"Fold_04",6,1,0.0397616735104336,13904,FALSE
"RF","Repeat_18_Fold_04",18,"Fold_04",4,3,0.0399767257594353,13908,FALSE
"RF","Repeat_18_Fold_04",18,"Fold_04",4,5,0.040051974542526,13913,FALSE
"RF","Repeat_18_Fold_04",18,"Fold_04",6,5,0.0415963109363859,13914,FALSE
"RF","Repeat_18_Fold_04",18,"Fold_04",6,3,0.041624169264661,13909,FALSE
"RF","Repeat_18_Fold_04",18,"Fold_04",11,1,0.0425477220344481,13905,FALSE
"RF","Repeat_18_Fold_04",18,"Fold_04",11,3,0.0429309412892043,13910,FALSE
"RF","Repeat_18_Fold_04",18,"Fold_04",11,5,0.0442998687053888,13915,FALSE
"RF","Repeat_18_Fold_05",18,"Fold_05",1,5,0.0344451765923209,14011,TRUE
"RF","Repeat_18_Fold_05",18,"Fold_05",3,5,0.0344452456451081,14012,FALSE
"RF","Repeat_18_Fold_05",18,"Fold_05",5,5,0.0344814912725933,14014,FALSE
"RF","Repeat_18_Fold_05",18,"Fold_05",3,3,0.0350647683983569,14007,FALSE
"RF","Repeat_18_Fold_05",18,"Fold_05",1,1,0.0351076968456689,14001,FALSE
"RF","Repeat_18_Fold_05",18,"Fold_05",1,3,0.035123468893548,14006,FALSE
"RF","Repeat_18_Fold_05",18,"Fold_05",5,3,0.0355671450449481,14009,FALSE
"RF","Repeat_18_Fold_05",18,"Fold_05",4,5,0.0357501407738877,14013,FALSE
"RF","Repeat_18_Fold_05",18,"Fold_05",4,3,0.0359539849440249,14008,FALSE
"RF","Repeat_18_Fold_05",18,"Fold_05",4,1,0.0363969665124099,14003,FALSE
"RF","Repeat_18_Fold_05",18,"Fold_05",3,1,0.0364093496364088,14002,FALSE
"RF","Repeat_18_Fold_05",18,"Fold_05",5,1,0.0372663457948163,14004,FALSE
"RF","Repeat_18_Fold_05",18,"Fold_05",10,3,0.0376086943863399,14010,FALSE
"RF","Repeat_18_Fold_05",18,"Fold_05",10,5,0.0376596094461136,14015,FALSE
"RF","Repeat_18_Fold_05",18,"Fold_05",10,1,0.0384974578252115,14005,FALSE
"RF","Repeat_19_Fold_01",19,"Fold_01",1,3,0.0357386749509543,14106,TRUE
"RF","Repeat_19_Fold_01",19,"Fold_01",1,5,0.0361227341758203,14111,FALSE
"RF","Repeat_19_Fold_01",19,"Fold_01",1,1,0.0383245409073081,14101,FALSE
"RF","Repeat_19_Fold_01",19,"Fold_01",3,3,0.0411134661325998,14107,FALSE
"RF","Repeat_19_Fold_01",19,"Fold_01",3,5,0.0421468465231713,14112,FALSE
"RF","Repeat_19_Fold_01",19,"Fold_01",4,5,0.0423493979861031,14113,FALSE
"RF","Repeat_19_Fold_01",19,"Fold_01",5,5,0.0424623972655375,14114,FALSE
"RF","Repeat_19_Fold_01",19,"Fold_01",3,1,0.0435542880819329,14102,FALSE
"RF","Repeat_19_Fold_01",19,"Fold_01",4,3,0.0437240896922184,14108,FALSE
"RF","Repeat_19_Fold_01",19,"Fold_01",5,3,0.0461140962458529,14109,FALSE
"RF","Repeat_19_Fold_01",19,"Fold_01",5,1,0.0465994886645084,14104,FALSE
"RF","Repeat_19_Fold_01",19,"Fold_01",10,5,0.0466828715659633,14115,FALSE
"RF","Repeat_19_Fold_01",19,"Fold_01",4,1,0.0471696241429945,14103,FALSE
"RF","Repeat_19_Fold_01",19,"Fold_01",10,3,0.0512244262973153,14110,FALSE
"RF","Repeat_19_Fold_01",19,"Fold_01",10,1,0.0526332850976903,14105,FALSE
"RF","Repeat_19_Fold_02",19,"Fold_02",1,1,0.0375235881714095,14201,TRUE
"RF","Repeat_19_Fold_02",19,"Fold_02",1,3,0.0383291691893041,14206,FALSE
"RF","Repeat_19_Fold_02",19,"Fold_02",1,5,0.03860182778446,14211,FALSE
"RF","Repeat_19_Fold_02",19,"Fold_02",3,3,0.0398551032183383,14207,FALSE
"RF","Repeat_19_Fold_02",19,"Fold_02",3,1,0.0400293784166461,14202,FALSE
"RF","Repeat_19_Fold_02",19,"Fold_02",3,5,0.0407193899034898,14212,FALSE
"RF","Repeat_19_Fold_02",19,"Fold_02",5,3,0.0415972109906978,14209,FALSE
"RF","Repeat_19_Fold_02",19,"Fold_02",4,3,0.0421347830739467,14208,FALSE
"RF","Repeat_19_Fold_02",19,"Fold_02",4,1,0.0424405630823636,14203,FALSE
"RF","Repeat_19_Fold_02",19,"Fold_02",4,5,0.0425608631555193,14213,FALSE
"RF","Repeat_19_Fold_02",19,"Fold_02",5,1,0.0432718258517663,14204,FALSE
"RF","Repeat_19_Fold_02",19,"Fold_02",5,5,0.0434771746128169,14214,FALSE
"RF","Repeat_19_Fold_02",19,"Fold_02",10,5,0.0446379163215053,14215,FALSE
"RF","Repeat_19_Fold_02",19,"Fold_02",10,3,0.0452759773804077,14210,FALSE
"RF","Repeat_19_Fold_02",19,"Fold_02",10,1,0.0467423895657153,14205,FALSE
"RF","Repeat_19_Fold_03",19,"Fold_03",1,3,0.0362391148812866,14306,TRUE
"RF","Repeat_19_Fold_03",19,"Fold_03",1,1,0.0368081345615924,14301,FALSE
"RF","Repeat_19_Fold_03",19,"Fold_03",1,5,0.0371896689403691,14311,FALSE
"RF","Repeat_19_Fold_03",19,"Fold_03",3,3,0.0398644125675108,14307,FALSE
"RF","Repeat_19_Fold_03",19,"Fold_03",3,5,0.0401781778983493,14312,FALSE
"RF","Repeat_19_Fold_03",19,"Fold_03",3,1,0.0408928524799732,14302,FALSE
"RF","Repeat_19_Fold_03",19,"Fold_03",4,5,0.0411008945118578,14313,FALSE
"RF","Repeat_19_Fold_03",19,"Fold_03",4,3,0.0416013258546149,14308,FALSE
"RF","Repeat_19_Fold_03",19,"Fold_03",4,1,0.0418771701255523,14303,FALSE
"RF","Repeat_19_Fold_03",19,"Fold_03",6,5,0.042921605341078,14314,FALSE
"RF","Repeat_19_Fold_03",19,"Fold_03",6,1,0.0433907231216356,14304,FALSE
"RF","Repeat_19_Fold_03",19,"Fold_03",6,3,0.0434938566552866,14309,FALSE
"RF","Repeat_19_Fold_03",19,"Fold_03",11,3,0.0479040805797724,14310,FALSE
"RF","Repeat_19_Fold_03",19,"Fold_03",11,5,0.0481947758235778,14315,FALSE
"RF","Repeat_19_Fold_03",19,"Fold_03",11,1,0.0491984984905025,14305,FALSE
"RF","Repeat_19_Fold_04",19,"Fold_04",11,5,0.0329849179775357,14415,TRUE
"RF","Repeat_19_Fold_04",19,"Fold_04",4,5,0.0337417989665957,14413,FALSE
"RF","Repeat_19_Fold_04",19,"Fold_04",6,5,0.0344750565903718,14414,FALSE
"RF","Repeat_19_Fold_04",19,"Fold_04",1,1,0.0347106765397764,14401,FALSE
"RF","Repeat_19_Fold_04",19,"Fold_04",1,3,0.0348576493111697,14406,FALSE
"RF","Repeat_19_Fold_04",19,"Fold_04",1,5,0.035519782725145,14411,FALSE
"RF","Repeat_19_Fold_04",19,"Fold_04",6,3,0.0356370460689536,14409,FALSE
"RF","Repeat_19_Fold_04",19,"Fold_04",3,5,0.0360669055497493,14412,FALSE
"RF","Repeat_19_Fold_04",19,"Fold_04",4,3,0.0361675722141773,14408,FALSE
"RF","Repeat_19_Fold_04",19,"Fold_04",3,1,0.0361874088416461,14402,FALSE
"RF","Repeat_19_Fold_04",19,"Fold_04",11,3,0.0364170105241284,14410,FALSE
"RF","Repeat_19_Fold_04",19,"Fold_04",3,3,0.0364723472350099,14407,FALSE
"RF","Repeat_19_Fold_04",19,"Fold_04",4,1,0.0367200626950714,14403,FALSE
"RF","Repeat_19_Fold_04",19,"Fold_04",6,1,0.0368286106143918,14404,FALSE
"RF","Repeat_19_Fold_04",19,"Fold_04",11,1,0.0376074118156554,14405,FALSE
"RF","Repeat_19_Fold_05",19,"Fold_05",1,5,0.0367493547201556,14511,TRUE
"RF","Repeat_19_Fold_05",19,"Fold_05",1,3,0.0369811945015001,14506,FALSE
"RF","Repeat_19_Fold_05",19,"Fold_05",1,1,0.0373449040135222,14501,FALSE
"RF","Repeat_19_Fold_05",19,"Fold_05",3,1,0.0404295065238898,14502,FALSE
"RF","Repeat_19_Fold_05",19,"Fold_05",3,5,0.0404520955546836,14512,FALSE
"RF","Repeat_19_Fold_05",19,"Fold_05",3,3,0.040537639278796,14507,FALSE
"RF","Repeat_19_Fold_05",19,"Fold_05",4,5,0.0416610718158147,14513,FALSE
"RF","Repeat_19_Fold_05",19,"Fold_05",4,1,0.0420723652844613,14503,FALSE
"RF","Repeat_19_Fold_05",19,"Fold_05",4,3,0.0421823063625286,14508,FALSE
"RF","Repeat_19_Fold_05",19,"Fold_05",5,3,0.0422455211398065,14509,FALSE
"RF","Repeat_19_Fold_05",19,"Fold_05",5,5,0.0422838761393735,14514,FALSE
"RF","Repeat_19_Fold_05",19,"Fold_05",5,1,0.0438720801311556,14504,FALSE
"RF","Repeat_19_Fold_05",19,"Fold_05",10,3,0.0467969158462329,14510,FALSE
"RF","Repeat_19_Fold_05",19,"Fold_05",10,5,0.0468389736151293,14515,FALSE
"RF","Repeat_19_Fold_05",19,"Fold_05",10,1,0.0474596299126508,14505,FALSE
"RF","Repeat_20_Fold_01",20,"Fold_01",1,3,0.0348499030948833,14606,TRUE
"RF","Repeat_20_Fold_01",20,"Fold_01",1,5,0.0352224209971438,14611,FALSE
"RF","Repeat_20_Fold_01",20,"Fold_01",1,1,0.0354639697072198,14601,FALSE
"RF","Repeat_20_Fold_01",20,"Fold_01",3,5,0.0380226099568145,14612,FALSE
"RF","Repeat_20_Fold_01",20,"Fold_01",3,3,0.038970658069818,14607,FALSE
"RF","Repeat_20_Fold_01",20,"Fold_01",4,3,0.0391943484176321,14608,FALSE
"RF","Repeat_20_Fold_01",20,"Fold_01",4,1,0.0398315344867404,14603,FALSE
"RF","Repeat_20_Fold_01",20,"Fold_01",3,1,0.0398416165629101,14602,FALSE
"RF","Repeat_20_Fold_01",20,"Fold_01",5,5,0.0402036556869834,14614,FALSE
"RF","Repeat_20_Fold_01",20,"Fold_01",4,5,0.0403330043263929,14613,FALSE
"RF","Repeat_20_Fold_01",20,"Fold_01",5,3,0.0421532197772743,14609,FALSE
"RF","Repeat_20_Fold_01",20,"Fold_01",5,1,0.0429555862191393,14604,FALSE
"RF","Repeat_20_Fold_01",20,"Fold_01",10,5,0.0441168569766465,14615,FALSE
"RF","Repeat_20_Fold_01",20,"Fold_01",10,3,0.0450961279686649,14610,FALSE
"RF","Repeat_20_Fold_01",20,"Fold_01",10,1,0.0454969007495666,14605,FALSE
"RF","Repeat_20_Fold_02",20,"Fold_02",1,3,0.0346973837477155,14706,TRUE
"RF","Repeat_20_Fold_02",20,"Fold_02",1,5,0.0351677801323583,14711,FALSE
"RF","Repeat_20_Fold_02",20,"Fold_02",1,1,0.0354371688473958,14701,FALSE
"RF","Repeat_20_Fold_02",20,"Fold_02",3,5,0.0356235539211504,14712,FALSE
"RF","Repeat_20_Fold_02",20,"Fold_02",3,3,0.0359857997182231,14707,FALSE
"RF","Repeat_20_Fold_02",20,"Fold_02",4,3,0.0367726055882802,14708,FALSE
"RF","Repeat_20_Fold_02",20,"Fold_02",3,1,0.0370741029028232,14702,FALSE
"RF","Repeat_20_Fold_02",20,"Fold_02",4,5,0.0371674477879182,14713,FALSE
"RF","Repeat_20_Fold_02",20,"Fold_02",5,5,0.0372364687083769,14714,FALSE
"RF","Repeat_20_Fold_02",20,"Fold_02",5,3,0.0377388233769848,14709,FALSE
"RF","Repeat_20_Fold_02",20,"Fold_02",4,1,0.037809876396393,14703,FALSE
"RF","Repeat_20_Fold_02",20,"Fold_02",5,1,0.0384717617265575,14704,FALSE
"RF","Repeat_20_Fold_02",20,"Fold_02",10,1,0.0395448445237988,14705,FALSE
"RF","Repeat_20_Fold_02",20,"Fold_02",10,3,0.0406757273892685,14710,FALSE
"RF","Repeat_20_Fold_02",20,"Fold_02",10,5,0.0411219315838753,14715,FALSE
"RF","Repeat_20_Fold_03",20,"Fold_03",1,5,0.0357779573734129,14811,TRUE
"RF","Repeat_20_Fold_03",20,"Fold_03",1,1,0.0359795644402823,14801,FALSE
"RF","Repeat_20_Fold_03",20,"Fold_03",1,3,0.0369858913171506,14806,FALSE
"RF","Repeat_20_Fold_03",20,"Fold_03",3,1,0.037411330116113,14802,FALSE
"RF","Repeat_20_Fold_03",20,"Fold_03",3,5,0.038423259922168,14812,FALSE
"RF","Repeat_20_Fold_03",20,"Fold_03",3,3,0.038741414262207,14807,FALSE
"RF","Repeat_20_Fold_03",20,"Fold_03",4,5,0.038912845624716,14813,FALSE
"RF","Repeat_20_Fold_03",20,"Fold_03",4,3,0.0389784692660555,14808,FALSE
"RF","Repeat_20_Fold_03",20,"Fold_03",5,3,0.0394424505008725,14809,FALSE
"RF","Repeat_20_Fold_03",20,"Fold_03",4,1,0.0397875597081044,14803,FALSE
"RF","Repeat_20_Fold_03",20,"Fold_03",5,5,0.0399012579156359,14814,FALSE
"RF","Repeat_20_Fold_03",20,"Fold_03",5,1,0.0401684674769541,14804,FALSE
"RF","Repeat_20_Fold_03",20,"Fold_03",10,5,0.0431648060315074,14815,FALSE
"RF","Repeat_20_Fold_03",20,"Fold_03",10,3,0.043184804418909,14810,FALSE
"RF","Repeat_20_Fold_03",20,"Fold_03",10,1,0.0451091069828086,14805,FALSE
"RF","Repeat_20_Fold_04",20,"Fold_04",10,1,0.0253336035806207,14905,TRUE
"RF","Repeat_20_Fold_04",20,"Fold_04",10,3,0.0270348777574375,14910,FALSE
"RF","Repeat_20_Fold_04",20,"Fold_04",10,5,0.0280222474492749,14915,FALSE
"RF","Repeat_20_Fold_04",20,"Fold_04",4,3,0.0288857747485971,14908,FALSE
"RF","Repeat_20_Fold_04",20,"Fold_04",5,5,0.0290944591847741,14914,FALSE
"RF","Repeat_20_Fold_04",20,"Fold_04",4,5,0.0291413852144045,14913,FALSE
"RF","Repeat_20_Fold_04",20,"Fold_04",4,1,0.0295586462238315,14903,FALSE
"RF","Repeat_20_Fold_04",20,"Fold_04",5,3,0.0297310259825537,14909,FALSE
"RF","Repeat_20_Fold_04",20,"Fold_04",5,1,0.0298275914214975,14904,FALSE
"RF","Repeat_20_Fold_04",20,"Fold_04",3,1,0.0298454767818007,14902,FALSE
"RF","Repeat_20_Fold_04",20,"Fold_04",1,3,0.0307273882780734,14906,FALSE
"RF","Repeat_20_Fold_04",20,"Fold_04",3,3,0.030921059940461,14907,FALSE
"RF","Repeat_20_Fold_04",20,"Fold_04",3,5,0.0313279433455172,14912,FALSE
"RF","Repeat_20_Fold_04",20,"Fold_04",1,5,0.0314755827633203,14911,FALSE
"RF","Repeat_20_Fold_04",20,"Fold_04",1,1,0.0329731181586476,14901,FALSE
"RF","Repeat_20_Fold_05",20,"Fold_05",1,5,0.0358696001727165,15011,TRUE
"RF","Repeat_20_Fold_05",20,"Fold_05",1,3,0.0360735917017629,15006,FALSE
"RF","Repeat_20_Fold_05",20,"Fold_05",1,1,0.0361616006540542,15001,FALSE
"RF","Repeat_20_Fold_05",20,"Fold_05",4,5,0.0373401417483396,15013,FALSE
"RF","Repeat_20_Fold_05",20,"Fold_05",3,3,0.0377532089861662,15007,FALSE
"RF","Repeat_20_Fold_05",20,"Fold_05",3,5,0.0382543133335586,15012,FALSE
"RF","Repeat_20_Fold_05",20,"Fold_05",3,1,0.0387642938376085,15002,FALSE
"RF","Repeat_20_Fold_05",20,"Fold_05",4,3,0.0389839072361432,15008,FALSE
"RF","Repeat_20_Fold_05",20,"Fold_05",4,1,0.0394351692576395,15003,FALSE
"RF","Repeat_20_Fold_05",20,"Fold_05",5,5,0.0396317771984525,15014,FALSE
"RF","Repeat_20_Fold_05",20,"Fold_05",5,3,0.0396809697412657,15009,FALSE
"RF","Repeat_20_Fold_05",20,"Fold_05",5,1,0.0400963747411254,15004,FALSE
"RF","Repeat_20_Fold_05",20,"Fold_05",10,3,0.0415771100838022,15010,FALSE
"RF","Repeat_20_Fold_05",20,"Fold_05",10,5,0.0422771004526498,15015,FALSE
"RF","Repeat_20_Fold_05",20,"Fold_05",10,1,0.0427555849455093,15005,FALSE
"RF","Repeat_21_Fold_01",21,"Fold_01",1,3,0.0350190531286908,15106,TRUE
"RF","Repeat_21_Fold_01",21,"Fold_01",1,1,0.0350203282098877,15101,FALSE
"RF","Repeat_21_Fold_01",21,"Fold_01",1,5,0.0354523802167819,15111,FALSE
"RF","Repeat_21_Fold_01",21,"Fold_01",3,3,0.0368548489831244,15107,FALSE
"RF","Repeat_21_Fold_01",21,"Fold_01",3,5,0.0377824498866499,15112,FALSE
"RF","Repeat_21_Fold_01",21,"Fold_01",3,1,0.0392087438245374,15102,FALSE
"RF","Repeat_21_Fold_01",21,"Fold_01",4,5,0.039294949962458,15113,FALSE
"RF","Repeat_21_Fold_01",21,"Fold_01",4,1,0.0395056364511149,15103,FALSE
"RF","Repeat_21_Fold_01",21,"Fold_01",4,3,0.0395789524858442,15108,FALSE
"RF","Repeat_21_Fold_01",21,"Fold_01",5,1,0.0408538030096812,15104,FALSE
"RF","Repeat_21_Fold_01",21,"Fold_01",5,3,0.0412564643409074,15109,FALSE
"RF","Repeat_21_Fold_01",21,"Fold_01",5,5,0.0421461696124028,15114,FALSE
"RF","Repeat_21_Fold_01",21,"Fold_01",10,1,0.0445805230579833,15105,FALSE
"RF","Repeat_21_Fold_01",21,"Fold_01",10,5,0.0450673317518657,15115,FALSE
"RF","Repeat_21_Fold_01",21,"Fold_01",10,3,0.0453257940055166,15110,FALSE
"RF","Repeat_21_Fold_02",21,"Fold_02",1,1,0.0369843148157478,15201,TRUE
"RF","Repeat_21_Fold_02",21,"Fold_02",1,3,0.0373245037863672,15206,FALSE
"RF","Repeat_21_Fold_02",21,"Fold_02",1,5,0.0374196468544643,15211,FALSE
"RF","Repeat_21_Fold_02",21,"Fold_02",3,1,0.0404298063899015,15202,FALSE
"RF","Repeat_21_Fold_02",21,"Fold_02",3,3,0.0406765891180658,15207,FALSE
"RF","Repeat_21_Fold_02",21,"Fold_02",4,3,0.0409706866661224,15208,FALSE
"RF","Repeat_21_Fold_02",21,"Fold_02",3,5,0.0409798854236088,15212,FALSE
"RF","Repeat_21_Fold_02",21,"Fold_02",4,1,0.0410721573901665,15203,FALSE
"RF","Repeat_21_Fold_02",21,"Fold_02",4,5,0.0414714849590741,15213,FALSE
"RF","Repeat_21_Fold_02",21,"Fold_02",5,5,0.0416904353724408,15214,FALSE
"RF","Repeat_21_Fold_02",21,"Fold_02",5,3,0.0417262777414486,15209,FALSE
"RF","Repeat_21_Fold_02",21,"Fold_02",5,1,0.0434146754869491,15204,FALSE
"RF","Repeat_21_Fold_02",21,"Fold_02",10,1,0.0463152222219031,15205,FALSE
"RF","Repeat_21_Fold_02",21,"Fold_02",10,3,0.0467820687046688,15210,FALSE
"RF","Repeat_21_Fold_02",21,"Fold_02",10,5,0.0469636513698956,15215,FALSE
"RF","Repeat_21_Fold_03",21,"Fold_03",1,5,0.035422733833147,15311,TRUE
"RF","Repeat_21_Fold_03",21,"Fold_03",1,3,0.0354845416838802,15306,FALSE
"RF","Repeat_21_Fold_03",21,"Fold_03",1,1,0.0363418045835455,15301,FALSE
"RF","Repeat_21_Fold_03",21,"Fold_03",3,5,0.0388671571073222,15312,FALSE
"RF","Repeat_21_Fold_03",21,"Fold_03",3,3,0.038901793823613,15307,FALSE
"RF","Repeat_21_Fold_03",21,"Fold_03",3,1,0.0393933754555074,15302,FALSE
"RF","Repeat_21_Fold_03",21,"Fold_03",4,3,0.0399305454569571,15308,FALSE
"RF","Repeat_21_Fold_03",21,"Fold_03",5,5,0.0405919976138827,15314,FALSE
"RF","Repeat_21_Fold_03",21,"Fold_03",5,3,0.040832204718727,15309,FALSE
"RF","Repeat_21_Fold_03",21,"Fold_03",4,5,0.0410710970338262,15313,FALSE
"RF","Repeat_21_Fold_03",21,"Fold_03",5,1,0.041365058720262,15304,FALSE
"RF","Repeat_21_Fold_03",21,"Fold_03",4,1,0.0415745990767142,15303,FALSE
"RF","Repeat_21_Fold_03",21,"Fold_03",10,1,0.0446938613958669,15305,FALSE
"RF","Repeat_21_Fold_03",21,"Fold_03",10,5,0.045128399023829,15315,FALSE
"RF","Repeat_21_Fold_03",21,"Fold_03",10,3,0.0455535070658704,15310,FALSE
"RF","Repeat_21_Fold_04",21,"Fold_04",1,3,0.0357050766356476,15406,TRUE
"RF","Repeat_21_Fold_04",21,"Fold_04",1,5,0.0364082031777236,15411,FALSE
"RF","Repeat_21_Fold_04",21,"Fold_04",1,1,0.0369361988019918,15401,FALSE
"RF","Repeat_21_Fold_04",21,"Fold_04",3,3,0.0387481623574553,15407,FALSE
"RF","Repeat_21_Fold_04",21,"Fold_04",3,5,0.0390584928490846,15412,FALSE
"RF","Repeat_21_Fold_04",21,"Fold_04",4,1,0.0390816649139739,15403,FALSE
"RF","Repeat_21_Fold_04",21,"Fold_04",4,3,0.0391224551697499,15408,FALSE
"RF","Repeat_21_Fold_04",21,"Fold_04",3,1,0.0398187039955079,15402,FALSE
"RF","Repeat_21_Fold_04",21,"Fold_04",5,3,0.0398246501538255,15409,FALSE
"RF","Repeat_21_Fold_04",21,"Fold_04",5,5,0.0404884378264288,15414,FALSE
"RF","Repeat_21_Fold_04",21,"Fold_04",4,5,0.040622093717028,15413,FALSE
"RF","Repeat_21_Fold_04",21,"Fold_04",5,1,0.0408715558746984,15404,FALSE
"RF","Repeat_21_Fold_04",21,"Fold_04",10,1,0.0414904071457248,15405,FALSE
"RF","Repeat_21_Fold_04",21,"Fold_04",10,3,0.0426567859378515,15410,FALSE
"RF","Repeat_21_Fold_04",21,"Fold_04",10,5,0.0432971002046066,15415,FALSE
"RF","Repeat_21_Fold_05",21,"Fold_05",1,5,0.0359879147485261,15511,TRUE
"RF","Repeat_21_Fold_05",21,"Fold_05",1,1,0.0362541333589478,15501,FALSE
"RF","Repeat_21_Fold_05",21,"Fold_05",1,3,0.0365518540430141,15506,FALSE
"RF","Repeat_21_Fold_05",21,"Fold_05",3,5,0.039116615979494,15512,FALSE
"RF","Repeat_21_Fold_05",21,"Fold_05",3,3,0.0399672829119202,15507,FALSE
"RF","Repeat_21_Fold_05",21,"Fold_05",4,5,0.0408308940406653,15513,FALSE
"RF","Repeat_21_Fold_05",21,"Fold_05",3,1,0.0408322568295803,15502,FALSE
"RF","Repeat_21_Fold_05",21,"Fold_05",5,1,0.0415652819421257,15504,FALSE
"RF","Repeat_21_Fold_05",21,"Fold_05",5,5,0.0417119906531091,15514,FALSE
"RF","Repeat_21_Fold_05",21,"Fold_05",4,3,0.0419116989970884,15508,FALSE
"RF","Repeat_21_Fold_05",21,"Fold_05",4,1,0.0427101352662614,15503,FALSE
"RF","Repeat_21_Fold_05",21,"Fold_05",5,3,0.043376529865555,15509,FALSE
"RF","Repeat_21_Fold_05",21,"Fold_05",10,3,0.0465938464822515,15510,FALSE
"RF","Repeat_21_Fold_05",21,"Fold_05",10,5,0.0467638355593117,15515,FALSE
"RF","Repeat_21_Fold_05",21,"Fold_05",10,1,0.0479399081880634,15505,FALSE
"RF","Repeat_22_Fold_01",22,"Fold_01",1,1,0.0355576815820156,15601,TRUE
"RF","Repeat_22_Fold_01",22,"Fold_01",1,5,0.0356451483212189,15611,FALSE
"RF","Repeat_22_Fold_01",22,"Fold_01",1,3,0.0356785937786751,15606,FALSE
"RF","Repeat_22_Fold_01",22,"Fold_01",3,1,0.0382785452881702,15602,FALSE
"RF","Repeat_22_Fold_01",22,"Fold_01",3,3,0.0383350059656322,15607,FALSE
"RF","Repeat_22_Fold_01",22,"Fold_01",4,3,0.0384878448017044,15608,FALSE
"RF","Repeat_22_Fold_01",22,"Fold_01",3,5,0.0392575236496568,15612,FALSE
"RF","Repeat_22_Fold_01",22,"Fold_01",4,5,0.0396176492985337,15613,FALSE
"RF","Repeat_22_Fold_01",22,"Fold_01",4,1,0.0397536355139935,15603,FALSE
"RF","Repeat_22_Fold_01",22,"Fold_01",6,3,0.0401018895628249,15609,FALSE
"RF","Repeat_22_Fold_01",22,"Fold_01",6,1,0.0407599119214251,15604,FALSE
"RF","Repeat_22_Fold_01",22,"Fold_01",6,5,0.0411939083069564,15614,FALSE
"RF","Repeat_22_Fold_01",22,"Fold_01",11,3,0.0419072786658875,15610,FALSE
"RF","Repeat_22_Fold_01",22,"Fold_01",11,1,0.0422239816252707,15605,FALSE
"RF","Repeat_22_Fold_01",22,"Fold_01",11,5,0.0436117749415187,15615,FALSE
"RF","Repeat_22_Fold_02",22,"Fold_02",1,5,0.0364930640082425,15711,TRUE
"RF","Repeat_22_Fold_02",22,"Fold_02",1,3,0.0368247820013796,15706,FALSE
"RF","Repeat_22_Fold_02",22,"Fold_02",1,1,0.0370461544122483,15701,FALSE
"RF","Repeat_22_Fold_02",22,"Fold_02",3,1,0.0391123453933436,15702,FALSE
"RF","Repeat_22_Fold_02",22,"Fold_02",3,5,0.0400516901032768,15712,FALSE
"RF","Repeat_22_Fold_02",22,"Fold_02",3,3,0.0403266789217146,15707,FALSE
"RF","Repeat_22_Fold_02",22,"Fold_02",4,3,0.0409657570748,15708,FALSE
"RF","Repeat_22_Fold_02",22,"Fold_02",4,1,0.0411779480463407,15703,FALSE
"RF","Repeat_22_Fold_02",22,"Fold_02",4,5,0.042910743393319,15713,FALSE
"RF","Repeat_22_Fold_02",22,"Fold_02",5,3,0.0429383511674029,15709,FALSE
"RF","Repeat_22_Fold_02",22,"Fold_02",5,1,0.042951804162944,15704,FALSE
"RF","Repeat_22_Fold_02",22,"Fold_02",5,5,0.0436386017119374,15714,FALSE
"RF","Repeat_22_Fold_02",22,"Fold_02",10,1,0.044825991300376,15705,FALSE
"RF","Repeat_22_Fold_02",22,"Fold_02",10,3,0.0453662934510897,15710,FALSE
"RF","Repeat_22_Fold_02",22,"Fold_02",10,5,0.0474239495660859,15715,FALSE
"RF","Repeat_22_Fold_03",22,"Fold_03",1,1,0.0369594021859674,15801,TRUE
"RF","Repeat_22_Fold_03",22,"Fold_03",1,3,0.0373171150340171,15806,FALSE
"RF","Repeat_22_Fold_03",22,"Fold_03",1,5,0.0375292662903437,15811,FALSE
"RF","Repeat_22_Fold_03",22,"Fold_03",3,5,0.0417413338277432,15812,FALSE
"RF","Repeat_22_Fold_03",22,"Fold_03",4,5,0.0427844709918753,15813,FALSE
"RF","Repeat_22_Fold_03",22,"Fold_03",3,3,0.0430925544268645,15807,FALSE
"RF","Repeat_22_Fold_03",22,"Fold_03",4,3,0.0436771581648102,15808,FALSE
"RF","Repeat_22_Fold_03",22,"Fold_03",3,1,0.0436864904122632,15802,FALSE
"RF","Repeat_22_Fold_03",22,"Fold_03",4,1,0.0439582512576119,15803,FALSE
"RF","Repeat_22_Fold_03",22,"Fold_03",6,5,0.0457577895752017,15814,FALSE
"RF","Repeat_22_Fold_03",22,"Fold_03",6,3,0.0465041476086474,15809,FALSE
"RF","Repeat_22_Fold_03",22,"Fold_03",6,1,0.0474127280541886,15804,FALSE
"RF","Repeat_22_Fold_03",22,"Fold_03",11,5,0.0500532199462234,15815,FALSE
"RF","Repeat_22_Fold_03",22,"Fold_03",11,1,0.0506102004107724,15805,FALSE
"RF","Repeat_22_Fold_03",22,"Fold_03",11,3,0.0509577269681439,15810,FALSE
"RF","Repeat_22_Fold_04",22,"Fold_04",1,1,0.03508951731884,15901,TRUE
"RF","Repeat_22_Fold_04",22,"Fold_04",1,3,0.0352607636034929,15906,FALSE
"RF","Repeat_22_Fold_04",22,"Fold_04",1,5,0.0358694278571859,15911,FALSE
"RF","Repeat_22_Fold_04",22,"Fold_04",3,3,0.037075502342838,15907,FALSE
"RF","Repeat_22_Fold_04",22,"Fold_04",3,5,0.0370800020976537,15912,FALSE
"RF","Repeat_22_Fold_04",22,"Fold_04",4,1,0.0378689862318231,15903,FALSE
"RF","Repeat_22_Fold_04",22,"Fold_04",3,1,0.0382149911303994,15902,FALSE
"RF","Repeat_22_Fold_04",22,"Fold_04",4,3,0.0385414814873089,15908,FALSE
"RF","Repeat_22_Fold_04",22,"Fold_04",4,5,0.039010896925462,15913,FALSE
"RF","Repeat_22_Fold_04",22,"Fold_04",6,1,0.0396612451496686,15904,FALSE
"RF","Repeat_22_Fold_04",22,"Fold_04",6,5,0.040140996634086,15914,FALSE
"RF","Repeat_22_Fold_04",22,"Fold_04",6,3,0.0401846221700062,15909,FALSE
"RF","Repeat_22_Fold_04",22,"Fold_04",11,1,0.0428527184637502,15905,FALSE
"RF","Repeat_22_Fold_04",22,"Fold_04",11,3,0.043507002082614,15910,FALSE
"RF","Repeat_22_Fold_04",22,"Fold_04",11,5,0.0444814397138575,15915,FALSE
"RF","Repeat_22_Fold_05",22,"Fold_05",1,5,0.0365749072462149,16011,TRUE
"RF","Repeat_22_Fold_05",22,"Fold_05",1,3,0.036877572875291,16006,FALSE
"RF","Repeat_22_Fold_05",22,"Fold_05",1,1,0.0370915237795919,16001,FALSE
"RF","Repeat_22_Fold_05",22,"Fold_05",3,5,0.0412590281434565,16012,FALSE
"RF","Repeat_22_Fold_05",22,"Fold_05",3,3,0.0421779073431048,16007,FALSE
"RF","Repeat_22_Fold_05",22,"Fold_05",4,5,0.0425320262731168,16013,FALSE
"RF","Repeat_22_Fold_05",22,"Fold_05",3,1,0.0426326528337558,16002,FALSE
"RF","Repeat_22_Fold_05",22,"Fold_05",4,1,0.0433811081714227,16003,FALSE
"RF","Repeat_22_Fold_05",22,"Fold_05",4,3,0.0437312475464758,16008,FALSE
"RF","Repeat_22_Fold_05",22,"Fold_05",6,5,0.0455010740623205,16014,FALSE
"RF","Repeat_22_Fold_05",22,"Fold_05",6,3,0.0465967362087884,16009,FALSE
"RF","Repeat_22_Fold_05",22,"Fold_05",6,1,0.0468656154099152,16004,FALSE
"RF","Repeat_22_Fold_05",22,"Fold_05",11,3,0.0485190732095494,16010,FALSE
"RF","Repeat_22_Fold_05",22,"Fold_05",11,1,0.0489422875740933,16005,FALSE
"RF","Repeat_22_Fold_05",22,"Fold_05",11,5,0.0493062427610689,16015,FALSE
"RF","Repeat_23_Fold_01",23,"Fold_01",1,5,0.0301140447026996,16111,TRUE
"RF","Repeat_23_Fold_01",23,"Fold_01",3,5,0.0303433803867244,16112,FALSE
"RF","Repeat_23_Fold_01",23,"Fold_01",4,5,0.030540407076349,16113,FALSE
"RF","Repeat_23_Fold_01",23,"Fold_01",3,3,0.0307701628009125,16107,FALSE
"RF","Repeat_23_Fold_01",23,"Fold_01",1,3,0.0308118211856192,16106,FALSE
"RF","Repeat_23_Fold_01",23,"Fold_01",3,1,0.0309186505810447,16102,FALSE
"RF","Repeat_23_Fold_01",23,"Fold_01",4,1,0.0310481542723352,16103,FALSE
"RF","Repeat_23_Fold_01",23,"Fold_01",1,1,0.0311004039107416,16101,FALSE
"RF","Repeat_23_Fold_01",23,"Fold_01",5,5,0.0313066186170834,16114,FALSE
"RF","Repeat_23_Fold_01",23,"Fold_01",5,3,0.0315854367508581,16109,FALSE
"RF","Repeat_23_Fold_01",23,"Fold_01",4,3,0.031841914238425,16108,FALSE
"RF","Repeat_23_Fold_01",23,"Fold_01",5,1,0.0332590783573489,16104,FALSE
"RF","Repeat_23_Fold_01",23,"Fold_01",10,3,0.0340238369694207,16110,FALSE
"RF","Repeat_23_Fold_01",23,"Fold_01",10,1,0.0343434026263961,16105,FALSE
"RF","Repeat_23_Fold_01",23,"Fold_01",10,5,0.0346403661498287,16115,FALSE
"RF","Repeat_23_Fold_02",23,"Fold_02",3,1,0.0333315817843403,16202,TRUE
"RF","Repeat_23_Fold_02",23,"Fold_02",1,1,0.0334935205701415,16201,FALSE
"RF","Repeat_23_Fold_02",23,"Fold_02",1,3,0.0336568382836841,16206,FALSE
"RF","Repeat_23_Fold_02",23,"Fold_02",1,5,0.0339735345942658,16211,FALSE
"RF","Repeat_23_Fold_02",23,"Fold_02",3,5,0.0340998743347042,16212,FALSE
"RF","Repeat_23_Fold_02",23,"Fold_02",4,5,0.0344580302192448,16213,FALSE
"RF","Repeat_23_Fold_02",23,"Fold_02",3,3,0.0345485415633206,16207,FALSE
"RF","Repeat_23_Fold_02",23,"Fold_02",4,3,0.0349770687700271,16208,FALSE
"RF","Repeat_23_Fold_02",23,"Fold_02",4,1,0.0350089259444787,16203,FALSE
"RF","Repeat_23_Fold_02",23,"Fold_02",6,1,0.0358283558207076,16204,FALSE
"RF","Repeat_23_Fold_02",23,"Fold_02",6,5,0.0361945168217184,16214,FALSE
"RF","Repeat_23_Fold_02",23,"Fold_02",6,3,0.036244212462293,16209,FALSE
"RF","Repeat_23_Fold_02",23,"Fold_02",11,3,0.0381973087120468,16210,FALSE
"RF","Repeat_23_Fold_02",23,"Fold_02",11,5,0.0387856221556477,16215,FALSE
"RF","Repeat_23_Fold_02",23,"Fold_02",11,1,0.0391313512435442,16205,FALSE
"RF","Repeat_23_Fold_03",23,"Fold_03",1,3,0.0323652263156739,16306,TRUE
"RF","Repeat_23_Fold_03",23,"Fold_03",1,5,0.0325252073685655,16311,FALSE
"RF","Repeat_23_Fold_03",23,"Fold_03",1,1,0.032567418216327,16301,FALSE
"RF","Repeat_23_Fold_03",23,"Fold_03",3,3,0.0344924305625095,16307,FALSE
"RF","Repeat_23_Fold_03",23,"Fold_03",3,5,0.0346315713111051,16312,FALSE
"RF","Repeat_23_Fold_03",23,"Fold_03",3,1,0.0350322816080173,16302,FALSE
"RF","Repeat_23_Fold_03",23,"Fold_03",4,3,0.0352361834815204,16308,FALSE
"RF","Repeat_23_Fold_03",23,"Fold_03",4,5,0.0356634748452224,16313,FALSE
"RF","Repeat_23_Fold_03",23,"Fold_03",5,5,0.0357995013795889,16314,FALSE
"RF","Repeat_23_Fold_03",23,"Fold_03",4,1,0.0364428490944657,16303,FALSE
"RF","Repeat_23_Fold_03",23,"Fold_03",5,1,0.0366552482251773,16304,FALSE
"RF","Repeat_23_Fold_03",23,"Fold_03",5,3,0.0368516005218458,16309,FALSE
"RF","Repeat_23_Fold_03",23,"Fold_03",10,3,0.0420362507056165,16310,FALSE
"RF","Repeat_23_Fold_03",23,"Fold_03",10,5,0.0426022810555045,16315,FALSE
"RF","Repeat_23_Fold_03",23,"Fold_03",10,1,0.0444788095697987,16305,FALSE
"RF","Repeat_23_Fold_04",23,"Fold_04",10,5,0.0257560021150963,16415,TRUE
"RF","Repeat_23_Fold_04",23,"Fold_04",10,3,0.0259200669227435,16410,FALSE
"RF","Repeat_23_Fold_04",23,"Fold_04",10,1,0.0264253154798694,16405,FALSE
"RF","Repeat_23_Fold_04",23,"Fold_04",4,5,0.0271917246772578,16413,FALSE
"RF","Repeat_23_Fold_04",23,"Fold_04",5,1,0.0274975815359653,16404,FALSE
"RF","Repeat_23_Fold_04",23,"Fold_04",3,5,0.0276414573361842,16412,FALSE
"RF","Repeat_23_Fold_04",23,"Fold_04",5,5,0.0278023068637889,16414,FALSE
"RF","Repeat_23_Fold_04",23,"Fold_04",3,3,0.027885164747698,16407,FALSE
"RF","Repeat_23_Fold_04",23,"Fold_04",4,1,0.0279199867700404,16403,FALSE
"RF","Repeat_23_Fold_04",23,"Fold_04",5,3,0.0286392813012377,16409,FALSE
"RF","Repeat_23_Fold_04",23,"Fold_04",3,1,0.0286859287449236,16402,FALSE
"RF","Repeat_23_Fold_04",23,"Fold_04",4,3,0.0290288481365677,16408,FALSE
"RF","Repeat_23_Fold_04",23,"Fold_04",1,3,0.0294441504108691,16406,FALSE
"RF","Repeat_23_Fold_04",23,"Fold_04",1,1,0.0295640274230912,16401,FALSE
"RF","Repeat_23_Fold_04",23,"Fold_04",1,5,0.0300719073820648,16411,FALSE
"RF","Repeat_23_Fold_05",23,"Fold_05",1,3,0.0324574591532482,16506,TRUE
"RF","Repeat_23_Fold_05",23,"Fold_05",1,5,0.0333067957604627,16511,FALSE
"RF","Repeat_23_Fold_05",23,"Fold_05",4,5,0.0336214315906887,16513,FALSE
"RF","Repeat_23_Fold_05",23,"Fold_05",3,1,0.0339632679868653,16502,FALSE
"RF","Repeat_23_Fold_05",23,"Fold_05",1,1,0.0339852500417111,16501,FALSE
"RF","Repeat_23_Fold_05",23,"Fold_05",3,3,0.0340438891563626,16507,FALSE
"RF","Repeat_23_Fold_05",23,"Fold_05",3,5,0.0341912364659498,16512,FALSE
"RF","Repeat_23_Fold_05",23,"Fold_05",5,3,0.0347816533489529,16509,FALSE
"RF","Repeat_23_Fold_05",23,"Fold_05",4,1,0.0351142715961224,16503,FALSE
"RF","Repeat_23_Fold_05",23,"Fold_05",4,3,0.0353183383214653,16508,FALSE
"RF","Repeat_23_Fold_05",23,"Fold_05",5,1,0.0354316770931385,16504,FALSE
"RF","Repeat_23_Fold_05",23,"Fold_05",5,5,0.0355097130245715,16514,FALSE
"RF","Repeat_23_Fold_05",23,"Fold_05",10,1,0.0376576805752473,16505,FALSE
"RF","Repeat_23_Fold_05",23,"Fold_05",10,5,0.0378955756270604,16515,FALSE
"RF","Repeat_23_Fold_05",23,"Fold_05",10,3,0.0382613765916803,16510,FALSE
"RF","Repeat_24_Fold_01",24,"Fold_01",1,5,0.0357913720265759,16611,TRUE
"RF","Repeat_24_Fold_01",24,"Fold_01",1,1,0.0362851507399443,16601,FALSE
"RF","Repeat_24_Fold_01",24,"Fold_01",1,3,0.0366490078616214,16606,FALSE
"RF","Repeat_24_Fold_01",24,"Fold_01",3,5,0.0391018084746858,16612,FALSE
"RF","Repeat_24_Fold_01",24,"Fold_01",3,3,0.0391923049885095,16607,FALSE
"RF","Repeat_24_Fold_01",24,"Fold_01",3,1,0.0396716457932618,16602,FALSE
"RF","Repeat_24_Fold_01",24,"Fold_01",4,5,0.0399763976708151,16613,FALSE
"RF","Repeat_24_Fold_01",24,"Fold_01",4,3,0.0409314049114818,16608,FALSE
"RF","Repeat_24_Fold_01",24,"Fold_01",4,1,0.0425171127393521,16603,FALSE
"RF","Repeat_24_Fold_01",24,"Fold_01",6,5,0.0431368662210918,16614,FALSE
"RF","Repeat_24_Fold_01",24,"Fold_01",6,3,0.0436198044181972,16609,FALSE
"RF","Repeat_24_Fold_01",24,"Fold_01",6,1,0.0438531686162482,16604,FALSE
"RF","Repeat_24_Fold_01",24,"Fold_01",11,5,0.0475051925415351,16615,FALSE
"RF","Repeat_24_Fold_01",24,"Fold_01",11,3,0.0491704560946209,16610,FALSE
"RF","Repeat_24_Fold_01",24,"Fold_01",11,1,0.0497525393726754,16605,FALSE
"RF","Repeat_24_Fold_02",24,"Fold_02",1,3,0.0369801211083743,16706,TRUE
"RF","Repeat_24_Fold_02",24,"Fold_02",1,1,0.0373918753863327,16701,FALSE
"RF","Repeat_24_Fold_02",24,"Fold_02",1,5,0.037461443502581,16711,FALSE
"RF","Repeat_24_Fold_02",24,"Fold_02",3,3,0.04011189869261,16707,FALSE
"RF","Repeat_24_Fold_02",24,"Fold_02",4,5,0.0405139952068304,16713,FALSE
"RF","Repeat_24_Fold_02",24,"Fold_02",3,5,0.0405645610648213,16712,FALSE
"RF","Repeat_24_Fold_02",24,"Fold_02",4,1,0.0418809835387104,16703,FALSE
"RF","Repeat_24_Fold_02",24,"Fold_02",3,1,0.0418824830036835,16702,FALSE
"RF","Repeat_24_Fold_02",24,"Fold_02",4,3,0.0419004581532317,16708,FALSE
"RF","Repeat_24_Fold_02",24,"Fold_02",5,5,0.042901892292423,16714,FALSE
"RF","Repeat_24_Fold_02",24,"Fold_02",5,1,0.0432902411858102,16704,FALSE
"RF","Repeat_24_Fold_02",24,"Fold_02",5,3,0.0445104649467873,16709,FALSE
"RF","Repeat_24_Fold_02",24,"Fold_02",10,1,0.0466264877083296,16705,FALSE
"RF","Repeat_24_Fold_02",24,"Fold_02",10,5,0.0466668255931122,16715,FALSE
"RF","Repeat_24_Fold_02",24,"Fold_02",10,3,0.0466866026129571,16710,FALSE
"RF","Repeat_24_Fold_03",24,"Fold_03",1,1,0.0373733353040001,16801,TRUE
"RF","Repeat_24_Fold_03",24,"Fold_03",1,5,0.0376315693523776,16811,FALSE
"RF","Repeat_24_Fold_03",24,"Fold_03",1,3,0.0379353501627956,16806,FALSE
"RF","Repeat_24_Fold_03",24,"Fold_03",3,3,0.0418337815267492,16807,FALSE
"RF","Repeat_24_Fold_03",24,"Fold_03",3,1,0.0421245239817484,16802,FALSE
"RF","Repeat_24_Fold_03",24,"Fold_03",3,5,0.0421967332366208,16812,FALSE
"RF","Repeat_24_Fold_03",24,"Fold_03",4,3,0.0430596712969787,16808,FALSE
"RF","Repeat_24_Fold_03",24,"Fold_03",4,5,0.044026919348666,16813,FALSE
"RF","Repeat_24_Fold_03",24,"Fold_03",4,1,0.0441270043337475,16803,FALSE
"RF","Repeat_24_Fold_03",24,"Fold_03",5,5,0.0445968738996741,16814,FALSE
"RF","Repeat_24_Fold_03",24,"Fold_03",5,1,0.0456848092606287,16804,FALSE
"RF","Repeat_24_Fold_03",24,"Fold_03",5,3,0.0462511130892705,16809,FALSE
"RF","Repeat_24_Fold_03",24,"Fold_03",10,5,0.0490470693458206,16815,FALSE
"RF","Repeat_24_Fold_03",24,"Fold_03",10,3,0.0514701438288419,16810,FALSE
"RF","Repeat_24_Fold_03",24,"Fold_03",10,1,0.0539431988162466,16805,FALSE
"RF","Repeat_24_Fold_04",24,"Fold_04",1,1,0.0369396605229158,16901,TRUE
"RF","Repeat_24_Fold_04",24,"Fold_04",1,5,0.0369774755589819,16911,FALSE
"RF","Repeat_24_Fold_04",24,"Fold_04",1,3,0.0377460625769651,16906,FALSE
"RF","Repeat_24_Fold_04",24,"Fold_04",3,3,0.0390648198881723,16907,FALSE
"RF","Repeat_24_Fold_04",24,"Fold_04",4,5,0.0391179927124076,16913,FALSE
"RF","Repeat_24_Fold_04",24,"Fold_04",3,5,0.0392516041479911,16912,FALSE
"RF","Repeat_24_Fold_04",24,"Fold_04",3,1,0.039815691054261,16902,FALSE
"RF","Repeat_24_Fold_04",24,"Fold_04",4,1,0.039873199192222,16903,FALSE
"RF","Repeat_24_Fold_04",24,"Fold_04",5,3,0.0399945318776794,16909,FALSE
"RF","Repeat_24_Fold_04",24,"Fold_04",5,5,0.0400429573373065,16914,FALSE
"RF","Repeat_24_Fold_04",24,"Fold_04",5,1,0.0402625439489984,16904,FALSE
"RF","Repeat_24_Fold_04",24,"Fold_04",4,3,0.0403225718888436,16908,FALSE
"RF","Repeat_24_Fold_04",24,"Fold_04",10,5,0.0460288008765413,16915,FALSE
"RF","Repeat_24_Fold_04",24,"Fold_04",10,1,0.0461319531278575,16905,FALSE
"RF","Repeat_24_Fold_04",24,"Fold_04",10,3,0.0465932350592283,16910,FALSE
"RF","Repeat_24_Fold_05",24,"Fold_05",1,1,0.0365272116331237,17001,TRUE
"RF","Repeat_24_Fold_05",24,"Fold_05",1,3,0.0373169716117861,17006,FALSE
"RF","Repeat_24_Fold_05",24,"Fold_05",1,5,0.0379597494597931,17011,FALSE
"RF","Repeat_24_Fold_05",24,"Fold_05",3,5,0.0411122688135205,17012,FALSE
"RF","Repeat_24_Fold_05",24,"Fold_05",4,5,0.0417246514626274,17013,FALSE
"RF","Repeat_24_Fold_05",24,"Fold_05",3,3,0.0417818864026944,17007,FALSE
"RF","Repeat_24_Fold_05",24,"Fold_05",3,1,0.0421153236036732,17002,FALSE
"RF","Repeat_24_Fold_05",24,"Fold_05",5,5,0.0430520790029181,17014,FALSE
"RF","Repeat_24_Fold_05",24,"Fold_05",4,1,0.0432138020181494,17003,FALSE
"RF","Repeat_24_Fold_05",24,"Fold_05",5,3,0.0443404341687277,17009,FALSE
"RF","Repeat_24_Fold_05",24,"Fold_05",4,3,0.0444232851181037,17008,FALSE
"RF","Repeat_24_Fold_05",24,"Fold_05",5,1,0.0461162242979276,17004,FALSE
"RF","Repeat_24_Fold_05",24,"Fold_05",10,5,0.04681403510157,17015,FALSE
"RF","Repeat_24_Fold_05",24,"Fold_05",10,3,0.0475847524054509,17010,FALSE
"RF","Repeat_24_Fold_05",24,"Fold_05",10,1,0.0498826205201211,17005,FALSE
"RF","Repeat_25_Fold_01",25,"Fold_01",1,1,0.034506381637448,17101,TRUE
"RF","Repeat_25_Fold_01",25,"Fold_01",3,1,0.0345695218523146,17102,FALSE
"RF","Repeat_25_Fold_01",25,"Fold_01",1,3,0.0348212670436115,17106,FALSE
"RF","Repeat_25_Fold_01",25,"Fold_01",1,5,0.0352570701335059,17111,FALSE
"RF","Repeat_25_Fold_01",25,"Fold_01",3,3,0.0358203460805051,17107,FALSE
"RF","Repeat_25_Fold_01",25,"Fold_01",4,1,0.0363130391122598,17103,FALSE
"RF","Repeat_25_Fold_01",25,"Fold_01",4,3,0.037188378593206,17108,FALSE
"RF","Repeat_25_Fold_01",25,"Fold_01",3,5,0.037195463644273,17112,FALSE
"RF","Repeat_25_Fold_01",25,"Fold_01",5,1,0.03808216118542,17104,FALSE
"RF","Repeat_25_Fold_01",25,"Fold_01",4,5,0.0386561757690972,17113,FALSE
"RF","Repeat_25_Fold_01",25,"Fold_01",5,5,0.0394108012416036,17114,FALSE
"RF","Repeat_25_Fold_01",25,"Fold_01",5,3,0.0394438128645464,17109,FALSE
"RF","Repeat_25_Fold_01",25,"Fold_01",10,1,0.0404406339858391,17105,FALSE
"RF","Repeat_25_Fold_01",25,"Fold_01",10,3,0.0414899209385569,17110,FALSE
"RF","Repeat_25_Fold_01",25,"Fold_01",10,5,0.0428561625824282,17115,FALSE
"RF","Repeat_25_Fold_02",25,"Fold_02",1,1,0.0363639103050724,17201,TRUE
"RF","Repeat_25_Fold_02",25,"Fold_02",1,3,0.0367041278083765,17206,FALSE
"RF","Repeat_25_Fold_02",25,"Fold_02",1,5,0.0374289405940522,17211,FALSE
"RF","Repeat_25_Fold_02",25,"Fold_02",3,1,0.0384741402728316,17202,FALSE
"RF","Repeat_25_Fold_02",25,"Fold_02",4,1,0.0386891285448031,17203,FALSE
"RF","Repeat_25_Fold_02",25,"Fold_02",3,3,0.0387490152288647,17207,FALSE
"RF","Repeat_25_Fold_02",25,"Fold_02",4,3,0.0389062795239588,17208,FALSE
"RF","Repeat_25_Fold_02",25,"Fold_02",3,5,0.0392090639287857,17212,FALSE
"RF","Repeat_25_Fold_02",25,"Fold_02",5,1,0.0398198142107297,17204,FALSE
"RF","Repeat_25_Fold_02",25,"Fold_02",5,3,0.0399061307641492,17209,FALSE
"RF","Repeat_25_Fold_02",25,"Fold_02",4,5,0.040379172572245,17213,FALSE
"RF","Repeat_25_Fold_02",25,"Fold_02",5,5,0.0414211173718984,17214,FALSE
"RF","Repeat_25_Fold_02",25,"Fold_02",10,3,0.0440542549660758,17210,FALSE
"RF","Repeat_25_Fold_02",25,"Fold_02",10,5,0.0446385221507439,17215,FALSE
"RF","Repeat_25_Fold_02",25,"Fold_02",10,1,0.0447454555235333,17205,FALSE
"RF","Repeat_25_Fold_03",25,"Fold_03",1,1,0.0371253410116324,17301,TRUE
"RF","Repeat_25_Fold_03",25,"Fold_03",1,5,0.0372066327765657,17311,FALSE
"RF","Repeat_25_Fold_03",25,"Fold_03",1,3,0.0376672321791653,17306,FALSE
"RF","Repeat_25_Fold_03",25,"Fold_03",3,5,0.0410825042481075,17312,FALSE
"RF","Repeat_25_Fold_03",25,"Fold_03",3,3,0.0411702980621326,17307,FALSE
"RF","Repeat_25_Fold_03",25,"Fold_03",3,1,0.0423309951997,17302,FALSE
"RF","Repeat_25_Fold_03",25,"Fold_03",4,5,0.042480064214181,17313,FALSE
"RF","Repeat_25_Fold_03",25,"Fold_03",4,1,0.0430097548607336,17303,FALSE
"RF","Repeat_25_Fold_03",25,"Fold_03",4,3,0.0432789864714395,17308,FALSE
"RF","Repeat_25_Fold_03",25,"Fold_03",5,5,0.0445982890592453,17314,FALSE
"RF","Repeat_25_Fold_03",25,"Fold_03",5,1,0.0447812575887199,17304,FALSE
"RF","Repeat_25_Fold_03",25,"Fold_03",5,3,0.0450648367014275,17309,FALSE
"RF","Repeat_25_Fold_03",25,"Fold_03",10,3,0.0502595458821524,17310,FALSE
"RF","Repeat_25_Fold_03",25,"Fold_03",10,5,0.0504121700251127,17315,FALSE
"RF","Repeat_25_Fold_03",25,"Fold_03",10,1,0.0516828955567048,17305,FALSE
"RF","Repeat_25_Fold_04",25,"Fold_04",1,5,0.0356761386342685,17411,TRUE
"RF","Repeat_25_Fold_04",25,"Fold_04",1,1,0.0362252308701101,17401,FALSE
"RF","Repeat_25_Fold_04",25,"Fold_04",1,3,0.0365330662981891,17406,FALSE
"RF","Repeat_25_Fold_04",25,"Fold_04",3,1,0.0374090605391976,17402,FALSE
"RF","Repeat_25_Fold_04",25,"Fold_04",3,5,0.0377952124216146,17412,FALSE
"RF","Repeat_25_Fold_04",25,"Fold_04",4,1,0.0382130834598211,17403,FALSE
"RF","Repeat_25_Fold_04",25,"Fold_04",3,3,0.0391900481720444,17407,FALSE
"RF","Repeat_25_Fold_04",25,"Fold_04",5,1,0.0393804662395917,17404,FALSE
"RF","Repeat_25_Fold_04",25,"Fold_04",4,3,0.0393898866635635,17408,FALSE
"RF","Repeat_25_Fold_04",25,"Fold_04",4,5,0.0405104099490209,17413,FALSE
"RF","Repeat_25_Fold_04",25,"Fold_04",5,3,0.0405821230178392,17409,FALSE
"RF","Repeat_25_Fold_04",25,"Fold_04",5,5,0.0412045971935951,17414,FALSE
"RF","Repeat_25_Fold_04",25,"Fold_04",10,1,0.0424388842551044,17405,FALSE
"RF","Repeat_25_Fold_04",25,"Fold_04",10,3,0.0435467399223499,17410,FALSE
"RF","Repeat_25_Fold_04",25,"Fold_04",10,5,0.0460464111609646,17415,FALSE
"RF","Repeat_25_Fold_05",25,"Fold_05",1,3,0.0371856214793568,17506,TRUE
"RF","Repeat_25_Fold_05",25,"Fold_05",1,1,0.0374115695639674,17501,FALSE
"RF","Repeat_25_Fold_05",25,"Fold_05",1,5,0.0376520933255349,17511,FALSE
"RF","Repeat_25_Fold_05",25,"Fold_05",3,5,0.041735842057406,17512,FALSE
"RF","Repeat_25_Fold_05",25,"Fold_05",3,3,0.0420371764336503,17507,FALSE
"RF","Repeat_25_Fold_05",25,"Fold_05",4,3,0.0431734837436763,17508,FALSE
"RF","Repeat_25_Fold_05",25,"Fold_05",3,1,0.0437974104135922,17502,FALSE
"RF","Repeat_25_Fold_05",25,"Fold_05",4,5,0.0439321299860183,17513,FALSE
"RF","Repeat_25_Fold_05",25,"Fold_05",4,1,0.0440482830072862,17503,FALSE
"RF","Repeat_25_Fold_05",25,"Fold_05",5,3,0.0442267838904365,17509,FALSE
"RF","Repeat_25_Fold_05",25,"Fold_05",5,1,0.0445880829380159,17504,FALSE
"RF","Repeat_25_Fold_05",25,"Fold_05",5,5,0.0449968236982785,17514,FALSE
"RF","Repeat_25_Fold_05",25,"Fold_05",10,3,0.0501901305785597,17510,FALSE
"RF","Repeat_25_Fold_05",25,"Fold_05",10,5,0.0507558329444511,17515,FALSE
"RF","Repeat_25_Fold_05",25,"Fold_05",10,1,0.0512400465443983,17505,FALSE
"RF","Repeat_26_Fold_01",26,"Fold_01",3,3,0.0290122957014273,17607,TRUE
"RF","Repeat_26_Fold_01",26,"Fold_01",3,5,0.0290602071741563,17612,FALSE
"RF","Repeat_26_Fold_01",26,"Fold_01",6,1,0.0292223138452716,17604,FALSE
"RF","Repeat_26_Fold_01",26,"Fold_01",4,5,0.0294916812560494,17613,FALSE
"RF","Repeat_26_Fold_01",26,"Fold_01",6,5,0.0297137043499555,17614,FALSE
"RF","Repeat_26_Fold_01",26,"Fold_01",4,3,0.029737158402617,17608,FALSE
"RF","Repeat_26_Fold_01",26,"Fold_01",11,1,0.0299928656569896,17605,FALSE
"RF","Repeat_26_Fold_01",26,"Fold_01",4,1,0.0300077657773789,17603,FALSE
"RF","Repeat_26_Fold_01",26,"Fold_01",6,3,0.0302988628796036,17609,FALSE
"RF","Repeat_26_Fold_01",26,"Fold_01",1,5,0.0308494506909297,17611,FALSE
"RF","Repeat_26_Fold_01",26,"Fold_01",11,3,0.0309208353391788,17610,FALSE
"RF","Repeat_26_Fold_01",26,"Fold_01",3,1,0.0311686682438454,17602,FALSE
"RF","Repeat_26_Fold_01",26,"Fold_01",1,1,0.0311693164298491,17601,FALSE
"RF","Repeat_26_Fold_01",26,"Fold_01",1,3,0.0314525508166215,17606,FALSE
"RF","Repeat_26_Fold_01",26,"Fold_01",11,5,0.0315843639381094,17615,FALSE
"RF","Repeat_26_Fold_02",26,"Fold_02",3,1,0.0313218273854204,17702,TRUE
"RF","Repeat_26_Fold_02",26,"Fold_02",5,1,0.0323587126350183,17704,FALSE
"RF","Repeat_26_Fold_02",26,"Fold_02",4,3,0.0326472549322972,17708,FALSE
"RF","Repeat_26_Fold_02",26,"Fold_02",5,3,0.033063353206966,17709,FALSE
"RF","Repeat_26_Fold_02",26,"Fold_02",10,1,0.0331674070047312,17705,FALSE
"RF","Repeat_26_Fold_02",26,"Fold_02",4,5,0.0335771222968632,17713,FALSE
"RF","Repeat_26_Fold_02",26,"Fold_02",5,5,0.0335916248489615,17714,FALSE
"RF","Repeat_26_Fold_02",26,"Fold_02",1,5,0.0335937644417918,17711,FALSE
"RF","Repeat_26_Fold_02",26,"Fold_02",3,3,0.0337323115543317,17707,FALSE
"RF","Repeat_26_Fold_02",26,"Fold_02",1,3,0.0338026599193307,17706,FALSE
"RF","Repeat_26_Fold_02",26,"Fold_02",4,1,0.033944785352583,17703,FALSE
"RF","Repeat_26_Fold_02",26,"Fold_02",1,1,0.0346780344438188,17701,FALSE
"RF","Repeat_26_Fold_02",26,"Fold_02",3,5,0.0347304480991944,17712,FALSE
"RF","Repeat_26_Fold_02",26,"Fold_02",10,3,0.0347748476015533,17710,FALSE
"RF","Repeat_26_Fold_02",26,"Fold_02",10,5,0.0348901740882664,17715,FALSE
"RF","Repeat_26_Fold_03",26,"Fold_03",1,3,0.0325002761508057,17806,TRUE
"RF","Repeat_26_Fold_03",26,"Fold_03",3,5,0.0325556044145068,17812,FALSE
"RF","Repeat_26_Fold_03",26,"Fold_03",1,1,0.0329804047919569,17801,FALSE
"RF","Repeat_26_Fold_03",26,"Fold_03",3,3,0.0330114086274363,17807,FALSE
"RF","Repeat_26_Fold_03",26,"Fold_03",1,5,0.0333518030458351,17811,FALSE
"RF","Repeat_26_Fold_03",26,"Fold_03",4,5,0.033627230074025,17813,FALSE
"RF","Repeat_26_Fold_03",26,"Fold_03",4,3,0.0339495229180099,17808,FALSE
"RF","Repeat_26_Fold_03",26,"Fold_03",6,5,0.0339955366479241,17814,FALSE
"RF","Repeat_26_Fold_03",26,"Fold_03",6,3,0.0341472523932534,17809,FALSE
"RF","Repeat_26_Fold_03",26,"Fold_03",3,1,0.0343239438879143,17802,FALSE
"RF","Repeat_26_Fold_03",26,"Fold_03",4,1,0.0344768379349079,17803,FALSE
"RF","Repeat_26_Fold_03",26,"Fold_03",6,1,0.0348108295986725,17804,FALSE
"RF","Repeat_26_Fold_03",26,"Fold_03",11,1,0.0366439179686632,17805,FALSE
"RF","Repeat_26_Fold_03",26,"Fold_03",11,3,0.0372507649489403,17810,FALSE
"RF","Repeat_26_Fold_03",26,"Fold_03",11,5,0.0374817332022553,17815,FALSE
"RF","Repeat_26_Fold_04",26,"Fold_04",5,1,0.0283371879270088,17904,TRUE
"RF","Repeat_26_Fold_04",26,"Fold_04",10,1,0.0286615910996731,17905,FALSE
"RF","Repeat_26_Fold_04",26,"Fold_04",10,5,0.0289648141011129,17915,FALSE
"RF","Repeat_26_Fold_04",26,"Fold_04",5,3,0.0291665552120737,17909,FALSE
"RF","Repeat_26_Fold_04",26,"Fold_04",5,5,0.029386299149261,17914,FALSE
"RF","Repeat_26_Fold_04",26,"Fold_04",3,5,0.0295699283427322,17912,FALSE
"RF","Repeat_26_Fold_04",26,"Fold_04",10,3,0.0297367009031322,17910,FALSE
"RF","Repeat_26_Fold_04",26,"Fold_04",4,5,0.0298481617786746,17913,FALSE
"RF","Repeat_26_Fold_04",26,"Fold_04",4,1,0.0299079645256094,17903,FALSE
"RF","Repeat_26_Fold_04",26,"Fold_04",3,1,0.0299230407893492,17902,FALSE
"RF","Repeat_26_Fold_04",26,"Fold_04",4,3,0.0305824803001579,17908,FALSE
"RF","Repeat_26_Fold_04",26,"Fold_04",3,3,0.030663943307743,17907,FALSE
"RF","Repeat_26_Fold_04",26,"Fold_04",1,3,0.0311200842658895,17906,FALSE
"RF","Repeat_26_Fold_04",26,"Fold_04",1,5,0.0317155665759416,17911,FALSE
"RF","Repeat_26_Fold_04",26,"Fold_04",1,1,0.0318282714472083,17901,FALSE
"RF","Repeat_26_Fold_05",26,"Fold_05",1,1,0.0331987604105021,18001,TRUE
"RF","Repeat_26_Fold_05",26,"Fold_05",3,3,0.0332941017124778,18007,FALSE
"RF","Repeat_26_Fold_05",26,"Fold_05",1,3,0.033615923581658,18006,FALSE
"RF","Repeat_26_Fold_05",26,"Fold_05",3,1,0.0337693022596868,18002,FALSE
"RF","Repeat_26_Fold_05",26,"Fold_05",5,1,0.0338309571857904,18004,FALSE
"RF","Repeat_26_Fold_05",26,"Fold_05",5,5,0.0338469813273864,18014,FALSE
"RF","Repeat_26_Fold_05",26,"Fold_05",4,1,0.0339266647798282,18003,FALSE
"RF","Repeat_26_Fold_05",26,"Fold_05",4,5,0.0341087802272769,18013,FALSE
"RF","Repeat_26_Fold_05",26,"Fold_05",3,5,0.0341165802989129,18012,FALSE
"RF","Repeat_26_Fold_05",26,"Fold_05",4,3,0.0342934118201757,18008,FALSE
"RF","Repeat_26_Fold_05",26,"Fold_05",5,3,0.0343257015161106,18009,FALSE
"RF","Repeat_26_Fold_05",26,"Fold_05",1,5,0.03435322110229,18011,FALSE
"RF","Repeat_26_Fold_05",26,"Fold_05",10,3,0.0346482542663317,18010,FALSE
"RF","Repeat_26_Fold_05",26,"Fold_05",10,5,0.0351868144130224,18015,FALSE
"RF","Repeat_26_Fold_05",26,"Fold_05",10,1,0.0354792453393262,18005,FALSE
"RF","Repeat_27_Fold_01",27,"Fold_01",1,3,0.0338575449060824,18106,TRUE
"RF","Repeat_27_Fold_01",27,"Fold_01",1,5,0.0342104486499869,18111,FALSE
"RF","Repeat_27_Fold_01",27,"Fold_01",1,1,0.0343567554711704,18101,FALSE
"RF","Repeat_27_Fold_01",27,"Fold_01",3,1,0.0346825412655498,18102,FALSE
"RF","Repeat_27_Fold_01",27,"Fold_01",4,3,0.0350951884525606,18108,FALSE
"RF","Repeat_27_Fold_01",27,"Fold_01",3,3,0.0352360197178246,18107,FALSE
"RF","Repeat_27_Fold_01",27,"Fold_01",3,5,0.0353538467629932,18112,FALSE
"RF","Repeat_27_Fold_01",27,"Fold_01",4,5,0.0356804024247942,18113,FALSE
"RF","Repeat_27_Fold_01",27,"Fold_01",4,1,0.0357391179615099,18103,FALSE
"RF","Repeat_27_Fold_01",27,"Fold_01",6,1,0.0367386828359178,18104,FALSE
"RF","Repeat_27_Fold_01",27,"Fold_01",6,3,0.0369216886928312,18109,FALSE
"RF","Repeat_27_Fold_01",27,"Fold_01",6,5,0.0377724861651417,18114,FALSE
"RF","Repeat_27_Fold_01",27,"Fold_01",11,1,0.0387489217330102,18105,FALSE
"RF","Repeat_27_Fold_01",27,"Fold_01",11,5,0.0405473593277764,18115,FALSE
"RF","Repeat_27_Fold_01",27,"Fold_01",11,3,0.0406280832432928,18110,FALSE
"RF","Repeat_27_Fold_02",27,"Fold_02",1,1,0.0341958829362353,18201,TRUE
"RF","Repeat_27_Fold_02",27,"Fold_02",3,1,0.0342044858177267,18202,FALSE
"RF","Repeat_27_Fold_02",27,"Fold_02",1,5,0.0344930801359858,18211,FALSE
"RF","Repeat_27_Fold_02",27,"Fold_02",1,3,0.0344979352484607,18206,FALSE
"RF","Repeat_27_Fold_02",27,"Fold_02",3,3,0.0353047793553658,18207,FALSE
"RF","Repeat_27_Fold_02",27,"Fold_02",4,5,0.0354125110639278,18213,FALSE
"RF","Repeat_27_Fold_02",27,"Fold_02",3,5,0.0355670411514784,18212,FALSE
"RF","Repeat_27_Fold_02",27,"Fold_02",4,1,0.0360869000312827,18203,FALSE
"RF","Repeat_27_Fold_02",27,"Fold_02",5,1,0.0361908175364783,18204,FALSE
"RF","Repeat_27_Fold_02",27,"Fold_02",4,3,0.0362728061098591,18208,FALSE
"RF","Repeat_27_Fold_02",27,"Fold_02",5,5,0.0366582635335015,18214,FALSE
"RF","Repeat_27_Fold_02",27,"Fold_02",5,3,0.0367377857666155,18209,FALSE
"RF","Repeat_27_Fold_02",27,"Fold_02",10,1,0.0397238785312448,18205,FALSE
"RF","Repeat_27_Fold_02",27,"Fold_02",10,3,0.0405463250770453,18210,FALSE
"RF","Repeat_27_Fold_02",27,"Fold_02",10,5,0.0408797153538721,18215,FALSE
"RF","Repeat_27_Fold_03",27,"Fold_03",1,5,0.0371488224424982,18311,TRUE
"RF","Repeat_27_Fold_03",27,"Fold_03",1,1,0.0375063447818496,18301,FALSE
"RF","Repeat_27_Fold_03",27,"Fold_03",1,3,0.0377577270922893,18306,FALSE
"RF","Repeat_27_Fold_03",27,"Fold_03",3,5,0.0425232807691203,18312,FALSE
"RF","Repeat_27_Fold_03",27,"Fold_03",3,1,0.0428303872068996,18302,FALSE
"RF","Repeat_27_Fold_03",27,"Fold_03",4,5,0.0438532002176023,18313,FALSE
"RF","Repeat_27_Fold_03",27,"Fold_03",3,3,0.0440861299030359,18307,FALSE
"RF","Repeat_27_Fold_03",27,"Fold_03",4,3,0.0446033112492572,18308,FALSE
"RF","Repeat_27_Fold_03",27,"Fold_03",4,1,0.0451677844029468,18303,FALSE
"RF","Repeat_27_Fold_03",27,"Fold_03",5,5,0.0458343160713292,18314,FALSE
"RF","Repeat_27_Fold_03",27,"Fold_03",5,3,0.0475028420239409,18309,FALSE
"RF","Repeat_27_Fold_03",27,"Fold_03",5,1,0.0481256679147807,18304,FALSE
"RF","Repeat_27_Fold_03",27,"Fold_03",10,5,0.0522343132969284,18315,FALSE
"RF","Repeat_27_Fold_03",27,"Fold_03",10,3,0.0530454156791194,18310,FALSE
"RF","Repeat_27_Fold_03",27,"Fold_03",10,1,0.0551660283676152,18305,FALSE
"RF","Repeat_27_Fold_04",27,"Fold_04",1,1,0.0342959095464238,18401,TRUE
"RF","Repeat_27_Fold_04",27,"Fold_04",1,5,0.0342998755208046,18411,FALSE
"RF","Repeat_27_Fold_04",27,"Fold_04",1,3,0.0349021597384827,18406,FALSE
"RF","Repeat_27_Fold_04",27,"Fold_04",3,5,0.0360419883958654,18412,FALSE
"RF","Repeat_27_Fold_04",27,"Fold_04",3,3,0.0361454837751041,18407,FALSE
"RF","Repeat_27_Fold_04",27,"Fold_04",4,1,0.0369843788594083,18403,FALSE
"RF","Repeat_27_Fold_04",27,"Fold_04",3,1,0.0371777534209014,18402,FALSE
"RF","Repeat_27_Fold_04",27,"Fold_04",4,5,0.0381281960696108,18413,FALSE
"RF","Repeat_27_Fold_04",27,"Fold_04",4,3,0.0388954897471476,18408,FALSE
"RF","Repeat_27_Fold_04",27,"Fold_04",6,1,0.0393480079946798,18404,FALSE
"RF","Repeat_27_Fold_04",27,"Fold_04",6,5,0.0396423068919347,18414,FALSE
"RF","Repeat_27_Fold_04",27,"Fold_04",6,3,0.0398255331393983,18409,FALSE
"RF","Repeat_27_Fold_04",27,"Fold_04",11,1,0.0412912383754601,18405,FALSE
"RF","Repeat_27_Fold_04",27,"Fold_04",11,3,0.0425210392065548,18410,FALSE
"RF","Repeat_27_Fold_04",27,"Fold_04",11,5,0.0425644263632115,18415,FALSE
"RF","Repeat_27_Fold_05",27,"Fold_05",1,3,0.0372549609064292,18506,TRUE
"RF","Repeat_27_Fold_05",27,"Fold_05",1,5,0.0378391764637779,18511,FALSE
"RF","Repeat_27_Fold_05",27,"Fold_05",1,1,0.0386585507099924,18501,FALSE
"RF","Repeat_27_Fold_05",27,"Fold_05",3,5,0.0424228921140074,18512,FALSE
"RF","Repeat_27_Fold_05",27,"Fold_05",3,3,0.0427712237343048,18507,FALSE
"RF","Repeat_27_Fold_05",27,"Fold_05",3,1,0.043627890159797,18502,FALSE
"RF","Repeat_27_Fold_05",27,"Fold_05",4,5,0.0444736036715185,18513,FALSE
"RF","Repeat_27_Fold_05",27,"Fold_05",4,3,0.0449331885984853,18508,FALSE
"RF","Repeat_27_Fold_05",27,"Fold_05",4,1,0.0451260506023795,18503,FALSE
"RF","Repeat_27_Fold_05",27,"Fold_05",5,5,0.0459436863790532,18514,FALSE
"RF","Repeat_27_Fold_05",27,"Fold_05",5,3,0.0462040546878253,18509,FALSE
"RF","Repeat_27_Fold_05",27,"Fold_05",5,1,0.0486583578193949,18504,FALSE
"RF","Repeat_27_Fold_05",27,"Fold_05",10,5,0.0499197497781367,18515,FALSE
"RF","Repeat_27_Fold_05",27,"Fold_05",10,1,0.052014198071589,18505,FALSE
"RF","Repeat_27_Fold_05",27,"Fold_05",10,3,0.0530816558900073,18510,FALSE
"RF","Repeat_28_Fold_01",28,"Fold_01",1,3,0.0360288944382019,18606,TRUE
"RF","Repeat_28_Fold_01",28,"Fold_01",1,5,0.036220806704255,18611,FALSE
"RF","Repeat_28_Fold_01",28,"Fold_01",1,1,0.0369482449498445,18601,FALSE
"RF","Repeat_28_Fold_01",28,"Fold_01",3,5,0.0395938933937202,18612,FALSE
"RF","Repeat_28_Fold_01",28,"Fold_01",3,3,0.040593394394383,18607,FALSE
"RF","Repeat_28_Fold_01",28,"Fold_01",3,1,0.040678154015994,18602,FALSE
"RF","Repeat_28_Fold_01",28,"Fold_01",4,5,0.0412580759702611,18613,FALSE
"RF","Repeat_28_Fold_01",28,"Fold_01",4,3,0.0420849614852381,18608,FALSE
"RF","Repeat_28_Fold_01",28,"Fold_01",4,1,0.0421949715854227,18603,FALSE
"RF","Repeat_28_Fold_01",28,"Fold_01",5,3,0.0427282328390126,18609,FALSE
"RF","Repeat_28_Fold_01",28,"Fold_01",5,5,0.0428345861643092,18614,FALSE
"RF","Repeat_28_Fold_01",28,"Fold_01",5,1,0.0439935845010544,18604,FALSE
"RF","Repeat_28_Fold_01",28,"Fold_01",10,5,0.0474527474682892,18615,FALSE
"RF","Repeat_28_Fold_01",28,"Fold_01",10,3,0.0495103472562226,18610,FALSE
"RF","Repeat_28_Fold_01",28,"Fold_01",10,1,0.0509505486200707,18605,FALSE
"RF","Repeat_28_Fold_02",28,"Fold_02",1,3,0.0355538639691455,18706,TRUE
"RF","Repeat_28_Fold_02",28,"Fold_02",1,1,0.0356922886163181,18701,FALSE
"RF","Repeat_28_Fold_02",28,"Fold_02",1,5,0.0357877834023424,18711,FALSE
"RF","Repeat_28_Fold_02",28,"Fold_02",3,3,0.0364630732794491,18707,FALSE
"RF","Repeat_28_Fold_02",28,"Fold_02",3,5,0.036669441206574,18712,FALSE
"RF","Repeat_28_Fold_02",28,"Fold_02",4,5,0.0370986123701021,18713,FALSE
"RF","Repeat_28_Fold_02",28,"Fold_02",5,3,0.0373839248479317,18709,FALSE
"RF","Repeat_28_Fold_02",28,"Fold_02",3,1,0.0377649771819912,18702,FALSE
"RF","Repeat_28_Fold_02",28,"Fold_02",4,3,0.037875683094837,18708,FALSE
"RF","Repeat_28_Fold_02",28,"Fold_02",5,1,0.0383224711779858,18704,FALSE
"RF","Repeat_28_Fold_02",28,"Fold_02",4,1,0.0383620698209961,18703,FALSE
"RF","Repeat_28_Fold_02",28,"Fold_02",5,5,0.0393590900115489,18714,FALSE
"RF","Repeat_28_Fold_02",28,"Fold_02",10,3,0.0412040853648257,18710,FALSE
"RF","Repeat_28_Fold_02",28,"Fold_02",10,5,0.0430112946098226,18715,FALSE
"RF","Repeat_28_Fold_02",28,"Fold_02",10,1,0.043064812803077,18705,FALSE
"RF","Repeat_28_Fold_03",28,"Fold_03",1,5,0.0367559877083229,18811,TRUE
"RF","Repeat_28_Fold_03",28,"Fold_03",1,3,0.0370196208227394,18806,FALSE
"RF","Repeat_28_Fold_03",28,"Fold_03",1,1,0.0379802417692174,18801,FALSE
"RF","Repeat_28_Fold_03",28,"Fold_03",3,5,0.0411972724665639,18812,FALSE
"RF","Repeat_28_Fold_03",28,"Fold_03",3,3,0.0418804259800634,18807,FALSE
"RF","Repeat_28_Fold_03",28,"Fold_03",3,1,0.0423506362963032,18802,FALSE
"RF","Repeat_28_Fold_03",28,"Fold_03",4,5,0.0427628478467052,18813,FALSE
"RF","Repeat_28_Fold_03",28,"Fold_03",4,3,0.0432650230721333,18808,FALSE
"RF","Repeat_28_Fold_03",28,"Fold_03",4,1,0.044003689427491,18803,FALSE
"RF","Repeat_28_Fold_03",28,"Fold_03",5,5,0.044977462766875,18814,FALSE
"RF","Repeat_28_Fold_03",28,"Fold_03",5,3,0.0450512900024843,18809,FALSE
"RF","Repeat_28_Fold_03",28,"Fold_03",5,1,0.0461475578734066,18804,FALSE
"RF","Repeat_28_Fold_03",28,"Fold_03",10,5,0.0495638823628371,18815,FALSE
"RF","Repeat_28_Fold_03",28,"Fold_03",10,3,0.0503679555327289,18810,FALSE
"RF","Repeat_28_Fold_03",28,"Fold_03",10,1,0.0518386853955289,18805,FALSE
"RF","Repeat_28_Fold_04",28,"Fold_04",1,5,0.037178912437571,18911,TRUE
"RF","Repeat_28_Fold_04",28,"Fold_04",1,1,0.0372510375181302,18901,FALSE
"RF","Repeat_28_Fold_04",28,"Fold_04",1,3,0.0374213410667389,18906,FALSE
"RF","Repeat_28_Fold_04",28,"Fold_04",3,5,0.0403594326518116,18912,FALSE
"RF","Repeat_28_Fold_04",28,"Fold_04",3,3,0.0408062138082017,18907,FALSE
"RF","Repeat_28_Fold_04",28,"Fold_04",4,5,0.0419873865634332,18913,FALSE
"RF","Repeat_28_Fold_04",28,"Fold_04",5,5,0.0422173065011059,18914,FALSE
"RF","Repeat_28_Fold_04",28,"Fold_04",3,1,0.0427408574012423,18902,FALSE
"RF","Repeat_28_Fold_04",28,"Fold_04",5,3,0.0436012084070633,18909,FALSE
"RF","Repeat_28_Fold_04",28,"Fold_04",4,1,0.0439875399064433,18903,FALSE
"RF","Repeat_28_Fold_04",28,"Fold_04",4,3,0.0440234865397212,18908,FALSE
"RF","Repeat_28_Fold_04",28,"Fold_04",5,1,0.0440468753214283,18904,FALSE
"RF","Repeat_28_Fold_04",28,"Fold_04",10,5,0.0467203721085262,18915,FALSE
"RF","Repeat_28_Fold_04",28,"Fold_04",10,3,0.0484163581904877,18910,FALSE
"RF","Repeat_28_Fold_04",28,"Fold_04",10,1,0.0517327657592117,18905,FALSE
"RF","Repeat_28_Fold_05",28,"Fold_05",1,5,0.0372829381269098,19011,TRUE
"RF","Repeat_28_Fold_05",28,"Fold_05",1,3,0.0373265428415741,19006,FALSE
"RF","Repeat_28_Fold_05",28,"Fold_05",1,1,0.0376014458458556,19001,FALSE
"RF","Repeat_28_Fold_05",28,"Fold_05",3,5,0.0423479238447484,19012,FALSE
"RF","Repeat_28_Fold_05",28,"Fold_05",4,5,0.0424817710777958,19013,FALSE
"RF","Repeat_28_Fold_05",28,"Fold_05",3,3,0.0427706450619739,19007,FALSE
"RF","Repeat_28_Fold_05",28,"Fold_05",4,3,0.0435119984084528,19008,FALSE
"RF","Repeat_28_Fold_05",28,"Fold_05",3,1,0.0435660195831507,19002,FALSE
"RF","Repeat_28_Fold_05",28,"Fold_05",5,5,0.0443630395970569,19014,FALSE
"RF","Repeat_28_Fold_05",28,"Fold_05",5,3,0.0450720578933667,19009,FALSE
"RF","Repeat_28_Fold_05",28,"Fold_05",4,1,0.0451002775036245,19003,FALSE
"RF","Repeat_28_Fold_05",28,"Fold_05",5,1,0.0470383092515173,19004,FALSE
"RF","Repeat_28_Fold_05",28,"Fold_05",10,5,0.047110595906512,19015,FALSE
"RF","Repeat_28_Fold_05",28,"Fold_05",10,3,0.0487354286918577,19010,FALSE
"RF","Repeat_28_Fold_05",28,"Fold_05",10,1,0.0508693734940878,19005,FALSE
"RF","Repeat_29_Fold_01",29,"Fold_01",1,3,0.0353804222474197,19106,TRUE
"RF","Repeat_29_Fold_01",29,"Fold_01",1,5,0.0360319676371273,19111,FALSE
"RF","Repeat_29_Fold_01",29,"Fold_01",1,1,0.0368678105852583,19101,FALSE
"RF","Repeat_29_Fold_01",29,"Fold_01",3,5,0.0391062989330272,19112,FALSE
"RF","Repeat_29_Fold_01",29,"Fold_01",4,5,0.0396466886102277,19113,FALSE
"RF","Repeat_29_Fold_01",29,"Fold_01",3,3,0.0402463371249829,19107,FALSE
"RF","Repeat_29_Fold_01",29,"Fold_01",5,5,0.0402700577882732,19114,FALSE
"RF","Repeat_29_Fold_01",29,"Fold_01",5,3,0.0404301475453793,19109,FALSE
"RF","Repeat_29_Fold_01",29,"Fold_01",4,3,0.0405156406746418,19108,FALSE
"RF","Repeat_29_Fold_01",29,"Fold_01",3,1,0.0407532637024543,19102,FALSE
"RF","Repeat_29_Fold_01",29,"Fold_01",4,1,0.0409186847999739,19103,FALSE
"RF","Repeat_29_Fold_01",29,"Fold_01",10,5,0.0409896473091449,19115,FALSE
"RF","Repeat_29_Fold_01",29,"Fold_01",10,1,0.0411032018547046,19105,FALSE
"RF","Repeat_29_Fold_01",29,"Fold_01",10,3,0.0411161061075727,19110,FALSE
"RF","Repeat_29_Fold_01",29,"Fold_01",5,1,0.0413103003446291,19104,FALSE
"RF","Repeat_29_Fold_02",29,"Fold_02",1,1,0.0369827059024546,19201,TRUE
"RF","Repeat_29_Fold_02",29,"Fold_02",1,3,0.0370284246480749,19206,FALSE
"RF","Repeat_29_Fold_02",29,"Fold_02",1,5,0.0371998658326283,19211,FALSE
"RF","Repeat_29_Fold_02",29,"Fold_02",3,1,0.03823804942635,19202,FALSE
"RF","Repeat_29_Fold_02",29,"Fold_02",3,3,0.0383487030388473,19207,FALSE
"RF","Repeat_29_Fold_02",29,"Fold_02",3,5,0.0392130860298853,19212,FALSE
"RF","Repeat_29_Fold_02",29,"Fold_02",4,3,0.0396525472064923,19208,FALSE
"RF","Repeat_29_Fold_02",29,"Fold_02",5,1,0.0397211825906824,19204,FALSE
"RF","Repeat_29_Fold_02",29,"Fold_02",4,1,0.0397946157302954,19203,FALSE
"RF","Repeat_29_Fold_02",29,"Fold_02",4,5,0.039809644130028,19213,FALSE
"RF","Repeat_29_Fold_02",29,"Fold_02",5,3,0.0405110095881234,19209,FALSE
"RF","Repeat_29_Fold_02",29,"Fold_02",5,5,0.0414702330166811,19214,FALSE
"RF","Repeat_29_Fold_02",29,"Fold_02",10,1,0.0422077973560856,19205,FALSE
"RF","Repeat_29_Fold_02",29,"Fold_02",10,3,0.0442082364333609,19210,FALSE
"RF","Repeat_29_Fold_02",29,"Fold_02",10,5,0.045002838888512,19215,FALSE
"RF","Repeat_29_Fold_03",29,"Fold_03",1,3,0.036932278211099,19306,TRUE
"RF","Repeat_29_Fold_03",29,"Fold_03",1,5,0.0369871307405538,19311,FALSE
"RF","Repeat_29_Fold_03",29,"Fold_03",1,1,0.0372350286279154,19301,FALSE
"RF","Repeat_29_Fold_03",29,"Fold_03",3,3,0.0405226907354085,19307,FALSE
"RF","Repeat_29_Fold_03",29,"Fold_03",3,5,0.0406285872788158,19312,FALSE
"RF","Repeat_29_Fold_03",29,"Fold_03",4,1,0.0410096355310846,19303,FALSE
"RF","Repeat_29_Fold_03",29,"Fold_03",4,5,0.041183599933737,19313,FALSE
"RF","Repeat_29_Fold_03",29,"Fold_03",5,5,0.0414400713172111,19314,FALSE
"RF","Repeat_29_Fold_03",29,"Fold_03",3,1,0.04168373095455,19302,FALSE
"RF","Repeat_29_Fold_03",29,"Fold_03",4,3,0.0420649087881387,19308,FALSE
"RF","Repeat_29_Fold_03",29,"Fold_03",5,3,0.0421463409894391,19309,FALSE
"RF","Repeat_29_Fold_03",29,"Fold_03",5,1,0.0425052198505371,19304,FALSE
"RF","Repeat_29_Fold_03",29,"Fold_03",10,5,0.0456669891627178,19315,FALSE
"RF","Repeat_29_Fold_03",29,"Fold_03",10,3,0.0466943550956491,19310,FALSE
"RF","Repeat_29_Fold_03",29,"Fold_03",10,1,0.0467828254233686,19305,FALSE
"RF","Repeat_29_Fold_04",29,"Fold_04",10,3,0.0244616791159995,19410,TRUE
"RF","Repeat_29_Fold_04",29,"Fold_04",10,5,0.0251846125022491,19415,FALSE
"RF","Repeat_29_Fold_04",29,"Fold_04",10,1,0.0257146641035447,19405,FALSE
"RF","Repeat_29_Fold_04",29,"Fold_04",5,5,0.0273942115422285,19414,FALSE
"RF","Repeat_29_Fold_04",29,"Fold_04",5,1,0.0283020492469639,19404,FALSE
"RF","Repeat_29_Fold_04",29,"Fold_04",5,3,0.0284476500666038,19409,FALSE
"RF","Repeat_29_Fold_04",29,"Fold_04",4,5,0.0284635928474186,19413,FALSE
"RF","Repeat_29_Fold_04",29,"Fold_04",4,1,0.028669961733353,19403,FALSE
"RF","Repeat_29_Fold_04",29,"Fold_04",4,3,0.0288757712398474,19408,FALSE
"RF","Repeat_29_Fold_04",29,"Fold_04",3,3,0.0302309114024734,19407,FALSE
"RF","Repeat_29_Fold_04",29,"Fold_04",3,5,0.030375769785922,19412,FALSE
"RF","Repeat_29_Fold_04",29,"Fold_04",3,1,0.0308227632657084,19402,FALSE
"RF","Repeat_29_Fold_04",29,"Fold_04",1,3,0.0313642048029577,19406,FALSE
"RF","Repeat_29_Fold_04",29,"Fold_04",1,5,0.0320077415686276,19411,FALSE
"RF","Repeat_29_Fold_04",29,"Fold_04",1,1,0.0323693768341613,19401,FALSE
"RF","Repeat_29_Fold_05",29,"Fold_05",1,5,0.0366508499667674,19511,TRUE
"RF","Repeat_29_Fold_05",29,"Fold_05",1,3,0.0377408873620766,19506,FALSE
"RF","Repeat_29_Fold_05",29,"Fold_05",1,1,0.0380659788065219,19501,FALSE
"RF","Repeat_29_Fold_05",29,"Fold_05",3,5,0.0407381726617684,19512,FALSE
"RF","Repeat_29_Fold_05",29,"Fold_05",3,3,0.0418462980370845,19507,FALSE
"RF","Repeat_29_Fold_05",29,"Fold_05",4,1,0.0425737862369441,19503,FALSE
"RF","Repeat_29_Fold_05",29,"Fold_05",3,1,0.0427319190521611,19502,FALSE
"RF","Repeat_29_Fold_05",29,"Fold_05",4,5,0.0430089775208246,19513,FALSE
"RF","Repeat_29_Fold_05",29,"Fold_05",5,5,0.0437111367138354,19514,FALSE
"RF","Repeat_29_Fold_05",29,"Fold_05",5,3,0.0439250640691314,19509,FALSE
"RF","Repeat_29_Fold_05",29,"Fold_05",4,3,0.044136782166076,19508,FALSE
"RF","Repeat_29_Fold_05",29,"Fold_05",5,1,0.044839868406145,19504,FALSE
"RF","Repeat_29_Fold_05",29,"Fold_05",10,1,0.0489681936392662,19505,FALSE
"RF","Repeat_29_Fold_05",29,"Fold_05",10,5,0.0490576835152321,19515,FALSE
"RF","Repeat_29_Fold_05",29,"Fold_05",10,3,0.0494589204441402,19510,FALSE
"RF","Repeat_30_Fold_01",30,"Fold_01",1,1,0.0344135378332271,19601,TRUE
"RF","Repeat_30_Fold_01",30,"Fold_01",1,5,0.0355762436876649,19611,FALSE
"RF","Repeat_30_Fold_01",30,"Fold_01",1,3,0.0356015397699254,19606,FALSE
"RF","Repeat_30_Fold_01",30,"Fold_01",3,3,0.0368231645846252,19607,FALSE
"RF","Repeat_30_Fold_01",30,"Fold_01",4,1,0.0374894210713247,19603,FALSE
"RF","Repeat_30_Fold_01",30,"Fold_01",3,1,0.0376680824692973,19602,FALSE
"RF","Repeat_30_Fold_01",30,"Fold_01",4,5,0.037943768356895,19613,FALSE
"RF","Repeat_30_Fold_01",30,"Fold_01",5,3,0.0383659833839689,19609,FALSE
"RF","Repeat_30_Fold_01",30,"Fold_01",3,5,0.0386260990897152,19612,FALSE
"RF","Repeat_30_Fold_01",30,"Fold_01",5,1,0.0389820338886795,19604,FALSE
"RF","Repeat_30_Fold_01",30,"Fold_01",4,3,0.0396136803565336,19608,FALSE
"RF","Repeat_30_Fold_01",30,"Fold_01",5,5,0.039934505944681,19614,FALSE
"RF","Repeat_30_Fold_01",30,"Fold_01",10,1,0.0413977607791742,19605,FALSE
"RF","Repeat_30_Fold_01",30,"Fold_01",10,3,0.0417047429341888,19610,FALSE
"RF","Repeat_30_Fold_01",30,"Fold_01",10,5,0.0429064297195281,19615,FALSE
"RF","Repeat_30_Fold_02",30,"Fold_02",1,5,0.0345316072824513,19711,TRUE
"RF","Repeat_30_Fold_02",30,"Fold_02",3,1,0.034925791773253,19702,FALSE
"RF","Repeat_30_Fold_02",30,"Fold_02",3,5,0.0354901994349039,19712,FALSE
"RF","Repeat_30_Fold_02",30,"Fold_02",1,3,0.0355958490190614,19706,FALSE
"RF","Repeat_30_Fold_02",30,"Fold_02",1,1,0.0358865328503927,19701,FALSE
"RF","Repeat_30_Fold_02",30,"Fold_02",4,1,0.036086307791823,19703,FALSE
"RF","Repeat_30_Fold_02",30,"Fold_02",3,3,0.0361447144862745,19707,FALSE
"RF","Repeat_30_Fold_02",30,"Fold_02",4,5,0.0364126139753464,19713,FALSE
"RF","Repeat_30_Fold_02",30,"Fold_02",5,1,0.0378164191988652,19704,FALSE
"RF","Repeat_30_Fold_02",30,"Fold_02",4,3,0.0382413083763634,19708,FALSE
"RF","Repeat_30_Fold_02",30,"Fold_02",5,3,0.0385232685458654,19709,FALSE
"RF","Repeat_30_Fold_02",30,"Fold_02",5,5,0.0387157014093284,19714,FALSE
"RF","Repeat_30_Fold_02",30,"Fold_02",10,1,0.0402495078157806,19705,FALSE
"RF","Repeat_30_Fold_02",30,"Fold_02",10,3,0.0409229347497287,19710,FALSE
"RF","Repeat_30_Fold_02",30,"Fold_02",10,5,0.0418836578149112,19715,FALSE
"RF","Repeat_30_Fold_03",30,"Fold_03",1,3,0.0363798646186675,19806,TRUE
"RF","Repeat_30_Fold_03",30,"Fold_03",1,1,0.0369708512880158,19801,FALSE
"RF","Repeat_30_Fold_03",30,"Fold_03",1,5,0.0373756526569902,19811,FALSE
"RF","Repeat_30_Fold_03",30,"Fold_03",3,5,0.0407976166239221,19812,FALSE
"RF","Repeat_30_Fold_03",30,"Fold_03",3,3,0.0410763165735968,19807,FALSE
"RF","Repeat_30_Fold_03",30,"Fold_03",4,5,0.0421828723548996,19813,FALSE
"RF","Repeat_30_Fold_03",30,"Fold_03",5,5,0.0424627744427752,19814,FALSE
"RF","Repeat_30_Fold_03",30,"Fold_03",4,3,0.0428574153811177,19808,FALSE
"RF","Repeat_30_Fold_03",30,"Fold_03",3,1,0.0429984131309176,19802,FALSE
"RF","Repeat_30_Fold_03",30,"Fold_03",5,3,0.0437268749427053,19809,FALSE
"RF","Repeat_30_Fold_03",30,"Fold_03",4,1,0.0443688396258763,19803,FALSE
"RF","Repeat_30_Fold_03",30,"Fold_03",5,1,0.0446612223684485,19804,FALSE
"RF","Repeat_30_Fold_03",30,"Fold_03",10,5,0.0483944427675306,19815,FALSE
"RF","Repeat_30_Fold_03",30,"Fold_03",10,3,0.049263932073719,19810,FALSE
"RF","Repeat_30_Fold_03",30,"Fold_03",10,1,0.049866029561819,19805,FALSE
"RF","Repeat_30_Fold_04",30,"Fold_04",1,5,0.0356152246503451,19911,TRUE
"RF","Repeat_30_Fold_04",30,"Fold_04",1,3,0.0356256509972313,19906,FALSE
"RF","Repeat_30_Fold_04",30,"Fold_04",1,1,0.035975836777014,19901,FALSE
"RF","Repeat_30_Fold_04",30,"Fold_04",10,1,0.0363028016888912,19905,FALSE
"RF","Repeat_30_Fold_04",30,"Fold_04",5,1,0.0363462928690878,19904,FALSE
"RF","Repeat_30_Fold_04",30,"Fold_04",3,5,0.0368676240756706,19912,FALSE
"RF","Repeat_30_Fold_04",30,"Fold_04",3,1,0.0374173990797257,19902,FALSE
"RF","Repeat_30_Fold_04",30,"Fold_04",4,3,0.0375083621282287,19908,FALSE
"RF","Repeat_30_Fold_04",30,"Fold_04",3,3,0.0375476754368047,19907,FALSE
"RF","Repeat_30_Fold_04",30,"Fold_04",4,1,0.0376041157221104,19903,FALSE
"RF","Repeat_30_Fold_04",30,"Fold_04",10,3,0.0381011204535366,19910,FALSE
"RF","Repeat_30_Fold_04",30,"Fold_04",4,5,0.0382327534686461,19913,FALSE
"RF","Repeat_30_Fold_04",30,"Fold_04",5,3,0.0383396955852283,19909,FALSE
"RF","Repeat_30_Fold_04",30,"Fold_04",5,5,0.0390394043325123,19914,FALSE
"RF","Repeat_30_Fold_04",30,"Fold_04",10,5,0.0390979931217858,19915,FALSE
"RF","Repeat_30_Fold_05",30,"Fold_05",1,5,0.0363865416003992,20011,TRUE
"RF","Repeat_30_Fold_05",30,"Fold_05",1,3,0.0366505617770738,20006,FALSE
"RF","Repeat_30_Fold_05",30,"Fold_05",1,1,0.0373168447827701,20001,FALSE
"RF","Repeat_30_Fold_05",30,"Fold_05",3,5,0.0399370347427531,20012,FALSE
"RF","Repeat_30_Fold_05",30,"Fold_05",3,1,0.0410218560628244,20002,FALSE
"RF","Repeat_30_Fold_05",30,"Fold_05",4,5,0.0411300401859996,20013,FALSE
"RF","Repeat_30_Fold_05",30,"Fold_05",3,3,0.0414768276884834,20007,FALSE
"RF","Repeat_30_Fold_05",30,"Fold_05",6,5,0.041789061113605,20014,FALSE
"RF","Repeat_30_Fold_05",30,"Fold_05",4,3,0.0426103285179077,20008,FALSE
"RF","Repeat_30_Fold_05",30,"Fold_05",4,1,0.043809923253193,20003,FALSE
"RF","Repeat_30_Fold_05",30,"Fold_05",6,3,0.0442821112388498,20009,FALSE
"RF","Repeat_30_Fold_05",30,"Fold_05",11,3,0.0454587593831505,20010,FALSE
"RF","Repeat_30_Fold_05",30,"Fold_05",11,5,0.0457613910176167,20015,FALSE
"RF","Repeat_30_Fold_05",30,"Fold_05",6,1,0.0459807924152034,20004,FALSE
"RF","Repeat_30_Fold_05",30,"Fold_05",11,1,0.0482551028204078,20005,FALSE
