"Algorithm","Run_ID","Repeat","Fold_ID","Predictor","Importance"
"RF","Repeat_01_Fold_01",1,"Fold_01","Pb_OK",0.000928486283292015
"RF","Repeat_01_Fold_01",1,"Fold_01","Zn_OK",0.00262835992561594
"RF","Repeat_01_Fold_01",1,"Fold_01","Cu_OK",0.00129697827578547
"RF","Repeat_01_Fold_01",1,"Fold_01","Lithology1",0.000124473556862267
"RF","Repeat_01_Fold_01",1,"Fold_01","Lithology2",0.000808123412134792
"RF","Repeat_01_Fold_01",1,"Fold_01","Lithology3",0.00142310801182593
"RF","Repeat_01_Fold_01",1,"Fold_01","Lithology4",6.26363262384765e-05
"RF","Repeat_01_Fold_01",1,"Fold_01","Dist_Fault",0.00122532999525142
"RF","Repeat_01_Fold_01",1,"Fold_01","Dist_Silicified",0.00213803639392663
"RF","Repeat_01_Fold_01",1,"Fold_01","Dist_Brecciated",0.00022215386483438
"RF","Repeat_01_Fold_02",1,"Fold_02","Pb_OK",0.000927266482060021
"RF","Repeat_01_Fold_02",1,"Fold_02","Zn_OK",0.00292604829072672
"RF","Repeat_01_Fold_02",1,"Fold_02","Cu_OK",0.000653851027572652
"RF","Repeat_01_Fold_02",1,"Fold_02","Lithology1",-1.67086545012799e-05
"RF","Repeat_01_Fold_02",1,"Fold_02","Lithology2",0.000431601589747061
"RF","Repeat_01_Fold_02",1,"Fold_02","Lithology3",0.000659750327640953
"RF","Repeat_01_Fold_02",1,"Fold_02","Lithology4",3.29818644119952e-05
"RF","Repeat_01_Fold_02",1,"Fold_02","Lithology5",0
"RF","Repeat_01_Fold_02",1,"Fold_02","Dist_Fault",0.000221048044328403
"RF","Repeat_01_Fold_02",1,"Fold_02","Dist_Silicified",0.00237435940820746
"RF","Repeat_01_Fold_02",1,"Fold_02","Dist_Brecciated",0.00101701754323959
"RF","Repeat_01_Fold_03",1,"Fold_03","Pb_OK",0.00223156873540105
"RF","Repeat_01_Fold_03",1,"Fold_03","Zn_OK",0.0013986695843956
"RF","Repeat_01_Fold_03",1,"Fold_03","Cu_OK",0.00103656709978491
"RF","Repeat_01_Fold_03",1,"Fold_03","Lithology1",0.00018304264706875
"RF","Repeat_01_Fold_03",1,"Fold_03","Lithology2",0.000248083481682506
"RF","Repeat_01_Fold_03",1,"Fold_03","Lithology3",0.000857395164825201
"RF","Repeat_01_Fold_03",1,"Fold_03","Lithology4",-2.13214598286279e-05
"RF","Repeat_01_Fold_03",1,"Fold_03","Dist_Fault",0.00340164471259347
"RF","Repeat_01_Fold_03",1,"Fold_03","Dist_Silicified",0.00177362037176315
"RF","Repeat_01_Fold_03",1,"Fold_03","Dist_Brecciated",0.000831878942129667
"RF","Repeat_01_Fold_04",1,"Fold_04","Pb_OK",0.00173921535852077
"RF","Repeat_01_Fold_04",1,"Fold_04","Zn_OK",0.000342567428986465
"RF","Repeat_01_Fold_04",1,"Fold_04","Cu_OK",-0.0010976757545762
"RF","Repeat_01_Fold_04",1,"Fold_04","Lithology1",-0.00025669743989743
"RF","Repeat_01_Fold_04",1,"Fold_04","Lithology2",-0.000160274303821873
"RF","Repeat_01_Fold_04",1,"Fold_04","Lithology3",-0.000200224595782326
"RF","Repeat_01_Fold_04",1,"Fold_04","Lithology4",-2.20644102978083e-05
"RF","Repeat_01_Fold_04",1,"Fold_04","Dist_Fault",-0.000525293561337131
"RF","Repeat_01_Fold_04",1,"Fold_04","Dist_Silicified",0.00249250165188918
"RF","Repeat_01_Fold_04",1,"Fold_04","Dist_Brecciated",0.000102649595653708
"RF","Repeat_01_Fold_05",1,"Fold_05","Pb_OK",0.00130943507044128
"RF","Repeat_01_Fold_05",1,"Fold_05","Zn_OK",0.002082785431647
"RF","Repeat_01_Fold_05",1,"Fold_05","Cu_OK",0.00100254266695368
"RF","Repeat_01_Fold_05",1,"Fold_05","Lithology1",0.000109654248269626
"RF","Repeat_01_Fold_05",1,"Fold_05","Lithology2",0.000616861324563976
"RF","Repeat_01_Fold_05",1,"Fold_05","Lithology3",0.000847978730179533
"RF","Repeat_01_Fold_05",1,"Fold_05","Lithology4",0.000134691133438844
"RF","Repeat_01_Fold_05",1,"Fold_05","Lithology5",0
"RF","Repeat_01_Fold_05",1,"Fold_05","Dist_Fault",0.00129920350789844
"RF","Repeat_01_Fold_05",1,"Fold_05","Dist_Silicified",0.00165978810485448
"RF","Repeat_01_Fold_05",1,"Fold_05","Dist_Brecciated",0.000536603623917782
"RF","Repeat_02_Fold_01",2,"Fold_01","Pb_OK",0.000898838275476849
"RF","Repeat_02_Fold_01",2,"Fold_01","Zn_OK",0.00559177136094562
"RF","Repeat_02_Fold_01",2,"Fold_01","Cu_OK",0.00137549995483596
"RF","Repeat_02_Fold_01",2,"Fold_01","Lithology1",2.46237078579636e-05
"RF","Repeat_02_Fold_01",2,"Fold_01","Lithology2",0.000725650614066679
"RF","Repeat_02_Fold_01",2,"Fold_01","Lithology3",0.00128685883729358
"RF","Repeat_02_Fold_01",2,"Fold_01","Lithology4",-8.01590676948891e-05
"RF","Repeat_02_Fold_01",2,"Fold_01","Dist_Fault",0.000577527159774354
"RF","Repeat_02_Fold_01",2,"Fold_01","Dist_Silicified",0.00207740730479359
"RF","Repeat_02_Fold_01",2,"Fold_01","Dist_Brecciated",0.000965729563480808
"RF","Repeat_02_Fold_02",2,"Fold_02","Pb_OK",0.00131697437398915
"RF","Repeat_02_Fold_02",2,"Fold_02","Zn_OK",0.00434745160619024
"RF","Repeat_02_Fold_02",2,"Fold_02","Cu_OK",0.00161690777176717
"RF","Repeat_02_Fold_02",2,"Fold_02","Lithology1",-9.18029151408006e-05
"RF","Repeat_02_Fold_02",2,"Fold_02","Lithology2",0.000825130612376833
"RF","Repeat_02_Fold_02",2,"Fold_02","Lithology3",0.00140366976242721
"RF","Repeat_02_Fold_02",2,"Fold_02","Lithology4",-1.90773585418336e-06
"RF","Repeat_02_Fold_02",2,"Fold_02","Dist_Fault",-9.33376827764329e-05
"RF","Repeat_02_Fold_02",2,"Fold_02","Dist_Silicified",0.00322106628748294
"RF","Repeat_02_Fold_02",2,"Fold_02","Dist_Brecciated",0.000764288965392871
"RF","Repeat_02_Fold_03",2,"Fold_03","Pb_OK",0.00239034099149371
"RF","Repeat_02_Fold_03",2,"Fold_03","Zn_OK",0.00234521379629737
"RF","Repeat_02_Fold_03",2,"Fold_03","Cu_OK",0.0016434965023181
"RF","Repeat_02_Fold_03",2,"Fold_03","Lithology1",-0.000191806530450107
"RF","Repeat_02_Fold_03",2,"Fold_03","Lithology2",0.000465933588680055
"RF","Repeat_02_Fold_03",2,"Fold_03","Lithology3",0.00134297917497009
"RF","Repeat_02_Fold_03",2,"Fold_03","Lithology4",1.95962549682972e-05
"RF","Repeat_02_Fold_03",2,"Fold_03","Dist_Fault",-0.000845097676035167
"RF","Repeat_02_Fold_03",2,"Fold_03","Dist_Silicified",0.00155403974552202
"RF","Repeat_02_Fold_03",2,"Fold_03","Dist_Brecciated",0.00012674951589608
"RF","Repeat_02_Fold_04",2,"Fold_04","Pb_OK",0.00738087794866071
"RF","Repeat_02_Fold_04",2,"Fold_04","Zn_OK",0.00565824019658856
"RF","Repeat_02_Fold_04",2,"Fold_04","Cu_OK",0.002774300069746
"RF","Repeat_02_Fold_04",2,"Fold_04","Lithology1",0
"RF","Repeat_02_Fold_04",2,"Fold_04","Lithology2",0
"RF","Repeat_02_Fold_04",2,"Fold_04","Lithology3",-0.000201443219639625
"RF","Repeat_02_Fold_04",2,"Fold_04","Lithology4",0
"RF","Repeat_02_Fold_04",2,"Fold_04","Dist_Fault",-0.000417263434209542
"RF","Repeat_02_Fold_04",2,"Fold_04","Dist_Silicified",0.00542320144020777
"RF","Repeat_02_Fold_04",2,"Fold_04","Dist_Brecciated",0.00136036378028302
"RF","Repeat_02_Fold_05",2,"Fold_05","Pb_OK",0.00283648558292648
"RF","Repeat_02_Fold_05",2,"Fold_05","Zn_OK",0.00311985382191066
"RF","Repeat_02_Fold_05",2,"Fold_05","Cu_OK",0.00131949632166633
"RF","Repeat_02_Fold_05",2,"Fold_05","Lithology1",-0.000113481957606684
"RF","Repeat_02_Fold_05",2,"Fold_05","Lithology2",0.00125237177738687
"RF","Repeat_02_Fold_05",2,"Fold_05","Lithology3",0.00141048501053452
"RF","Repeat_02_Fold_05",2,"Fold_05","Lithology4",2.57969565946364e-05
"RF","Repeat_02_Fold_05",2,"Fold_05","Dist_Fault",-0.000653609515323038
"RF","Repeat_02_Fold_05",2,"Fold_05","Dist_Silicified",0.00260186385404457
"RF","Repeat_02_Fold_05",2,"Fold_05","Dist_Brecciated",0.000660690796902727
"RF","Repeat_03_Fold_01",3,"Fold_01","Pb_OK",0.00130446034378267
"RF","Repeat_03_Fold_01",3,"Fold_01","Zn_OK",0.00247885210694837
"RF","Repeat_03_Fold_01",3,"Fold_01","Cu_OK",0.00179371718076818
"RF","Repeat_03_Fold_01",3,"Fold_01","Lithology1",7.22754864817616e-05
"RF","Repeat_03_Fold_01",3,"Fold_01","Lithology2",0.000444918701232134
"RF","Repeat_03_Fold_01",3,"Fold_01","Lithology3",0.000306440259678649
"RF","Repeat_03_Fold_01",3,"Fold_01","Lithology4",-1.51229723149663e-05
"RF","Repeat_03_Fold_01",3,"Fold_01","Dist_Fault",0.00212417053828542
"RF","Repeat_03_Fold_01",3,"Fold_01","Dist_Silicified",0.00385057864756442
"RF","Repeat_03_Fold_01",3,"Fold_01","Dist_Brecciated",0.00214318354619288
"RF","Repeat_03_Fold_02",3,"Fold_02","Pb_OK",0.000533906465612022
"RF","Repeat_03_Fold_02",3,"Fold_02","Zn_OK",0.00335571000091736
"RF","Repeat_03_Fold_02",3,"Fold_02","Cu_OK",0.00248970084469925
"RF","Repeat_03_Fold_02",3,"Fold_02","Lithology1",-9.2049474869361e-05
"RF","Repeat_03_Fold_02",3,"Fold_02","Lithology2",0.000311224135221474
"RF","Repeat_03_Fold_02",3,"Fold_02","Lithology3",0.00088262993104404
"RF","Repeat_03_Fold_02",3,"Fold_02","Lithology4",0.000106997742513476
"RF","Repeat_03_Fold_02",3,"Fold_02","Dist_Fault",-0.000621190750791753
"RF","Repeat_03_Fold_02",3,"Fold_02","Dist_Silicified",0.00277549639278736
"RF","Repeat_03_Fold_02",3,"Fold_02","Dist_Brecciated",0.00154153712490926
"RF","Repeat_03_Fold_03",3,"Fold_03","Pb_OK",0.00152518737383706
"RF","Repeat_03_Fold_03",3,"Fold_03","Zn_OK",0.0020505322482374
"RF","Repeat_03_Fold_03",3,"Fold_03","Cu_OK",0.00249004630698958
"RF","Repeat_03_Fold_03",3,"Fold_03","Lithology1",-3.3796042300949e-05
"RF","Repeat_03_Fold_03",3,"Fold_03","Lithology2",0.000572072141924013
"RF","Repeat_03_Fold_03",3,"Fold_03","Lithology3",0.000333456651188297
"RF","Repeat_03_Fold_03",3,"Fold_03","Lithology4",-4.22266044857372e-05
"RF","Repeat_03_Fold_03",3,"Fold_03","Dist_Fault",0.00126019369879467
"RF","Repeat_03_Fold_03",3,"Fold_03","Dist_Silicified",0.00114297103089255
"RF","Repeat_03_Fold_03",3,"Fold_03","Dist_Brecciated",0.00117193158241657
"RF","Repeat_03_Fold_04",3,"Fold_04","Pb_OK",0.00157343118619979
"RF","Repeat_03_Fold_04",3,"Fold_04","Zn_OK",0.00166809155928814
"RF","Repeat_03_Fold_04",3,"Fold_04","Cu_OK",0.00249185657817638
"RF","Repeat_03_Fold_04",3,"Fold_04","Lithology1",-0.000102446831198045
"RF","Repeat_03_Fold_04",3,"Fold_04","Lithology2",5.30512859148107e-05
"RF","Repeat_03_Fold_04",3,"Fold_04","Lithology3",-0.000149636394362735
"RF","Repeat_03_Fold_04",3,"Fold_04","Lithology4",1.21649638787518e-05
"RF","Repeat_03_Fold_04",3,"Fold_04","Dist_Fault",0.00165821389961756
"RF","Repeat_03_Fold_04",3,"Fold_04","Dist_Silicified",0.00145535680463328
"RF","Repeat_03_Fold_04",3,"Fold_04","Dist_Brecciated",0.000984768149948246
"RF","Repeat_03_Fold_05",3,"Fold_05","Pb_OK",0.00151563118094243
"RF","Repeat_03_Fold_05",3,"Fold_05","Zn_OK",0.00133670614177626
"RF","Repeat_03_Fold_05",3,"Fold_05","Cu_OK",0.000813607079051804
"RF","Repeat_03_Fold_05",3,"Fold_05","Lithology1",-8.09075579992433e-05
"RF","Repeat_03_Fold_05",3,"Fold_05","Lithology2",0.00044496981807519
"RF","Repeat_03_Fold_05",3,"Fold_05","Lithology3",0.00011442480692925
"RF","Repeat_03_Fold_05",3,"Fold_05","Lithology4",-7.55042321880165e-05
"RF","Repeat_03_Fold_05",3,"Fold_05","Dist_Fault",-0.000311890570669446
"RF","Repeat_03_Fold_05",3,"Fold_05","Dist_Silicified",0.000454476077128704
"RF","Repeat_03_Fold_05",3,"Fold_05","Dist_Brecciated",0.000717991570962724
"RF","Repeat_04_Fold_01",4,"Fold_01","Pb_OK",0.00114210534929665
"RF","Repeat_04_Fold_01",4,"Fold_01","Zn_OK",0.00122511700143117
"RF","Repeat_04_Fold_01",4,"Fold_01","Cu_OK",0.000739161454605399
"RF","Repeat_04_Fold_01",4,"Fold_01","Lithology1",-0.000189794566264034
"RF","Repeat_04_Fold_01",4,"Fold_01","Lithology2",0.000289806219203372
"RF","Repeat_04_Fold_01",4,"Fold_01","Lithology3",0.000329784987462455
"RF","Repeat_04_Fold_01",4,"Fold_01","Lithology4",8.57815526939694e-05
"RF","Repeat_04_Fold_01",4,"Fold_01","Dist_Fault",0.00143476392224692
"RF","Repeat_04_Fold_01",4,"Fold_01","Dist_Silicified",0.00303603538707735
"RF","Repeat_04_Fold_01",4,"Fold_01","Dist_Brecciated",0.000347318880040066
"RF","Repeat_04_Fold_02",4,"Fold_02","Pb_OK",0.00351768924295026
"RF","Repeat_04_Fold_02",4,"Fold_02","Zn_OK",0.00366748968971565
"RF","Repeat_04_Fold_02",4,"Fold_02","Cu_OK",0.000182012824501128
"RF","Repeat_04_Fold_02",4,"Fold_02","Lithology1",-0.000221044963356569
"RF","Repeat_04_Fold_02",4,"Fold_02","Lithology2",0.000513809424214489
"RF","Repeat_04_Fold_02",4,"Fold_02","Lithology3",0.00108273664134642
"RF","Repeat_04_Fold_02",4,"Fold_02","Lithology4",3.66386432975379e-05
"RF","Repeat_04_Fold_02",4,"Fold_02","Dist_Fault",0.00142573522191577
"RF","Repeat_04_Fold_02",4,"Fold_02","Dist_Silicified",0.00216265658883346
"RF","Repeat_04_Fold_02",4,"Fold_02","Dist_Brecciated",0.000192803726385916
"RF","Repeat_04_Fold_03",4,"Fold_03","Pb_OK",0.00211339753363642
"RF","Repeat_04_Fold_03",4,"Fold_03","Zn_OK",0.00196464200018645
"RF","Repeat_04_Fold_03",4,"Fold_03","Cu_OK",0.000721160344245459
"RF","Repeat_04_Fold_03",4,"Fold_03","Lithology1",-0.000118277220558649
"RF","Repeat_04_Fold_03",4,"Fold_03","Lithology2",0.000225423296441955
"RF","Repeat_04_Fold_03",4,"Fold_03","Lithology3",0.000304110241405574
"RF","Repeat_04_Fold_03",4,"Fold_03","Lithology4",2.39836143962207e-05
"RF","Repeat_04_Fold_03",4,"Fold_03","Dist_Fault",0.00169608697312877
"RF","Repeat_04_Fold_03",4,"Fold_03","Dist_Silicified",0.0018186487091831
"RF","Repeat_04_Fold_03",4,"Fold_03","Dist_Brecciated",0.000954121407933811
"RF","Repeat_04_Fold_04",4,"Fold_04","Pb_OK",0.0013928878163246
"RF","Repeat_04_Fold_04",4,"Fold_04","Zn_OK",0.00153999648269941
"RF","Repeat_04_Fold_04",4,"Fold_04","Cu_OK",0.00047432550145357
"RF","Repeat_04_Fold_04",4,"Fold_04","Lithology1",5.09042996542318e-05
"RF","Repeat_04_Fold_04",4,"Fold_04","Lithology2",0.00030994121580941
"RF","Repeat_04_Fold_04",4,"Fold_04","Lithology3",0.00034833649036148
"RF","Repeat_04_Fold_04",4,"Fold_04","Lithology4",4.42490354208329e-05
"RF","Repeat_04_Fold_04",4,"Fold_04","Dist_Fault",0.000456239780847177
"RF","Repeat_04_Fold_04",4,"Fold_04","Dist_Silicified",0.00284715373074381
"RF","Repeat_04_Fold_04",4,"Fold_04","Dist_Brecciated",-5.39226291027953e-05
"RF","Repeat_04_Fold_05",4,"Fold_05","Pb_OK",0.00270100477628112
"RF","Repeat_04_Fold_05",4,"Fold_05","Zn_OK",0.00109162151178846
"RF","Repeat_04_Fold_05",4,"Fold_05","Cu_OK",0.0011628865226143
"RF","Repeat_04_Fold_05",4,"Fold_05","Lithology1",-9.22594344970518e-05
"RF","Repeat_04_Fold_05",4,"Fold_05","Lithology2",0.000260171364892778
"RF","Repeat_04_Fold_05",4,"Fold_05","Lithology3",0.000640720768032028
"RF","Repeat_04_Fold_05",4,"Fold_05","Lithology4",-2.9415932328784e-05
"RF","Repeat_04_Fold_05",4,"Fold_05","Dist_Fault",0.00106586092527801
"RF","Repeat_04_Fold_05",4,"Fold_05","Dist_Silicified",0.000827396950855096
"RF","Repeat_04_Fold_05",4,"Fold_05","Dist_Brecciated",-7.43980660552427e-05
"RF","Repeat_05_Fold_01",5,"Fold_01","Pb_OK",0.000493876118202715
"RF","Repeat_05_Fold_01",5,"Fold_01","Zn_OK",0.00158931035360222
"RF","Repeat_05_Fold_01",5,"Fold_01","Cu_OK",0.00136672987652296
"RF","Repeat_05_Fold_01",5,"Fold_01","Lithology1",-1.30648792993767e-05
"RF","Repeat_05_Fold_01",5,"Fold_01","Lithology2",7.41636373461061e-05
"RF","Repeat_05_Fold_01",5,"Fold_01","Lithology3",0.000116841147906087
"RF","Repeat_05_Fold_01",5,"Fold_01","Lithology4",-0.000140291529320509
"RF","Repeat_05_Fold_01",5,"Fold_01","Dist_Fault",-6.91182684693192e-06
"RF","Repeat_05_Fold_01",5,"Fold_01","Dist_Silicified",0.0031593166526491
"RF","Repeat_05_Fold_01",5,"Fold_01","Dist_Brecciated",0.00114177038673051
"RF","Repeat_05_Fold_02",5,"Fold_02","Pb_OK",0.00268530337762497
"RF","Repeat_05_Fold_02",5,"Fold_02","Zn_OK",0.00389231077242524
"RF","Repeat_05_Fold_02",5,"Fold_02","Cu_OK",0.000607686627292692
"RF","Repeat_05_Fold_02",5,"Fold_02","Lithology1",-8.94811815710737e-05
"RF","Repeat_05_Fold_02",5,"Fold_02","Lithology2",0.000508942099993771
"RF","Repeat_05_Fold_02",5,"Fold_02","Lithology3",0.00039636486167178
"RF","Repeat_05_Fold_02",5,"Fold_02","Lithology4",-5.96312882352064e-05
"RF","Repeat_05_Fold_02",5,"Fold_02","Dist_Fault",-3.14870413651671e-05
"RF","Repeat_05_Fold_02",5,"Fold_02","Dist_Silicified",0.00295663166834022
"RF","Repeat_05_Fold_02",5,"Fold_02","Dist_Brecciated",0.000646186490952614
"RF","Repeat_05_Fold_03",5,"Fold_03","Pb_OK",0.00138807063703882
"RF","Repeat_05_Fold_03",5,"Fold_03","Zn_OK",0.000868760924723448
"RF","Repeat_05_Fold_03",5,"Fold_03","Cu_OK",0.000552497062977452
"RF","Repeat_05_Fold_03",5,"Fold_03","Lithology1",-6.50302801469033e-05
"RF","Repeat_05_Fold_03",5,"Fold_03","Lithology2",0.000302152231842345
"RF","Repeat_05_Fold_03",5,"Fold_03","Lithology3",2.66292123725886e-06
"RF","Repeat_05_Fold_03",5,"Fold_03","Lithology4",-5.45132679539415e-05
"RF","Repeat_05_Fold_03",5,"Fold_03","Lithology5",0
"RF","Repeat_05_Fold_03",5,"Fold_03","Dist_Fault",4.31576515140116e-05
"RF","Repeat_05_Fold_03",5,"Fold_03","Dist_Silicified",0.00112969866717678
"RF","Repeat_05_Fold_03",5,"Fold_03","Dist_Brecciated",-7.21267629143311e-05
"RF","Repeat_05_Fold_04",5,"Fold_04","Pb_OK",0.00184558356404187
"RF","Repeat_05_Fold_04",5,"Fold_04","Zn_OK",0.000470479477759012
"RF","Repeat_05_Fold_04",5,"Fold_04","Cu_OK",0.000345815645608289
"RF","Repeat_05_Fold_04",5,"Fold_04","Lithology1",2.07564216175232e-05
"RF","Repeat_05_Fold_04",5,"Fold_04","Lithology2",5.5798775383067e-05
"RF","Repeat_05_Fold_04",5,"Fold_04","Lithology3",-6.00840783946434e-05
"RF","Repeat_05_Fold_04",5,"Fold_04","Lithology4",-0.000104158114286469
"RF","Repeat_05_Fold_04",5,"Fold_04","Lithology5",0
"RF","Repeat_05_Fold_04",5,"Fold_04","Dist_Fault",-8.72155805184247e-05
"RF","Repeat_05_Fold_04",5,"Fold_04","Dist_Silicified",0.00268691443605753
"RF","Repeat_05_Fold_04",5,"Fold_04","Dist_Brecciated",0.000104717090049126
"RF","Repeat_05_Fold_05",5,"Fold_05","Pb_OK",0.00212067810469069
"RF","Repeat_05_Fold_05",5,"Fold_05","Zn_OK",0.000964485819270103
"RF","Repeat_05_Fold_05",5,"Fold_05","Cu_OK",0.000281141246375055
"RF","Repeat_05_Fold_05",5,"Fold_05","Lithology1",8.7414324975611e-05
"RF","Repeat_05_Fold_05",5,"Fold_05","Lithology2",-0.000120142055036365
"RF","Repeat_05_Fold_05",5,"Fold_05","Lithology3",0.000351210218587711
"RF","Repeat_05_Fold_05",5,"Fold_05","Lithology4",2.78223628637414e-05
"RF","Repeat_05_Fold_05",5,"Fold_05","Lithology5",0.000150232318159229
"RF","Repeat_05_Fold_05",5,"Fold_05","Dist_Fault",0.000720339250636569
"RF","Repeat_05_Fold_05",5,"Fold_05","Dist_Silicified",0.000122791733387938
"RF","Repeat_05_Fold_05",5,"Fold_05","Dist_Brecciated",0.00112533693510729
"RF","Repeat_06_Fold_01",6,"Fold_01","Pb_OK",0.00153860648999248
"RF","Repeat_06_Fold_01",6,"Fold_01","Zn_OK",0.00308774626767624
"RF","Repeat_06_Fold_01",6,"Fold_01","Cu_OK",0.001973206413214
"RF","Repeat_06_Fold_01",6,"Fold_01","Lithology1",-7.62595952257487e-05
"RF","Repeat_06_Fold_01",6,"Fold_01","Lithology2",0.000584210154132029
"RF","Repeat_06_Fold_01",6,"Fold_01","Lithology3",0.00112482388059209
"RF","Repeat_06_Fold_01",6,"Fold_01","Lithology4",-8.19634537116661e-05
"RF","Repeat_06_Fold_01",6,"Fold_01","Dist_Fault",-0.00056738854601137
"RF","Repeat_06_Fold_01",6,"Fold_01","Dist_Silicified",0.00210632662988255
"RF","Repeat_06_Fold_01",6,"Fold_01","Dist_Brecciated",0.000760475922667709
"RF","Repeat_06_Fold_02",6,"Fold_02","Pb_OK",0.00213133712501827
"RF","Repeat_06_Fold_02",6,"Fold_02","Zn_OK",0.00494233124340111
"RF","Repeat_06_Fold_02",6,"Fold_02","Cu_OK",0.00098873331885775
"RF","Repeat_06_Fold_02",6,"Fold_02","Lithology1",-5.46337243844702e-05
"RF","Repeat_06_Fold_02",6,"Fold_02","Lithology2",0.00115842056420166
"RF","Repeat_06_Fold_02",6,"Fold_02","Lithology3",0.00147443271060305
"RF","Repeat_06_Fold_02",6,"Fold_02","Lithology4",-0.00010209096527494
"RF","Repeat_06_Fold_02",6,"Fold_02","Dist_Fault",0.000143642722727599
"RF","Repeat_06_Fold_02",6,"Fold_02","Dist_Silicified",0.00179913578845248
"RF","Repeat_06_Fold_02",6,"Fold_02","Dist_Brecciated",0.00122638100281766
"RF","Repeat_06_Fold_03",6,"Fold_03","Pb_OK",0.00255768448191276
"RF","Repeat_06_Fold_03",6,"Fold_03","Zn_OK",0.00292250860174333
"RF","Repeat_06_Fold_03",6,"Fold_03","Cu_OK",0.000426193725657116
"RF","Repeat_06_Fold_03",6,"Fold_03","Lithology1",-7.78303816479883e-05
"RF","Repeat_06_Fold_03",6,"Fold_03","Lithology2",0.000238570140313991
"RF","Repeat_06_Fold_03",6,"Fold_03","Lithology3",0.00114132056030924
"RF","Repeat_06_Fold_03",6,"Fold_03","Lithology4",-5.90068654150069e-05
"RF","Repeat_06_Fold_03",6,"Fold_03","Dist_Fault",0.000659090712793327
"RF","Repeat_06_Fold_03",6,"Fold_03","Dist_Silicified",0.00112286534959752
"RF","Repeat_06_Fold_03",6,"Fold_03","Dist_Brecciated",0.000272626829571702
"RF","Repeat_06_Fold_04",6,"Fold_04","Pb_OK",0.0025249143937033
"RF","Repeat_06_Fold_04",6,"Fold_04","Zn_OK",0.00151288014774723
"RF","Repeat_06_Fold_04",6,"Fold_04","Cu_OK",-0.000368293708534094
"RF","Repeat_06_Fold_04",6,"Fold_04","Lithology1",-0.000104503790842923
"RF","Repeat_06_Fold_04",6,"Fold_04","Lithology2",3.04733571684243e-05
"RF","Repeat_06_Fold_04",6,"Fold_04","Lithology3",-0.000215245752709073
"RF","Repeat_06_Fold_04",6,"Fold_04","Lithology4",-5.78121532213071e-05
"RF","Repeat_06_Fold_04",6,"Fold_04","Dist_Fault",-0.000152549935294264
"RF","Repeat_06_Fold_04",6,"Fold_04","Dist_Silicified",0.00289370769606868
"RF","Repeat_06_Fold_04",6,"Fold_04","Dist_Brecciated",0.000527142489422139
"RF","Repeat_06_Fold_05",6,"Fold_05","Pb_OK",0.00140875784857512
"RF","Repeat_06_Fold_05",6,"Fold_05","Zn_OK",0.00254801749474205
"RF","Repeat_06_Fold_05",6,"Fold_05","Cu_OK",0.000788384087680425
"RF","Repeat_06_Fold_05",6,"Fold_05","Lithology1",-6.80970207078105e-05
"RF","Repeat_06_Fold_05",6,"Fold_05","Lithology2",0.000490345554513007
"RF","Repeat_06_Fold_05",6,"Fold_05","Lithology3",0.00108888561032458
"RF","Repeat_06_Fold_05",6,"Fold_05","Lithology4",-9.1345270787312e-05
"RF","Repeat_06_Fold_05",6,"Fold_05","Dist_Fault",0.000211549527667081
"RF","Repeat_06_Fold_05",6,"Fold_05","Dist_Silicified",0.00068625111215885
"RF","Repeat_06_Fold_05",6,"Fold_05","Dist_Brecciated",0.000297729065221374
"RF","Repeat_07_Fold_01",7,"Fold_01","Pb_OK",0.00045104084369049
"RF","Repeat_07_Fold_01",7,"Fold_01","Zn_OK",0.000632572000393062
"RF","Repeat_07_Fold_01",7,"Fold_01","Cu_OK",0.000775142721215588
"RF","Repeat_07_Fold_01",7,"Fold_01","Lithology1",-1.3089539336836e-05
"RF","Repeat_07_Fold_01",7,"Fold_01","Lithology2",-3.79329573015587e-05
"RF","Repeat_07_Fold_01",7,"Fold_01","Lithology3",9.45153921602106e-05
"RF","Repeat_07_Fold_01",7,"Fold_01","Lithology4",-0.000106850250534949
"RF","Repeat_07_Fold_01",7,"Fold_01","Dist_Fault",0.000573191580682929
"RF","Repeat_07_Fold_01",7,"Fold_01","Dist_Silicified",0.00267809331195699
"RF","Repeat_07_Fold_01",7,"Fold_01","Dist_Brecciated",7.60616573308592e-06
"RF","Repeat_07_Fold_02",7,"Fold_02","Pb_OK",0.00190920759646157
"RF","Repeat_07_Fold_02",7,"Fold_02","Zn_OK",0.00190549892018594
"RF","Repeat_07_Fold_02",7,"Fold_02","Cu_OK",0.00180863749746488
"RF","Repeat_07_Fold_02",7,"Fold_02","Lithology1",-6.93178799119143e-05
"RF","Repeat_07_Fold_02",7,"Fold_02","Lithology2",0.000170750012750817
"RF","Repeat_07_Fold_02",7,"Fold_02","Lithology3",0.0004651844364942
"RF","Repeat_07_Fold_02",7,"Fold_02","Lithology4",-5.90653106565665e-05
"RF","Repeat_07_Fold_02",7,"Fold_02","Dist_Fault",0.0015375740009092
"RF","Repeat_07_Fold_02",7,"Fold_02","Dist_Silicified",0.00342450167605985
"RF","Repeat_07_Fold_02",7,"Fold_02","Dist_Brecciated",0.000325676694183069
"RF","Repeat_07_Fold_03",7,"Fold_03","Pb_OK",0.00323061140656366
"RF","Repeat_07_Fold_03",7,"Fold_03","Zn_OK",0.000886491533105145
"RF","Repeat_07_Fold_03",7,"Fold_03","Cu_OK",0.000998619019883112
"RF","Repeat_07_Fold_03",7,"Fold_03","Lithology1",3.60873942820728e-06
"RF","Repeat_07_Fold_03",7,"Fold_03","Lithology2",-0.000107290965704913
"RF","Repeat_07_Fold_03",7,"Fold_03","Lithology3",2.23163109053297e-05
"RF","Repeat_07_Fold_03",7,"Fold_03","Lithology4",-2.83351321027495e-05
"RF","Repeat_07_Fold_03",7,"Fold_03","Dist_Fault",0.00110456782390602
"RF","Repeat_07_Fold_03",7,"Fold_03","Dist_Silicified",0.00102949624624884
"RF","Repeat_07_Fold_03",7,"Fold_03","Dist_Brecciated",0.000946717553185523
"RF","Repeat_07_Fold_04",7,"Fold_04","Pb_OK",0.00136706306583434
"RF","Repeat_07_Fold_04",7,"Fold_04","Zn_OK",0.00158824476368593
"RF","Repeat_07_Fold_04",7,"Fold_04","Cu_OK",0.00155850066666362
"RF","Repeat_07_Fold_04",7,"Fold_04","Lithology1",-2.98676533383666e-05
"RF","Repeat_07_Fold_04",7,"Fold_04","Lithology2",-0.000109863056445691
"RF","Repeat_07_Fold_04",7,"Fold_04","Lithology3",0.000156693074463078
"RF","Repeat_07_Fold_04",7,"Fold_04","Lithology4",-5.49438717011244e-05
"RF","Repeat_07_Fold_04",7,"Fold_04","Dist_Fault",-2.36676306954829e-05
"RF","Repeat_07_Fold_04",7,"Fold_04","Dist_Silicified",0.00224843949735934
"RF","Repeat_07_Fold_04",7,"Fold_04","Dist_Brecciated",-0.000405220382785093
"RF","Repeat_07_Fold_05",7,"Fold_05","Pb_OK",0.00346942670436574
"RF","Repeat_07_Fold_05",7,"Fold_05","Zn_OK",0.00163056480350472
"RF","Repeat_07_Fold_05",7,"Fold_05","Cu_OK",0.00117405178797439
"RF","Repeat_07_Fold_05",7,"Fold_05","Lithology1",2.26325550874428e-05
"RF","Repeat_07_Fold_05",7,"Fold_05","Lithology2",9.66349718855343e-05
"RF","Repeat_07_Fold_05",7,"Fold_05","Lithology3",0.000106971059937174
"RF","Repeat_07_Fold_05",7,"Fold_05","Lithology4",-7.96539515951403e-05
"RF","Repeat_07_Fold_05",7,"Fold_05","Dist_Fault",0.00154380191004718
"RF","Repeat_07_Fold_05",7,"Fold_05","Dist_Silicified",0.00181199686322575
"RF","Repeat_07_Fold_05",7,"Fold_05","Dist_Brecciated",0.00250537138105913
"RF","Repeat_08_Fold_01",8,"Fold_01","Pb_OK",0.000402048400117081
"RF","Repeat_08_Fold_01",8,"Fold_01","Zn_OK",0.000908464717933935
"RF","Repeat_08_Fold_01",8,"Fold_01","Cu_OK",0.00107303436871
"RF","Repeat_08_Fold_01",8,"Fold_01","Lithology1",-3.0461149635326e-05
"RF","Repeat_08_Fold_01",8,"Fold_01","Lithology2",0.000665978810762631
"RF","Repeat_08_Fold_01",8,"Fold_01","Lithology3",-0.000174673428496487
"RF","Repeat_08_Fold_01",8,"Fold_01","Lithology4",0.000104782388860392
"RF","Repeat_08_Fold_01",8,"Fold_01","Dist_Fault",0.00171540623538809
"RF","Repeat_08_Fold_01",8,"Fold_01","Dist_Silicified",0.00316859292893939
"RF","Repeat_08_Fold_01",8,"Fold_01","Dist_Brecciated",0.000376796254415053
"RF","Repeat_08_Fold_02",8,"Fold_02","Pb_OK",0.00109275014182944
"RF","Repeat_08_Fold_02",8,"Fold_02","Zn_OK",0.000914137523077612
"RF","Repeat_08_Fold_02",8,"Fold_02","Cu_OK",0.000354417770957192
"RF","Repeat_08_Fold_02",8,"Fold_02","Lithology1",1.82830634014748e-05
"RF","Repeat_08_Fold_02",8,"Fold_02","Lithology2",0.000319784146968061
"RF","Repeat_08_Fold_02",8,"Fold_02","Lithology3",-2.01555258402522e-05
"RF","Repeat_08_Fold_02",8,"Fold_02","Lithology4",-0.000104756753130065
"RF","Repeat_08_Fold_02",8,"Fold_02","Dist_Fault",-0.000262915254879243
"RF","Repeat_08_Fold_02",8,"Fold_02","Dist_Silicified",0.00219969607485794
"RF","Repeat_08_Fold_02",8,"Fold_02","Dist_Brecciated",0.0013819574907885
"RF","Repeat_08_Fold_03",8,"Fold_03","Pb_OK",0.00325550086269517
"RF","Repeat_08_Fold_03",8,"Fold_03","Zn_OK",0.000220852639394092
"RF","Repeat_08_Fold_03",8,"Fold_03","Cu_OK",0.000666957519422047
"RF","Repeat_08_Fold_03",8,"Fold_03","Lithology1",3.82727428072536e-05
"RF","Repeat_08_Fold_03",8,"Fold_03","Lithology2",-8.16295589083262e-05
"RF","Repeat_08_Fold_03",8,"Fold_03","Lithology3",-0.000181830820295414
"RF","Repeat_08_Fold_03",8,"Fold_03","Lithology4",-4.80892379687545e-05
"RF","Repeat_08_Fold_03",8,"Fold_03","Dist_Fault",-0.000331011519726087
"RF","Repeat_08_Fold_03",8,"Fold_03","Dist_Silicified",0.00036851481508051
"RF","Repeat_08_Fold_03",8,"Fold_03","Dist_Brecciated",-0.000853869676581249
"RF","Repeat_08_Fold_04",8,"Fold_04","Pb_OK",0.00539623281955829
"RF","Repeat_08_Fold_04",8,"Fold_04","Zn_OK",0.00269342685417174
"RF","Repeat_08_Fold_04",8,"Fold_04","Cu_OK",-2.71748448285725e-05
"RF","Repeat_08_Fold_04",8,"Fold_04","Lithology1",0
"RF","Repeat_08_Fold_04",8,"Fold_04","Lithology2",0
"RF","Repeat_08_Fold_04",8,"Fold_04","Lithology3",0
"RF","Repeat_08_Fold_04",8,"Fold_04","Lithology4",0
"RF","Repeat_08_Fold_04",8,"Fold_04","Dist_Fault",-0.000516672960048672
"RF","Repeat_08_Fold_04",8,"Fold_04","Dist_Silicified",0.00679626318500656
"RF","Repeat_08_Fold_04",8,"Fold_04","Dist_Brecciated",-0.000749737081645834
"RF","Repeat_08_Fold_05",8,"Fold_05","Pb_OK",0.00358345322629125
"RF","Repeat_08_Fold_05",8,"Fold_05","Zn_OK",0.000777373870093853
"RF","Repeat_08_Fold_05",8,"Fold_05","Cu_OK",0.000641772544834969
"RF","Repeat_08_Fold_05",8,"Fold_05","Lithology1",9.89831673137642e-06
"RF","Repeat_08_Fold_05",8,"Fold_05","Lithology2",0.000368328505972418
"RF","Repeat_08_Fold_05",8,"Fold_05","Lithology3",0.000334062009597345
"RF","Repeat_08_Fold_05",8,"Fold_05","Lithology4",-4.23250341725024e-05
"RF","Repeat_08_Fold_05",8,"Fold_05","Dist_Fault",-2.27466622012169e-05
"RF","Repeat_08_Fold_05",8,"Fold_05","Dist_Silicified",0.000656191929131377
"RF","Repeat_08_Fold_05",8,"Fold_05","Dist_Brecciated",-6.62916554301196e-05
"RF","Repeat_09_Fold_01",9,"Fold_01","Pb_OK",0.00216833763078563
"RF","Repeat_09_Fold_01",9,"Fold_01","Zn_OK",0.00344952448628418
"RF","Repeat_09_Fold_01",9,"Fold_01","Cu_OK",0.0026563745093857
"RF","Repeat_09_Fold_01",9,"Fold_01","Lithology1",3.2247899159664e-05
"RF","Repeat_09_Fold_01",9,"Fold_01","Lithology2",0.000194940490098309
"RF","Repeat_09_Fold_01",9,"Fold_01","Lithology3",0.000255924610083132
"RF","Repeat_09_Fold_01",9,"Fold_01","Lithology4",0
"RF","Repeat_09_Fold_01",9,"Fold_01","Dist_Fault",0.00059165513009832
"RF","Repeat_09_Fold_01",9,"Fold_01","Dist_Silicified",0.00819314653245444
"RF","Repeat_09_Fold_01",9,"Fold_01","Dist_Brecciated",0.000691265963832512
"RF","Repeat_09_Fold_02",9,"Fold_02","Pb_OK",0.00295934896401691
"RF","Repeat_09_Fold_02",9,"Fold_02","Zn_OK",0.00418334192806501
"RF","Repeat_09_Fold_02",9,"Fold_02","Cu_OK",0.00239613724259266
"RF","Repeat_09_Fold_02",9,"Fold_02","Lithology1",2.63487380768483e-05
"RF","Repeat_09_Fold_02",9,"Fold_02","Lithology2",0.000843445991796682
"RF","Repeat_09_Fold_02",9,"Fold_02","Lithology3",0.000565223416250609
"RF","Repeat_09_Fold_02",9,"Fold_02","Lithology4",-1.70728644037573e-05
"RF","Repeat_09_Fold_02",9,"Fold_02","Lithology5",0
"RF","Repeat_09_Fold_02",9,"Fold_02","Dist_Fault",0.00113292285194347
"RF","Repeat_09_Fold_02",9,"Fold_02","Dist_Silicified",0.00291330635129827
"RF","Repeat_09_Fold_02",9,"Fold_02","Dist_Brecciated",0.0010008585652779
"RF","Repeat_09_Fold_03",9,"Fold_03","Pb_OK",0.00383718014888315
"RF","Repeat_09_Fold_03",9,"Fold_03","Zn_OK",0.00232053274326393
"RF","Repeat_09_Fold_03",9,"Fold_03","Cu_OK",0.00213033899393729
"RF","Repeat_09_Fold_03",9,"Fold_03","Lithology1",4.58132139519556e-05
"RF","Repeat_09_Fold_03",9,"Fold_03","Lithology2",0.000569716777047309
"RF","Repeat_09_Fold_03",9,"Fold_03","Lithology3",0.00080457772770893
"RF","Repeat_09_Fold_03",9,"Fold_03","Lithology4",-8.09273738490619e-05
"RF","Repeat_09_Fold_03",9,"Fold_03","Dist_Fault",0.00345726506402571
"RF","Repeat_09_Fold_03",9,"Fold_03","Dist_Silicified",0.00224296772760485
"RF","Repeat_09_Fold_03",9,"Fold_03","Dist_Brecciated",0.00104758702164145
"RF","Repeat_09_Fold_04",9,"Fold_04","Pb_OK",0.0040998559634614
"RF","Repeat_09_Fold_04",9,"Fold_04","Zn_OK",-0.000438970138288646
"RF","Repeat_09_Fold_04",9,"Fold_04","Cu_OK",0.000469305842382145
"RF","Repeat_09_Fold_04",9,"Fold_04","Lithology1",0
"RF","Repeat_09_Fold_04",9,"Fold_04","Lithology2",0
"RF","Repeat_09_Fold_04",9,"Fold_04","Lithology3",0
"RF","Repeat_09_Fold_04",9,"Fold_04","Lithology4",0
"RF","Repeat_09_Fold_04",9,"Fold_04","Dist_Fault",0.000111977063437023
"RF","Repeat_09_Fold_04",9,"Fold_04","Dist_Silicified",0.0232925078761889
"RF","Repeat_09_Fold_04",9,"Fold_04","Dist_Brecciated",0.0010029469643152
"RF","Repeat_09_Fold_05",9,"Fold_05","Pb_OK",0.00255544693242074
"RF","Repeat_09_Fold_05",9,"Fold_05","Zn_OK",0.00186316888589889
"RF","Repeat_09_Fold_05",9,"Fold_05","Cu_OK",0.00155938819907552
"RF","Repeat_09_Fold_05",9,"Fold_05","Lithology1",-1.89133053559399e-05
"RF","Repeat_09_Fold_05",9,"Fold_05","Lithology2",0.000399127461986667
"RF","Repeat_09_Fold_05",9,"Fold_05","Lithology3",0.000602801603725626
"RF","Repeat_09_Fold_05",9,"Fold_05","Lithology4",-1.11092615488955e-05
"RF","Repeat_09_Fold_05",9,"Fold_05","Dist_Fault",0.00109664156742436
"RF","Repeat_09_Fold_05",9,"Fold_05","Dist_Silicified",0.00145974583064959
"RF","Repeat_09_Fold_05",9,"Fold_05","Dist_Brecciated",0.000876827592133667
"RF","Repeat_10_Fold_01",10,"Fold_01","Pb_OK",0.00210510832398489
"RF","Repeat_10_Fold_01",10,"Fold_01","Zn_OK",0.00260750422849659
"RF","Repeat_10_Fold_01",10,"Fold_01","Cu_OK",0.00168865301662664
"RF","Repeat_10_Fold_01",10,"Fold_01","Lithology1",-1.82531653487566e-05
"RF","Repeat_10_Fold_01",10,"Fold_01","Lithology2",0.000218788087460541
"RF","Repeat_10_Fold_01",10,"Fold_01","Lithology3",0.000216527334196968
"RF","Repeat_10_Fold_01",10,"Fold_01","Lithology4",-3.82183095180671e-05
"RF","Repeat_10_Fold_01",10,"Fold_01","Dist_Fault",0.00183910919894917
"RF","Repeat_10_Fold_01",10,"Fold_01","Dist_Silicified",0.00274629120066602
"RF","Repeat_10_Fold_01",10,"Fold_01","Dist_Brecciated",0.00112582469089284
"RF","Repeat_10_Fold_02",10,"Fold_02","Pb_OK",0.00714835385757776
"RF","Repeat_10_Fold_02",10,"Fold_02","Zn_OK",0.00998300093107798
"RF","Repeat_10_Fold_02",10,"Fold_02","Cu_OK",0.00343412068448782
"RF","Repeat_10_Fold_02",10,"Fold_02","Lithology1",0
"RF","Repeat_10_Fold_02",10,"Fold_02","Lithology2",-9.12828947368427e-06
"RF","Repeat_10_Fold_02",10,"Fold_02","Lithology3",4.14432538010778e-06
"RF","Repeat_10_Fold_02",10,"Fold_02","Lithology4",0
"RF","Repeat_10_Fold_02",10,"Fold_02","Dist_Fault",0.000543389550074115
"RF","Repeat_10_Fold_02",10,"Fold_02","Dist_Silicified",0.0093101807818072
"RF","Repeat_10_Fold_02",10,"Fold_02","Dist_Brecciated",0.0030376235150701
"RF","Repeat_10_Fold_03",10,"Fold_03","Pb_OK",0.00209934647615485
"RF","Repeat_10_Fold_03",10,"Fold_03","Zn_OK",0.00206214975359807
"RF","Repeat_10_Fold_03",10,"Fold_03","Cu_OK",0.000760514335950345
"RF","Repeat_10_Fold_03",10,"Fold_03","Lithology1",1.5696459074841e-05
"RF","Repeat_10_Fold_03",10,"Fold_03","Lithology2",0.000119236912665483
"RF","Repeat_10_Fold_03",10,"Fold_03","Lithology3",0.000347463102372372
"RF","Repeat_10_Fold_03",10,"Fold_03","Lithology4",-0.000110128139361588
"RF","Repeat_10_Fold_03",10,"Fold_03","Lithology5",0
"RF","Repeat_10_Fold_03",10,"Fold_03","Dist_Fault",0.000253181345844846
"RF","Repeat_10_Fold_03",10,"Fold_03","Dist_Silicified",0.00095388645152163
"RF","Repeat_10_Fold_03",10,"Fold_03","Dist_Brecciated",0.00167265472586152
"RF","Repeat_10_Fold_04",10,"Fold_04","Pb_OK",0.00216483042947441
"RF","Repeat_10_Fold_04",10,"Fold_04","Zn_OK",0.00133593338959667
"RF","Repeat_10_Fold_04",10,"Fold_04","Cu_OK",0.00149430332843471
"RF","Repeat_10_Fold_04",10,"Fold_04","Lithology1",-5.09892980048032e-05
"RF","Repeat_10_Fold_04",10,"Fold_04","Lithology2",-0.000260185035186059
"RF","Repeat_10_Fold_04",10,"Fold_04","Lithology3",-0.000305777552319845
"RF","Repeat_10_Fold_04",10,"Fold_04","Lithology4",-0.000295946064600646
"RF","Repeat_10_Fold_04",10,"Fold_04","Lithology5",0
"RF","Repeat_10_Fold_04",10,"Fold_04","Dist_Fault",-9.66255802221727e-05
"RF","Repeat_10_Fold_04",10,"Fold_04","Dist_Silicified",0.00439995244779665
"RF","Repeat_10_Fold_04",10,"Fold_04","Dist_Brecciated",0.00143836698834567
"RF","Repeat_10_Fold_05",10,"Fold_05","Pb_OK",0.00165719647752192
"RF","Repeat_10_Fold_05",10,"Fold_05","Zn_OK",0.00186202675507372
"RF","Repeat_10_Fold_05",10,"Fold_05","Cu_OK",0.00125652013559806
"RF","Repeat_10_Fold_05",10,"Fold_05","Lithology1",-4.57624804731108e-05
"RF","Repeat_10_Fold_05",10,"Fold_05","Lithology2",2.27181096398e-05
"RF","Repeat_10_Fold_05",10,"Fold_05","Lithology3",0.000598688077971749
"RF","Repeat_10_Fold_05",10,"Fold_05","Lithology4",5.74247859011329e-05
"RF","Repeat_10_Fold_05",10,"Fold_05","Lithology5",8.19642927324833e-05
"RF","Repeat_10_Fold_05",10,"Fold_05","Dist_Fault",0.000771210778109011
"RF","Repeat_10_Fold_05",10,"Fold_05","Dist_Silicified",0.00230703445841204
"RF","Repeat_10_Fold_05",10,"Fold_05","Dist_Brecciated",0.00211588292475131
"RF","Repeat_11_Fold_01",11,"Fold_01","Pb_OK",-0.000106023631345179
"RF","Repeat_11_Fold_01",11,"Fold_01","Zn_OK",0.00216510297250745
"RF","Repeat_11_Fold_01",11,"Fold_01","Cu_OK",0.000798647261006699
"RF","Repeat_11_Fold_01",11,"Fold_01","Lithology1",-0.000138011802436772
"RF","Repeat_11_Fold_01",11,"Fold_01","Lithology2",0.000959592862440723
"RF","Repeat_11_Fold_01",11,"Fold_01","Lithology3",0.000596877242202087
"RF","Repeat_11_Fold_01",11,"Fold_01","Lithology4",-0.00010983835598607
"RF","Repeat_11_Fold_01",11,"Fold_01","Lithology5",0
"RF","Repeat_11_Fold_01",11,"Fold_01","Dist_Fault",-0.000165092600255621
"RF","Repeat_11_Fold_01",11,"Fold_01","Dist_Silicified",0.00254906929110888
"RF","Repeat_11_Fold_01",11,"Fold_01","Dist_Brecciated",0.000821476150012455
"RF","Repeat_11_Fold_02",11,"Fold_02","Pb_OK",0.00170480785039142
"RF","Repeat_11_Fold_02",11,"Fold_02","Zn_OK",0.00397660664277757
"RF","Repeat_11_Fold_02",11,"Fold_02","Cu_OK",0.00307227463640325
"RF","Repeat_11_Fold_02",11,"Fold_02","Lithology1",-9.61262931243501e-06
"RF","Repeat_11_Fold_02",11,"Fold_02","Lithology2",0.000957025002628919
"RF","Repeat_11_Fold_02",11,"Fold_02","Lithology3",0.000824179177211654
"RF","Repeat_11_Fold_02",11,"Fold_02","Lithology4",-2.92920779228011e-05
"RF","Repeat_11_Fold_02",11,"Fold_02","Lithology5",0
"RF","Repeat_11_Fold_02",11,"Fold_02","Dist_Fault",0.000664115169803074
"RF","Repeat_11_Fold_02",11,"Fold_02","Dist_Silicified",0.00329979148550121
"RF","Repeat_11_Fold_02",11,"Fold_02","Dist_Brecciated",0.000455936483940488
"RF","Repeat_11_Fold_03",11,"Fold_03","Pb_OK",0.00232464961792288
"RF","Repeat_11_Fold_03",11,"Fold_03","Zn_OK",0.00231206053515931
"RF","Repeat_11_Fold_03",11,"Fold_03","Cu_OK",0.00205990052987327
"RF","Repeat_11_Fold_03",11,"Fold_03","Lithology1",-0.000113043691945805
"RF","Repeat_11_Fold_03",11,"Fold_03","Lithology2",0.000790569590490946
"RF","Repeat_11_Fold_03",11,"Fold_03","Lithology3",0.000449714565471244
"RF","Repeat_11_Fold_03",11,"Fold_03","Lithology4",-9.57241105166173e-06
"RF","Repeat_11_Fold_03",11,"Fold_03","Lithology5",0
"RF","Repeat_11_Fold_03",11,"Fold_03","Dist_Fault",0.000735631120747609
"RF","Repeat_11_Fold_03",11,"Fold_03","Dist_Silicified",0.00151168869779069
"RF","Repeat_11_Fold_03",11,"Fold_03","Dist_Brecciated",0.00080086045930218
"RF","Repeat_11_Fold_04",11,"Fold_04","Pb_OK",0.00594860394539954
"RF","Repeat_11_Fold_04",11,"Fold_04","Zn_OK",0.00228974589480955
"RF","Repeat_11_Fold_04",11,"Fold_04","Cu_OK",0.00311926530029129
"RF","Repeat_11_Fold_04",11,"Fold_04","Lithology1",0
"RF","Repeat_11_Fold_04",11,"Fold_04","Lithology2",0
"RF","Repeat_11_Fold_04",11,"Fold_04","Lithology3",-6.47354583401096e-05
"RF","Repeat_11_Fold_04",11,"Fold_04","Lithology4",0
"RF","Repeat_11_Fold_04",11,"Fold_04","Lithology5",0
"RF","Repeat_11_Fold_04",11,"Fold_04","Dist_Fault",-2.88696467048388e-05
"RF","Repeat_11_Fold_04",11,"Fold_04","Dist_Silicified",0.0102352341899994
"RF","Repeat_11_Fold_04",11,"Fold_04","Dist_Brecciated",0.00394359752573109
"RF","Repeat_11_Fold_05",11,"Fold_05","Pb_OK",0.00256116262576088
"RF","Repeat_11_Fold_05",11,"Fold_05","Zn_OK",0.00181772721649967
"RF","Repeat_11_Fold_05",11,"Fold_05","Cu_OK",0.00252927164758672
"RF","Repeat_11_Fold_05",11,"Fold_05","Lithology1",-7.04241271346299e-05
"RF","Repeat_11_Fold_05",11,"Fold_05","Lithology2",0.000449193534870137
"RF","Repeat_11_Fold_05",11,"Fold_05","Lithology3",0.000464101209919674
"RF","Repeat_11_Fold_05",11,"Fold_05","Lithology4",2.91976385029936e-05
"RF","Repeat_11_Fold_05",11,"Fold_05","Lithology5",0
"RF","Repeat_11_Fold_05",11,"Fold_05","Dist_Fault",0.000372529601379677
"RF","Repeat_11_Fold_05",11,"Fold_05","Dist_Silicified",0.000775251895842785
"RF","Repeat_11_Fold_05",11,"Fold_05","Dist_Brecciated",0.000711393406370822
"RF","Repeat_12_Fold_01",12,"Fold_01","Pb_OK",0.00156120776146249
"RF","Repeat_12_Fold_01",12,"Fold_01","Zn_OK",0.00118610429916186
"RF","Repeat_12_Fold_01",12,"Fold_01","Cu_OK",0.00122042112998104
"RF","Repeat_12_Fold_01",12,"Fold_01","Lithology1",-1.95701713916726e-05
"RF","Repeat_12_Fold_01",12,"Fold_01","Lithology2",7.22679679839652e-05
"RF","Repeat_12_Fold_01",12,"Fold_01","Lithology3",-2.44206384204776e-05
"RF","Repeat_12_Fold_01",12,"Fold_01","Lithology4",-3.64849701117399e-05
"RF","Repeat_12_Fold_01",12,"Fold_01","Lithology5",0
"RF","Repeat_12_Fold_01",12,"Fold_01","Dist_Fault",0.000732438620059016
"RF","Repeat_12_Fold_01",12,"Fold_01","Dist_Silicified",0.00195303893826014
"RF","Repeat_12_Fold_01",12,"Fold_01","Dist_Brecciated",0.000949554521068649
"RF","Repeat_12_Fold_02",12,"Fold_02","Pb_OK",0.00577735604876965
"RF","Repeat_12_Fold_02",12,"Fold_02","Zn_OK",0.00857056836306141
"RF","Repeat_12_Fold_02",12,"Fold_02","Cu_OK",0.00734542688931874
"RF","Repeat_12_Fold_02",12,"Fold_02","Lithology1",-2.7027027027027e-05
"RF","Repeat_12_Fold_02",12,"Fold_02","Lithology2",-2.85714285714286e-05
"RF","Repeat_12_Fold_02",12,"Fold_02","Lithology3",0.000107712978946445
"RF","Repeat_12_Fold_02",12,"Fold_02","Lithology4",-2.24747474747475e-05
"RF","Repeat_12_Fold_02",12,"Fold_02","Lithology5",0
"RF","Repeat_12_Fold_02",12,"Fold_02","Dist_Fault",0.00199342785059904
"RF","Repeat_12_Fold_02",12,"Fold_02","Dist_Silicified",0.0063247577964213
"RF","Repeat_12_Fold_02",12,"Fold_02","Dist_Brecciated",0.00242199123096366
"RF","Repeat_12_Fold_03",12,"Fold_03","Pb_OK",0.00126405001335475
"RF","Repeat_12_Fold_03",12,"Fold_03","Zn_OK",0.000858406674925304
"RF","Repeat_12_Fold_03",12,"Fold_03","Cu_OK",0.00323157585926114
"RF","Repeat_12_Fold_03",12,"Fold_03","Lithology1",-5.62363777510231e-05
"RF","Repeat_12_Fold_03",12,"Fold_03","Lithology2",-8.20896724237121e-05
"RF","Repeat_12_Fold_03",12,"Fold_03","Lithology3",0.000103925048588678
"RF","Repeat_12_Fold_03",12,"Fold_03","Lithology4",-3.9407630176005e-05
"RF","Repeat_12_Fold_03",12,"Fold_03","Lithology5",0
"RF","Repeat_12_Fold_03",12,"Fold_03","Dist_Fault",0.00172010578835442
"RF","Repeat_12_Fold_03",12,"Fold_03","Dist_Silicified",0.00154480479044772
"RF","Repeat_12_Fold_03",12,"Fold_03","Dist_Brecciated",0.00171436544708252
"RF","Repeat_12_Fold_04",12,"Fold_04","Pb_OK",0.00233964543857246
"RF","Repeat_12_Fold_04",12,"Fold_04","Zn_OK",0.00159081497016863
"RF","Repeat_12_Fold_04",12,"Fold_04","Cu_OK",0.00276373180316031
"RF","Repeat_12_Fold_04",12,"Fold_04","Lithology1",-8.64588232638113e-05
"RF","Repeat_12_Fold_04",12,"Fold_04","Lithology2",-0.000177119283847
"RF","Repeat_12_Fold_04",12,"Fold_04","Lithology3",0.000119995318961424
"RF","Repeat_12_Fold_04",12,"Fold_04","Lithology4",4.88264185461644e-05
"RF","Repeat_12_Fold_04",12,"Fold_04","Dist_Fault",0.00143008116504258
"RF","Repeat_12_Fold_04",12,"Fold_04","Dist_Silicified",0.00344591611517114
"RF","Repeat_12_Fold_04",12,"Fold_04","Dist_Brecciated",0.00110773313577289
"RF","Repeat_12_Fold_05",12,"Fold_05","Pb_OK",0.0011014611679929
"RF","Repeat_12_Fold_05",12,"Fold_05","Zn_OK",0.00106419114999826
"RF","Repeat_12_Fold_05",12,"Fold_05","Cu_OK",0.00311377572730406
"RF","Repeat_12_Fold_05",12,"Fold_05","Lithology1",-2.91911611731765e-06
"RF","Repeat_12_Fold_05",12,"Fold_05","Lithology2",1.70957736781574e-05
"RF","Repeat_12_Fold_05",12,"Fold_05","Lithology3",-3.18955428688853e-05
"RF","Repeat_12_Fold_05",12,"Fold_05","Lithology4",-6.83094395509039e-05
"RF","Repeat_12_Fold_05",12,"Fold_05","Lithology5",0
"RF","Repeat_12_Fold_05",12,"Fold_05","Dist_Fault",0.000780874304301318
"RF","Repeat_12_Fold_05",12,"Fold_05","Dist_Silicified",0.0011250461450056
"RF","Repeat_12_Fold_05",12,"Fold_05","Dist_Brecciated",0.00133688754068549
"RF","Repeat_13_Fold_01",13,"Fold_01","Pb_OK",0.00232810342540244
"RF","Repeat_13_Fold_01",13,"Fold_01","Zn_OK",0.00189244440355426
"RF","Repeat_13_Fold_01",13,"Fold_01","Cu_OK",0.000889200317052508
"RF","Repeat_13_Fold_01",13,"Fold_01","Lithology1",-2.77777777777778e-05
"RF","Repeat_13_Fold_01",13,"Fold_01","Lithology2",0.000231513213302173
"RF","Repeat_13_Fold_01",13,"Fold_01","Lithology3",0.000371446400119657
"RF","Repeat_13_Fold_01",13,"Fold_01","Lithology4",-3.10966810966811e-05
"RF","Repeat_13_Fold_01",13,"Fold_01","Lithology5",0
"RF","Repeat_13_Fold_01",13,"Fold_01","Dist_Fault",0.000710675292200754
"RF","Repeat_13_Fold_01",13,"Fold_01","Dist_Silicified",0.00633176901745291
"RF","Repeat_13_Fold_01",13,"Fold_01","Dist_Brecciated",0.0031061176978134
"RF","Repeat_13_Fold_02",13,"Fold_02","Pb_OK",0.00143922198211384
"RF","Repeat_13_Fold_02",13,"Fold_02","Zn_OK",0.00326872934432089
"RF","Repeat_13_Fold_02",13,"Fold_02","Cu_OK",0.000988870540630948
"RF","Repeat_13_Fold_02",13,"Fold_02","Lithology1",-8.23218568789821e-05
"RF","Repeat_13_Fold_02",13,"Fold_02","Lithology2",7.94732283057617e-05
"RF","Repeat_13_Fold_02",13,"Fold_02","Lithology3",0.00057076457173482
"RF","Repeat_13_Fold_02",13,"Fold_02","Lithology4",8.05285669725673e-05
"RF","Repeat_13_Fold_02",13,"Fold_02","Dist_Fault",0.000654284188157396
"RF","Repeat_13_Fold_02",13,"Fold_02","Dist_Silicified",0.00366116137013555
"RF","Repeat_13_Fold_02",13,"Fold_02","Dist_Brecciated",-6.08835152019538e-05
"RF","Repeat_13_Fold_03",13,"Fold_03","Pb_OK",0.00130229519506033
"RF","Repeat_13_Fold_03",13,"Fold_03","Zn_OK",0.00175355190673538
"RF","Repeat_13_Fold_03",13,"Fold_03","Cu_OK",0.000861028826089941
"RF","Repeat_13_Fold_03",13,"Fold_03","Lithology1",-0.000141523434346703
"RF","Repeat_13_Fold_03",13,"Fold_03","Lithology2",0.000135846795413444
"RF","Repeat_13_Fold_03",13,"Fold_03","Lithology3",0.000105634917891083
"RF","Repeat_13_Fold_03",13,"Fold_03","Lithology4",0.000203478787339464
"RF","Repeat_13_Fold_03",13,"Fold_03","Dist_Fault",8.07303956351964e-05
"RF","Repeat_13_Fold_03",13,"Fold_03","Dist_Silicified",0.00210690296487554
"RF","Repeat_13_Fold_03",13,"Fold_03","Dist_Brecciated",0.00101679695851627
"RF","Repeat_13_Fold_04",13,"Fold_04","Pb_OK",0.00307315586965192
"RF","Repeat_13_Fold_04",13,"Fold_04","Zn_OK",0.00182536786986659
"RF","Repeat_13_Fold_04",13,"Fold_04","Cu_OK",0.000203997623757547
"RF","Repeat_13_Fold_04",13,"Fold_04","Lithology1",-2.94117647058824e-05
"RF","Repeat_13_Fold_04",13,"Fold_04","Lithology2",1.16519172093732e-06
"RF","Repeat_13_Fold_04",13,"Fold_04","Lithology3",-0.000167430665381099
"RF","Repeat_13_Fold_04",13,"Fold_04","Lithology4",-5.2027027027027e-05
"RF","Repeat_13_Fold_04",13,"Fold_04","Lithology5",0
"RF","Repeat_13_Fold_04",13,"Fold_04","Dist_Fault",-0.000244177742390466
"RF","Repeat_13_Fold_04",13,"Fold_04","Dist_Silicified",0.00724997272092349
"RF","Repeat_13_Fold_04",13,"Fold_04","Dist_Brecciated",0.0022014784799043
"RF","Repeat_13_Fold_05",13,"Fold_05","Pb_OK",0.00205124956085106
"RF","Repeat_13_Fold_05",13,"Fold_05","Zn_OK",0.000825861945352184
"RF","Repeat_13_Fold_05",13,"Fold_05","Cu_OK",0.0002828642239391
"RF","Repeat_13_Fold_05",13,"Fold_05","Lithology1",-5.28520134752407e-05
"RF","Repeat_13_Fold_05",13,"Fold_05","Lithology2",3.86052436466957e-05
"RF","Repeat_13_Fold_05",13,"Fold_05","Lithology3",0.000260300701040086
"RF","Repeat_13_Fold_05",13,"Fold_05","Lithology4",0.000103699475532108
"RF","Repeat_13_Fold_05",13,"Fold_05","Dist_Fault",0.000514607060579227
"RF","Repeat_13_Fold_05",13,"Fold_05","Dist_Silicified",0.00141584593165849
"RF","Repeat_13_Fold_05",13,"Fold_05","Dist_Brecciated",0.00129965973350709
"RF","Repeat_14_Fold_01",14,"Fold_01","Pb_OK",0.00134438142787894
"RF","Repeat_14_Fold_01",14,"Fold_01","Zn_OK",0.00144446224457744
"RF","Repeat_14_Fold_01",14,"Fold_01","Cu_OK",0.000784758306676632
"RF","Repeat_14_Fold_01",14,"Fold_01","Lithology1",-2.22391767127432e-05
"RF","Repeat_14_Fold_01",14,"Fold_01","Lithology2",-5.5421624289644e-05
"RF","Repeat_14_Fold_01",14,"Fold_01","Lithology3",0.000228939516464766
"RF","Repeat_14_Fold_01",14,"Fold_01","Lithology4",-0.000113231898846428
"RF","Repeat_14_Fold_01",14,"Fold_01","Lithology5",0
"RF","Repeat_14_Fold_01",14,"Fold_01","Dist_Fault",0.00049792187281132
"RF","Repeat_14_Fold_01",14,"Fold_01","Dist_Silicified",0.00150808158814352
"RF","Repeat_14_Fold_01",14,"Fold_01","Dist_Brecciated",0.000293684425601937
"RF","Repeat_14_Fold_02",14,"Fold_02","Pb_OK",0.00443698699731829
"RF","Repeat_14_Fold_02",14,"Fold_02","Zn_OK",0.00410055781420612
"RF","Repeat_14_Fold_02",14,"Fold_02","Cu_OK",0.000927359552050524
"RF","Repeat_14_Fold_02",14,"Fold_02","Lithology1",0
"RF","Repeat_14_Fold_02",14,"Fold_02","Lithology2",0
"RF","Repeat_14_Fold_02",14,"Fold_02","Lithology3",7.70087018189485e-05
"RF","Repeat_14_Fold_02",14,"Fold_02","Lithology4",0
"RF","Repeat_14_Fold_02",14,"Fold_02","Dist_Fault",-1.45971681690716e-05
"RF","Repeat_14_Fold_02",14,"Fold_02","Dist_Silicified",0.0104729258741654
"RF","Repeat_14_Fold_02",14,"Fold_02","Dist_Brecciated",0.00310205469260954
"RF","Repeat_14_Fold_03",14,"Fold_03","Pb_OK",0.000673119252631013
"RF","Repeat_14_Fold_03",14,"Fold_03","Zn_OK",0.000166210175036813
"RF","Repeat_14_Fold_03",14,"Fold_03","Cu_OK",7.73813859426431e-05
"RF","Repeat_14_Fold_03",14,"Fold_03","Lithology1",-0.000100786493813532
"RF","Repeat_14_Fold_03",14,"Fold_03","Lithology2",-0.000133610488601546
"RF","Repeat_14_Fold_03",14,"Fold_03","Lithology3",0.000450554169743276
"RF","Repeat_14_Fold_03",14,"Fold_03","Lithology4",1.40517963042288e-05
"RF","Repeat_14_Fold_03",14,"Fold_03","Dist_Fault",0.000975549635989831
"RF","Repeat_14_Fold_03",14,"Fold_03","Dist_Silicified",0.00125810515492412
"RF","Repeat_14_Fold_03",14,"Fold_03","Dist_Brecciated",0.000826701536546375
"RF","Repeat_14_Fold_04",14,"Fold_04","Pb_OK",0.00145429984824179
"RF","Repeat_14_Fold_04",14,"Fold_04","Zn_OK",0.00125378941667762
"RF","Repeat_14_Fold_04",14,"Fold_04","Cu_OK",0.000349769394166088
"RF","Repeat_14_Fold_04",14,"Fold_04","Lithology1",-4.07808345698254e-05
"RF","Repeat_14_Fold_04",14,"Fold_04","Lithology2",7.96939736120428e-06
"RF","Repeat_14_Fold_04",14,"Fold_04","Lithology3",-0.000494724373201083
"RF","Repeat_14_Fold_04",14,"Fold_04","Lithology4",4.58752842320073e-05
"RF","Repeat_14_Fold_04",14,"Fold_04","Lithology5",0
"RF","Repeat_14_Fold_04",14,"Fold_04","Dist_Fault",-0.000604560984491535
"RF","Repeat_14_Fold_04",14,"Fold_04","Dist_Silicified",0.00230519020511632
"RF","Repeat_14_Fold_04",14,"Fold_04","Dist_Brecciated",0.000711087159117722
"RF","Repeat_14_Fold_05",14,"Fold_05","Pb_OK",-9.18493316943425e-06
"RF","Repeat_14_Fold_05",14,"Fold_05","Zn_OK",0.0010038303558949
"RF","Repeat_14_Fold_05",14,"Fold_05","Cu_OK",0.000517020075735111
"RF","Repeat_14_Fold_05",14,"Fold_05","Lithology1",-0.000110774131821322
"RF","Repeat_14_Fold_05",14,"Fold_05","Lithology2",-7.74292517512972e-05
"RF","Repeat_14_Fold_05",14,"Fold_05","Lithology3",6.03774418638694e-05
"RF","Repeat_14_Fold_05",14,"Fold_05","Lithology4",4.0079361373121e-05
"RF","Repeat_14_Fold_05",14,"Fold_05","Dist_Fault",0.000330736386629709
"RF","Repeat_14_Fold_05",14,"Fold_05","Dist_Silicified",0.000262209142817326
"RF","Repeat_14_Fold_05",14,"Fold_05","Dist_Brecciated",0.000903004867791598
"RF","Repeat_15_Fold_01",15,"Fold_01","Pb_OK",0.00370924095961579
"RF","Repeat_15_Fold_01",15,"Fold_01","Zn_OK",0.00360921827509053
"RF","Repeat_15_Fold_01",15,"Fold_01","Cu_OK",0.00216358674581413
"RF","Repeat_15_Fold_01",15,"Fold_01","Lithology2",0
"RF","Repeat_15_Fold_01",15,"Fold_01","Lithology3",-2.4007038712921e-05
"RF","Repeat_15_Fold_01",15,"Fold_01","Lithology4",0
"RF","Repeat_15_Fold_01",15,"Fold_01","Dist_Fault",0.00221131211252489
"RF","Repeat_15_Fold_01",15,"Fold_01","Dist_Silicified",0.00666680831224401
"RF","Repeat_15_Fold_01",15,"Fold_01","Dist_Brecciated",0.00116940648963348
"RF","Repeat_15_Fold_02",15,"Fold_02","Pb_OK",0.00693117633089098
"RF","Repeat_15_Fold_02",15,"Fold_02","Zn_OK",0.00499838943933015
"RF","Repeat_15_Fold_02",15,"Fold_02","Cu_OK",0.00387028639394292
"RF","Repeat_15_Fold_02",15,"Fold_02","Lithology2",0
"RF","Repeat_15_Fold_02",15,"Fold_02","Lithology3",-5.86727614617198e-05
"RF","Repeat_15_Fold_02",15,"Fold_02","Lithology4",0
"RF","Repeat_15_Fold_02",15,"Fold_02","Lithology5",0
"RF","Repeat_15_Fold_02",15,"Fold_02","Dist_Fault",0.00240148645909986
"RF","Repeat_15_Fold_02",15,"Fold_02","Dist_Silicified",0.0127237416031893
"RF","Repeat_15_Fold_02",15,"Fold_02","Dist_Brecciated",0.0023154866531563
"RF","Repeat_15_Fold_03",15,"Fold_03","Pb_OK",0.00298148869985225
"RF","Repeat_15_Fold_03",15,"Fold_03","Zn_OK",0.00112797336720757
"RF","Repeat_15_Fold_03",15,"Fold_03","Cu_OK",0.00164587665428952
"RF","Repeat_15_Fold_03",15,"Fold_03","Lithology2",-0.000289969147561886
"RF","Repeat_15_Fold_03",15,"Fold_03","Lithology3",0.000174805293701736
"RF","Repeat_15_Fold_03",15,"Fold_03","Lithology4",-2.04233989136382e-07
"RF","Repeat_15_Fold_03",15,"Fold_03","Lithology5",0
"RF","Repeat_15_Fold_03",15,"Fold_03","Dist_Fault",0.00127700403973113
"RF","Repeat_15_Fold_03",15,"Fold_03","Dist_Silicified",0.000261255242521417
"RF","Repeat_15_Fold_03",15,"Fold_03","Dist_Brecciated",5.28768582127049e-05
"RF","Repeat_15_Fold_04",15,"Fold_04","Pb_OK",0.00558502277282304
"RF","Repeat_15_Fold_04",15,"Fold_04","Zn_OK",0.00135576116440345
"RF","Repeat_15_Fold_04",15,"Fold_04","Cu_OK",0.000579190040503574
"RF","Repeat_15_Fold_04",15,"Fold_04","Lithology2",0
"RF","Repeat_15_Fold_04",15,"Fold_04","Lithology3",0
"RF","Repeat_15_Fold_04",15,"Fold_04","Lithology4",0
"RF","Repeat_15_Fold_04",15,"Fold_04","Lithology5",0
"RF","Repeat_15_Fold_04",15,"Fold_04","Dist_Fault",0.000778270454559102
"RF","Repeat_15_Fold_04",15,"Fold_04","Dist_Silicified",0.0147582872664695
"RF","Repeat_15_Fold_04",15,"Fold_04","Dist_Brecciated",-0.00106117649444663
"RF","Repeat_15_Fold_05",15,"Fold_05","Pb_OK",0.00217214255601361
"RF","Repeat_15_Fold_05",15,"Fold_05","Zn_OK",0.000364350219174326
"RF","Repeat_15_Fold_05",15,"Fold_05","Cu_OK",0.00128445665779303
"RF","Repeat_15_Fold_05",15,"Fold_05","Lithology1",0
"RF","Repeat_15_Fold_05",15,"Fold_05","Lithology2",-0.000151563271942318
"RF","Repeat_15_Fold_05",15,"Fold_05","Lithology3",-5.43971309745493e-05
"RF","Repeat_15_Fold_05",15,"Fold_05","Lithology4",-0.000117103581171153
"RF","Repeat_15_Fold_05",15,"Fold_05","Lithology5",0
"RF","Repeat_15_Fold_05",15,"Fold_05","Dist_Fault",0.000499924443448176
"RF","Repeat_15_Fold_05",15,"Fold_05","Dist_Silicified",0.000826876208900924
"RF","Repeat_15_Fold_05",15,"Fold_05","Dist_Brecciated",0.000735028389729406
"RF","Repeat_16_Fold_01",16,"Fold_01","Pb_OK",0.000689358726421809
"RF","Repeat_16_Fold_01",16,"Fold_01","Zn_OK",0.00201839344220945
"RF","Repeat_16_Fold_01",16,"Fold_01","Cu_OK",0.00202157545440277
"RF","Repeat_16_Fold_01",16,"Fold_01","Lithology1",-0.000115732531391766
"RF","Repeat_16_Fold_01",16,"Fold_01","Lithology2",0.0004632076896699
"RF","Repeat_16_Fold_01",16,"Fold_01","Lithology3",0.000651678908600508
"RF","Repeat_16_Fold_01",16,"Fold_01","Lithology4",0.00013633214190722
"RF","Repeat_16_Fold_01",16,"Fold_01","Dist_Fault",7.02511151353915e-05
"RF","Repeat_16_Fold_01",16,"Fold_01","Dist_Silicified",0.00414007775812448
"RF","Repeat_16_Fold_01",16,"Fold_01","Dist_Brecciated",0.000836633708482601
"RF","Repeat_16_Fold_02",16,"Fold_02","Pb_OK",0.00512333623676531
"RF","Repeat_16_Fold_02",16,"Fold_02","Zn_OK",0.00144012723038412
"RF","Repeat_16_Fold_02",16,"Fold_02","Cu_OK",0.00437855037204803
"RF","Repeat_16_Fold_02",16,"Fold_02","Lithology1",0
"RF","Repeat_16_Fold_02",16,"Fold_02","Lithology2",0
"RF","Repeat_16_Fold_02",16,"Fold_02","Lithology3",7.50750750750706e-07
"RF","Repeat_16_Fold_02",16,"Fold_02","Lithology4",0
"RF","Repeat_16_Fold_02",16,"Fold_02","Dist_Fault",0.00177540670484633
"RF","Repeat_16_Fold_02",16,"Fold_02","Dist_Silicified",0.00766210475775723
"RF","Repeat_16_Fold_02",16,"Fold_02","Dist_Brecciated",0.00308226564201657
"RF","Repeat_16_Fold_03",16,"Fold_03","Pb_OK",0.019242982233563
"RF","Repeat_16_Fold_03",16,"Fold_03","Zn_OK",0.000760726501107681
"RF","Repeat_16_Fold_03",16,"Fold_03","Cu_OK",0.00380054568759518
"RF","Repeat_16_Fold_03",16,"Fold_03","Lithology1",0
"RF","Repeat_16_Fold_03",16,"Fold_03","Lithology2",0
"RF","Repeat_16_Fold_03",16,"Fold_03","Lithology3",0
"RF","Repeat_16_Fold_03",16,"Fold_03","Lithology4",0
"RF","Repeat_16_Fold_03",16,"Fold_03","Dist_Fault",-1.08444095468688e-05
"RF","Repeat_16_Fold_03",16,"Fold_03","Dist_Silicified",0.0027487358688568
"RF","Repeat_16_Fold_03",16,"Fold_03","Dist_Brecciated",0.00164447169049364
"RF","Repeat_16_Fold_04",16,"Fold_04","Pb_OK",0.00197799843565097
"RF","Repeat_16_Fold_04",16,"Fold_04","Zn_OK",0.000986073892253849
"RF","Repeat_16_Fold_04",16,"Fold_04","Cu_OK",0.00102361093962792
"RF","Repeat_16_Fold_04",16,"Fold_04","Lithology1",-0.000119553358858978
"RF","Repeat_16_Fold_04",16,"Fold_04","Lithology2",-0.000114839989238629
"RF","Repeat_16_Fold_04",16,"Fold_04","Lithology3",-0.000168334430308088
"RF","Repeat_16_Fold_04",16,"Fold_04","Lithology4",-0.000234349131042569
"RF","Repeat_16_Fold_04",16,"Fold_04","Dist_Fault",0.00116614118990464
"RF","Repeat_16_Fold_04",16,"Fold_04","Dist_Silicified",0.00145633695395888
"RF","Repeat_16_Fold_04",16,"Fold_04","Dist_Brecciated",0.000680384108668036
"RF","Repeat_16_Fold_05",16,"Fold_05","Pb_OK",0.0179270305068378
"RF","Repeat_16_Fold_05",16,"Fold_05","Zn_OK",0.000450385194217524
"RF","Repeat_16_Fold_05",16,"Fold_05","Cu_OK",0.00314934019174945
"RF","Repeat_16_Fold_05",16,"Fold_05","Lithology1",0
"RF","Repeat_16_Fold_05",16,"Fold_05","Lithology2",-4.97542997542998e-05
"RF","Repeat_16_Fold_05",16,"Fold_05","Lithology3",-3.01625154566331e-05
"RF","Repeat_16_Fold_05",16,"Fold_05","Lithology4",0
"RF","Repeat_16_Fold_05",16,"Fold_05","Dist_Fault",0.00123554714893587
"RF","Repeat_16_Fold_05",16,"Fold_05","Dist_Silicified",0.00183166759418058
"RF","Repeat_16_Fold_05",16,"Fold_05","Dist_Brecciated",0.0022647275995123
"RF","Repeat_17_Fold_01",17,"Fold_01","Pb_OK",0.000746754365943281
"RF","Repeat_17_Fold_01",17,"Fold_01","Zn_OK",0.000650611078723064
"RF","Repeat_17_Fold_01",17,"Fold_01","Cu_OK",0.000182033932166183
"RF","Repeat_17_Fold_01",17,"Fold_01","Lithology1",-0.000243400439255999
"RF","Repeat_17_Fold_01",17,"Fold_01","Lithology2",0.000457517615774827
"RF","Repeat_17_Fold_01",17,"Fold_01","Lithology3",0.00092803007024492
"RF","Repeat_17_Fold_01",17,"Fold_01","Lithology4",6.74597905441745e-05
"RF","Repeat_17_Fold_01",17,"Fold_01","Dist_Fault",-7.8221256368215e-05
"RF","Repeat_17_Fold_01",17,"Fold_01","Dist_Silicified",0.00163787440563148
"RF","Repeat_17_Fold_01",17,"Fold_01","Dist_Brecciated",0.000197405892663893
"RF","Repeat_17_Fold_02",17,"Fold_02","Pb_OK",0.00102688201841884
"RF","Repeat_17_Fold_02",17,"Fold_02","Zn_OK",0.00389674381811618
"RF","Repeat_17_Fold_02",17,"Fold_02","Cu_OK",0.000836115770631227
"RF","Repeat_17_Fold_02",17,"Fold_02","Lithology1",2.61186519037474e-05
"RF","Repeat_17_Fold_02",17,"Fold_02","Lithology2",0.00110478989298615
"RF","Repeat_17_Fold_02",17,"Fold_02","Lithology3",0.00109810306135419
"RF","Repeat_17_Fold_02",17,"Fold_02","Lithology4",0.000249267029318128
"RF","Repeat_17_Fold_02",17,"Fold_02","Dist_Fault",0.000529279190122921
"RF","Repeat_17_Fold_02",17,"Fold_02","Dist_Silicified",0.00254594658443731
"RF","Repeat_17_Fold_02",17,"Fold_02","Dist_Brecciated",0.000608016939501211
"RF","Repeat_17_Fold_03",17,"Fold_03","Pb_OK",0.00211461354722784
"RF","Repeat_17_Fold_03",17,"Fold_03","Zn_OK",0.000972130660535746
"RF","Repeat_17_Fold_03",17,"Fold_03","Cu_OK",-0.000100773162853248
"RF","Repeat_17_Fold_03",17,"Fold_03","Lithology1",-2.17084973527399e-05
"RF","Repeat_17_Fold_03",17,"Fold_03","Lithology2",0.000322339157552345
"RF","Repeat_17_Fold_03",17,"Fold_03","Lithology3",0.000474808853329824
"RF","Repeat_17_Fold_03",17,"Fold_03","Lithology4",9.77336277387636e-05
"RF","Repeat_17_Fold_03",17,"Fold_03","Lithology5",0
"RF","Repeat_17_Fold_03",17,"Fold_03","Dist_Fault",1.5600751664948e-05
"RF","Repeat_17_Fold_03",17,"Fold_03","Dist_Silicified",0.00073725822691326
"RF","Repeat_17_Fold_03",17,"Fold_03","Dist_Brecciated",0.000534678993023222
"RF","Repeat_17_Fold_04",17,"Fold_04","Pb_OK",0.000978456554477012
"RF","Repeat_17_Fold_04",17,"Fold_04","Zn_OK",0.00104148745600603
"RF","Repeat_17_Fold_04",17,"Fold_04","Cu_OK",-0.000224455343436052
"RF","Repeat_17_Fold_04",17,"Fold_04","Lithology1",-9.24659911128436e-05
"RF","Repeat_17_Fold_04",17,"Fold_04","Lithology2",0.000178754781859729
"RF","Repeat_17_Fold_04",17,"Fold_04","Lithology3",0.000188366634691518
"RF","Repeat_17_Fold_04",17,"Fold_04","Lithology4",0.000121741629490494
"RF","Repeat_17_Fold_04",17,"Fold_04","Dist_Fault",-0.00142741931148919
"RF","Repeat_17_Fold_04",17,"Fold_04","Dist_Silicified",0.00262664039761298
"RF","Repeat_17_Fold_04",17,"Fold_04","Dist_Brecciated",-0.00102388444135557
"RF","Repeat_17_Fold_05",17,"Fold_05","Pb_OK",0.00176883197850344
"RF","Repeat_17_Fold_05",17,"Fold_05","Zn_OK",0.00165448255057914
"RF","Repeat_17_Fold_05",17,"Fold_05","Cu_OK",0.000128945239287208
"RF","Repeat_17_Fold_05",17,"Fold_05","Lithology1",-8.75709939306432e-05
"RF","Repeat_17_Fold_05",17,"Fold_05","Lithology2",0.000146143067297996
"RF","Repeat_17_Fold_05",17,"Fold_05","Lithology3",0.000257270116068958
"RF","Repeat_17_Fold_05",17,"Fold_05","Lithology4",0.000101838280682175
"RF","Repeat_17_Fold_05",17,"Fold_05","Dist_Fault",-0.000529976824750802
"RF","Repeat_17_Fold_05",17,"Fold_05","Dist_Silicified",5.84773678322096e-05
"RF","Repeat_17_Fold_05",17,"Fold_05","Dist_Brecciated",6.25633481305909e-06
"RF","Repeat_18_Fold_01",18,"Fold_01","Pb_OK",0.000976207822761526
"RF","Repeat_18_Fold_01",18,"Fold_01","Zn_OK",0.000709957978360831
"RF","Repeat_18_Fold_01",18,"Fold_01","Cu_OK",0.00115165918512829
"RF","Repeat_18_Fold_01",18,"Fold_01","Lithology1",-0.000298383974579454
"RF","Repeat_18_Fold_01",18,"Fold_01","Lithology2",0.000214388594749709
"RF","Repeat_18_Fold_01",18,"Fold_01","Lithology3",-0.000269913791769019
"RF","Repeat_18_Fold_01",18,"Fold_01","Lithology4",-3.60589192900318e-06
"RF","Repeat_18_Fold_01",18,"Fold_01","Lithology5",0
"RF","Repeat_18_Fold_01",18,"Fold_01","Dist_Fault",-0.000435581887667925
"RF","Repeat_18_Fold_01",18,"Fold_01","Dist_Silicified",0.00252811326310354
"RF","Repeat_18_Fold_01",18,"Fold_01","Dist_Brecciated",0.000899145328462517
"RF","Repeat_18_Fold_02",18,"Fold_02","Pb_OK",0.00142159310135616
"RF","Repeat_18_Fold_02",18,"Fold_02","Zn_OK",0.00061600522422126
"RF","Repeat_18_Fold_02",18,"Fold_02","Cu_OK",0.000273715158884079
"RF","Repeat_18_Fold_02",18,"Fold_02","Lithology1",-0.000169307237427465
"RF","Repeat_18_Fold_02",18,"Fold_02","Lithology2",-2.99415057372521e-06
"RF","Repeat_18_Fold_02",18,"Fold_02","Lithology3",-0.00013905971639257
"RF","Repeat_18_Fold_02",18,"Fold_02","Lithology4",-3.63684719462004e-05
"RF","Repeat_18_Fold_02",18,"Fold_02","Lithology5",0
"RF","Repeat_18_Fold_02",18,"Fold_02","Dist_Fault",6.25765315871227e-05
"RF","Repeat_18_Fold_02",18,"Fold_02","Dist_Silicified",0.00248221719077051
"RF","Repeat_18_Fold_02",18,"Fold_02","Dist_Brecciated",0.00104793462846039
"RF","Repeat_18_Fold_03",18,"Fold_03","Pb_OK",0.00839186442026555
"RF","Repeat_18_Fold_03",18,"Fold_03","Zn_OK",-5.34680372390753e-05
"RF","Repeat_18_Fold_03",18,"Fold_03","Cu_OK",0.000821611042388178
"RF","Repeat_18_Fold_03",18,"Fold_03","Lithology1",1.63404255319149e-05
"RF","Repeat_18_Fold_03",18,"Fold_03","Lithology2",-2.8490028490028e-06
"RF","Repeat_18_Fold_03",18,"Fold_03","Lithology3",-0.000108831713678205
"RF","Repeat_18_Fold_03",18,"Fold_03","Lithology4",0
"RF","Repeat_18_Fold_03",18,"Fold_03","Dist_Fault",-0.000150749749470261
"RF","Repeat_18_Fold_03",18,"Fold_03","Dist_Silicified",0.00392390823178147
"RF","Repeat_18_Fold_03",18,"Fold_03","Dist_Brecciated",0.0045478118878803
"RF","Repeat_18_Fold_04",18,"Fold_04","Pb_OK",0.000674349587649476
"RF","Repeat_18_Fold_04",18,"Fold_04","Zn_OK",0.000307182866902218
"RF","Repeat_18_Fold_04",18,"Fold_04","Cu_OK",-4.05581966138159e-05
"RF","Repeat_18_Fold_04",18,"Fold_04","Lithology1",-0.000244515648031333
"RF","Repeat_18_Fold_04",18,"Fold_04","Lithology2",-0.00012001301091395
"RF","Repeat_18_Fold_04",18,"Fold_04","Lithology3",-0.000218411417669748
"RF","Repeat_18_Fold_04",18,"Fold_04","Lithology4",-0.000270463517370254
"RF","Repeat_18_Fold_04",18,"Fold_04","Lithology5",0
"RF","Repeat_18_Fold_04",18,"Fold_04","Dist_Fault",-0.00020537036888956
"RF","Repeat_18_Fold_04",18,"Fold_04","Dist_Silicified",0.00297943250125339
"RF","Repeat_18_Fold_04",18,"Fold_04","Dist_Brecciated",0.000709238158960435
"RF","Repeat_18_Fold_05",18,"Fold_05","Pb_OK",0.00345494739123228
"RF","Repeat_18_Fold_05",18,"Fold_05","Zn_OK",0.000698766773521807
"RF","Repeat_18_Fold_05",18,"Fold_05","Cu_OK",0.000615859596823089
"RF","Repeat_18_Fold_05",18,"Fold_05","Lithology1",-0.000266914973237016
"RF","Repeat_18_Fold_05",18,"Fold_05","Lithology2",-0.000105442928891582
"RF","Repeat_18_Fold_05",18,"Fold_05","Lithology3",-5.75476883267917e-05
"RF","Repeat_18_Fold_05",18,"Fold_05","Lithology4",7.38272554907016e-06
"RF","Repeat_18_Fold_05",18,"Fold_05","Dist_Fault",0.000206648326290853
"RF","Repeat_18_Fold_05",18,"Fold_05","Dist_Silicified",0.00105289851703603
"RF","Repeat_18_Fold_05",18,"Fold_05","Dist_Brecciated",0.00124488167258009
"RF","Repeat_19_Fold_01",19,"Fold_01","Pb_OK",0.000652825079627616
"RF","Repeat_19_Fold_01",19,"Fold_01","Zn_OK",0.000202601990286096
"RF","Repeat_19_Fold_01",19,"Fold_01","Cu_OK",0.00017488472551852
"RF","Repeat_19_Fold_01",19,"Fold_01","Lithology1",-6.56888389689995e-05
"RF","Repeat_19_Fold_01",19,"Fold_01","Lithology2",-2.74640592262394e-05
"RF","Repeat_19_Fold_01",19,"Fold_01","Lithology3",0.000261291505427997
"RF","Repeat_19_Fold_01",19,"Fold_01","Lithology4",-0.000139945026532575
"RF","Repeat_19_Fold_01",19,"Fold_01","Dist_Fault",0.00035016439840489
"RF","Repeat_19_Fold_01",19,"Fold_01","Dist_Silicified",0.00065572836383959
"RF","Repeat_19_Fold_01",19,"Fold_01","Dist_Brecciated",0.000756508009676949
"RF","Repeat_19_Fold_02",19,"Fold_02","Pb_OK",0.000105172930404012
"RF","Repeat_19_Fold_02",19,"Fold_02","Zn_OK",0.00236620669955363
"RF","Repeat_19_Fold_02",19,"Fold_02","Cu_OK",0.00150888317037759
"RF","Repeat_19_Fold_02",19,"Fold_02","Lithology1",-0.000153156319435216
"RF","Repeat_19_Fold_02",19,"Fold_02","Lithology2",-4.91172038692952e-05
"RF","Repeat_19_Fold_02",19,"Fold_02","Lithology3",-0.00010374242575145
"RF","Repeat_19_Fold_02",19,"Fold_02","Lithology4",-3.87497743029123e-05
"RF","Repeat_19_Fold_02",19,"Fold_02","Dist_Fault",-0.000613151543918098
"RF","Repeat_19_Fold_02",19,"Fold_02","Dist_Silicified",0.00240892257476284
"RF","Repeat_19_Fold_02",19,"Fold_02","Dist_Brecciated",6.72911497850663e-05
"RF","Repeat_19_Fold_03",19,"Fold_03","Pb_OK",0.00166511180962815
"RF","Repeat_19_Fold_03",19,"Fold_03","Zn_OK",0.000841876273429186
"RF","Repeat_19_Fold_03",19,"Fold_03","Cu_OK",0.00117967597839325
"RF","Repeat_19_Fold_03",19,"Fold_03","Lithology1",-7.16574270483183e-06
"RF","Repeat_19_Fold_03",19,"Fold_03","Lithology2",0.000134936652508531
"RF","Repeat_19_Fold_03",19,"Fold_03","Lithology3",5.00515591719473e-05
"RF","Repeat_19_Fold_03",19,"Fold_03","Lithology4",-0.000133772320107958
"RF","Repeat_19_Fold_03",19,"Fold_03","Lithology5",0
"RF","Repeat_19_Fold_03",19,"Fold_03","Dist_Fault",-0.000295866096683299
"RF","Repeat_19_Fold_03",19,"Fold_03","Dist_Silicified",0.000829912258283523
"RF","Repeat_19_Fold_03",19,"Fold_03","Dist_Brecciated",9.1418395690786e-05
"RF","Repeat_19_Fold_04",19,"Fold_04","Pb_OK",0.00930387927084845
"RF","Repeat_19_Fold_04",19,"Fold_04","Zn_OK",-0.000294291524849902
"RF","Repeat_19_Fold_04",19,"Fold_04","Cu_OK",-0.000275881808932277
"RF","Repeat_19_Fold_04",19,"Fold_04","Lithology1",0
"RF","Repeat_19_Fold_04",19,"Fold_04","Lithology2",0
"RF","Repeat_19_Fold_04",19,"Fold_04","Lithology3",-5.26315789473685e-05
"RF","Repeat_19_Fold_04",19,"Fold_04","Lithology4",0
"RF","Repeat_19_Fold_04",19,"Fold_04","Lithology5",0
"RF","Repeat_19_Fold_04",19,"Fold_04","Dist_Fault",-0.000372655741665942
"RF","Repeat_19_Fold_04",19,"Fold_04","Dist_Silicified",0.00656974396785492
"RF","Repeat_19_Fold_04",19,"Fold_04","Dist_Brecciated",4.08926764153203e-05
"RF","Repeat_19_Fold_05",19,"Fold_05","Pb_OK",0.00132963505046734
"RF","Repeat_19_Fold_05",19,"Fold_05","Zn_OK",0.00102192668723757
"RF","Repeat_19_Fold_05",19,"Fold_05","Cu_OK",0.00149376792134845
"RF","Repeat_19_Fold_05",19,"Fold_05","Lithology1",-5.38900152666943e-05
"RF","Repeat_19_Fold_05",19,"Fold_05","Lithology2",8.57335725441103e-05
"RF","Repeat_19_Fold_05",19,"Fold_05","Lithology3",2.74703822368838e-06
"RF","Repeat_19_Fold_05",19,"Fold_05","Lithology4",-0.00017292491237877
"RF","Repeat_19_Fold_05",19,"Fold_05","Dist_Fault",0.000338790652173408
"RF","Repeat_19_Fold_05",19,"Fold_05","Dist_Silicified",0.000818328005840224
"RF","Repeat_19_Fold_05",19,"Fold_05","Dist_Brecciated",0.000660278099922045
"RF","Repeat_20_Fold_01",20,"Fold_01","Pb_OK",0.00163796731338171
"RF","Repeat_20_Fold_01",20,"Fold_01","Zn_OK",0.00219420568562333
"RF","Repeat_20_Fold_01",20,"Fold_01","Cu_OK",0.00316417251542902
"RF","Repeat_20_Fold_01",20,"Fold_01","Lithology1",-6.58383813309458e-05
"RF","Repeat_20_Fold_01",20,"Fold_01","Lithology2",0.000210801563689079
"RF","Repeat_20_Fold_01",20,"Fold_01","Lithology3",8.50674197483946e-05
"RF","Repeat_20_Fold_01",20,"Fold_01","Lithology4",-0.000124180874048852
"RF","Repeat_20_Fold_01",20,"Fold_01","Dist_Fault",0.000824531024573508
"RF","Repeat_20_Fold_01",20,"Fold_01","Dist_Silicified",0.00312634623436046
"RF","Repeat_20_Fold_01",20,"Fold_01","Dist_Brecciated",0.00103037382818873
"RF","Repeat_20_Fold_02",20,"Fold_02","Pb_OK",0.00134427389804967
"RF","Repeat_20_Fold_02",20,"Fold_02","Zn_OK",0.00321226215696525
"RF","Repeat_20_Fold_02",20,"Fold_02","Cu_OK",0.00158168646120875
"RF","Repeat_20_Fold_02",20,"Fold_02","Lithology1",-4.73048542599087e-05
"RF","Repeat_20_Fold_02",20,"Fold_02","Lithology2",1.86309029395587e-05
"RF","Repeat_20_Fold_02",20,"Fold_02","Lithology3",5.91471569683496e-05
"RF","Repeat_20_Fold_02",20,"Fold_02","Lithology4",9.59241289067545e-05
"RF","Repeat_20_Fold_02",20,"Fold_02","Dist_Fault",0.000837234651708135
"RF","Repeat_20_Fold_02",20,"Fold_02","Dist_Silicified",0.00301252844407818
"RF","Repeat_20_Fold_02",20,"Fold_02","Dist_Brecciated",0.00216740549944585
"RF","Repeat_20_Fold_03",20,"Fold_03","Pb_OK",0.00220541598457702
"RF","Repeat_20_Fold_03",20,"Fold_03","Zn_OK",0.00120589599796646
"RF","Repeat_20_Fold_03",20,"Fold_03","Cu_OK",0.000878689126158609
"RF","Repeat_20_Fold_03",20,"Fold_03","Lithology1",-9.41954201270387e-05
"RF","Repeat_20_Fold_03",20,"Fold_03","Lithology2",-0.000181709923089475
"RF","Repeat_20_Fold_03",20,"Fold_03","Lithology3",-0.000364558192575546
"RF","Repeat_20_Fold_03",20,"Fold_03","Lithology4",-2.20418641826691e-05
"RF","Repeat_20_Fold_03",20,"Fold_03","Dist_Fault",-0.000862666087045212
"RF","Repeat_20_Fold_03",20,"Fold_03","Dist_Silicified",-5.40530077999304e-05
"RF","Repeat_20_Fold_03",20,"Fold_03","Dist_Brecciated",-9.96756645940603e-05
"RF","Repeat_20_Fold_04",20,"Fold_04","Pb_OK",0.00517482871957419
"RF","Repeat_20_Fold_04",20,"Fold_04","Zn_OK",0.000791094092437507
"RF","Repeat_20_Fold_04",20,"Fold_04","Cu_OK",0.000592435321911764
"RF","Repeat_20_Fold_04",20,"Fold_04","Lithology1",0
"RF","Repeat_20_Fold_04",20,"Fold_04","Lithology2",0
"RF","Repeat_20_Fold_04",20,"Fold_04","Lithology3",0
"RF","Repeat_20_Fold_04",20,"Fold_04","Lithology4",0
"RF","Repeat_20_Fold_04",20,"Fold_04","Dist_Fault",0.000657147557141411
"RF","Repeat_20_Fold_04",20,"Fold_04","Dist_Silicified",0.0175440804721947
"RF","Repeat_20_Fold_04",20,"Fold_04","Dist_Brecciated",-0.000545139611806165
"RF","Repeat_20_Fold_05",20,"Fold_05","Pb_OK",0.00273763314702561
"RF","Repeat_20_Fold_05",20,"Fold_05","Zn_OK",0.000827757814324344
"RF","Repeat_20_Fold_05",20,"Fold_05","Cu_OK",0.000286626111909267
"RF","Repeat_20_Fold_05",20,"Fold_05","Lithology1",-0.000108314239712219
"RF","Repeat_20_Fold_05",20,"Fold_05","Lithology2",6.6774199098335e-05
"RF","Repeat_20_Fold_05",20,"Fold_05","Lithology3",-1.05812913341217e-05
"RF","Repeat_20_Fold_05",20,"Fold_05","Lithology4",-2.03930600783128e-05
"RF","Repeat_20_Fold_05",20,"Fold_05","Dist_Fault",-6.2843807711028e-05
"RF","Repeat_20_Fold_05",20,"Fold_05","Dist_Silicified",0.000210824495576099
"RF","Repeat_20_Fold_05",20,"Fold_05","Dist_Brecciated",0.000753615320320017
"RF","Repeat_21_Fold_01",21,"Fold_01","Pb_OK",4.2272308294159e-06
"RF","Repeat_21_Fold_01",21,"Fold_01","Zn_OK",0.00139170449335632
"RF","Repeat_21_Fold_01",21,"Fold_01","Cu_OK",0.00161686164451305
"RF","Repeat_21_Fold_01",21,"Fold_01","Lithology1",2.63812813634955e-05
"RF","Repeat_21_Fold_01",21,"Fold_01","Lithology2",0.000805929840173479
"RF","Repeat_21_Fold_01",21,"Fold_01","Lithology3",0.000215921010722814
"RF","Repeat_21_Fold_01",21,"Fold_01","Lithology4",-4.62557920620365e-05
"RF","Repeat_21_Fold_01",21,"Fold_01","Dist_Fault",0.000125280887532532
"RF","Repeat_21_Fold_01",21,"Fold_01","Dist_Silicified",0.00271589973722673
"RF","Repeat_21_Fold_01",21,"Fold_01","Dist_Brecciated",0.000765867178469678
"RF","Repeat_21_Fold_02",21,"Fold_02","Pb_OK",-0.000428792911180995
"RF","Repeat_21_Fold_02",21,"Fold_02","Zn_OK",0.00175317282498351
"RF","Repeat_21_Fold_02",21,"Fold_02","Cu_OK",2.0717258395934e-05
"RF","Repeat_21_Fold_02",21,"Fold_02","Lithology1",-6.99888187898017e-05
"RF","Repeat_21_Fold_02",21,"Fold_02","Lithology2",-3.42832468677468e-06
"RF","Repeat_21_Fold_02",21,"Fold_02","Lithology3",0.000406972686484592
"RF","Repeat_21_Fold_02",21,"Fold_02","Lithology4",-0.00020267547440163
"RF","Repeat_21_Fold_02",21,"Fold_02","Dist_Fault",0.000664352039214105
"RF","Repeat_21_Fold_02",21,"Fold_02","Dist_Silicified",0.000498284016735015
"RF","Repeat_21_Fold_02",21,"Fold_02","Dist_Brecciated",2.92372057096065e-05
"RF","Repeat_21_Fold_03",21,"Fold_03","Pb_OK",0.00291667073285198
"RF","Repeat_21_Fold_03",21,"Fold_03","Zn_OK",0.00114972877626335
"RF","Repeat_21_Fold_03",21,"Fold_03","Cu_OK",0.00242443676648679
"RF","Repeat_21_Fold_03",21,"Fold_03","Lithology1",1.61041958600289e-05
"RF","Repeat_21_Fold_03",21,"Fold_03","Lithology2",-8.21457656877425e-05
"RF","Repeat_21_Fold_03",21,"Fold_03","Lithology3",0.000284825052281567
"RF","Repeat_21_Fold_03",21,"Fold_03","Lithology4",4.8805398278306e-05
"RF","Repeat_21_Fold_03",21,"Fold_03","Dist_Fault",0.00223809674452398
"RF","Repeat_21_Fold_03",21,"Fold_03","Dist_Silicified",0.000352876247929884
"RF","Repeat_21_Fold_03",21,"Fold_03","Dist_Brecciated",0.00116296409052287
"RF","Repeat_21_Fold_04",21,"Fold_04","Pb_OK",0.000870313129106463
"RF","Repeat_21_Fold_04",21,"Fold_04","Zn_OK",0.000751764426330039
"RF","Repeat_21_Fold_04",21,"Fold_04","Cu_OK",0.000939269080899327
"RF","Repeat_21_Fold_04",21,"Fold_04","Lithology1",-5.67208097174273e-05
"RF","Repeat_21_Fold_04",21,"Fold_04","Lithology2",-0.000155739596556538
"RF","Repeat_21_Fold_04",21,"Fold_04","Lithology3",0.000108721188316596
"RF","Repeat_21_Fold_04",21,"Fold_04","Lithology4",3.56664013891441e-05
"RF","Repeat_21_Fold_04",21,"Fold_04","Dist_Fault",0.001005560043418
"RF","Repeat_21_Fold_04",21,"Fold_04","Dist_Silicified",0.00246682569982009
"RF","Repeat_21_Fold_04",21,"Fold_04","Dist_Brecciated",0.0005328598105609
"RF","Repeat_21_Fold_05",21,"Fold_05","Pb_OK",0.00122026979601267
"RF","Repeat_21_Fold_05",21,"Fold_05","Zn_OK",0.000566137207145692
"RF","Repeat_21_Fold_05",21,"Fold_05","Cu_OK",0.00159844389044699
"RF","Repeat_21_Fold_05",21,"Fold_05","Lithology1",-4.39016130514271e-05
"RF","Repeat_21_Fold_05",21,"Fold_05","Lithology2",8.36453884320913e-05
"RF","Repeat_21_Fold_05",21,"Fold_05","Lithology3",3.37345687370735e-05
"RF","Repeat_21_Fold_05",21,"Fold_05","Lithology4",-2.11528733106243e-05
"RF","Repeat_21_Fold_05",21,"Fold_05","Dist_Fault",0.00109644783952585
"RF","Repeat_21_Fold_05",21,"Fold_05","Dist_Silicified",0.000439692713563724
"RF","Repeat_21_Fold_05",21,"Fold_05","Dist_Brecciated",0.000818152663202949
"RF","Repeat_22_Fold_01",22,"Fold_01","Pb_OK",0.000878189162038807
"RF","Repeat_22_Fold_01",22,"Fold_01","Zn_OK",0.00136058683096333
"RF","Repeat_22_Fold_01",22,"Fold_01","Cu_OK",0.00126668145484218
"RF","Repeat_22_Fold_01",22,"Fold_01","Lithology1",9.75793402915537e-06
"RF","Repeat_22_Fold_01",22,"Fold_01","Lithology2",9.99626644961082e-06
"RF","Repeat_22_Fold_01",22,"Fold_01","Lithology3",0.000258408243496842
"RF","Repeat_22_Fold_01",22,"Fold_01","Lithology4",2.70043654523726e-05
"RF","Repeat_22_Fold_01",22,"Fold_01","Lithology5",0
"RF","Repeat_22_Fold_01",22,"Fold_01","Dist_Fault",0.00104011271280196
"RF","Repeat_22_Fold_01",22,"Fold_01","Dist_Silicified",0.00143505215862134
"RF","Repeat_22_Fold_01",22,"Fold_01","Dist_Brecciated",0.00119321569060255
"RF","Repeat_22_Fold_02",22,"Fold_02","Pb_OK",0.00243511549741645
"RF","Repeat_22_Fold_02",22,"Fold_02","Zn_OK",0.00295494704819501
"RF","Repeat_22_Fold_02",22,"Fold_02","Cu_OK",0.0017619652300943
"RF","Repeat_22_Fold_02",22,"Fold_02","Lithology1",-5.65035307328535e-05
"RF","Repeat_22_Fold_02",22,"Fold_02","Lithology2",0.000225621478448128
"RF","Repeat_22_Fold_02",22,"Fold_02","Lithology3",4.35059558030413e-05
"RF","Repeat_22_Fold_02",22,"Fold_02","Lithology4",-0.000181326259523236
"RF","Repeat_22_Fold_02",22,"Fold_02","Dist_Fault",-0.0001022897321571
"RF","Repeat_22_Fold_02",22,"Fold_02","Dist_Silicified",0.00231319080375219
"RF","Repeat_22_Fold_02",22,"Fold_02","Dist_Brecciated",0.00133056419321772
"RF","Repeat_22_Fold_03",22,"Fold_03","Pb_OK",0.00164631655990747
"RF","Repeat_22_Fold_03",22,"Fold_03","Zn_OK",0.00174512950587805
"RF","Repeat_22_Fold_03",22,"Fold_03","Cu_OK",0.00112490973328255
"RF","Repeat_22_Fold_03",22,"Fold_03","Lithology1",0.000114644160897239
"RF","Repeat_22_Fold_03",22,"Fold_03","Lithology2",0.000237329654418073
"RF","Repeat_22_Fold_03",22,"Fold_03","Lithology3",0.000463756261524964
"RF","Repeat_22_Fold_03",22,"Fold_03","Lithology4",-7.82725442735288e-05
"RF","Repeat_22_Fold_03",22,"Fold_03","Lithology5",0
"RF","Repeat_22_Fold_03",22,"Fold_03","Dist_Fault",0.00132886381162118
"RF","Repeat_22_Fold_03",22,"Fold_03","Dist_Silicified",0.00165602565684434
"RF","Repeat_22_Fold_03",22,"Fold_03","Dist_Brecciated",0.000533732766794982
"RF","Repeat_22_Fold_04",22,"Fold_04","Pb_OK",0.00308020020830565
"RF","Repeat_22_Fold_04",22,"Fold_04","Zn_OK",0.00200544081852881
"RF","Repeat_22_Fold_04",22,"Fold_04","Cu_OK",0.000103937506862898
"RF","Repeat_22_Fold_04",22,"Fold_04","Lithology1",-0.000141113082521638
"RF","Repeat_22_Fold_04",22,"Fold_04","Lithology2",0.000118692226367354
"RF","Repeat_22_Fold_04",22,"Fold_04","Lithology3",0.000258524702626821
"RF","Repeat_22_Fold_04",22,"Fold_04","Lithology4",-4.74078410553884e-05
"RF","Repeat_22_Fold_04",22,"Fold_04","Lithology5",0.000220544626568846
"RF","Repeat_22_Fold_04",22,"Fold_04","Dist_Fault",0.0014291046942734
"RF","Repeat_22_Fold_04",22,"Fold_04","Dist_Silicified",0.00285342483495959
"RF","Repeat_22_Fold_04",22,"Fold_04","Dist_Brecciated",0.000389878300556351
"RF","Repeat_22_Fold_05",22,"Fold_05","Pb_OK",0.00114415307616092
"RF","Repeat_22_Fold_05",22,"Fold_05","Zn_OK",0.00122958494746183
"RF","Repeat_22_Fold_05",22,"Fold_05","Cu_OK",0.000735030360356581
"RF","Repeat_22_Fold_05",22,"Fold_05","Lithology1",-8.88999072089269e-06
"RF","Repeat_22_Fold_05",22,"Fold_05","Lithology2",0.000122083037203124
"RF","Repeat_22_Fold_05",22,"Fold_05","Lithology3",1.07792096265457e-05
"RF","Repeat_22_Fold_05",22,"Fold_05","Lithology4",-4.52684682978538e-05
"RF","Repeat_22_Fold_05",22,"Fold_05","Lithology5",0
"RF","Repeat_22_Fold_05",22,"Fold_05","Dist_Fault",-0.000589682719424924
"RF","Repeat_22_Fold_05",22,"Fold_05","Dist_Silicified",0.00119550149733049
"RF","Repeat_22_Fold_05",22,"Fold_05","Dist_Brecciated",0.00126314948587861
"RF","Repeat_23_Fold_01",23,"Fold_01","Pb_OK",0.000520184016116027
"RF","Repeat_23_Fold_01",23,"Fold_01","Zn_OK",0.00117671987646867
"RF","Repeat_23_Fold_01",23,"Fold_01","Cu_OK",0.00169176129280927
"RF","Repeat_23_Fold_01",23,"Fold_01","Lithology1",9.72040433590327e-05
"RF","Repeat_23_Fold_01",23,"Fold_01","Lithology2",6.43674504423863e-06
"RF","Repeat_23_Fold_01",23,"Fold_01","Lithology3",0.000203858082325897
"RF","Repeat_23_Fold_01",23,"Fold_01","Lithology4",2.08401791084617e-05
"RF","Repeat_23_Fold_01",23,"Fold_01","Dist_Fault",0.00198060435407906
"RF","Repeat_23_Fold_01",23,"Fold_01","Dist_Silicified",0.00471252727717413
"RF","Repeat_23_Fold_01",23,"Fold_01","Dist_Brecciated",0.00165081253192121
"RF","Repeat_23_Fold_02",23,"Fold_02","Pb_OK",0.00293979076401563
"RF","Repeat_23_Fold_02",23,"Fold_02","Zn_OK",0.00412083547494238
"RF","Repeat_23_Fold_02",23,"Fold_02","Cu_OK",0.00241103176309468
"RF","Repeat_23_Fold_02",23,"Fold_02","Lithology1",-2.28225471175166e-05
"RF","Repeat_23_Fold_02",23,"Fold_02","Lithology2",-0.000125628485311122
"RF","Repeat_23_Fold_02",23,"Fold_02","Lithology3",-0.000245570862012478
"RF","Repeat_23_Fold_02",23,"Fold_02","Lithology4",2.56410256410256e-05
"RF","Repeat_23_Fold_02",23,"Fold_02","Lithology5",0
"RF","Repeat_23_Fold_02",23,"Fold_02","Dist_Fault",0.0020499687145512
"RF","Repeat_23_Fold_02",23,"Fold_02","Dist_Silicified",0.00369683546683014
"RF","Repeat_23_Fold_02",23,"Fold_02","Dist_Brecciated",0.00549102683769521
"RF","Repeat_23_Fold_03",23,"Fold_03","Pb_OK",0.00362122157775869
"RF","Repeat_23_Fold_03",23,"Fold_03","Zn_OK",0.00125878952711011
"RF","Repeat_23_Fold_03",23,"Fold_03","Cu_OK",0.00399714522882337
"RF","Repeat_23_Fold_03",23,"Fold_03","Lithology1",-7.32523137613897e-05
"RF","Repeat_23_Fold_03",23,"Fold_03","Lithology2",-5.65162576428233e-05
"RF","Repeat_23_Fold_03",23,"Fold_03","Lithology3",8.42077631087321e-05
"RF","Repeat_23_Fold_03",23,"Fold_03","Lithology4",-4.18924244086221e-05
"RF","Repeat_23_Fold_03",23,"Fold_03","Dist_Fault",0.0036238132067364
"RF","Repeat_23_Fold_03",23,"Fold_03","Dist_Silicified",0.00224750582210045
"RF","Repeat_23_Fold_03",23,"Fold_03","Dist_Brecciated",0.00163247603889331
"RF","Repeat_23_Fold_04",23,"Fold_04","Pb_OK",0.00573598291509493
"RF","Repeat_23_Fold_04",23,"Fold_04","Zn_OK",-0.000221663242019279
"RF","Repeat_23_Fold_04",23,"Fold_04","Cu_OK",-0.000144978071839905
"RF","Repeat_23_Fold_04",23,"Fold_04","Lithology1",0
"RF","Repeat_23_Fold_04",23,"Fold_04","Lithology2",-2.5e-05
"RF","Repeat_23_Fold_04",23,"Fold_04","Lithology3",-4.90543735224587e-05
"RF","Repeat_23_Fold_04",23,"Fold_04","Lithology4",0
"RF","Repeat_23_Fold_04",23,"Fold_04","Dist_Fault",-0.000189481497320692
"RF","Repeat_23_Fold_04",23,"Fold_04","Dist_Silicified",0.0177481434857812
"RF","Repeat_23_Fold_04",23,"Fold_04","Dist_Brecciated",-0.000690881092047988
"RF","Repeat_23_Fold_05",23,"Fold_05","Pb_OK",0.00390347086741546
"RF","Repeat_23_Fold_05",23,"Fold_05","Zn_OK",0.000930270924216112
"RF","Repeat_23_Fold_05",23,"Fold_05","Cu_OK",0.00229706259466924
"RF","Repeat_23_Fold_05",23,"Fold_05","Lithology1",-2.82041701508161e-05
"RF","Repeat_23_Fold_05",23,"Fold_05","Lithology2",-8.36009747131717e-05
"RF","Repeat_23_Fold_05",23,"Fold_05","Lithology3",0.000591415325102279
"RF","Repeat_23_Fold_05",23,"Fold_05","Lithology4",-0.000338700231085056
"RF","Repeat_23_Fold_05",23,"Fold_05","Dist_Fault",0.00147305760896666
"RF","Repeat_23_Fold_05",23,"Fold_05","Dist_Silicified",0.00131115284834333
"RF","Repeat_23_Fold_05",23,"Fold_05","Dist_Brecciated",0.00185596966202889
"RF","Repeat_24_Fold_01",24,"Fold_01","Pb_OK",0.000550469305100546
"RF","Repeat_24_Fold_01",24,"Fold_01","Zn_OK",0.00180727278641127
"RF","Repeat_24_Fold_01",24,"Fold_01","Cu_OK",0.00082482228801247
"RF","Repeat_24_Fold_01",24,"Fold_01","Lithology1",1.50698307691842e-05
"RF","Repeat_24_Fold_01",24,"Fold_01","Lithology2",1.95008281153319e-06
"RF","Repeat_24_Fold_01",24,"Fold_01","Lithology3",0.000528419176326543
"RF","Repeat_24_Fold_01",24,"Fold_01","Lithology4",-6.85974588588413e-05
"RF","Repeat_24_Fold_01",24,"Fold_01","Lithology5",0
"RF","Repeat_24_Fold_01",24,"Fold_01","Dist_Fault",0.000567417149678692
"RF","Repeat_24_Fold_01",24,"Fold_01","Dist_Silicified",0.000497526738158236
"RF","Repeat_24_Fold_01",24,"Fold_01","Dist_Brecciated",0.000827874813978526
"RF","Repeat_24_Fold_02",24,"Fold_02","Pb_OK",0.00214593840870284
"RF","Repeat_24_Fold_02",24,"Fold_02","Zn_OK",0.00389292915015689
"RF","Repeat_24_Fold_02",24,"Fold_02","Cu_OK",0.00119114788733406
"RF","Repeat_24_Fold_02",24,"Fold_02","Lithology1",-1.86393121575144e-05
"RF","Repeat_24_Fold_02",24,"Fold_02","Lithology2",0.000141193665557259
"RF","Repeat_24_Fold_02",24,"Fold_02","Lithology3",0.000431990725148658
"RF","Repeat_24_Fold_02",24,"Fold_02","Lithology4",-4.0184899367241e-05
"RF","Repeat_24_Fold_02",24,"Fold_02","Dist_Fault",0.000916526162927845
"RF","Repeat_24_Fold_02",24,"Fold_02","Dist_Silicified",0.00165619720761688
"RF","Repeat_24_Fold_02",24,"Fold_02","Dist_Brecciated",0.000243185654437273
"RF","Repeat_24_Fold_03",24,"Fold_03","Pb_OK",0.000980393019497704
"RF","Repeat_24_Fold_03",24,"Fold_03","Zn_OK",0.0029365231567118
"RF","Repeat_24_Fold_03",24,"Fold_03","Cu_OK",0.000832139778668402
"RF","Repeat_24_Fold_03",24,"Fold_03","Lithology1",-2.79414472914363e-05
"RF","Repeat_24_Fold_03",24,"Fold_03","Lithology2",-0.00014103631193887
"RF","Repeat_24_Fold_03",24,"Fold_03","Lithology3",0.000217983210851914
"RF","Repeat_24_Fold_03",24,"Fold_03","Lithology4",-7.05249632024141e-06
"RF","Repeat_24_Fold_03",24,"Fold_03","Dist_Fault",0.000111436548197479
"RF","Repeat_24_Fold_03",24,"Fold_03","Dist_Silicified",0.000396894972341657
"RF","Repeat_24_Fold_03",24,"Fold_03","Dist_Brecciated",0.000473066337836319
"RF","Repeat_24_Fold_04",24,"Fold_04","Pb_OK",0.000987858758280705
"RF","Repeat_24_Fold_04",24,"Fold_04","Zn_OK",0.0012397901538519
"RF","Repeat_24_Fold_04",24,"Fold_04","Cu_OK",-0.000135046056347538
"RF","Repeat_24_Fold_04",24,"Fold_04","Lithology1",-0.000106400514955904
"RF","Repeat_24_Fold_04",24,"Fold_04","Lithology2",-0.000120718531846195
"RF","Repeat_24_Fold_04",24,"Fold_04","Lithology3",-0.000437328409170044
"RF","Repeat_24_Fold_04",24,"Fold_04","Lithology4",-0.000123639775534487
"RF","Repeat_24_Fold_04",24,"Fold_04","Dist_Fault",-0.000338602248309341
"RF","Repeat_24_Fold_04",24,"Fold_04","Dist_Silicified",0.00100510489475097
"RF","Repeat_24_Fold_04",24,"Fold_04","Dist_Brecciated",0.000340259496632515
"RF","Repeat_24_Fold_05",24,"Fold_05","Pb_OK",0.00119682558738023
"RF","Repeat_24_Fold_05",24,"Fold_05","Zn_OK",0.00183874164530843
"RF","Repeat_24_Fold_05",24,"Fold_05","Cu_OK",0.000298290044301311
"RF","Repeat_24_Fold_05",24,"Fold_05","Lithology1",-0.000224266336922727
"RF","Repeat_24_Fold_05",24,"Fold_05","Lithology2",3.86057088764229e-05
"RF","Repeat_24_Fold_05",24,"Fold_05","Lithology3",0.000190203081459809
"RF","Repeat_24_Fold_05",24,"Fold_05","Lithology4",-0.000123679394623173
"RF","Repeat_24_Fold_05",24,"Fold_05","Dist_Fault",0.000322939794725987
"RF","Repeat_24_Fold_05",24,"Fold_05","Dist_Silicified",0.000478450877571836
"RF","Repeat_24_Fold_05",24,"Fold_05","Dist_Brecciated",0.0010114938722191
"RF","Repeat_25_Fold_01",25,"Fold_01","Pb_OK",0.00160999203003795
"RF","Repeat_25_Fold_01",25,"Fold_01","Zn_OK",0.00269586723222856
"RF","Repeat_25_Fold_01",25,"Fold_01","Cu_OK",0.00255717614836694
"RF","Repeat_25_Fold_01",25,"Fold_01","Lithology1",-0.00023240361074894
"RF","Repeat_25_Fold_01",25,"Fold_01","Lithology2",0.000228422228442689
"RF","Repeat_25_Fold_01",25,"Fold_01","Lithology3",-0.000232086912331361
"RF","Repeat_25_Fold_01",25,"Fold_01","Lithology4",-0.000252234097038534
"RF","Repeat_25_Fold_01",25,"Fold_01","Dist_Fault",0.0014958453345784
"RF","Repeat_25_Fold_01",25,"Fold_01","Dist_Silicified",0.00199378473716029
"RF","Repeat_25_Fold_01",25,"Fold_01","Dist_Brecciated",0.000779542878914694
"RF","Repeat_25_Fold_02",25,"Fold_02","Pb_OK",0.00140131361307108
"RF","Repeat_25_Fold_02",25,"Fold_02","Zn_OK",0.00205622933394878
"RF","Repeat_25_Fold_02",25,"Fold_02","Cu_OK",0.00107054692405718
"RF","Repeat_25_Fold_02",25,"Fold_02","Lithology1",-0.000269660294978802
"RF","Repeat_25_Fold_02",25,"Fold_02","Lithology2",0.000331644886447722
"RF","Repeat_25_Fold_02",25,"Fold_02","Lithology3",6.87738465256056e-05
"RF","Repeat_25_Fold_02",25,"Fold_02","Lithology4",-0.000137139850776151
"RF","Repeat_25_Fold_02",25,"Fold_02","Dist_Fault",0.00103485428390446
"RF","Repeat_25_Fold_02",25,"Fold_02","Dist_Silicified",0.003790878835515
"RF","Repeat_25_Fold_02",25,"Fold_02","Dist_Brecciated",0.000687859317842614
"RF","Repeat_25_Fold_03",25,"Fold_03","Pb_OK",0.0023805306635614
"RF","Repeat_25_Fold_03",25,"Fold_03","Zn_OK",0.00137363221838177
"RF","Repeat_25_Fold_03",25,"Fold_03","Cu_OK",0.000895106170359362
"RF","Repeat_25_Fold_03",25,"Fold_03","Lithology1",-0.000263352283080717
"RF","Repeat_25_Fold_03",25,"Fold_03","Lithology2",0.000218873683894127
"RF","Repeat_25_Fold_03",25,"Fold_03","Lithology3",-8.54662598093859e-05
"RF","Repeat_25_Fold_03",25,"Fold_03","Lithology4",-0.000190536282161641
"RF","Repeat_25_Fold_03",25,"Fold_03","Dist_Fault",-9.28476226303027e-05
"RF","Repeat_25_Fold_03",25,"Fold_03","Dist_Silicified",0.00117057022150793
"RF","Repeat_25_Fold_03",25,"Fold_03","Dist_Brecciated",0.0012176947274046
"RF","Repeat_25_Fold_04",25,"Fold_04","Pb_OK",0.00145714673559278
"RF","Repeat_25_Fold_04",25,"Fold_04","Zn_OK",0.00201129760984977
"RF","Repeat_25_Fold_04",25,"Fold_04","Cu_OK",0.00143968785523114
"RF","Repeat_25_Fold_04",25,"Fold_04","Lithology1",-3.5573086258902e-05
"RF","Repeat_25_Fold_04",25,"Fold_04","Lithology2",0.000152615809413097
"RF","Repeat_25_Fold_04",25,"Fold_04","Lithology3",-7.22417418289728e-05
"RF","Repeat_25_Fold_04",25,"Fold_04","Lithology4",-0.000100160091488511
"RF","Repeat_25_Fold_04",25,"Fold_04","Dist_Fault",0.000599655220894542
"RF","Repeat_25_Fold_04",25,"Fold_04","Dist_Silicified",0.00259408739657357
"RF","Repeat_25_Fold_04",25,"Fold_04","Dist_Brecciated",0.00100817737391033
"RF","Repeat_25_Fold_05",25,"Fold_05","Pb_OK",0.00113851433867165
"RF","Repeat_25_Fold_05",25,"Fold_05","Zn_OK",0.000967096689173269
"RF","Repeat_25_Fold_05",25,"Fold_05","Cu_OK",0.00111826807820932
"RF","Repeat_25_Fold_05",25,"Fold_05","Lithology1",-3.34242694893652e-05
"RF","Repeat_25_Fold_05",25,"Fold_05","Lithology2",0.000228459768604558
"RF","Repeat_25_Fold_05",25,"Fold_05","Lithology3",-0.000312545970282447
"RF","Repeat_25_Fold_05",25,"Fold_05","Lithology4",-0.000244514932014153
"RF","Repeat_25_Fold_05",25,"Fold_05","Dist_Fault",-6.59080888090825e-05
"RF","Repeat_25_Fold_05",25,"Fold_05","Dist_Silicified",0.000701998359128227
"RF","Repeat_25_Fold_05",25,"Fold_05","Dist_Brecciated",0.00152529663094814
"RF","Repeat_26_Fold_01",26,"Fold_01","Pb_OK",0.00225862866831628
"RF","Repeat_26_Fold_01",26,"Fold_01","Zn_OK",0.00167666786161232
"RF","Repeat_26_Fold_01",26,"Fold_01","Cu_OK",0.00133633896487098
"RF","Repeat_26_Fold_01",26,"Fold_01","Lithology1",0
"RF","Repeat_26_Fold_01",26,"Fold_01","Lithology2",3.66595792349022e-05
"RF","Repeat_26_Fold_01",26,"Fold_01","Lithology3",0.000245717713205974
"RF","Repeat_26_Fold_01",26,"Fold_01","Lithology4",0
"RF","Repeat_26_Fold_01",26,"Fold_01","Lithology5",0
"RF","Repeat_26_Fold_01",26,"Fold_01","Dist_Fault",0.000759483701156277
"RF","Repeat_26_Fold_01",26,"Fold_01","Dist_Silicified",0.00776718367502918
"RF","Repeat_26_Fold_01",26,"Fold_01","Dist_Brecciated",0.0001368420413678
"RF","Repeat_26_Fold_02",26,"Fold_02","Pb_OK",0.0046152780181738
"RF","Repeat_26_Fold_02",26,"Fold_02","Zn_OK",0.0050119795157069
"RF","Repeat_26_Fold_02",26,"Fold_02","Cu_OK",0.00233892107552307
"RF","Repeat_26_Fold_02",26,"Fold_02","Lithology1",0
"RF","Repeat_26_Fold_02",26,"Fold_02","Lithology2",-8.90901890901888e-05
"RF","Repeat_26_Fold_02",26,"Fold_02","Lithology3",-4.54093969165958e-05
"RF","Repeat_26_Fold_02",26,"Fold_02","Lithology4",0
"RF","Repeat_26_Fold_02",26,"Fold_02","Dist_Fault",0.000243443276094718
"RF","Repeat_26_Fold_02",26,"Fold_02","Dist_Silicified",0.00875358730116572
"RF","Repeat_26_Fold_02",26,"Fold_02","Dist_Brecciated",0.00131717973926786
"RF","Repeat_26_Fold_03",26,"Fold_03","Pb_OK",0.0041579967116608
"RF","Repeat_26_Fold_03",26,"Fold_03","Zn_OK",0.000762034475604858
"RF","Repeat_26_Fold_03",26,"Fold_03","Cu_OK",0.00120493168756281
"RF","Repeat_26_Fold_03",26,"Fold_03","Lithology1",-7.59568438819747e-07
"RF","Repeat_26_Fold_03",26,"Fold_03","Lithology2",0.000148443568701248
"RF","Repeat_26_Fold_03",26,"Fold_03","Lithology3",-6.51880429924963e-05
"RF","Repeat_26_Fold_03",26,"Fold_03","Lithology4",-1.81234057954992e-05
"RF","Repeat_26_Fold_03",26,"Fold_03","Lithology5",0
"RF","Repeat_26_Fold_03",26,"Fold_03","Dist_Fault",0.000810978546743955
"RF","Repeat_26_Fold_03",26,"Fold_03","Dist_Silicified",0.00231120663563918
"RF","Repeat_26_Fold_03",26,"Fold_03","Dist_Brecciated",0.00122862304591507
"RF","Repeat_26_Fold_04",26,"Fold_04","Pb_OK",0.00836573727830824
"RF","Repeat_26_Fold_04",26,"Fold_04","Zn_OK",0.00299605307098698
"RF","Repeat_26_Fold_04",26,"Fold_04","Cu_OK",0.00129581021079644
"RF","Repeat_26_Fold_04",26,"Fold_04","Lithology1",0
"RF","Repeat_26_Fold_04",26,"Fold_04","Lithology2",-6.06060606060607e-05
"RF","Repeat_26_Fold_04",26,"Fold_04","Lithology3",0
"RF","Repeat_26_Fold_04",26,"Fold_04","Lithology4",0
"RF","Repeat_26_Fold_04",26,"Fold_04","Dist_Fault",-0.000560619432678979
"RF","Repeat_26_Fold_04",26,"Fold_04","Dist_Silicified",0.00958424931746506
"RF","Repeat_26_Fold_04",26,"Fold_04","Dist_Brecciated",0.00112588012204497
"RF","Repeat_26_Fold_05",26,"Fold_05","Pb_OK",0.00281335285515233
"RF","Repeat_26_Fold_05",26,"Fold_05","Zn_OK",0.00141282720296415
"RF","Repeat_26_Fold_05",26,"Fold_05","Cu_OK",0.00118480350470223
"RF","Repeat_26_Fold_05",26,"Fold_05","Lithology1",-3.66401849921464e-05
"RF","Repeat_26_Fold_05",26,"Fold_05","Lithology2",0.000202438595214299
"RF","Repeat_26_Fold_05",26,"Fold_05","Lithology3",0.000482960240542601
"RF","Repeat_26_Fold_05",26,"Fold_05","Lithology4",3.9651067614522e-05
"RF","Repeat_26_Fold_05",26,"Fold_05","Dist_Fault",0.0013885129493336
"RF","Repeat_26_Fold_05",26,"Fold_05","Dist_Silicified",0.00320005627125816
"RF","Repeat_26_Fold_05",26,"Fold_05","Dist_Brecciated",0.00184745998711312
"RF","Repeat_27_Fold_01",27,"Fold_01","Pb_OK",0.000808328795052548
"RF","Repeat_27_Fold_01",27,"Fold_01","Zn_OK",0.00323714659161961
"RF","Repeat_27_Fold_01",27,"Fold_01","Cu_OK",0.00148534543618042
"RF","Repeat_27_Fold_01",27,"Fold_01","Lithology1",9.28504146738585e-06
"RF","Repeat_27_Fold_01",27,"Fold_01","Lithology2",0.000334161310494509
"RF","Repeat_27_Fold_01",27,"Fold_01","Lithology3",0.00134630512644471
"RF","Repeat_27_Fold_01",27,"Fold_01","Lithology4",-2.67825837083588e-05
"RF","Repeat_27_Fold_01",27,"Fold_01","Lithology5",0
"RF","Repeat_27_Fold_01",27,"Fold_01","Dist_Fault",0.000286495864685083
"RF","Repeat_27_Fold_01",27,"Fold_01","Dist_Silicified",0.00282032096652771
"RF","Repeat_27_Fold_01",27,"Fold_01","Dist_Brecciated",0.00141339929930242
"RF","Repeat_27_Fold_02",27,"Fold_02","Pb_OK",0.00187458876656693
"RF","Repeat_27_Fold_02",27,"Fold_02","Zn_OK",0.00456763040265669
"RF","Repeat_27_Fold_02",27,"Fold_02","Cu_OK",-3.58046477180274e-05
"RF","Repeat_27_Fold_02",27,"Fold_02","Lithology1",-4.68944222730097e-05
"RF","Repeat_27_Fold_02",27,"Fold_02","Lithology2",0.000212595441286287
"RF","Repeat_27_Fold_02",27,"Fold_02","Lithology3",0.000587109924043715
"RF","Repeat_27_Fold_02",27,"Fold_02","Lithology4",-0.000127200632812865
"RF","Repeat_27_Fold_02",27,"Fold_02","Dist_Fault",0.000204526523088803
"RF","Repeat_27_Fold_02",27,"Fold_02","Dist_Silicified",0.00302216818464129
"RF","Repeat_27_Fold_02",27,"Fold_02","Dist_Brecciated",0.000913517950574662
"RF","Repeat_27_Fold_03",27,"Fold_03","Pb_OK",0.00175454968341787
"RF","Repeat_27_Fold_03",27,"Fold_03","Zn_OK",0.00220441674188392
"RF","Repeat_27_Fold_03",27,"Fold_03","Cu_OK",0.000948840485621616
"RF","Repeat_27_Fold_03",27,"Fold_03","Lithology1",-7.9409014948764e-05
"RF","Repeat_27_Fold_03",27,"Fold_03","Lithology2",0.000287675679940506
"RF","Repeat_27_Fold_03",27,"Fold_03","Lithology3",0.000361170572071445
"RF","Repeat_27_Fold_03",27,"Fold_03","Lithology4",-3.6701419203644e-05
"RF","Repeat_27_Fold_03",27,"Fold_03","Dist_Fault",0.00121339198173345
"RF","Repeat_27_Fold_03",27,"Fold_03","Dist_Silicified",0.000638372391219383
"RF","Repeat_27_Fold_03",27,"Fold_03","Dist_Brecciated",-0.000157889897582225
"RF","Repeat_27_Fold_04",27,"Fold_04","Pb_OK",0.00182396710581493
"RF","Repeat_27_Fold_04",27,"Fold_04","Zn_OK",0.00216383541939718
"RF","Repeat_27_Fold_04",27,"Fold_04","Cu_OK",0.00158962439619217
"RF","Repeat_27_Fold_04",27,"Fold_04","Lithology1",-1.53414859914225e-06
"RF","Repeat_27_Fold_04",27,"Fold_04","Lithology2",-0.000426553883899007
"RF","Repeat_27_Fold_04",27,"Fold_04","Lithology3",-0.000103084341082756
"RF","Repeat_27_Fold_04",27,"Fold_04","Lithology4",-8.21942399787301e-06
"RF","Repeat_27_Fold_04",27,"Fold_04","Lithology5",0
"RF","Repeat_27_Fold_04",27,"Fold_04","Dist_Fault",0.00106934884867821
"RF","Repeat_27_Fold_04",27,"Fold_04","Dist_Silicified",0.00251781988213555
"RF","Repeat_27_Fold_04",27,"Fold_04","Dist_Brecciated",0.000620473471741844
"RF","Repeat_27_Fold_05",27,"Fold_05","Pb_OK",0.00170373317073046
"RF","Repeat_27_Fold_05",27,"Fold_05","Zn_OK",0.00218651777491117
"RF","Repeat_27_Fold_05",27,"Fold_05","Cu_OK",0.00125234324794032
"RF","Repeat_27_Fold_05",27,"Fold_05","Lithology1",-1.99584090854095e-05
"RF","Repeat_27_Fold_05",27,"Fold_05","Lithology2",-2.97737401088397e-05
"RF","Repeat_27_Fold_05",27,"Fold_05","Lithology3",0.000235239777727444
"RF","Repeat_27_Fold_05",27,"Fold_05","Lithology4",8.77138543771449e-05
"RF","Repeat_27_Fold_05",27,"Fold_05","Dist_Fault",0.00211653263403964
"RF","Repeat_27_Fold_05",27,"Fold_05","Dist_Silicified",0.000291804243240116
"RF","Repeat_27_Fold_05",27,"Fold_05","Dist_Brecciated",0.00127786355110905
"RF","Repeat_28_Fold_01",28,"Fold_01","Pb_OK",0.000563978926835643
"RF","Repeat_28_Fold_01",28,"Fold_01","Zn_OK",0.000340586212947339
"RF","Repeat_28_Fold_01",28,"Fold_01","Cu_OK",9.24120389461325e-05
"RF","Repeat_28_Fold_01",28,"Fold_01","Lithology1",-0.00022234347028204
"RF","Repeat_28_Fold_01",28,"Fold_01","Lithology2",5.74321679706551e-05
"RF","Repeat_28_Fold_01",28,"Fold_01","Lithology3",0.000271807171194094
"RF","Repeat_28_Fold_01",28,"Fold_01","Lithology4",-2.92443935270996e-05
"RF","Repeat_28_Fold_01",28,"Fold_01","Dist_Fault",0.00055340167156991
"RF","Repeat_28_Fold_01",28,"Fold_01","Dist_Silicified",0.00128733320389157
"RF","Repeat_28_Fold_01",28,"Fold_01","Dist_Brecciated",0.000964621871008243
"RF","Repeat_28_Fold_02",28,"Fold_02","Pb_OK",0.00232580295106855
"RF","Repeat_28_Fold_02",28,"Fold_02","Zn_OK",0.00285449499257768
"RF","Repeat_28_Fold_02",28,"Fold_02","Cu_OK",0.000957080619420774
"RF","Repeat_28_Fold_02",28,"Fold_02","Lithology1",-0.000162228111936753
"RF","Repeat_28_Fold_02",28,"Fold_02","Lithology2",0.000120620449067727
"RF","Repeat_28_Fold_02",28,"Fold_02","Lithology3",0.000479314776882549
"RF","Repeat_28_Fold_02",28,"Fold_02","Lithology4",7.5304105047026e-06
"RF","Repeat_28_Fold_02",28,"Fold_02","Dist_Fault",0.000871847736603871
"RF","Repeat_28_Fold_02",28,"Fold_02","Dist_Silicified",0.000976090486975401
"RF","Repeat_28_Fold_02",28,"Fold_02","Dist_Brecciated",0.00130652195872503
"RF","Repeat_28_Fold_03",28,"Fold_03","Pb_OK",0.000835937875425275
"RF","Repeat_28_Fold_03",28,"Fold_03","Zn_OK",0.000784471023596439
"RF","Repeat_28_Fold_03",28,"Fold_03","Cu_OK",0.00110891200593465
"RF","Repeat_28_Fold_03",28,"Fold_03","Lithology1",-0.000117477800253399
"RF","Repeat_28_Fold_03",28,"Fold_03","Lithology2",-1.36270345451465e-05
"RF","Repeat_28_Fold_03",28,"Fold_03","Lithology3",0.000341340609375428
"RF","Repeat_28_Fold_03",28,"Fold_03","Lithology4",-0.000151334723745032
"RF","Repeat_28_Fold_03",28,"Fold_03","Dist_Fault",0.00120193273788405
"RF","Repeat_28_Fold_03",28,"Fold_03","Dist_Silicified",0.00070314361976585
"RF","Repeat_28_Fold_03",28,"Fold_03","Dist_Brecciated",0.00118594685578694
"RF","Repeat_28_Fold_04",28,"Fold_04","Pb_OK",0.00175922316736242
"RF","Repeat_28_Fold_04",28,"Fold_04","Zn_OK",0.00224147214532428
"RF","Repeat_28_Fold_04",28,"Fold_04","Cu_OK",0.000338185137354089
"RF","Repeat_28_Fold_04",28,"Fold_04","Lithology1",-0.000124072390013501
"RF","Repeat_28_Fold_04",28,"Fold_04","Lithology2",-0.000132075217126777
"RF","Repeat_28_Fold_04",28,"Fold_04","Lithology3",-0.000360968866938267
"RF","Repeat_28_Fold_04",28,"Fold_04","Lithology4",-0.000114357546726342
"RF","Repeat_28_Fold_04",28,"Fold_04","Dist_Fault",-0.000424953729750887
"RF","Repeat_28_Fold_04",28,"Fold_04","Dist_Silicified",0.00146914714643372
"RF","Repeat_28_Fold_04",28,"Fold_04","Dist_Brecciated",0.000488708009362227
"RF","Repeat_28_Fold_05",28,"Fold_05","Pb_OK",0.00145825978257485
"RF","Repeat_28_Fold_05",28,"Fold_05","Zn_OK",0.00101354079217295
"RF","Repeat_28_Fold_05",28,"Fold_05","Cu_OK",0.000384885569045521
"RF","Repeat_28_Fold_05",28,"Fold_05","Lithology1",-6.2159139156756e-05
"RF","Repeat_28_Fold_05",28,"Fold_05","Lithology2",-7.28507904486798e-05
"RF","Repeat_28_Fold_05",28,"Fold_05","Lithology3",0.000300300116809551
"RF","Repeat_28_Fold_05",28,"Fold_05","Lithology4",3.53193016877973e-07
"RF","Repeat_28_Fold_05",28,"Fold_05","Dist_Fault",-0.000109806908620882
"RF","Repeat_28_Fold_05",28,"Fold_05","Dist_Silicified",2.44473748656174e-05
"RF","Repeat_28_Fold_05",28,"Fold_05","Dist_Brecciated",0.00105777438809091
"RF","Repeat_29_Fold_01",29,"Fold_01","Pb_OK",-0.000343904820493973
"RF","Repeat_29_Fold_01",29,"Fold_01","Zn_OK",0.000835998751013461
"RF","Repeat_29_Fold_01",29,"Fold_01","Cu_OK",0.00037976277509786
"RF","Repeat_29_Fold_01",29,"Fold_01","Lithology1",-3.23864231988552e-05
"RF","Repeat_29_Fold_01",29,"Fold_01","Lithology2",0.000394655400031621
"RF","Repeat_29_Fold_01",29,"Fold_01","Lithology3",0.000172298427270558
"RF","Repeat_29_Fold_01",29,"Fold_01","Lithology4",-7.66215223642722e-05
"RF","Repeat_29_Fold_01",29,"Fold_01","Dist_Fault",-8.27721863984834e-05
"RF","Repeat_29_Fold_01",29,"Fold_01","Dist_Silicified",0.00236550116104778
"RF","Repeat_29_Fold_01",29,"Fold_01","Dist_Brecciated",-2.31528968356718e-05
"RF","Repeat_29_Fold_02",29,"Fold_02","Pb_OK",0.00159944563860281
"RF","Repeat_29_Fold_02",29,"Fold_02","Zn_OK",0.00265577012682411
"RF","Repeat_29_Fold_02",29,"Fold_02","Cu_OK",0.00107720789320351
"RF","Repeat_29_Fold_02",29,"Fold_02","Lithology1",-0.000148609114043755
"RF","Repeat_29_Fold_02",29,"Fold_02","Lithology2",0.00016307828736819
"RF","Repeat_29_Fold_02",29,"Fold_02","Lithology3",0.000246543729043518
"RF","Repeat_29_Fold_02",29,"Fold_02","Lithology4",-0.000165081598318308
"RF","Repeat_29_Fold_02",29,"Fold_02","Dist_Fault",-0.000261892110447142
"RF","Repeat_29_Fold_02",29,"Fold_02","Dist_Silicified",0.00198938698334419
"RF","Repeat_29_Fold_02",29,"Fold_02","Dist_Brecciated",0.000821093817884789
"RF","Repeat_29_Fold_03",29,"Fold_03","Pb_OK",0.00159289649500323
"RF","Repeat_29_Fold_03",29,"Fold_03","Zn_OK",0.000778571096403165
"RF","Repeat_29_Fold_03",29,"Fold_03","Cu_OK",0.000860703144521492
"RF","Repeat_29_Fold_03",29,"Fold_03","Lithology1",8.53529498975635e-05
"RF","Repeat_29_Fold_03",29,"Fold_03","Lithology2",0.000131901426177113
"RF","Repeat_29_Fold_03",29,"Fold_03","Lithology3",-0.000242269188254207
"RF","Repeat_29_Fold_03",29,"Fold_03","Lithology4",-0.000260083966027526
"RF","Repeat_29_Fold_03",29,"Fold_03","Dist_Fault",0.000807259114206689
"RF","Repeat_29_Fold_03",29,"Fold_03","Dist_Silicified",0.000313546580700133
"RF","Repeat_29_Fold_03",29,"Fold_03","Dist_Brecciated",0.00115027467976475
"RF","Repeat_29_Fold_04",29,"Fold_04","Pb_OK",0.00252659991622671
"RF","Repeat_29_Fold_04",29,"Fold_04","Zn_OK",-0.000312256338498509
"RF","Repeat_29_Fold_04",29,"Fold_04","Cu_OK",0.000179624393774081
"RF","Repeat_29_Fold_04",29,"Fold_04","Lithology1",0
"RF","Repeat_29_Fold_04",29,"Fold_04","Lithology2",-2.56410256410257e-05
"RF","Repeat_29_Fold_04",29,"Fold_04","Lithology3",0
"RF","Repeat_29_Fold_04",29,"Fold_04","Lithology4",0
"RF","Repeat_29_Fold_04",29,"Fold_04","Dist_Fault",1.25434674947054e-05
"RF","Repeat_29_Fold_04",29,"Fold_04","Dist_Silicified",0.0198906255857152
"RF","Repeat_29_Fold_04",29,"Fold_04","Dist_Brecciated",-6.45090475776802e-05
"RF","Repeat_29_Fold_05",29,"Fold_05","Pb_OK",0.00154342112071529
"RF","Repeat_29_Fold_05",29,"Fold_05","Zn_OK",0.00104270506905217
"RF","Repeat_29_Fold_05",29,"Fold_05","Cu_OK",0.000892911392661944
"RF","Repeat_29_Fold_05",29,"Fold_05","Lithology1",-7.19173496091282e-05
"RF","Repeat_29_Fold_05",29,"Fold_05","Lithology2",0.000432352069576013
"RF","Repeat_29_Fold_05",29,"Fold_05","Lithology3",0.000530877318805532
"RF","Repeat_29_Fold_05",29,"Fold_05","Lithology4",-0.000147708961585777
"RF","Repeat_29_Fold_05",29,"Fold_05","Dist_Fault",0.000622337572573187
"RF","Repeat_29_Fold_05",29,"Fold_05","Dist_Silicified",0.000947155667074751
"RF","Repeat_29_Fold_05",29,"Fold_05","Dist_Brecciated",0.000663771458021801
"RF","Repeat_30_Fold_01",30,"Fold_01","Pb_OK",0.00178018620157372
"RF","Repeat_30_Fold_01",30,"Fold_01","Zn_OK",0.00299694984383528
"RF","Repeat_30_Fold_01",30,"Fold_01","Cu_OK",0.00273815444389319
"RF","Repeat_30_Fold_01",30,"Fold_01","Lithology1",8.11132027032914e-05
"RF","Repeat_30_Fold_01",30,"Fold_01","Lithology2",-5.75225827611225e-05
"RF","Repeat_30_Fold_01",30,"Fold_01","Lithology3",0.000426030734459222
"RF","Repeat_30_Fold_01",30,"Fold_01","Lithology4",0.00019314050437937
"RF","Repeat_30_Fold_01",30,"Fold_01","Dist_Fault",0.00144455109716865
"RF","Repeat_30_Fold_01",30,"Fold_01","Dist_Silicified",0.00262823499942261
"RF","Repeat_30_Fold_01",30,"Fold_01","Dist_Brecciated",0.00179561623552418
"RF","Repeat_30_Fold_02",30,"Fold_02","Pb_OK",0.00166572039761342
"RF","Repeat_30_Fold_02",30,"Fold_02","Zn_OK",0.00326327817341914
"RF","Repeat_30_Fold_02",30,"Fold_02","Cu_OK",0.00118342107922602
"RF","Repeat_30_Fold_02",30,"Fold_02","Lithology1",5.93686220414267e-05
"RF","Repeat_30_Fold_02",30,"Fold_02","Lithology2",-3.97679971981496e-05
"RF","Repeat_30_Fold_02",30,"Fold_02","Lithology3",0.000241529592573871
"RF","Repeat_30_Fold_02",30,"Fold_02","Lithology4",-3.04981005283089e-06
"RF","Repeat_30_Fold_02",30,"Fold_02","Dist_Fault",0.00106507921585929
"RF","Repeat_30_Fold_02",30,"Fold_02","Dist_Silicified",0.00374167445036655
"RF","Repeat_30_Fold_02",30,"Fold_02","Dist_Brecciated",0.0013330771504379
"RF","Repeat_30_Fold_03",30,"Fold_03","Pb_OK",0.00197349488981422
"RF","Repeat_30_Fold_03",30,"Fold_03","Zn_OK",0.00189838293712519
"RF","Repeat_30_Fold_03",30,"Fold_03","Cu_OK",0.00116370816180429
"RF","Repeat_30_Fold_03",30,"Fold_03","Lithology1",0.000135881070170806
"RF","Repeat_30_Fold_03",30,"Fold_03","Lithology2",-0.000275842080069569
"RF","Repeat_30_Fold_03",30,"Fold_03","Lithology3",-0.000166853076366893
"RF","Repeat_30_Fold_03",30,"Fold_03","Lithology4",3.53816699704428e-05
"RF","Repeat_30_Fold_03",30,"Fold_03","Dist_Fault",0.000539569587741916
"RF","Repeat_30_Fold_03",30,"Fold_03","Dist_Silicified",0.00198173226637718
"RF","Repeat_30_Fold_03",30,"Fold_03","Dist_Brecciated",0.00191962684944169
"RF","Repeat_30_Fold_04",30,"Fold_04","Pb_OK",0.00137693363893962
"RF","Repeat_30_Fold_04",30,"Fold_04","Zn_OK",0.00159855307925824
"RF","Repeat_30_Fold_04",30,"Fold_04","Cu_OK",0.00140613105347505
"RF","Repeat_30_Fold_04",30,"Fold_04","Lithology1",7.80483086807943e-05
"RF","Repeat_30_Fold_04",30,"Fold_04","Lithology2",-0.00023108827784254
"RF","Repeat_30_Fold_04",30,"Fold_04","Lithology3",-0.000113653915846067
"RF","Repeat_30_Fold_04",30,"Fold_04","Lithology4",-0.000104347664512689
"RF","Repeat_30_Fold_04",30,"Fold_04","Dist_Fault",0.000388431427374443
"RF","Repeat_30_Fold_04",30,"Fold_04","Dist_Silicified",0.00343158427849242
"RF","Repeat_30_Fold_04",30,"Fold_04","Dist_Brecciated",6.80202016849166e-05
"RF","Repeat_30_Fold_05",30,"Fold_05","Pb_OK",0.00200407131455987
"RF","Repeat_30_Fold_05",30,"Fold_05","Zn_OK",0.000619278615228478
"RF","Repeat_30_Fold_05",30,"Fold_05","Cu_OK",0.00121035196020869
"RF","Repeat_30_Fold_05",30,"Fold_05","Lithology1",5.33370009603051e-06
"RF","Repeat_30_Fold_05",30,"Fold_05","Lithology2",-9.9658230982779e-05
"RF","Repeat_30_Fold_05",30,"Fold_05","Lithology3",0.000360495794228078
"RF","Repeat_30_Fold_05",30,"Fold_05","Lithology4",-0.000228617942583004
"RF","Repeat_30_Fold_05",30,"Fold_05","Lithology5",0.000122338248218182
"RF","Repeat_30_Fold_05",30,"Fold_05","Dist_Fault",0.000624933621045289
"RF","Repeat_30_Fold_05",30,"Fold_05","Dist_Silicified",0.00124220722609693
"RF","Repeat_30_Fold_05",30,"Fold_05","Dist_Brecciated",0.00152708454159214
